"[ .?폴맘기저귀폴맘기저귀 하면.?가성비기저귀가성비기저귀 로많이 알려져있어요.복복이 아기때 사용해 본 폴맘기저귀는착한 가격에 비해 발진도 없고소재도 괜찮고낮기저귀로 쓰면서 꽤 만족했어요. ], 긍정 텍스트 확률 : 87.72%"
"[ 폴맘 골드 기저귀 가 출시되었을 때는체험단이벤트로 사용해봤는데역시나 대만족이었어요.체험상품 이후로는 계속구매해서 사용중이랍니다. ], 긍정 텍스트 확률 : 93.63%"
"[ 복복이 기저귀에 이어둘째 햇살이도 폴맘골드기저귀를쓰기 시작했답니다.중형기저귀를 사용할 때를기다렸지요. 폴맘 골드 기저귀는중형부터 있거든요.폴맘 골드 밴드형 기저귀중형 남여공용 매 ], 긍정 텍스트 확률 : 73.66%"
"[ 기존 제품에서 허리밴드가더 촘촘하게 업그레이드되서쭉쭉 잘 늘어나요. ], 긍정 텍스트 확률 : 75.68%"
"[ 제가 언젠가 기저귀들을비교하는 포스팅을 해봐야지 하고는기저귀를 살 때 마다 한개씩챙겨뒀었는데 복복이가 쓰던폴맘 기저귀가 있네요. ], 긍정 텍스트 확률 : 80.75%"
"[ 왼쪽은 기존 폴맘기저귀오른쪽은 폴맘 골드 기저귀에요.기존의 폴맘기저귀를 사용할 때낮기저귀로 쓰기에불편함이 전혀 없었는데], 긍정 텍스트 확률 : 64.91%"
"[ 골드기저귀가 확실히소재가 부드럽고두께감이 얇아서 좋았답니다. ], 긍정 텍스트 확률 : 72.00%"
"[ 오전 낮잠을 꽤 오래 자고 일어난햇살이], 긍정 텍스트 확률 : 78.67%"
"[ 폴맘 골드 밴드형기저귀구조와 소재를 보여드릴게요.소재가 엄청 부드러운데사진으로 표현이 잘 안되네요 ㅎㅎ ], 긍정 텍스트 확률 : 82.74%"
"[ 그리고 하기스도 엘라스틱.제가 주로 사용하는폴맘기저귀나 군기저귀는그런 쭉쭉 늘어나는 허리밴드는아니지만 허리를 감싸는 두께가넓게 되어 있어서 괜찮아요. ], 긍정 텍스트 확률 : 64.18%"
"[ ㅎ ㅎ ], 긍정 텍스트 확률 : 87.86%"
"[ 착한 가격의 성능 좋은 기저귀폴맘 골드 밴드형 기저귀직접 구매 후 실제 사용하고감동받아 작성한 후기에요.장단점을 정리해보자면], 긍정 텍스트 확률 : 98.49%"
"[ 가끔씩 응가가 허리 위로...ㅎ하지만 앞서 말했듯이.절대 새지 않는 기저귀는 없었다. 아빠가 기저귀 채우면 꼭 새더라ㅋ ㅋ? ], 긍정 텍스트 확률 : 75.04%"
"[우리 유빈이는 년 월생으로현재 한국나이로는 살 개월 유아랍니다올 여름에는 배변훈련을 열심히 시켜서 기저귀를 떼려고준비를 했는데 아직 말은 물론 표현도 서투른두돌 아기에겐 무리인가봅니다 ], 긍정 텍스트 확률 : 68.00%"
"[ 그래서 사실 여름기저귀를 따로 준비하진 않고집에 남아있는 기저귀로 충분하겠다 생각해서더운 여름이지만 기존 기저귀로 여름을 지낼 생각이었어요그런데 날이 급격하게 더워지면서우리아이의 소중한 방뎅이가 울긋불긋더워지면서 땀이 많이 차나봐요 ], 긍정 텍스트 확률 : 97.96%"
"[ 그래서 맘카페와 상품후기글을 꼼꼼히 따져보구선택하게된 여름기저귀 폴맘 매직썸머 아기기저귀입니다요번에 새롭게 업그레이드된기능과기능으로 한층 더 강화된 빠른 흡수력과 통기성으로 리뉴얼되었다 하더라구요 ], 긍정 텍스트 확률 : 92.83%"
"[ 부드럽고 짱짱한 통기성벨트가 짓무르기 쉬운 아기 허리와 허벅다리를 부드럽게 보호해주고요팬티처럼 간편하게 입고 벗길수 있어 편리해요파스텔 톤의 귀여운 동물 캐릭터도 얼마나 귀여운지 ], 긍정 텍스트 확률 : 98.50%"
"[ 아직 여름기저귀를 준비하지 못하셨다면가성비좋은기저귀폴맘언더웨어기저귀 강력하게 추천합니다 .?아기기저귀아기기저귀.?아기기저귀추천아기기저귀추천.?여름기저귀여름기저귀.?가성비좋은기저귀가성비좋은기저귀.?폴맘매직썸머폴맘매직썸머.?폴맘언더웨어폴맘언더웨어.?폴맘기저귀폴맘기저귀 ], 긍정 텍스트 확률 : 72.54%"
"[ 폴맘 매직썸머 팬티형 아기기저귀예요. 처음 사용해 보는 기저귀이고 후기가 많지 않아 반신반의했는데결론부터 말씀 드리자면 여름 기저귀로 합격이에요.], 긍정 텍스트 확률 : 95.85%"
"[ 통기성 커버에 귀여운 동물 캐릭터가 어찌 이리 다양한지...기저귀를 갈 때마다 새로운 동물 친구를 만나는 재미도 쏠쏠해요. ], 긍정 텍스트 확률 : 94.66%"
"[ 아기 피부에 직접 닿는 안쪽이 부분이 얼마나 부드러운지], 긍정 텍스트 확률 : 61.84%"
"[ 기저귀 중에서 유난히 옆부분이 안 뜯기는 제품들이 있어요. 최근에 사용했는데 정말 화딱지가 날 정도 ㅠㅠ폴맘 매직썸머 아기기저귀는 쉽게 뜯겨서 교환하기도 수월해요.], 긍정 텍스트 확률 : 54.97%"
"[ .보송보송 기분 좋은 폴맘 매직썸머 아기기저귀입고.올 여름 쾌적하게 보낼 준비 완료요...... ], 긍정 텍스트 확률 : 95.72%"
"[ 안녕하세요?돌돌말아먹는냉면직화 맥반석삼겹살구이와냉면먹는미녀 냉미녀에요 ], 긍정 텍스트 확률 : 62.28%"
"[ 킨도맘클래스와 기저귀줄이기 캠페인등다양한 활동도 많이 하고있다고하네요 ], 긍정 텍스트 확률 : 78.72%"
"[ 다른제품들은 배에 고무줄이 있는데 킨도는 두제품모두 옆구리에 있어서아기배를 누르지 않아 좋다고 느꼈어요 ], 긍정 텍스트 확률 : 56.42%"
"[ 심지어 밴드도 탄력이 엄청 좋아서 쪽쭉늘어나고 편안했어요.그런데 밴드기저귀는 테이프를 뗄때잘 안떨어져서 힘을 줘서 떼야하는단점이 있어요.그리고 가끔 쓸린다는 느낌?활동양도 많아지고 움직임도 커져서테이프에 아기 허벅지가 쓸리는것 같아서밴드기저귀를 사용해보자 했답니다. ], 긍정 텍스트 확률 : 58.34%"
"[ 그리고 아기팬티기저귀는 고무줄이 정말 탄력이 좋아편해요.밴드도 부드럽게 잘 늘어나고아기배를 조이지 않아 만족해요. ], 긍정 텍스트 확률 : 94.30%"
"[ 사실 팬티기저귀는 옆부분이 잘 뜯어지는게 제일 중요하다고 생각해요어떤건 정말 질겨서 안뜯어져서확잡아뜯느라 아이가 놀라거든요], 긍정 텍스트 확률 : 79.27%"
"[ 약간은 묻어나네요기저귀교체할때도 보면쉬야를 한 상태에서는 완벽하게 뽀송뽀송해지진 않더라구요 ], 긍정 텍스트 확률 : 90.66%"
"[ 팬티형은 돌돌말아서뒤쪽에 붙어있는테이프를 쭉 펴서 붙여주면 끝 ], 긍정 텍스트 확률 : 55.55%"
"[ 돌아다니는 아이에게 입히기 쉬운킨도팬티형은 여기에서 확인하세요내세상 전부인 우리아이기저귀 꼼꼼히 잘골라우리아가의 엉덩이를 소중히 지켜줍시다 ], 긍정 텍스트 확률 : 93.59%"
"[ 즉시할인역대가특가 찾아 보았습니다 인기상품은 조기 품절되니 유의하시구요.특가 추천 상품중에 득템해 보세요 상품 구매리뷰후기는 아래 링크로 들어가세요 ▼.. ], 긍정 텍스트 확률 : 93.77%"
"[꼭꼭이가 개월이 지나면서부터 기저귀채우기가 쉽지않아서 팬티형기저귀를 사용하고 있어요. 흡수력좋고 가벼운 팬티기저귀가 있다고해서 사용해봤어요. ], 긍정 텍스트 확률 : 89.37%"
"[여름기저귀라면에어엠보싱과 에어터널정도는 탑재해줘야하는거 아니겠숴요. 팬티형이니 팬티처럼 입히고 벗길땐 옆부분 봉제선따라 찢어주면 간편해요. ], 긍정 텍스트 확률 : 75.03%"
"[꼭꼭이의 여름기저귀가 될 폴맘기저귀를 개봉해보았어요. 듣던대로 기저귀에 동물친구들이 다양하게 들어있더라구요. 알록달록 귀여운 동물들이 반갑게 인사해주네요. ], 긍정 텍스트 확률 : 61.46%"
"[폴맘기저귀 앞면과 뒷면이에요. 기저귀를 받아보고 놀랐던건 기저귀가 정말 가볍고 얇다는거예요. 유명한 여름기저귀 몇가지를 써봤는데 써봤던 제품중에 폴맘기저귀가 가장 초경량이 아닐까 싶어요 ], 긍정 텍스트 확률 : 56.65%"
"[기저귀에는 소변알람선이 있어서 초보맘에게 기저귀 교체시기를 파악할수 있도록 도와주네요. ], 긍정 텍스트 확률 : 55.39%"
"[소변이 흡수되는 기저귀 안쪽을 살펴보았어요. 에어홀이 있어 통풍을 도와주고 소변의 빠른 흡수를 돕는 역할을 해요. ], 긍정 텍스트 확률 : 57.20%"
"[저희집에도 국민기저귀함인 트롤리를 쓰고 있는데 폴맘기저귀로 한가득 채워두니 마음이 든든하네요. ], 긍정 텍스트 확률 : 89.90%"
"[한창 활동성 많은 시기라 움직임이 많은데 폴맘기저귀는 허리밴딩이 쫙쫙 잘 늘어나니 움직일때 아기도 편할것 같아서 엄마마음에 안심이예요. ], 긍정 텍스트 확률 : 50.49%"
"[여름기저귀의 필수요소는얇고 가벼워야한다는건데 요 기저귀가 딱 맘에 들어요. 말은 못하지만 꼭꼭이 표정을 보니 아기도 착용감이 꽤 맘에 드는것 같아요. ], 긍정 텍스트 확률 : 61.12%"
"[소변표시선이 있어서 교체시기를 알려주니 편해요. 혹시라도 정신없어 기저귀갈아주는걸 깜빡하고 있다가도 교체선을 보고 갈아줄수 있으니 편리해요 ], 긍정 텍스트 확률 : 58.77%"
"[ 우리아가 여름기저귀 폴맘기저귀 사용후기 ], 긍정 텍스트 확률 : 70.32%"
"[우리아가 뽀송한 엉덩이를 위한여름기저귀 폴맘기저귀솔직후기 ], 긍정 텍스트 확률 : 76.40%"
"[안녕하세요.씩씩한 씩씩이입니다.맘님들 폭염에 우리아가들 기저귀차고얼마나 힘들었을까 걱정하셨죠?저도 엄청 걱정했어요.걱정스러운 마음에 하원후 집에서는기저귀 벗기고 내복만 입혔다가쉬 테러를 몇번 당하기도 했구요.ㅜㅜ그치만 또 기저귀를 채우기엔 또 안쓰럽고수딩젤 듬뿍발라서 시원하게 해준후어쩔수없이 다시 채우기도 하구요.이제 폭염이 한풀꺾이니태풍이 스믈스믈 올라오고 있데요. ], 긍정 텍스트 확률 : 99.64%"
"[오 마 갓 멈춰라 태풍아ㅜㅜ층이상 아파트에 사시는분들저와같은 걱정하고 계시겠죠?제발 아무피해없이 잘 피해갈수있길바랄뿐이에요. ], 긍정 텍스트 확률 : 72.39%"
"[폭염경보가 연신 대한민국을 힘들게 했던 이 여름여름기저귀로 차니엉덩이 지켜준 보람이있어요.뽀송한 우리아가 엉덩이여름기저귀 폴맘기저귀소개할께요 ], 긍정 텍스트 확률 : 75.01%"
"[여름기저귀 폴맘기저귀를선택한 이유는요.. 편안한 허리밴드 신축성 소재의 허리밴드가 아이의 움직임을편안하게 해줘요.. 저자극 안심벨트 최고금매직벨트를 사용하여아이의 피부에 직접닿는 부분의자극을 최소화하였어요. ], 긍정 텍스트 확률 : 90.23%"
"[. 입체 에어엠보싱 부드럽고 푹신한 입체 엠보싱이 아이엉덩이를 더욱 부드럽게 감싸주고보송보송함을 유지시켜줘요.. 소변알림선 소변을 보면 알림선이 파란색으로바뀌어 기저귀를 제때 갈아줄수있어편안해요. ], 긍정 텍스트 확률 : 74.77%"
"[. 빠른순간흡수력 순간흡수력이 더욱 뛰어난 파워 스피트흡수층은 많은 양의 오줌도 빠르고 고르게 흡수해주고], 긍정 텍스트 확률 : 99.27%"
"[다시 베어나오는것을막아주어 피부를 상쾌하게 지켜줘요.... 흡수체 신개념 흡수체의 중사용으로 뭉치지않고항상 보송보송해요.흡수력테스트를 위해차니가 먹다남긴 배즙을 이용했어요.배즙을 주루룩 부어주니순식간에 흡수가 되어요.역시 파워 스피드역시 폴맘기저귀 ], 긍정 텍스트 확률 : 90.46%"
"[차니는 기저귀놀이중이에요.평소 기저귀 다빼서 뿌려놓기 선수거든요. ], 긍정 텍스트 확률 : 93.94%"
"[ 아기기저귀추천폴맘골드언더웨어 기저귀 ], 긍정 텍스트 확률 : 79.58%"
"[아기기저귀추천폴맘골드언더웨어 기저귀 ], 긍정 텍스트 확률 : 79.58%"
"[ 폴맘 골드 언더웨어 기저귀 좀 생소한 브랜드일텐데 가격대비 성능이 만점인 기저귀로 꽤나 유명하다. 이번에 업그레이드된 순면감촉 커버로 더욱 부드러워졌고 한층 더 강화된 빠른 흡수력과 통기성으로 새롭게 태어났다고 하니 장점 좀 보도록 하자.], 긍정 텍스트 확률 : 97.83%"
"[ 혹시 모르시는 분들이 있으실까바 참조말씀을 드리자면 기저귀 커버에 보시면위의 사진처럼 유통기한이 있으니 혹 오래된 기저귀는 유통기한을 보고 사용해야한다.또한 팬티형 기저귀를 벗기실 때는 그냥 옆 허리밴드를 찢어서 벗겨주면 된다.], 긍정 텍스트 확률 : 88.67%"
"[ 좀 더 자세히 보자면 뜯어서 기저귀를 돌돌 말아서 테잎을 붙여서 버리면 쉽게 버릴 수 있다. 저기 안전관리법을 보면 중국현지공장에서 생산하여 수입하기에 단가를 좀 줄일 수 있지 않을까 싶다.중국에서 생산된다고 불안해 할 필요는 없다. ], 긍정 텍스트 확률 : 75.89%"
"[ 위처럼 인증마크도 획득되어 있고 인체에 무해한 안전한 원료만을 사용하였다.또한 품질경영도 인증되어 있으니 믿고 사용하여도 좋다. 또한 상표등록도 폴맘으로 되어 있는 폴맘기저귀한마디로 한국 특허청으로부터 정식으로 표장등록된 정품상표란 말이다.], 긍정 텍스트 확률 : 99.82%"
"[ 그렇다면 규의 사용후기를 한번 보도록 하자. 일단 옆 밴드의 신축성도 좋고 지금 현재 일간 사용해본 결과 집사람은 가성비가 정말 좋은 기저귀라고 인정하였다.], 긍정 텍스트 확률 : 74.84%"
"[ 처음에는 못들어 본 브랜드라며 그냥 가격이 싼 기저귀라고만 생각하였다고 한다. 근데 일간 사용해보니 웬만한 기저귀보다 좋다라는 결론이 나왔다.그 이유가 몇가지가 있는데 위에서도 말했다시피 가성비가 좋은 제품이고 엠보싱에 순면감촉이 딱 만져보더니 이거 괜찮다라는 말이 나올 정도였다. 그리고 통기성 또한 우수해서 이정도면 진짜 이 폴맘 살만한데 라는 결론이 나왔으니 말이다.], 긍정 텍스트 확률 : 99.39%"
"[ 이상으로 은군의 아기기저귀 후기를 마치도록 하겠다. 추천을 할 수 있겠냐고 물으신다면 추천 쾅쾅 ], 긍정 텍스트 확률 : 87.72%"
"[우리 아기 이제 생후 일마지막으로 잰 몸무게가 .폴맘골드 밴드형 중형 사이즈가 딱], 긍정 텍스트 확률 : 70.41%"
"[손잡이가 있어 들기도], 긍정 텍스트 확률 : 57.21%"
"[허리밴드도 타사 제품들에 비해 굉장히 넓은 편이고 주름도 촘촘하다신축성도 상당히 좋은 편 ], 긍정 텍스트 확률 : 97.08%"
"[또렷한 소변선도 굿소변선 없는 제품은 너무 불편하고있어도 제 기능을 못하는 제품도 많다실제 소변선 사용사진은 조금 뒤에 보는걸로], 긍정 텍스트 확률 : 63.13%"
"[게다가 이중으로 샘 방지밴드 처리가 되어있어서 더더욱 안심 ], 긍정 텍스트 확률 : 92.35%"
"[아이들의 움직임이 많아지면서 허리벨트에도 긁히는 일이 일어나는데폴맘골드 기저귀는저자극 안심벨트로 긁힘방지가 된다고 하니 이 정도면 흠 잡을 곳이 없는 폴맘골드 기저귀♥ ], 긍정 텍스트 확률 : 99.43%"
"[우리 채윤이 새 기저귀 찼지롱 이 좋은 걸 왜 이제 알았을까진작 알았으면 우리 좀 더 편하게 살았을텐데ㅋㅋ ], 긍정 텍스트 확률 : 92.48%"
"[디자인도 너무 귀염돋는 폴맘골드 기저귀귀여운 아기들을 더 돋보이게 만들어주는 듯 하다 게다가 순면감촉시트가 아기 엉덩이를 부드럽게 감싸주니 넘나 편해보이는 거 ], 긍정 텍스트 확률 : 61.88%"
"[선명하고 굵은 소변알림선도 엄지 척게다가 소변을 눴을 때 밖으로 느껴지는 축축함도 훌륭한 수준이다꽤 많이 눴는데도 뽀송한], 긍정 텍스트 확률 : 66.86%"
"[폴맘골드 밴드형 써보고 너무 마음에 들어서 좀 더 사두려고 들어갔더니 개가 넘는 후기에 만족도 역시 좋은 건 나만 느끼는게 아니였어ㅋㅋ앞으로는 나도 폴맘골드 기저귀만 쓸테다가격도 훌륭하고 품질은 더 훌륭한 폴맘골드 기저귀 강력추천], 긍정 텍스트 확률 : 95.10%"
"[ 폴맘기저귀 여름기저귀 쓰기 좋아요 ], 긍정 텍스트 확률 : 88.39%"
"[여름기저귀로 추천 많이 해 주는], 긍정 텍스트 확률 : 52.52%"
"[아이들이 좋아하는 캐릭터들이 기저귀 꺼낼때마다 달라져서 캐릭터 보는 재미도 은근 좋아요 ㅋㅋ ], 긍정 텍스트 확률 : 99.53%"
"[허벅지 부분도 신축성 좋아요 활동량 많은 아기들은 이 부분도 정말 중요하잖아요가격 대비 성능 좋다고 칭찬 후기가 많던데 역시 ㅋㅋ ], 긍정 텍스트 확률 : 97.74%"
"[폴맘기저귀소변알림선도 있으니 교체 시기도 한 눈에 알 수 있어요이번에 업그레이드 되서 출시된매직썸머팬티라 더 얇아져서 쓰기 좋아서여름기저귀 뭐 써 볼까 고민한다면 한 번 구입해보시길 바래용 ], 긍정 텍스트 확률 : 94.64%"
"[시간 만에 교체 해줬는데도묻어나오는 것 없이 보송해요 ㅎㅎ ], 긍정 텍스트 확률 : 93.31%"
"[요즘 유다미가 사용중인 순면 기저귀 ], 긍정 텍스트 확률 : 84.38%"
"[흡수력과 통기성 ], 긍정 텍스트 확률 : 54.82%"
"[ 으로 이번에 새롭게 태어났다고한다], 긍정 텍스트 확률 : 84.72%"
"[소변알림선 ], 긍정 텍스트 확률 : 62.45%"
"[이 있어서 매우 편리한 제품이다], 긍정 텍스트 확률 : 73.41%"
"[우리 유다미는 곧 길것같아서 넉넉하게], 긍정 텍스트 확률 : 83.18%"
"[우리 유다미가 조금 더 크고], 긍정 텍스트 확률 : 67.41%"
"[동물들을 구별할 수 있을때 캐릭터골라보는 재미도 있을 것 같다], 긍정 텍스트 확률 : 91.57%"
"[감촉이 보들보들 ], 긍정 텍스트 확률 : 51.21%"
"[이 있어서], 긍정 텍스트 확률 : 63.38%"
"[로 우리아이 피부 긁힘까지 방지해준다], 긍정 텍스트 확률 : 78.43%"
"[소변알림선 ], 긍정 텍스트 확률 : 62.45%"
"[이 있어서 바로바로 확인이 가능해서 편리하다], 긍정 텍스트 확률 : 58.64%"
"[현재 사용중인 킨도 기저귀], 긍정 텍스트 확률 : 65.69%"
"[순면엠보싱이라 보들보들해서], 긍정 텍스트 확률 : 50.47%"
"[용감도 좋을 것 같다], 긍정 텍스트 확률 : 72.34%"
"[아기소변이 새지 않도록 중밴드로 되어있다], 긍정 텍스트 확률 : 54.50%"
"[은근 소변새는 기저귀들이 많더라 ㅠㅠ ], 긍정 텍스트 확률 : 78.68%"
"[정말 멘붕 ], 긍정 텍스트 확률 : 63.93%"
"[잘 늘어나는 넓은 통기성 허리밴드로 움직임이 편하도록 허리를 감싸준다], 긍정 텍스트 확률 : 56.38%"
"[우리 유담이 꿀벅지라기저귀벗길때마다], 긍정 텍스트 확률 : 77.01%"
"[가끔 밤새 자고 일어나서 아침에 기저귀갈때 오줌이 차서], 긍정 텍스트 확률 : 66.66%"
"[위쪽으로 조금 새서 축축할떄가 있는데], 긍정 텍스트 확률 : 71.84%"
"[요건 밴드부분도 넉넉해서 좋음 ], 긍정 텍스트 확률 : 89.75%"
"[꼬까 기저귀차고 기부니가 좋으신 어르신 ], 긍정 텍스트 확률 : 66.27%"
"[확실히 순면제품이라 그런지 촉감이 좋아서 마음에 들었고], 긍정 텍스트 확률 : 90.16%"
"[사이즈도 넉넉하고 밴드부분도 넉넉해서 편안한 착용감도 있고], 긍정 텍스트 확률 : 50.59%"
"[흡수력과 통기성 부분에서도 좋은 것 같다 ], 긍정 텍스트 확률 : 80.32%"
"[기대이상으로 좋았던], 긍정 텍스트 확률 : 94.66%"
"[앞으로도 우리소중한 유다미 궁딩이를 부탁해 ♩ ], 긍정 텍스트 확률 : 96.94%"
"[처음으로 우리애기팬티형 기저귀를 입혀봤어요], 긍정 텍스트 확률 : 68.80%"
"[ 한팩에 개가 들어있고. 사이즈는 부터 까지♥ ], 긍정 텍스트 확률 : 95.08%"
"[ 아가가 어느정도 말이 통할땐 귀여운 동물 캐릭터 보고 넘 좋아하겠어요♡ ], 긍정 텍스트 확률 : 97.87%"
"[ 폴맘기저귀의 맘에드든 대표적인 특징으로는 ☆ 빠른 순간 흡수력 ☆ 부드러운 순면감촉 ☆ 통기성벨트통기성커버 ], 긍정 텍스트 확률 : 89.20%"
"[ 처음 꺼낸 캐릭터는 귀여운 핑크 하마친구네요 ♡ ], 긍정 텍스트 확률 : 71.68%"
"[ 우리애기는 체구도 작고몸무게도 아직 한참모자르지만 허벅지가 대박 꿀벅지라...........항상 밴드형 하면은 자국이 심하게 남는데 ㅠㅜ 팬티형은 자국이 안남아서 참 좋드라구요], 긍정 텍스트 확률 : 97.17%"
"[똘똘말아 착 붙여 버릴 수 있는 테이프까지 존재 미친존재감이다], 긍정 텍스트 확률 : 87.28%"
"[ 일단 시험삼아 우리애기한테 한번 입혀봤어요 너무 크쥬? ㅎㅎㅎㅎ참고만 해주세요 ], 긍정 텍스트 확률 : 53.81%"
"[본 주인이 나타났네용 ㅎㅎㅎ 기저귀에 따악 맞는 의 우리 조카님 ], 긍정 텍스트 확률 : 78.08%"
"[ 벌 서고 있는거 아님 ㅋㅋㅋㅋㅋㅋㅋㅋ 장난끼많은 개구쟁이 남자아이에요 ], 긍정 텍스트 확률 : 87.88%"
"[ 갈아줄때도 편하게 똘똘말아 버릴 수 있어 너무 편리한 폴맘 기저귀 ], 긍정 텍스트 확률 : 73.86%"
"[일반속옷과 같이 편리하게 입을수있어 ], 긍정 텍스트 확률 : 80.32%"
"[안심하고 활동 할 수 있는], 긍정 텍스트 확률 : 68.11%"
"[가성비 정말 좋은 기저귀로 추천해요 ], 긍정 텍스트 확률 : 80.27%"
"[ 폴맘 아기기저귀 후기장당 백원대의 저렴한 기저귀가 성능도 좋아 ], 긍정 텍스트 확률 : 81.66%"
"[ 폴맘 아기기저귀 후기장당 백원대의 저렴한 기저귀가 성능도 좋아아직 하나의 기저귀에 안착하지 못한 울 딸내미.사실 저렴한 거 나옴 이거 써보고 저거 써보는 중이다. 기저귀가 다 떨어져 또 구입해야 할 시기가 와서 인터넷 서핑 중에 발견한 기저귀.], 긍정 텍스트 확률 : 52.99%"
"[손잡이가 있어 편하다. 하지만 뜯는 곳이 따로 표시되어 있지 않고 찾아보니 없어서 엄청 불편... ], 긍정 텍스트 확률 : 52.66%"
"[뜯는 곳이 따로 없어서 결국 힘으로 잡아 찢었다. ㅠㅠ ], 긍정 텍스트 확률 : 89.00%"
"[테이프 붙이는 곳이 반딱반딱 실크 같은 느낌이라 이쁘다. 그리고 테이프가 붙여지는 부분에 숫자 표시가 되어 있어정도에 붙으면 다음 단계로 넘어가는 게 좋다.], 긍정 텍스트 확률 : 70.80%"
"[테이프 부분이 잡기 쉽게 되어 있고], 긍정 텍스트 확률 : 63.86%"
"[엉덩이 밴드 부분은 약 개의 고무줄이 있어 신축성이 짱짱하다. 덕분에 소변 대변 샘 없이 잘 사용하고 있는 중.], 긍정 텍스트 확률 : 50.86%"
"[신생아 기저귀아기기저귀 추천폴맘골드웨어 기저귀], 긍정 텍스트 확률 : 79.58%"
"[폴맘골드웨어 기저귀아시는분이 있을런지는 모르겠으나 저는 이번에 처음 접해본 브랜드에요 검색해보니 가격대비 성능 완전 최고로 소문난 기저귀더라고요 가격착한데], 긍정 텍스트 확률 : 83.37%"
"[성능 만점이면 완전 최고자나?? 성능이 진짜 좋은지는 써봐야아는거니.제가아니 우리 연두가 써본 후기를 남겨보겠습니다 ], 긍정 텍스트 확률 : 97.31%"
"[우선 기저귀팩 앞면 하단에 폴맘언더웨어 기저귀의 특장점 가지가 적혀져있네요 첫번째로 입체 에어엠보싱으로 우수한 통기성과 흡수력으로 아기 엉덩이 보송함을 유지시켜준대요두번째로 통기성 벨트로 짓무르기 쉬운 아기 허리와 허벅지를 보호해주고요], 긍정 텍스트 확률 : 73.70%"
"[ 편리한 팬티기저귀로 입힐땐 팬티처럼 간편히 입히고 갈아줄땐 옆면을 찢어서 쉽게 벗길 수 있어요.], 긍정 텍스트 확률 : 65.71%"
"[폴맘언더웨어 기저귀는 귀여운 동물캐릭터가 그려져있나봐용 기저귀갈때마다 우리 아가랑 동물놀이도 할 수 있겠네요? ], 긍정 텍스트 확률 : 64.01%"
"[하마 등등의 넘 귀여운 동물캐릭터가 그려져있어욧한 일동안 사용해봤는데요 기저귀 갈때마다 새로운 동물들 나오면 기저귀 갈면서 오감터치수업을 집에서 진행한답니다개구리 캐릭터가 나오면 제가 개구리 울음소리를 내주면 우리 아가가 넘 좋아하더라고요 ], 긍정 텍스트 확률 : 97.30%"
"[뒷면에는 기저귀 후처리하기 편하도록 스티커가 붙어져 있어요노란색 소변알림선도 있어서 소변보면 파란색으로 변하고요 ], 긍정 텍스트 확률 : 58.02%"
"[기저귀면을 봤는데 진짜 올록볼록 엠보싱 제대로이네욧 입체 엠보싱으로 우리아가 발진은 걱정 없어보여요 ], 긍정 텍스트 확률 : 77.06%"
"[아기 소변이 새지 않도록 중 샘방지처리도 되어있고요 ], 긍정 텍스트 확률 : 51.89%"
"[그리고 폴맘언더웨어 기저귀를 만나보고 진짜 놀라웠던게], 긍정 텍스트 확률 : 69.00%"
"[ 진짜 최고 ], 긍정 텍스트 확률 : 95.39%"
"[짠 요즘 나쁜팸 기저귀 버리고 사용하고 있는 폴맘언더웨어 기저귀에욧], 긍정 텍스트 확률 : 53.94%"
"[겉면은 부들부들해서 제가 막 자꾸 우리 딸 기저귀 만지작 거린다는건 안비밀이구요 ㅋㅋㅋㅋ ], 긍정 텍스트 확률 : 67.10%"
"[폴맘언더웨어 기저귀는 인증마크도 획득되어 있고], 긍정 텍스트 확률 : 53.99%"
"[ 인체에 무해한 안전한 원료료만 사용했다기에 믿고 사용할 수 있는 기저귀이지욧 ], 긍정 텍스트 확률 : 65.90%"
"[일동안 사용해본 결과 괜찮은 기저귀에요 이모들 저를 믿고 폴맘 언더웨어 기저귀 한번 사용해보세요 ♥ 연두공주님의 폴맘언더웨어기저귀 검수결과합격 입니닷 ], 긍정 텍스트 확률 : 99.98%"
"[폴맘매직썸머는 업그레이드 된 순면감촉커버가 피부에 부드럽게 닿아 자극을 줄여줄 뿐 아니라 빠른 흡수력은 한층 더 강화되고], 긍정 텍스트 확률 : 59.29%"
"[가지 동물캐릭터소변알림선과뒷처리테이프는 기본 ], 긍정 텍스트 확률 : 57.77%"
"[디자인보다는 기능적인 면을 중요하게 생각하지만 막상 쓰다보면 좋은 게 좋은 거라고 귀여운 동물캐릭터들 골라쓰는 재미도 은근 쏠쏠하다. 아이들의 정서발달에도 도움을 줄 듯 하지만 사실 볼 때 마다 내 기분이 더 좋아지는 귀여운 동물캐릭터. 또한], 긍정 텍스트 확률 : 99.78%"
"[소변알림선이 있어 배변시에 즉각적으로 갈아주기에도 편하고], 긍정 텍스트 확률 : 81.66%"
"[전면 통기성 커버와 입체 엠보싱], 긍정 텍스트 확률 : 62.66%"
"[첫째부터 워낙 한 살집하는 아기들이다보니 기저귀 허리밴드나 편안한 착용감도 따지긴 하지만 사실 이게 얼마나 중요한 지에 대해서는 잘 감이 오지 않았다고 해야하나. 그런데 조금 쑥스러운 얘기지만 그 날이 되면 생리대 대신에 성인용 기저귀를 사용하고 있는데 직접 착용해보니 허리밴드의 중요성을 새삼 느끼게 되었다.], 긍정 텍스트 확률 : 85.77%"
"[ 여름기저귀 폴맘매직썸머는 통기성 벨트와 전면 고통기성 커버로 여름철 짓무르기 쉬운 아기허리와 허벅지를 보송보송하게 유지해줄 뿐 아니라 순면감촉 시트가 엉덩이를 부드럽게 감싸주어 더욱 편안한 착용감을 자랑하는 듯 하다. ], 긍정 텍스트 확률 : 82.94%"
"[부드러운 착용감과속옷처럼 간편하게 ], 긍정 텍스트 확률 : 81.74%"
"[차라란 오늘은 밴드형 기저귀동성유통 이란 곳에서 나온폴맘 팬티기저귀 후기에요 ㅋ원래는 폴브리즈 라는 이름이었다는데폴맘으로 변경된 거 같네요 ㅅ이제 우리 딸램도 뒤집기 연습중이라서 ㅅ왼쪽은 뒷면 오른쪽은 앞면을 찍은거에요 ], 긍정 텍스트 확률 : 89.40%"
"[버릴 때 기저귀 돌돌 말아서 버리라고테잎이 붙여져 있어요 ㅎㅎ ], 긍정 텍스트 확률 : 60.19%"
"[실제 손으로 만져봤을 때는엄청 보들보들 기분 좋은 촉감♡ 입체 엠보싱으로 되어있어부드럽고 보송한 느낌이 오래간다고 해요 ], 긍정 텍스트 확률 : 85.80%"
"[실제로 만져본 영상 ㅇㅅㅇ일단 신축성 매우 훌륭함잘 늘어나고 잘 줄어들고 부드럽고폴맘이 또 유독 소재나촉감에 신경을 많이 쓰는 듯 ㅋ ], 긍정 텍스트 확률 : 98.95%"
"[따라타란 진짜 팬티처럼그냥 입히면 되는 팬티기저귀 캬흫막상 써보면 너무 편합니다요 ㅋㅋㅋ가격대비 성능만점에다가뒤집기 하는 시기라 기저귀 갈때밴드형은 입히기 너무 힘들어요ㅠ ], 긍정 텍스트 확률 : 94.16%"
"[동성유통 폴맘 팬티기저귀완착 모습하마 귀여움 ㅋㅋㅋ ], 긍정 텍스트 확률 : 91.99%"
"[그리고 우리 딸램이 귀여움마치... 마치 이쁜 남자아이같구나언능 머리 기르자 흨흨 ], 긍정 텍스트 확률 : 92.57%"
"[띠용 띠용신축성이 진짜 좋아서입힐 때 의외로 힘 안들이고 쉽게 쏙기저귀가 배 윗부분까지 올라와서따숩게 소화도 잘 될것 같아요 ㅋㅋㅋ ], 긍정 텍스트 확률 : 93.43%"
"[뒤태샷ㅋㅋㅋㅋㅋㅋㅋㅋㅋㅋㅋㅋㅋ엄마가 미안해 ㅋㅋㅋㅋㅋㅋㅋ잘 늘어나는 밴드 부분이 얇아서움직임이 많은 우리 개월된 딸램이피부에 부담도 덜해요 ], 긍정 텍스트 확률 : 63.53%"
"[아 근데 나는 왜 자꾸 ㅋㅋㅋㅋㅋㅋㅋ동물 친구들이 눈에 들어올까요 ㅋㅋㅋ...는 잘 보시면 오른쪽은 삼선이푸른색으로 변해 있는게 보이시나요? ㅋ쉬야 하면 노란색에서 저렇게 푸렇게?변한답니다요 ㅋ쉬했는지 한 눈에 확인이 가능해요요즘은 다 저렇게 나오드라구요? ㅋ팬티기저귀 폴맘도 예외는 아니었다는 크흫 ], 긍정 텍스트 확률 : 55.99%"
"[짜란 뒤에 붙어있는 테잎으로이렇게 깔끔하게 말아서 버릴 수 있어요동성유통에서 기저귀만 파는건지다른 제품도 좀 파는지 좀 더 살펴봐야겠다능 ㅋ가격대비 성능이 괜찮아서당분간 애용할 거 같네요 ㅇㅅㅇ호홓 ], 긍정 텍스트 확률 : 91.48%"
"[ 저도 두번째 사용하고 있는 동성유통 폴맘 팬티기저귀. 요즘 팬티기저귀 브랜드들도 많아서 한번 한번 사용해보기 어떻게 보면 어렵기도 해요. 이전에는 기저귀 하면 대표적인 브랜드 몇가지만 생각했었는데 요즘에 보면 정말 알려지지 않은 기저귀 제품이 참 많구나 라는걸 새삼 느껴요 우리 첫째때만해도 시장이 이리 크진 않았는데], 긍정 텍스트 확률 : 99.35%"
"[요즘엔 정말 육아용품 기저귀도 시장이 참 커졌어요 ], 긍정 텍스트 확률 : 83.64%"
"[ 우리 공주님이 사용하고 있는 동성유통 폴맘 팬티기저귀에요 저도 두번째 사용하고 있지만], 긍정 텍스트 확률 : 94.46%"
"[매우 만족스러워요 기저귀 디자인도 이쁘고], 긍정 텍스트 확률 : 87.57%"
"[기저귀도 좋고], 긍정 텍스트 확률 : 92.18%"
"[무엇보다 공주님 발진도 안나고 편해서 마음에 들더라구요입체 에어 엠보싱으로 통기성을 더욱 높여주고], 긍정 텍스트 확률 : 96.83%"
"[팬티처럼 입고 간편하게 벗을 수 있는 이쁜 팬티기저귀 ], 긍정 텍스트 확률 : 83.67%"
"[ 아이들의 사이즈에 따라서 각각 사용하시면 됩니다 저는 타사에서 모두입혔어요. 제가 기존에 입히던 제품보다는 조금 더 큰것같아요 팬티기저귀로 넉넉하게 사용하기 좋은 사이즈 ], 긍정 텍스트 확률 : 57.29%"
"[ 뒷면에 보면 동성유통 폴맘 팬티기저귀에 대한 내용들을 한눈에 볼 수 있어요. 귀여운 캐릭터들이 그려진 이쁜 폴맘 기저귀도 만나볼 수 있어서 아이가 더욱 재미있어해요 은근히 자기가 좋아하는 캐릭터를 찾아서 엄마에게 가져온다며ㅎㅎ], 긍정 텍스트 확률 : 100.00%"
"[ 폴맘 팬티기저귀는 입체 에어엠보싱으로 부드럽고 푹신푹신한 엠보싱으로 아이 엉덩이를 감싸주기 좋아요 소변을 보면 소변의 알림선이 파란색으로 바뀌어서 체크도 빠르고 순간 빠른 흡수력을 통해서 오줌을 순간적으로 고르게 흡수해주더라구요. 소변이 새지 않도록 샘방지 주름], 긍정 텍스트 확률 : 51.37%"
"[순면감촉으로 아이의 엉덩이에 자극을 덜 주는 폴맘 팬티기저귀 ], 긍정 텍스트 확률 : 50.89%"
"[ 측면에 보면 제품에 대한 재료명과 안감과 방수층에 대한 소재의 내용도 함께 적혀있어요. 사용하고 난 다음에는 측면을 뜯어내고 더욱 편하게 돌돌말아서 정리할 수 있답니다 ], 긍정 텍스트 확률 : 94.92%"
"[ 날짜는 년 월 일까지 사용가능하다고 하나.ㅎㅎㅎ 저는 뜯자마자 지금 거의 다 써가는 중이에요 워낙 팬티도 자주 갈아야 하다보니 좋은 가격 좋은 품질의 제품으로 동성유통 폴맘 팬티기저귀 강추해요 ], 긍정 텍스트 확률 : 87.86%"
"[ 우선 가지 팬티기저귀에요 귀여운 캐릭터가 너무나 감찍한 친구들 ], 긍정 텍스트 확률 : 96.95%"
"[ 앞면에는 팬티기저귀의 그림과 함께 소변알림선이 더욱 길게 뒷면에는 사용하고 난 다음에 묶을 수 있는 테이프가 같이 있어요 ], 긍정 텍스트 확률 : 98.93%"
"[ 귀여운 캐릭터가 있는 부분이 앞이에요 우리 공주님도 팬티기저귀의 디자인이 다양하니까 자기가 좋아하는 디자인으로 골라서 갖고오더라구요], 긍정 텍스트 확률 : 99.88%"
"[ 소변알림선으로 소변한것도 간단하게 알 수 있어 좋아요], 긍정 텍스트 확률 : 96.00%"
"[ 측면과 뒷면에는 밴드로 쫀쫀하게 우리 아이의 엉덩이를 부드럽게 잡아 준답니다. 팬티기저귀지만], 긍정 텍스트 확률 : 89.97%"
"[ 안에뒤집어본 모습이에요 흡수홀이 정말 가득하기 때문에 빠르게 흡수해주고], 긍정 텍스트 확률 : 96.30%"
"[ 요즘 우리 공주님도 사용하고 있는 폴맘. 사실 언제나 기저귀를 사용하면서 오늘이 마지막이면 좋겠다 하는데 휴좀처럼 기저귀를 뗄 생각을 하지 않네요.ㅎㅎㅎㅎ 우리 공주님의 이쁜 폴맘 ], 긍정 텍스트 확률 : 95.06%"
"[ 집에서도 폴맘 팬티기저귀 하나만 입고 돌아다니려고 해서 티셔츠라도 입혔어요.ㅎㅎ 귀여운 우리 공주님의 엉덩이를 감싸주는 이쁜 폴맘 팬티기저귀 아이가 사용하기 너무나 편해요], 긍정 텍스트 확률 : 83.47%"
"[얇긴한거 같아요. 맨위는의 여름팬티형], 긍정 텍스트 확률 : 59.38%"
"[중간은의 여름팬티형인데], 긍정 텍스트 확률 : 53.76%"
"[ 저희 아가는 지금인데이상인 를 쓰기 시작했어요. ], 긍정 텍스트 확률 : 53.38%"
"[최고급매직벨트 를 사용하여 아이의 피부에 직접 닿는 부분의 자국을 최소화 하였어요 . ], 긍정 텍스트 확률 : 80.90%"
"[ 입체 에어엠보싱부드럽고 폭신한입체 엠보싱이 아이 엉덩이를 더욱 부드럽게 감싸주고 보송보송함을 유지시켜줘요 . ], 긍정 텍스트 확률 : 89.23%"
"[소변알림선 ], 긍정 텍스트 확률 : 62.45%"
"[소변을 보면 소변 알림선이 파란색으로 바뀌어 기저귀를 제때 갈아줄수 있어요 .빠른 순간 흡수력 ], 긍정 텍스트 확률 : 58.06%"
"[ 순간 흡수력이 더욱 뛰어난 파워스피드 흡수층 은 많은 양의 오줌도 빠르고 고르게 흡수해주고], 긍정 텍스트 확률 : 99.21%"
"[다시 베어나오는 것을 막아주어 피부를 상쾌하게 지켜줘요. . ..흡수체], 긍정 텍스트 확률 : 69.13%"
"[신개념 흡수체의 중 사용 으로 뭉치지 않고 항상 보송보송해요. .더욱더 부드러워진 순면감촉], 긍정 텍스트 확률 : 86.29%"
"[중 보호밴드 소변이 옆으로 새지않게 중으로 막아줘요 .소프트 통기성 커버], 긍정 텍스트 확률 : 56.17%"
"[ 하나 꺼내어 봅니다. 아기기저귀니깐 귀욤귀욤 캐릭터가 박혀 있구요. ], 긍정 텍스트 확률 : 61.03%"
"[ 두께 차이도 보면 정말 얇죠. 지금까지 써본중 제일 얇았던 수입기저귀랑 맞먹는 얇은 두께예요. ], 긍정 텍스트 확률 : 87.28%"
"[ 무엇보다도 독특한건 내부가 엠보싱 처리 되어 있다는 거였어요. ], 긍정 텍스트 확률 : 96.86%"
"[ 좌악 펼쳐보면 요런 느낌입니다. ], 긍정 텍스트 확률 : 75.86%"
"[ 안쪽에 중 보호밴드가 있어서], 긍정 텍스트 확률 : 52.01%"
"[ 가끔씩 새고 나서 보면 또 부주의하게 채워 놓았고 ㅎㅎ신축성 테스트 ], 긍정 텍스트 확률 : 87.22%"
"[ 세상 빨리 좌라락 흡수되서 ㅎㅎ 요샷으로 찍었더니 넘 빨리 사라져 버린 루이보스. 심지어 색있는 티슈로바로 찍어봤는데 묻어나오지도 않아그냥 정상촬영해도 됬을뻔요 ㅋ저 저거 찍으면서 어머어머진짜 신기세상 신기 이랬네요 기저귀의 세상에 마치 처음 빠진냥.기저귀 만지작 거리고 있었더니어째 지껀줄 알고 다가와서 가져가더랍니다.], 긍정 텍스트 확률 : 77.18%"
"[ 기저귀 갈자 이리오세요 저희 아가 착용삿이에요 기저귀 한거 맞니], 긍정 텍스트 확률 : 58.66%"
"[ 그래 한판할때까지 기다리게 안해줘서 고우맙다 부드러운 순면감촉 아기기저귀찾으신다면 흡수력짱 좋고 편리한 폴맘골드 밴드형 기저귀이용해 보세요 ], 긍정 텍스트 확률 : 96.29%"
"[ 폴맘 기저귀 추천 ], 긍정 텍스트 확률 : 79.58%"
"[마미포코 교환 전까지 쓸만한 기저귀 찾으려고 옥 둘러보다 폴맘이라는 기저귀 발견함후기도 가격도 괜찮길래 매직썸머밴드 대형 팩 주문.오늘옴ㅋㅋ 칼배송 난 택배 뜯을 때가 젤 조음ㅋㅎ디자인 매우귀염 ㅠㅠ ], 긍정 텍스트 확률 : 99.78%"
"[허리도 잘 늘어남근디 앞부분에 밴드 붙이는 곳이..부드럽긴한데 약간 거친비닐같은느낌이있음그 부분 빼고는 아직 만족중써보면서 더 추가해야징◍•㉦•◍], 긍정 텍스트 확률 : 85.95%"
"[번 한국하기스번 미국하기스번 폴맘번 보솜이 오가닉번 한국팸퍼스 번 미국팸퍼스 ], 긍정 텍스트 확률 : 71.81%"
"[ 넘저렴해서 걱정을 많이했는데후기들이 좋더라구요근데 진짜 넘좋으네요 흐엉기저귀질도 넘 부드럽고특히 요고무줄밴드가아주 좋아요쫀쫀한데 눌리지않는게팸퍼스랑 같은 느낌이에요 ], 긍정 텍스트 확률 : 99.13%"
"[ 정말 미치게 예민한울집아가씨땜시모든 브랜드의 기저귀는다써본것같네요 ], 긍정 텍스트 확률 : 64.50%"
"[ 뒤집는 아기 기저귀 추천], 긍정 텍스트 확률 : 79.58%"
"[뒤집는 아기 기저귀 추천폴맘 신생아 기저귀 사이즈 교체시기], 긍정 텍스트 확률 : 79.58%"
"[이건 우리 구구 기준에서에요. 어찌나 발버둥을 치고 바로 뒤집어 돌아 버리는지... ], 긍정 텍스트 확률 : 61.38%"
"[팬티형 중에서 폴맘 아기 기저귀 추천 해 드릴게요. 육아 몇 개월 해보셨으면 우리 아가 피부가 어떤지 파악하셨겠지요? 특정 브랜드 제품을 써야만 괜찮은지], 긍정 텍스트 확률 : 91.36%"
"[그래서을 찾게 되었습니다. 저렴이 제품으로 많은 분들께서 아기 기저귀 추천 하시더라고요. 실제로 최근에 사용했던 타사 브랜드보다 거의 반 정도로 육아 비용을 아낄 수 있게 되어서 유레카를 외쳤답니다. ], 긍정 텍스트 확률 : 92.94%"
"[귀여운 곰돌이가 그려져 있는 앞면입니다. 사실 좀 생소한 브랜드인데요. 폴브리즈라는 이름에서 폴맘으로 변경 되었다고 합니다.은 신생아 기저귀로도 추천할 만 한데요. 그 시기에는 너무 자주 쌉니다. 그래서 한팩을 오래 쓰면 일주일이었던 것 같네요. 그 비용 감당하기가 참...ㅠㅠ 그래서 저렴이 중 후기 좋은 것으로 소개해 드릴 수 있습니다. ], 긍정 텍스트 확률 : 99.14%"
"[뒤집는 아기부터 쭉 사용할 수 있는 팬티형은 부드러운 중샘방지 주름으로 아기 소변이 새지 않도록 잡아줍니다. 아무래도 움직임이 많아지면 새는 상황이 일어날 수 있는데 그걸 막아주는 역할이 중요하지요. ], 긍정 텍스트 확률 : 57.37%"
"[에어로드 엠보싱이 소변을 빠르고 고르게 흡수해 줍니다. 많은 양의 오줌을 빠른 속도로 흡수해주고 통풍도 잘 되는 프리미엄 언더웨어랍니다. ], 긍정 텍스트 확률 : 94.48%"
"[그러면 테이프가 나타날 거에요. 아래방향으로 뜯고 다시 윗 방향으로 뜯어서 말아서 붙여주면 됩니다. 자꾸 하다보니까 금방 되더라고요. ], 긍정 텍스트 확률 : 63.33%"
"[저렴한 신생아 기저귀 폴맘은 타사에 비해 싼 가격에 구입할 수 있지만 안전인증 테스트를 철저하게 거친 제품이랍니다. 아기 피부에 닿는 제품이니 저렴하면 좀 걱정될 수 있지만 한국의류시험연구원에서 품질을 보증하는 제품이므로 안심하셔도 좋습니다. ], 긍정 텍스트 확률 : 79.13%"
"[엎드려 있든지], 긍정 텍스트 확률 : 68.32%"
"[누워 있든지 상관 없이 채워줄 수 있는 점이 좋습니다. 물론... 그것도 가만히 있어줘야 더 편할테지만요. 구구는 발장구를 매우 겁나게 쳐대서 힘으로 제압할 수밖에 없답니다..ㅠ 혹시 팁 같은 게 있다면 조언 좀 해주세요 ㅎ ], 긍정 텍스트 확률 : 77.72%"
"[수많은 아기기저귀중 이번에], 긍정 텍스트 확률 : 85.24%"
"[우리승주가 사용해볼 기저귀는 ], 긍정 텍스트 확률 : 56.10%"
"[잠시 웃음이 났어요 ㅋㅋㅋㅋ ], 긍정 텍스트 확률 : 55.00%"
"[우리승주는요 드디어 이 되었어요. ], 긍정 텍스트 확률 : 91.31%"
"[마의 을 넘어섰는데 꽤 오래걸렸네요. ], 긍정 텍스트 확률 : 79.60%"
"[간단히 보니까 입체 에어엠보싱과 ], 긍정 텍스트 확률 : 57.47%"
"[눈으로 딱 보고 뭐가 좋고 어떤게 ], 긍정 텍스트 확률 : 64.03%"
"[ 꼼꼼엄마들한테도 인기만점 ], 긍정 텍스트 확률 : 93.98%"
"[아이들이 좋아하는 알록달록 ], 긍정 텍스트 확률 : 79.50%"
"[예쁜 동물캐릭터가 기저귀에 있는데요 ], 긍정 텍스트 확률 : 82.27%"
"[아이들 기저귀도 패션시대라 ], 긍정 텍스트 확률 : 54.08%"
"[예쁜기저.귀가 더 눈이 가게 되는 사실 ㅋㅋ ], 긍정 텍스트 확률 : 83.38%"
"[한층 더 강화된 빠른 흡수력과 통기성으로 ], 긍정 텍스트 확률 : 51.62%"
"[새롭게 태어난 폴맘팬티기저귀. ], 긍정 텍스트 확률 : 72.52%"
"[굵고 선명한 소변알림선이 있어서 ], 긍정 텍스트 확률 : 59.88%"
"[중으로 잡고 막아주니까], 긍정 텍스트 확률 : 68.24%"
"[우리승주처럼 활동량이 많은 아기들에게 ], 긍정 텍스트 확률 : 82.86%"
"[아기 허리와 허벅지를 보호해주면서 ], 긍정 텍스트 확률 : 62.37%"
"[그렇다고 쫀쫀하지 않는것도 아니고 ], 긍정 텍스트 확률 : 53.70%"
"[또 뒹굴고 어느순간 보면 기어다니기도하는 ], 긍정 텍스트 확률 : 83.47%"
"[우리승주는 이렇게 허리밴드가], 긍정 텍스트 확률 : 69.72%"
"[입체 엠보싱이 우수한 통기성과 ], 긍정 텍스트 확률 : 51.21%"
"[흡수력 또한 뛰어나서 금세], 긍정 텍스트 확률 : 98.07%"
"[우리승주], 긍정 텍스트 확률 : 70.32%"
"[입힐때도 허리밴드가 신축성이 좋아 ], 긍정 텍스트 확률 : 52.74%"
"[세지않게 도와주는 이 이중샘방지 주름 ], 긍정 텍스트 확률 : 50.35%"
"[입혀보고 보니깐 더 신뢰가 가네요. ], 긍정 텍스트 확률 : 64.88%"
"[그리고 예쁜 동물케릭터가 한눈에 쏙 ], 긍정 텍스트 확률 : 66.09%"
"[들어오니까 귀엽기도 하고요 ], 긍정 텍스트 확률 : 52.59%"
"[또 아기가 활동하기 편하게 얇다보니 ], 긍정 텍스트 확률 : 85.15%"
"[옆에서 늘려봤는데 역시], 긍정 텍스트 확률 : 83.80%"
"[엄청 편할거 같은데말이죠. ], 긍정 텍스트 확률 : 73.42%"
"[한바탕 재미나게 놀고 ], 긍정 텍스트 확률 : 55.04%"
"[낮잠까지 주무신 우리승주 ], 긍정 텍스트 확률 : 70.88%"
"[파란색으로 변한 소변알림선 ], 긍정 텍스트 확률 : 69.10%"
"[팬티처럼 간편하게 입고 벗길수 있어 ], 긍정 텍스트 확률 : 80.50%"
"[우리승주가 써본 ], 긍정 텍스트 확률 : 53.71%"
"[ 하기스 굿나이트 팬티형 기저귀 남아용 대형], 긍정 텍스트 확률 : 56.51%"
"[하기스 굿나이트 팬티형 기저귀 남아용 대형 ], 긍정 텍스트 확률 : 56.51%"
"[★ 가격은 변동될 수 있음 ★ ], 긍정 텍스트 확률 : 75.24%"
"[굿나이트 별로라 생각하는 인이에요 근데도 어쩔수 없이 쓸수 밖에 없기도 합니댜ㅠㅠ ], 긍정 텍스트 확률 : 71.02%"
"[★ 가격은 변동될 수 있음 ★ ], 긍정 텍스트 확률 : 75.24%"
"[ .?굿나이트굿나이트.?하기스하기스.?.?팬티형팬티형.?대형대형.?기저귀기저귀.?남아용남아용], 긍정 텍스트 확률 : 57.55%"
"[요즘 기저귀도 잘 골라야 할거같아요.], 긍정 텍스트 확률 : 92.55%"
"[여름엔 썸머 기저귀아니면 엉덩이 땀띠 나더라구요 ... 아이도 고생이고.. 보는 엄마도 안쓰러워 보이고 ㅜㅜ 가성비좋고 발진 안나면 좋은건데.. 전 지금 가지쓰고 있는데도 한번 써보고 싶네요 ㅎ 어디서 싸게 주고 살수 있을까요? ㅎ], 긍정 텍스트 확률 : 99.90%"
"[제가산곳 알려드릴게요 아기한테 맞는 기저귀찾는게 참 어렵더라구요ㅠㅠ], 긍정 텍스트 확률 : 66.44%"
"[제가산곳 알려드릴게용ㅎㅎ], 긍정 텍스트 확률 : 97.44%"
"[ 세면 몇 키로 인가요? 저희아들 세인데 .키로 거든요..넘 클까요?], 긍정 텍스트 확률 : 59.45%"
"[세가 쓸 수 있어요키로부터거든요], 긍정 텍스트 확률 : 54.42%"
"[아엠쌤양덕내일 몇 시쯤 가면 될까요?], 긍정 텍스트 확률 : 76.42%"
"[스윗마미양덕챗 드렸어요], 긍정 텍스트 확률 : 66.13%"
"[ 소. 중 있을까요.?], 긍정 텍스트 확률 : 70.43%"
"[저요 일괄요], 긍정 텍스트 확률 : 64.32%"
"[월 회요], 긍정 텍스트 확률 : 62.08%"
"[제리맘가능하면요], 긍정 텍스트 확률 : 73.88%"
"[뚱단지전부다 가져가신다면 하세요. 다 조금씩쓰다 남은거기에 예민사절 다시되돌려주는거사절 입니다 ㅠㅠ 챗주세요♡], 긍정 텍스트 확률 : 67.44%"
"[불발시 연락드리겠습니다], 긍정 텍스트 확률 : 66.13%"
"[ 블로그.. .. 에도 올렸어요.], 긍정 텍스트 확률 : 68.58%"
"[후기 남겨주셔서 넘넘 감사합니다.프린터 고장으로 기저귀종류를 보내드리지 못했습니다.아이에게 좋은 체험기회가 되었으면 좋겠어요. 워낙 맞지 않는 기저귀는 아이들 차자마자 발진 올라오기도 하더라구요. 체험하신 기저귀샘플은 저희카페에서 저렴하게 공구로 구입하실 수 있으세요.최신제품최저가공식대리점발송기저귀 .. ..분 유 .. ..아이와 행복한 시간 가지세요.], 긍정 텍스트 확률 : 99.46%"
"[네..감사합니다..이제출산해서곧필요해질것같아요], 긍정 텍스트 확률 : 89.06%"
