"[ 일산 케이펫페어 와우한빛 부스에서 개아빠가 배변패드 구입 ], 부정 텍스트 확률 : 89.85%"
"[ 택배로 화요일이나 수요일날 받을 수 있다 했는데], 부정 텍스트 확률 : 61.06%"
"[대형패드 쓰면 안까워요.한번 쉬야한 패드에 절대 안함울 개린이들이 실내.외 배변을 하는지라], 부정 텍스트 확률 : 57.53%"
"[대략 달정도 쓰겠네요.삐삐는 사진이나 동영상을 잘 찍지만], 부정 텍스트 확률 : 84.19%"
"[이상하게 쉬야나 응가하는 장면만 찍으려고 하면], 부정 텍스트 확률 : 98.61%"
"[응가를 안하고 도망가요쉬야], 부정 텍스트 확률 : 86.65%"
"[응가할때는 프라이버시 지켜달라는 삐삐 ], 부정 텍스트 확률 : 57.32%"
"[ 쫑이는 사진], 부정 텍스트 확률 : 66.26%"
"[동영상을 안찍어도], 부정 텍스트 확률 : 88.05%"
"[ 오늘은 애견 리필용 일자형 속기저귀를 소개하려고 합니다. ], 부정 텍스트 확률 : 63.16%"
"[가끔 애견동반식당겸 카페에 놀러간답니다.예전에는 매너벨트 착용을 의무화 되지 않았는데], 부정 텍스트 확률 : 87.62%"
"[애견카페겸 식사에서 노펫티켓 사건으로 실내에서는 암컷], 부정 텍스트 확률 : 59.45%"
"[ ① 경제성부담없는 가격으로 패드 대신 사용② 흡수력고흡수성 수지에 의한 강력한 순간 흡수력③ 보송보송부드러운 부직포 사용으로 보송함을 유지④ 암], 부정 텍스트 확률 : 92.17%"
"[수컷 공용으로 사용 가능⑤ 편의성어디든지 사용가능하며 편리한 교체⑥ 국내생산와우한빛만의 기술력으로 국내생산 제품 ], 부정 텍스트 확률 : 79.88%"
"[ 순면 애견 리필 패드 ], 부정 텍스트 확률 : 53.29%"
"[ 숫컷용 천 매너벨트 하나로 속 기저귀 후면 테이프를 매너벨트 중간에 고정시키면 간단하게 애견리필패드 부착 완료 ], 부정 텍스트 확률 : 74.00%"
"[ 일회용 기저귀일회용 매너벨트 일회용 기저귀일회용 매너벨트 내 패드 부착 위치에 하나로 속 기저귀 후면 테이프를 제거 후 부착시키면 완성 ], 부정 텍스트 확률 : 66.25%"
"[ 천팬티 천팬티 내부에 하나로 속 기저귀 위치를 정한 뒤 후면 테이프를 제거 후 부착시키면 완성 ], 부정 텍스트 확률 : 72.18%"
"[ 표면 묻음방지 건조 커버빠른 수분 통과와 건조로 표면이 항상 보송보송안전 흐름 방지방수막패드 가장자리의 비닐 방수막은 소변이 밖으로 새는 것을 방지보송보송 엠보싱흡수도중 뭉침이나 밀림현상 방지와 빠른 흡수력으로 보송보송함을 유지초강력흡수력 고분자 흡수체의 강력한 흡수력으로 위생과 청결로 흡수력을 최대화 숫컷용 천 매너벨트], 부정 텍스트 확률 : 53.80%"
"[일회용 기저귀일회용 매너벨트], 부정 텍스트 확률 : 53.29%"
"[천팬티가 있지만], 부정 텍스트 확률 : 51.20%"
"[쫑이는 옷도 잘 안입는데], 부정 텍스트 확률 : 89.44%"
"[매너벨트까지 하면 난리나서], 부정 텍스트 확률 : 76.85%"
"[개아빠가 있을 때 해야함. ], 부정 텍스트 확률 : 50.28%"
"[ 산책 포인트 지점에서 천팬티에리필용 일자형 속기저귀를 착용한 채 쉬야삐삐는 산책시 한번에 폭풍쉬야를 하고], 부정 텍스트 확률 : 59.39%"
"[천팬티도 젖지 않았어요.기저귀 값이 부담이 된다면 리필용으로 교체해서 사용하기 좋을 거 같아요. ], 부정 텍스트 확률 : 94.57%"
"[본 포스팅은 케이펫페어 와우한빛 부스에서 페리패드를 구입하고 애견 리필용 일자형 속기저귀제품을 업체로부터 무료로 제품을 받아 객관적으로 작성한 후기 입니다.], 부정 텍스트 확률 : 60.81%"
