"[.?파스퇴르아이생각파스퇴르아이생각.?파스퇴르무균이유식파스퇴르무균이유식.?파스퇴르이유식파스퇴르이유식.?무균이유식무균이유식 .?시판이유식시판이유식.?두수새송이버섯죽두수새송이버섯죽.?한우당근애호박죽한우당근애호박죽.?실온이유식실온이유식.?이유식추천이유식추천 이제 곧 개월이 되는 유니..후기이유식은 잘 먹을지], 긍정 텍스트 확률 : 71.74%"
"[.?한우당근애호박죽한우당근애호박죽.?두부새송이버섯죽두부새송이버섯죽 전부다 먹어본 재료들 ], 긍정 텍스트 확률 : 51.69%"
"[ 기존에 있던 개월.?닭가슴살고구마비타민채묽은죽닭가슴살고구마비타민채묽은죽요번건 개월시기별로 포장색이 다르다.중기는 하늘색], 긍정 텍스트 확률 : 95.60%"
"[후기는 연노란색 ㅎㅎ ], 긍정 텍스트 확률 : 61.77%"
"[ 입자는 요정도묽기도 참고..후기부터는 쌀알 그대로 사용한다.지금 유니가 저정도 입자는 충분히 먹을 수 있는데?조금만 더 되직하게 만들어주면 될 듯하다.먹여보니 기호성이 좋다조금 되직하기 때문에 먹다가 한두번 켁켁 했으나 그 뒤로도 넙죽 받아먹었지.하지만 잘 먹다가..약을 쉽게 먹이고픈 마음에 시럽약을 타줬더니 그대로 안먹는 불상사가 벌어졌다.처음에는 뱉을줄 모르니 먹고 인상쓰고 손으로 끄집어 내다가], 긍정 텍스트 확률 : 100.00%"
"[비상용으로 활용할 마음], 긍정 텍스트 확률 : 64.49%"
"[ 소스가 바닥에 깔려있어서 아무래도 바삭하게 먹는건 욕심이다.다른 좋은 방법이 있다면 추천좀..일단 야식으로 먹었는데 만족재구매의사 있음 ], 긍정 텍스트 확률 : 91.17%"
"[날짜가 애매한것들이 협찬으로 들어오나보다.얼른 먹고 얼른 사용해야겠다. ], 긍정 텍스트 확률 : 53.54%"
"[ 내.?인생기저귀인생기저귀.?르소메르소메.?천연기저귀천연기저귀.?밤기저귀밤기저귀.?발진없는기저귀발진없는기저귀.?여름기저귀여름기저귀.?기저귀추천기저귀추천르소메. 요 기저귀 알게 된지는 꽤 됐는데], 긍정 텍스트 확률 : 98.16%"
"[ 요번에 선물받을 일이 생겨서 급 방긋하며 포스팅해본다 ㅋㅋ첫아이를 키우면서 유니가 워낙 꿀벅지니], 긍정 텍스트 확률 : 59.60%"
"[ 소변줄이 멀쩡히 있는 르소메만 못하다.팬티형이 없어서 좀 아쉽긴하지만], 긍정 텍스트 확률 : 53.99%"
"[구매해본 매일유업 요미요미 유기농주스.먹어도 괜찮나 보다가 개월부터라길래 ㅎㅎㅎ괜찮겠거니 싶어서 구매해서 이유식 먹고나서 줘봄.빨대 입에 물려주고 살짝 눌러주니 놀라면서도 조금씩 먹더라.숟가락으로 주면 더 잘 먹음ㅋㅋㅋ기호성 자체는 괜찮은 것 같다.간식으로 한번씩 줘야겠다.큰 아이들이 직접 먹으려고 할땐 저렇게 상단 양 날개를 펼쳐주면 흘리지않고 먹을 수 있다고 한다.벌써 다음주면 명절이다부담스럽지 않은 마음으로], 긍정 텍스트 확률 : 99.85%"
"[ 기쁜 마음으로 다들 반가운 얼굴들 볼 준비를 하고싶다.보고싶은 얼굴들이 많다 ㅎㅎ ], 긍정 텍스트 확률 : 91.06%"
"[ ...와 가격봐요 .진짜 이건 사야해 무조건 쟁여야해요 ㅋㅋ.첫째때 발진도 좀 있었고 피부가 예민한편이였던지라 아기일때 딴건 이것 저것 다 써도 기저귀만큼은쭉 하기스 네이처메이드만 사용했었는데요.], 긍정 텍스트 확률 : 71.30%"
"[ ..역시 기저귀는 하기스 네이처메이드더라 하고 다시 기저귀유목민 생활을 마치고 돌아왔더랍니다... ], 긍정 텍스트 확률 : 54.18%"
"[ ...엄마들끼리 우스갯소리로 우리는 기저귀 유목민이야 라는 말을 많이 하는데요. 어떤 기저귀가 우리 아기에게 잘 맞을지 모르니까 소재부터 핏까지 하나하나 다 따져보고 사용해보는건 물론 기저귀마다단계별로 또 품이 조금씩 다르니 단계를 올리면서 또 한번 바꿔보고그러느라 나온 말 같아요....아무래도 아기 소중한 부위에 닿는 곳이니까요.... ], 긍정 텍스트 확률 : 99.81%"
"[ ....가격 좀 보세요 ..정말 다시 봐도 매력적인 가격..하기스 네이처메이드 기저귀 프로 할인에 개이상 사면기저귀할인], 긍정 텍스트 확률 : 92.84%"
"[ 원이요 ??...이거 사야해요 안사야해요 ㅋㅋㅋㅋㅋㅋ.무조건 콜 무조건 팩 아닙니꽈 ㅋㅋㅋㅋㅋ... ], 긍정 텍스트 확률 : 58.96%"
"[ ....아 기분좋아 .오늘], 긍정 텍스트 확률 : 90.56%"
"[ ..쟁이쟈꺄아아아 .ㅋㅋㅋㅋㅋㅋ. ], 긍정 텍스트 확률 : 52.09%"
"[ 홈플러스에서도 기저귀가 따로 나오던데 가격이 엄청 저렴했어요때마침], 긍정 텍스트 확률 : 75.29%"
"[홈플러스 기저귀도 선물받고 하기스 기저귀도 많길래 두개 비교해 봤습니다 ], 긍정 텍스트 확률 : 77.89%"
"[ 홈플러스 기저귀 소형이에요.짱아가몸무게가이 조금 넘어서 현재 하기스], 긍정 텍스트 확률 : 83.87%"
"[홈플러스 기저귀 둘 다 소형으로 쓰고 있어요. ], 긍정 텍스트 확률 : 82.65%"
"[ 사실 배분에 하기스 네이처 메이드는 어느부분이 중간인지 알 수 있어서 그 중간점을 보고 양 옆 을 채우는데홈플러스기저귀는 그런게 없어서 어디가 중간이지? 할때가 있습니당...ㅋㅋㅋ ], 긍정 텍스트 확률 : 60.74%"
"[ 홈플러스기저귀인데 움직임이 편안해 보이죠??짱아는 꿀벅지라서 하기스 매직핏 꿀벅지 전용을 사주던가아니면 홈플러스기저귀를 계속 써야 겠어요...ㅋㅋㅋ제 주관적으로는요], 긍정 텍스트 확률 : 53.36%"
"[베이비엔젤스 홈플러스 부천상동점경기 부천시 길주로홈플러스 층상동홈플러스 층집에 스위마바가 있었지만물 받고 버리고 가 굉장히 힘들. ], 긍정 텍스트 확률 : 55.23%"
"[ 수영에 대한 미련을 버리지 못한 나는], 긍정 텍스트 확률 : 52.64%"
"[ 예약이 필수 ], 긍정 텍스트 확률 : 51.21%"
"[아기 개인 수건임.그런데], 긍정 텍스트 확률 : 67.06%"
"[혹시 모르니 워시와 로션도 챙겨가셔요우리 통이는 늘 쓰던 워시와 로션이 아니면 몸에 뭐가 나니까.필히 챙겨가봅니다 ], 긍정 텍스트 확률 : 64.01%"
"[ 우선 여긴 수영장만 있는 게 아니고키즈카페도 있는데 요것도 상당히 한몫한다.규모가 많이 크거나 하진 않지만그래도 통이에겐 뉴 플레이스가 핫플레이스니재미지게 놀기 아주 좋음플레이존만 이용할 경우 회 ], 긍정 텍스트 확률 : 63.18%"
"[ 원회 ], 긍정 텍스트 확률 : 52.23%"
"[ 하이체어도 있기 때문에], 긍정 텍스트 확률 : 64.70%"
"[ 혹시나 수영 후 배고픈 아가들은 바로 식사도 가능하다.전자레인지도 있었음 ], 긍정 텍스트 확률 : 75.45%"
"[ 수유실도 있으니수유도], 긍정 텍스트 확률 : 70.79%"
"[ 장난감도 꽤 다양하고 놀 거리도 많은 편], 긍정 텍스트 확률 : 95.95%"
"[ 특히나], 긍정 텍스트 확률 : 87.44%"
"[그리고 수영 후에도집에 없는 장난감이 많은.?플레이존플레이존 에서한참을 신나게 놀았음. ], 긍정 텍스트 확률 : 67.84%"
"[ 수영시간표는 위의 사진과 같고], 긍정 텍스트 확률 : 54.28%"
"[ 주말엔 사람이 늘 풀로 꽉차는 것 같았다], 긍정 텍스트 확률 : 54.42%"
"[ 아기들이 물에 적응할 수 있도록작은 통? 작은 대야? ??? 암튼 그런 곳에서 장난감들과 함께 물에 적응하는 시간을 갖는다], 긍정 텍스트 확률 : 61.49%"
"[ 원하는 튜브 선택도 가능하고사용하던 튜브 바꿔서 또 가능하고 아주 좋다], 긍정 텍스트 확률 : 96.52%"
"[ 이렇게 친구들과 함께 신나는 시간생각보다 통이가 수영을 좋아하는 것 같아서 참 다행이었는데], 긍정 텍스트 확률 : 86.13%"
"[ 가라앉는 느낌임...통이야 아빠를 닮으렴.엄마는 진짜 맥주병이니ㅠㅠ ], 긍정 텍스트 확률 : 54.28%"
"[ 다시 봐도 신나 보이는 발차기 ♡너무 귀욥당 이렇게 신나는 수영 시간이 끝나면], 긍정 텍스트 확률 : 53.39%"
"[ 바로 씻길 수 있는 바스가 있어서], 긍정 텍스트 확률 : 75.61%"
"[ 이렇게 수건이 배치되어 있는곳에 아가 눕히고홀랑홀랑 씻기고 나오면 수영 끝], 긍정 텍스트 확률 : 84.77%"
"[ 통이도 참으로 좋아했어요 기미니의 의견★★★★★개인적인 의견이므로 다른 분들의 의견과는 다를 수 있습니다], 긍정 텍스트 확률 : 96.28%"
"[ 원보솜이 오가닉 ], 긍정 텍스트 확률 : 51.21%"
"[ 배송비 할인도 있고 뭐 이것저것 있는데 일단장바구니에 담고 쿠폰 적용해보면 얼마나 할인되는지알 수 있으니 간편하죠 ? 뭐... ㅋㅋ ], 긍정 텍스트 확률 : 94.15%"
"[ 총 원래 금액은 ], 긍정 텍스트 확률 : 61.56%"
"[ 찾아보니 행사분유도 만원이상 결제시 만원상품권증정 이벤트도 하고 있고간식 원뿔원도 진행중이에요분유도 함께 쟁길려고 했는데큰 차이는 아니지만단계고민도 하고 있고], 긍정 텍스트 확률 : 97.50%"
"[ 금액차이도 좀 있어서분유는 우선 보류했습니다 ], 긍정 텍스트 확률 : 55.55%"
"[ 총마미포코 팩밤보 팩어마맛소형 잘못 결제했네요우선 다시 결제하러 가야겠어요😅😅 토탈 결제비용원히힛뭔가 큰 이득 본 느낌이에요오늘 또 롯데마트가서딸램 실내복 지를껀데신납니다 ], 긍정 텍스트 확률 : 99.29%"
"[ 조만간 기저귀후기 들고 와야게써요다들 핫딜 달리세요 .?홈플러스홈플러스 .?홈플러스기저귀홈플러스기저귀 .?홈플러스기저귀할인홈플러스기저귀할인 .?마미포코리프가닉마미포코리프가닉 .?밤보네이쳐밤보네이쳐 .?기저귀유목민기저귀유목민 .?핫딜핫딜 .?기저귀핫딜기저귀핫딜 .?기저귀원플러스원기저귀원플러스원 ], 긍정 텍스트 확률 : 67.94%"
"[원 적립 예정이에요.지난번에 홈플 기저귀세일할때 못산거 후회했는데 오늘 적립금 포함 . 할인받았어요. 비싸서 못 사는 하기스 기저귀를 정말 저렴하게 구매해서 기분좋네요.삼성신카 자를까 고민중이었는데], 긍정 텍스트 확률 : 96.91%"
"[요런 혜택은 좋네요 ㅎㅎ], 긍정 텍스트 확률 : 86.85%"
"[ 들어가자마자 분주한 사람들 모습과치즈시즌인 만큼 치즈향이 퍼졌어요 ], 긍정 텍스트 확률 : 86.87%"
"[ 애슐리 피자코너부터하나씩 골라담았어요.아이가 좋아하는 토스트도 담았지요 ], 긍정 텍스트 확률 : 74.87%"
"[ 너구나 치즈시즌의 부드럽고 진한 유혹의 치즈퐁듀세삼 눈앞에서 치즈퐁듀를 보게되다니너무 신기하고 앞에서 코를 찌르더라구요 ], 긍정 텍스트 확률 : 82.46%"
"[ 치즈퐁듀와 함께할수 있는 음식들은이쪽으로있었어요 ], 긍정 텍스트 확률 : 58.51%"
"[ 아무래도 풍무동맛집 치즈시즌이라 그런지먹다보면 느끼하더라구요그래서 저는 할라피뇨도 많이 가져다 먹었어요 ], 긍정 텍스트 확률 : 85.96%"
"[ 확실한건 풍무동맛집애슐리 치즈시즌에서 가장 인기있는것은즉성 와플 .. 이지 않을까 싶어요.어른이고], 긍정 텍스트 확률 : 99.04%"
"[무조건 여기서 줄을..ㅋㅋㅋ그리고 누들코너도 아이들이 애정하는메뉴잖아요.우동. 짜장. 짬뽕 원하는 메뉴먹을수있어요. ], 긍정 텍스트 확률 : 75.06%"
"[ 저는 저의 최애메뉴가 막국수인데요.여기서 김가루], 긍정 텍스트 확률 : 63.59%"
"[ 요건 아이가 고른 메뉴에요.토스트], 긍정 텍스트 확률 : 73.91%"
"[ 로제파스타와 멸치탕수육?그리고 떡볶이 매운아이들 ㅎㅎ ], 긍정 텍스트 확률 : 92.62%"
"[ 느끼한 아이들과 매콤한 아이들느.매 조합으로 너무 좋았어요 ㅎㅎ ], 긍정 텍스트 확률 : 99.08%"
"[ 신기했던 멸치탕수육 ㅋㅋ아이들이 좋아할꺼같아요 ], 긍정 텍스트 확률 : 74.27%"
"[ 아 그리고 풍무동맛집애슐리 치즈시즌에서 원에만나는 스테이크를 제공하고있어요요건 정말 대박인듯 ], 긍정 텍스트 확률 : 96.38%"
"[ 사실 원이라고 기대하지 않았는데지글지글 철판에 나와서 더 먹음직스러웠어요이건 정말 꼭 시켜야해요 ], 긍정 텍스트 확률 : 74.31%"
"[ 아이들이랑 함께 먹으려고핏기사라지도록 뒤집어주었어요. ], 긍정 텍스트 확률 : 60.24%"
"[ 우리쁨이는 정말 잘 먹더라구요저도 먹었는데 입에서 샤르르녹아요히히 양이 좀 감질맛났지만우리에겐 뷔페가 있으니깐요 ㅎㅎ ], 긍정 텍스트 확률 : 99.58%"
"[ 그리고 무엇보다 좋았던것은애슐리클래식 김포풍무점은키즈타운이 있어서 아이들이 신나게놀수있고 키즈존에서는 식사도 할수있어요 ], 긍정 텍스트 확률 : 86.53%"
"[ 애슐리 치즈시즌 다녀왔어요.가서치즈도 많이 드시고꼭 원 스테이크 시식해보세요 ], 긍정 텍스트 확률 : 83.99%"
"[ 그리고 아이를 위한 배려가 많이보이더라구요수유실과 아기의자도 항시대기 ], 긍정 텍스트 확률 : 60.20%"
"[ 김포풍무점 홈플러스 방문하시게되면꼭 층 애슐리클래식 들러서 치즈시즌 맛보고가세요가격대비 추천합니다 ], 긍정 텍스트 확률 : 93.44%"
"[ 안녕하세요 저는 대 초반 워킹맘으로 여행을 좋아라 합니다 ㅎㅎ지금은 아니지만 출장 자주 다녔었고 유럽], 긍정 텍스트 확률 : 56.43%"
"[아프리카 빼고는 얼추 가본것 같은데 ㅎㅎ저의 최애 도시는 라스베가스에요 번 다녀와도 또 가고싶어요 ㅜㅜ스사사 눈팅으로 보기만 하다가 안되겠다 싶어서 카드 리빌딩 했어요스사사 초보이긴 한데 요 며칠 거의 새벽까지 공부하고 유튜브 보면서공부해서 카드 발급받고 지금 진행중이에요얼른 모아서 양가 부모님들 퍼스트 한번 태워드리는걸 목표로 집았습니다. 현재 상황 현재 대한항공 본인 만 마일 보유], 긍정 텍스트 확률 : 94.77%"
"[ . 카카오머니 충전. 하나멤버스 앱에서 하나머니로 포인트 전환.앱에서 포인트를 전환하나머니오케이캐시백. 마이홈플러스 앱에서 오케이캐시백홈플러스머니. 마이홈플러스 앱에서 홈플러스머니마이신한포인트. 신세계포인트몰컴퓨터로만 가능에서 마이신한포인트신세계포인트로 전환. 신세계포인트몰?에서 삼성포인트로 전환. 삼성카드 앱에서 삼성포인트포인트로 전환. 제일은행 앱에서 포인트대한항공마일리지로 전환복잡하긴하지만 제가 할 수 있는 루트는 이거같아요 ㅜㅜ수 많은 주민등록번호와 핸드폰인증 받을때마다 퍼스트 생각에꾹 참고 지금 진행중인데 얼른 카드 왔음 좋겠어요 ㅎㅎㅎ 스사사 스앵님들 진짜 좋은 정보 감사합니다많이 보고 배워서 이제 막 시작했는데 앞으로 저도 좋은 정보 공유 할 수 있도록 할게요 퍼스트 타고 미국 가는 그 날까지 저의 리빌딩과 소비는 계속됩니당 ], 긍정 텍스트 확률 : 90.01%"
"[안녕하세요 호노루입니다. ], 긍정 텍스트 확률 : 75.73%"
"[ 한 접시 정도 먹을 때쯤... ], 긍정 텍스트 확률 : 75.70%"
"[ 내가 갔다 올게 먹고 있어.....남자 화장실에 가서 보니.... ], 긍정 텍스트 확률 : 51.41%"
"[ 쭈니 의바디슈트], 긍정 텍스트 확률 : 65.43%"
"[외출 바지가초토화되어 있는 상황.. ], 긍정 텍스트 확률 : 80.31%"
"[ 아.. 그걸 몰랐네여.. ], 긍정 텍스트 확률 : 61.28%"
"[ 접시에 담다가 우리를 본마마님 은위층에서쭈니옷을 사 왔다..그렇게 한참을 칭얼대다가.. ], 긍정 텍스트 확률 : 71.16%"
"[ 우리 똥쟁 ..아니쭈니 는 마마님품에서 잠들었다.. ], 긍정 텍스트 확률 : 58.32%"
"[ 이것이 바로 백캉스인가?완벽했어..곰돌이 단유법 일차 ], 긍정 텍스트 확률 : 94.38%"
"[ 설사가 멈추지 않아서 병원에 갔는데.. ], 긍정 텍스트 확률 : 50.32%"
"[ 아침부터 외출해 있는데 마마님 이 이 사진을 보내왔다.. ], 긍정 텍스트 확률 : 77.66%"
"[ 곰돌이 단유법 일차 이자 마지막 날..마지막으로마마님 맘마 를 실컸먹고.. ], 긍정 텍스트 확률 : 98.15%"
"[ 같이 개발 공부를 시작했다.. ], 긍정 텍스트 확률 : 50.33%"
"[ 이때마마님 은 굉장히 아쉬워했지만..훗날쭈니 의 배가 터질 것 같은 모습을 보고 ], 긍정 텍스트 확률 : 95.81%"
"[ 그때 단유해서 잘 먹는 거 같아..라고마마님 은 말했다. ], 긍정 텍스트 확률 : 63.24%"
"[ 중계 홈플러스 에 쭈니옷을 교환하러 갔다가 키즈카페 에 갔다.. ], 긍정 텍스트 확률 : 60.06%"
"[ 중계 홈플러스에상상노리 가 있다.. ], 긍정 텍스트 확률 : 69.51%"
"[ 지금 이벤트 중이라 쭈니나이는원 이고어른들은무료 였다.. ], 긍정 텍스트 확률 : 75.78%"
"[ 주방놀이 할 수 있는 곳이 있고... ], 긍정 텍스트 확률 : 88.37%"
"[ 세일하고 있던 디퓨져화장실에 뒀던 이케아디퓨져가 향을 잃어가고 있어 구매.스프링디퓨져], 긍정 텍스트 확률 : 56.68%"
"[ 원 오늘 산 구매품 중 가장 맘에 드는 참외시식코너 아주머니의 달다 달다 달다라는 외침에 거침없이 구매], 긍정 텍스트 확률 : 84.17%"
"[ 한봉지에 ], 긍정 텍스트 확률 : 52.84%"
"[ 과일을 크게 즐기지 않는 우리딸인데..수박은 한입 먹고 안먹더니 밥도 안먹고 참외만 냠냠 잘도 먹는다. ], 긍정 텍스트 확률 : 85.44%"
"[ 말도 많고 탈도 많은 팬리라이너 개에 ], 긍정 텍스트 확률 : 55.60%"
"[ 원 개당 원꼴 ], 긍정 텍스트 확률 : 52.23%"
"[ 별기대없이 산 녀석인데 안에 내용물이 튼실하다콤비보다는 고르곤졸라가 더 달콤하고 맛있어서어린 딸도 먹겠다 난리친다역시 반을 또 뻈겼다..우리가 좋아하는 홈플러스 내 빵집의 생크림 모카번타임세일로 ], 긍정 텍스트 확률 : 94.45%"
"[ 원에 두봉지 ], 긍정 텍스트 확률 : 57.95%"
"[ 두봉지 중 한봉지는 밑집 언니에게 구명조끼를 빌리며 나눔을 한다.언니는 답례로 떡을 올려준다작은것이든 큰 것이든 늘 나누어 줄 줄 아는 밑집 언니는 참 고마운 사람이다.주식이 되는 고기나 반찬은 사지도 않았는데.결제내역을 보니 약 만원돈이 나왔다또 실패다 .정말 대형마트에서 만원이하의 장보기는 불가능한것일까고기 몇점 샀으면 만원이 훌쩍 넘는 결과였을듯.늦은밤...아빠와 딸은 자고 나는 내일 떠날 짐 싸기에 한참이다. ], 긍정 텍스트 확률 : 50.08%"
"[ 평소 아이랑 키즈카페를 잘 가지 않는 편이긴 한데요 어쩌다 한 번씩 가게 되면 정말 좋아하긴 하더라고요타요], 긍정 텍스트 확률 : 77.90%"
"[ 챔피언 키즈카페 안동점은 안동 홈플러스 내 층에 위치하고 있어서 찾기 쉬우실 것 같아요.이전에 있던 상상노리 키즈카페 그 자리에 챔피언 키즈카페가 생겼으니까요 안동 홈플러스 챔피언 키즈카페 가격정보는 위 내용 참고하시면 되고요 나이 제한은 따로 없고키미만의 영유아는 모두 입장 가능하더라고요키즈카페에 자주 간다면 다회권 구입 추천합니다.전 여섯 살 아이와 보호자 금액까지 총 ], 긍정 텍스트 확률 : 66.84%"
"[ 한쪽에는 기저귀 교환실과 화장실도 있어요아이 전용 화장실이라 세면대도 아이 키높이에 맞춤형악어 수도꼭지 너무 귀엽더라고요 ㅋㅋㅋㅋ생긴지 얼마 안 된 안동 키즈카페라 전체적으로 깨끗하게 관리되고 있는 것 같아서 재방문의사 상상노리였을때 한번 가보고 휴... 한숨 나왔는데 챔피언으로 바뀌길 참 잘한 것 같아요 ], 긍정 텍스트 확률 : 92.94%"
"[ 지금부터는 안동 홈플러스 키즈카페 챔피언 내부 놀이공간을 소개해드릴게요.아이들이 좋아할 만한 곳들이 생각보다 많았는데요터치 슬라이드], 긍정 텍스트 확률 : 96.10%"
"[볼 풀장], 긍정 텍스트 확률 : 71.56%"
"[게임 등다양한 놀이 공간이 있더라고요아무래도 제 아이가 신나게 놀았던 곳 위주로 사진에 담아봤어요 ], 긍정 텍스트 확률 : 95.87%"
"[ 미디어 볼 풀장안동 챔피언 키즈카페에 제일 먼저 들어서면 가장 눈에 띄는 게 바로 이 볼풀장인것 같아요.제 아이도 들어가자마자 이곳으로 달려가더라고요빙글빙글 미끄럼틀도 타고 불풀장에서 누워도 보고 화면에 공도 던져가면서 게임도 즐겼어요옆쪽으로도 미끄럼틀이 별도로 있고 숨어있는 놀이공간도 있어서 아이가 참 좋아했습니다 ], 긍정 텍스트 확률 : 93.78%"
"[ 편백놀이키즈카페에 빠질 수 없는 편백놀이 공간이죠공간도 생각보다 넓고 놀이할 수 있는 장난감들도 여러 개 있어서 여기서도 한참을 놀았네요 편백나무 칩을 담았다가 쏟았다가 평일이라 사람이 많이 없어서 키즈카페 천국 누리는 아들이네요 ], 긍정 텍스트 확률 : 93.46%"
"[ 공놀이이곳은 공놀이를 할 수 있는 놀이공간인데 공이 밖으로 빠져나가는 일이 없도록 문을 닫고 놀 수 있도록 되어있더라고요 자기 몸보다 더 큰 공이 있어서 신나게 땀 쭉 빼고 노는 아들이네요축구 골대도 있어서 땀빼기 좋은 놀이공간인 것 같아요. ], 긍정 텍스트 확률 : 84.20%"
"[ 그리고 챔피언 키즈카페 내부에 위로 곳곳을 갈 수 있도록 연결되어있는 통로 같은 게 있었는데요 아이 혼자 올라갔다가 내려갔다가이게 또 체력 소모 엄청났어요], 긍정 텍스트 확률 : 94.60%"
"[ 밴드 건너기터치 슬라이드 기타 다양한 놀이공간들한쪽에는 두 줄을 중심을 잡아 건너는 코스도 있고 경사진 곳 끝까지 올라가 손바닥을 누르면 불이 들어오는 터치 슬라이드도 있더라고요두 시간 놀면서 느낀 점이지만 다양한 놀이공간으로 짜임새 있게 잘 구성해놨다 싶었네요 ], 긍정 텍스트 확률 : 71.78%"
"[ 안동 홈플러스 키즈카페 챔피언에서 노는 두 시간 엄마는 길기만 했던 것 같은데 아이는 마냥 짧기만 했나보더라고요 ㅎㅎㅎ 다음을 기약하며 아쉬워하는 아들램을 데리고 나왔네요활동적인 여섯 살 아들에게는 딱 맞춤형 키즈카페였던 것 같아요. 앞으로 종종 갈 것 같은 안동 키즈카페 챔피언 다음에 또 가자 아들 ], 긍정 텍스트 확률 : 97.82%"
"[ 오랜만에 커피를 잔뜩 구매하러 홈플러스 스페셜 목동점으로 향했어요오목교역 근처에 있기 때문에 저희 집에서 멀지 않아 가끔 걸어서 장 보러 가는데요가까워서 좋고], 긍정 텍스트 확률 : 84.69%"
"[평일에는 한가해서 쇼핑하기에도 밥 먹기에도 좋아서 자주 간답니다. ], 긍정 텍스트 확률 : 66.57%"
"[ 홈플러스 스페셜 매장은 대용량과 소용량을 동시에 구매할 수 있어요.그래서 이것저것 큰 거 살 때도 방문할 수 있고 소용량 살 때도 방문하고 있답니다.게다가 연회비가 없어 마음 편히 갈 수 있어요 저희 식구는 남편 저 그리고 개월 아기밖에 없기 때문에 연회비 있는 곳은 낭비라고 생각해요. 나중에 아기가 커서 잘 먹게 된다면 모를까... 연회비까지 내면서가야 할 필요성을 느끼지 못하거든요 ], 긍정 텍스트 확률 : 90.09%"
"[ 오늘도 장 보러 가는 길 왠지 모르게 놀러 가는 기분이 들어 좋더라고요특히나 아기를 집에 두고 가는 길이란 쌀 한 가마니를 업지 않고 갈 수 있는 듯한 기분이라죠아기가 있으면 다들 그렇지 않나요? 겨울이라 옷 입히고 아기띠로 업고..그러면 정말 쌀 한 가마니를 안고 다니는 느낌이에요. 겨울인데도 땀은 흐르고 말이죠 ㅠ오랜만에 아기 없이 언니랑 장도 볼 겸 밥도 먹을 겸 홈플러스 스페셜로 향했어요 ], 긍정 텍스트 확률 : 98.64%"
"[그래도 전반적으로 음식들이 다 맛있어요 ], 긍정 텍스트 확률 : 67.85%"
"[ 들어가자마자 이것저것 카페랑 레스토랑들이 즐비하고 있어요.그래서 이곳에 가면 엄청 사 먹게 된답니다. 이날도 앤티앤스를 먹고 말았어요.밥도 먹었는데 또 군것질을 하다니.. 흑흑 ㅠ 그냥 지나칠 수 없는 곳이죠...다이어트를 하고 계신 분들이라면 지하 층만 가세요... 먹을 곳이 없는 곳으로 말이죠 ㅋㅋ ], 긍정 텍스트 확률 : 94.85%"
"[ 제가 자주 가는 두 곳의 식당을 찍어봤어요 남편이 매번 스시 먹고 싶다고 할 때마다이곳 스시집을 이용하는데요 런치세트는 저렴해서 더 자주 이용한답니다. ], 긍정 텍스트 확률 : 57.50%"
"[ 열쇠 도장이 있어서 혹시 필요하신 분은 기억하셨다가 방문하시기 바라요 ], 긍정 텍스트 확률 : 69.20%"
"[ 지하 층에는 가전과 패션을 판매하는 곳이에요.저도 이곳은 세 번째 방문하는데요 아기 때문에 아기 옷 사러 오기도 하고], 긍정 텍스트 확률 : 91.98%"
"[ 정말 널찍해서 유모차 끌고 다니기도 좋고요한층 한층 넓어 동선도 참 편하답니다.어디에 무엇이 있는지 한 바퀴 돌고 나면 다들 어디에 있는지 단번에 기억할 수 있을 정도로동선이 정말 편리해요 ], 긍정 텍스트 확률 : 90.85%"
"[ 우리 아기가 제일 좋아하는 프로그램 핑크퐁 매장도 있어서눈을 사로잡네요. 지금은 아기가 어려서 이것저것 사달라는 말을 못 하지만이제 년만 지나면 사달라고 조르고 울고불고 할 것 같아 무섭네요 ㅠ지금만 조금 편하게 둘러볼 수 있을 것 같아요 ], 긍정 텍스트 확률 : 98.03%"
"[ 짐보리에요 우리 아기도 돌쯤 되면 짐보리 보내려고 생각 중인데물론 제가 부지런해야 다닐 수 있는 거겠죠? 크크 ], 긍정 텍스트 확률 : 97.74%"
"[ 제일 만만한 다이소도 있고요 갈 곳 없으면 저랑 남편은 다이소에 꼭 들리곤 한답니다.그럼 살 것들이 한두 개는 보이더라고요 ], 긍정 텍스트 확률 : 96.85%"
"[ 아이들의 천국이네요 나중에 저희 아기 크면 이곳도 방문해보고 싶어요.아이들이 얼마나 신나게 놀고 있던지 그 모습을 보고 있으니 갑자기저희 아기 얼굴이 떠올랐어요 잠시 외출한 건데 이렇게 문득문득 생각난다니까요], 긍정 텍스트 확률 : 99.89%"
"[ 가전도 홈플러스 스페셜에서 구매 가능합니다장도 보고 가전도 구경할 수 있고 정말 없는 게 없지 않나요?겨울에 추워서 갈 곳이 없는 저희에게 이곳은 천국입니다], 긍정 텍스트 확률 : 69.86%"
"[ 인테리어를 좋아하는 우리 부부에게 모던 하우스는 정말 신과 같은 존재예요.계절마다 새로운 상품들이 많아서 정말 많이 구매하는데요이번에도 크리스마스 장식을 잔뜩 구매했다죠 덕분에 돈이 엄청 나오고 ㅠ카드 값으로 인해 이번 달도 현금이 없고요], 긍정 텍스트 확률 : 69.68%"
"[ 지하 층으로 내려가자마자 신상품 안내가 한곳에 모여 보이네요그래서 들어가기 전에 한번 휙하고 둘러보게 되더라고요뭐 살 거 없나? 하고 말이에요 조금 세일한다면 미리 사두는 게 이득이니까요 역시 주부는 어쩔 수 없는 것 같아요 그렇지 않나요?홈플러스 스페셜 신상품삼진 어묵 꿀호떡], 긍정 텍스트 확률 : 97.62%"
"[파인애플사과주스 등등 정말 많았어요다 사고 싶어지는 이 갈대 같은 마음♬ ], 긍정 텍스트 확률 : 98.27%"
"[ 여기서 저의 지름신이 발동되기 시작하네요 어찌나 신선하고 먹음직스러운지 저도 모르게 하나 담고 있더라고요오늘도 집에서 먹었는데 정말 탱탱하고 맛있어서 우리 아기랑 엄청 먹었어요개월짜리 아기가 청포도 먹어도 되는 건가요? 주니까 엄청 잘 먹네요 크크 ], 긍정 텍스트 확률 : 99.69%"
"[원두까지 말이죠저희 집은 스틱도 먹고 캡슐도 먹고 원두도 갈아 모카포트로도 마신답니다.커피 사랑이 조금 유별한 집이에요아침에는 무조건 커피 한 잔씩 마시면서 서로 이런저런 이야기를 하거든요남편이 저녁 늦게 들어오니 아침에 시간이 조금 여유롭네요 ], 긍정 텍스트 확률 : 96.18%"
"[ 남편이랑 이곳을 지날 때마다 꼭 구매하는 게 바로 맥주에요.세계맥주 개 구매 시 ], 긍정 텍스트 확률 : 99.16%"
"[생활용품 등 다양하게 같은 층에 위치해있어요.보통 두 층씩 나눠져있잖아요. 이곳은 이렇게 한곳에 위치해 있어 동선이 참 편하답니다. ], 긍정 텍스트 확률 : 70.34%"
"[원두 등등조금만 산다는 게 또 엄청 많이 구매해버렸어요차도 없는데 저거 다 들고 오느냐 진짜 고생했답니다.고생한 저에게 집 앞에 카페에서 커피 한 잔의 여유를 선물했죠 ㅠㅠ ], 긍정 텍스트 확률 : 72.92%"
"[다들 주말 잘 보내시고 즐거운 장 보기도 함께해요 해당 포스팅은 홈플러스로부터 소정의 원고료를 받아 작성한 솔직한 후기입니다. ], 긍정 텍스트 확률 : 96.67%"
"[ ....물에 들어가기 전에 워밍업으로 아주 낮은 물에서 놀다가 들어가게 해주더라구요... ], 긍정 텍스트 확률 : 50.13%"
"[ ...요건 엎드린자세에서 둥실둥실 떠다니는건데.일산점에서는 안해봤던 튜브였어요..요즘 잠도 뒤집어서 자려고 하는데 물에서도 잘 있더라구요.. ], 긍정 텍스트 확률 : 87.62%"
"[ 바구니와 바구니 사이를 이어줄 봉과 바퀴], 긍정 텍스트 확률 : 57.93%"
"[ 스마일 기저귀정리함인 이유ㅋㅋㅋㅋ바구니 곳곳에 웃는 얼굴이 있어요. ], 긍정 텍스트 확률 : 52.68%"
"[ 가장 부피가 큰 통을 아래에 두고 위로 봉을 끼워 조립합니다.설명서가 있지만 없어도 충분히 할 수 있는 난이도에요. ], 긍정 텍스트 확률 : 96.88%"
"[ 문을 달아줄 때에는 모양을 잘 보고 다셔야합니다.위에 얇은게 넓은쪽가로 밑에 두꺼운게 좁은쪽세로으로 들어가야해요. ], 긍정 텍스트 확률 : 77.36%"
"[ 문을 개 다 연결하면 사방이 막힌 모습이 됩니다.코팅이 반질반질해서 제 모습이 찍혔네요... ], 긍정 텍스트 확률 : 54.73%"
"[ 스마일기저귀정리함의 단점인 스크래치.전 바구니 두 개가 저런모습이었어요. ], 긍정 텍스트 확률 : 69.15%"
"[ 이제 수납력을 확인해 볼까요?홈플러스 행사 때 구입한 신생아용 기저귀에요.총 매 ], 긍정 텍스트 확률 : 60.31%"
"[ 덜 뜯은 샘플들을 위에 쌓아주었어요.그러고도 남아있는 공간ㅎㅎ저 사방이 막히는 문 덕분에 수납력이 배가총 단으로 쌓아졌어요.정리할 때는 제조일이 최신인 기저귀가 아래로 가게 넣었어요. ], 긍정 텍스트 확률 : 56.11%"
"[ 가장 윗칸에는 뚜껑을 열고 닫을 수 있어요.저는 로션], 긍정 텍스트 확률 : 56.57%"
"[ 사실 조립하고 든 생각은... 이거 너무 큰데...?제 키가 인데 가슴윗쪽까지 오더라구요.그리고 무거워서 바퀴가 내 마음대로 가지않아요ㅋㅋ.대신 많은 양을 수납할 수 있어서 죠으내요.아기방 서랍장 두 칸을 비웠어요ㅎㅎ후기 중 가장 걱정됐던게 문이 잘 안열린다는 평이었어요.근데 조립해보니 저는 딱 좋더라구요ㅎㅎ 아기가 장난을 칠 수 없을거고 너무 잘 열리는 것보다는 살짝 힘주는게 더 오래 쓸 수 있을 것 같다는 생각이 들었어요.장점 수납공간이 넉넉하다. 색 선택이 자유롭다. 사방이 문이라 지저분해 보이지않고 먼지도 덜들어간다. 문열 때 힘이 조금 필요해서 아기가 장난칠 수 없다.단점 마감이 깨끗하지 못하다. 스크래치가 많다. 바퀴가 잘 굴러가지 않는다. 원가주고는 안샀을 것이다.이상 제 돈주고 구입한 스마일모던정리함 후기입니다. ], 긍정 텍스트 확률 : 100.00%"
"[유치원을 보낸다], 긍정 텍스트 확률 : 56.40%"
"[초등학교에 간다새로운 환경으로 아이들을 보내는 엄마들이 상당히 많더라고요.저는 두 아들도], 긍정 텍스트 확률 : 94.47%"
"[딸도 모두 초], 긍정 텍스트 확률 : 61.44%"
"[대부분의 어린이집이나 유치원들은식기와 수저세트 가 필요하고 매일 설거지해서 보내야하지요.ㅋㅋ 이외에도고리 달린 손 닦는 수건 도 보내달라는 원이 있어요. 그리고 미리 제출해야할 서류도 있죠? 주민등록등본과 건강검진 결과표도 보내야 하고요. 처음 어린이집 보내는거라면 아이행복카드도 미리 신청해두셔야 보육료 결제를 한답니다], 긍정 텍스트 확률 : 68.50%"
"[ 초등학생 아들도 있으니초등학교 입학준비물 도 적어볼까? 역시 학교마다 다르겠지만 아래 리스트 참고하면 빠짐없을 거예요 ], 긍정 텍스트 확률 : 89.22%"
"[ 홈플러스에서는 신학기 필수템이 모두 갖추어져 있는데요 어찌나 예쁜 핵인싸템이 많은지], 긍정 텍스트 확률 : 86.12%"
"[ 그전에], 긍정 텍스트 확률 : 61.15%"
"[먼저 입구에 있는 전단지부터 스캔해봐야지요초등학생이 되면 가장 자주 바꾸게 되는 것 중 하나가 필통인데요 온갖 학용품을 담아 다니다보면 금방 헤지고 흠집나고 ㅋㅋㅋ 예쁜 필통이나 가성비가 있다면 여러개 구매해두는 것이 좋은 것 같아요.에비츄 필통 각 ], 긍정 텍스트 확률 : 62.33%"
"[ 제품이 준비되어 있어요.문구 천원 균일가도 진행 되고 있으니 카트 푸짐하게 채우겠네요], 긍정 텍스트 확률 : 67.77%"
"[슬리퍼는 만원 이상 구매시 천원 상품권도 증정 하는 이벤트도 있어요. 가방과 신발은 금액이 합산된답니다.], 긍정 텍스트 확률 : 59.10%"
"[ 으악 귀여워대 후반인 저도 아직도 눈에 하트 뿅뿅 나오는 거 보면 아직도 나 젊은거? ㅋㅋ 가장 왼쪽에 있는 아이템 헬로키티 페이스올인원스푼포크세트는 넘 귀여워서 제가 소장하고 싶었네요. 딸아이 스푼 포크가 너무 많은지라 패스했는데 아직도 눈에 아른아른], 긍정 텍스트 확률 : 99.87%"
"[ 우리 딸이 좋아하는 뽀로로], 긍정 텍스트 확률 : 85.16%"
"[그리고 아들에게 늘 인기만점인 공룡메카드 요괴메카드 시리즈 그리고 전 아직 딸이 어려서 생소하지만이것도 인기 많더라고요? 뭐 어쨌든 인형인지라 봉봉양이 더 크면 좋아라하겠군요. 물컵], 긍정 텍스트 확률 : 98.89%"
"[ 캐릭터 식판도 저희 집에는 필요하지 않은 아이템이었지만맘들이 가장 많이 구매하는 제품일테니 새로운 게 뭐 있나 하고 찾아봤더니 라인프렌즈 식기 세트도 있더라고요? 교정 젓가락까지 있어서 완전 꿀구성에 디자인까지 예뻐서 추천하고 싶네요. ], 긍정 텍스트 확률 : 98.49%"
"[볼수록 매력 쩔지 않나요? ㅋㅋㅋ 나 담달에 갤럭시으로 바꿀 건데그때 하고 싶은 케이스 중 하나가 시바견이에요.ㅋㅋㅋ ], 긍정 텍스트 확률 : 97.55%"
"[ 전 울 아들 필통을 사 왔는데 노트], 긍정 텍스트 확률 : 78.70%"
"[메모지 등예쁜 아이템이 참 많았땁니다. 어랏], 긍정 텍스트 확률 : 79.40%"
"[ 에비츄는 강아지처럼 생겨 보였는데], 긍정 텍스트 확률 : 69.92%"
"[알고 보니 햄스터 ㅋㅋㅋ 다시 보니 쥐 느낌이 있네요. 저 어릴 때도 연필에 지우개 꽂아 쓰는 제품 많이 썼는데 아직도 나오네요? 지우개가 넘 예뻐서 쓰기 아까울 것 같은 게 함정 가격대도 크게 비싸지 않아 괜찮았던 거 같아요. ], 긍정 텍스트 확률 : 90.90%"
"[네임스티커 세트장], 긍정 텍스트 확률 : 59.37%"
"[문구 천원 균일가 코너였네요. 알뜰한 엄마라면 이 코너 또 지나치기 힘들겠지요? ], 긍정 텍스트 확률 : 83.26%"
"[포스트잇 제품도 꼭 필요한 초등학교 입학준비물이죠. 품질은 참 좋은데 가격이좀 비싼 편이라 살까 말까 망설였다면 홈플러스에는 천원 천원 균일가 행사 중이에요. 볼펜 사용할때는 수정 테이프도 필요하잖아요], 긍정 텍스트 확률 : 75.39%"
"[ 원이에요. 캐릭터는 카카오프렌즈], 긍정 텍스트 확률 : 82.28%"
"[ 초등학교 입학선물 위가 아마 책가방일 듯 싶은데요 가성비를 따진다면 홈플러스에서 준비해도 좋을 것 같아요. 거의 만원대였는데 만원 이상 구매하면 천원 상품권 주니깐 더 저렴하게 느껴지더라고요. 심플한 디자인에 중량도 가볍고 인형도 하나씩 달려있어 좋았어요.백팩과 신발가방은 ], 긍정 텍스트 확률 : 99.06%"
"[라인프렌즈 실내화에 마음을 빼앗겨 한참을 살까말까 들었다놨다 삼선 슬리퍼 멀쩡한데 또 사기는 그렇고 그래도 신을 일이 있겠지? 하며 분을 고민 ㅋㅋㅋ 근데 진짜 너무 이쁘잖아요 ㅠㅠ], 긍정 텍스트 확률 : 91.52%"
"[ 앞이 막힌 초등학교 입학준비물 실내화도 있어요. 이건 카카오프렌즈구만요.ㅋㅋ아무래도 이쁜만큼 가격은 높았지만], 긍정 텍스트 확률 : 54.52%"
"[ 원늘 인기있는 우리의 삼디다스는 ], 긍정 텍스트 확률 : 86.17%"
"[ 원이었어요. ㅋㅋ 내가 신고 있는 핑크색 우리집 현관에 있는데 년 신었지만 아직도 넘 멀쩡해요. ], 긍정 텍스트 확률 : 97.69%"
"[ 캐릭터있는 실내화부터 기본적인 디자인까지상품 종류가 참 다양하니 홈플러스 매장으로 와서 골라보세요. ], 긍정 텍스트 확률 : 68.82%"
"[ 그리고 우리딸이 너무 좋아하는 뽀로로 양말 족 ], 긍정 텍스트 확률 : 95.26%"
"[ 요즘엔 성장이 빨라서 초등학생이지만 꼭 구매해야할 속옷도 필요하죠? 주니어 스텝브라 각 ], 긍정 텍스트 확률 : 89.74%"
"[ 원 그리고 런닝팬티는 ], 긍정 텍스트 확률 : 64.05%"
"[ 원이었어요. 새학기 준비물을 온라인몰에서 일일이 하나씩 주문하려면 넘 피곤하고 은근 스트레스인데 역시 한곳에 모여있으니 쇼핑하기 확실히 편하겠지요? 직접 보고 사니 쇼핑 실패할 확률도 적어지고요. ], 긍정 텍스트 확률 : 85.85%"
"[ 새학기에는 새로운 마음으로 출발 하니깐 새 옷 외에도 속옷도 새 걸로 교체해주는데 팬티], 긍정 텍스트 확률 : 86.72%"
"[러닝세트도 이라 좋더라고요. 캐릭터 제품이 은근 품질도 좋다니깐요 온라인몰에서 제대로 안 보고 샀다가 중국제품이라 실밥 다 뜯어지고 난리 난 적도 ㅋㅋㅋ이만하면 어린이집 준비물도 잘 챙긴 것 같고요. 초등학생 두 아들 용품도 빠짐없이 챙겨온 것 같은데요. 이제 텅텅 빈 우리집 냉장고 좀 채우러 가볼까? ], 긍정 텍스트 확률 : 75.23%"
"[맥주 코너에서 한참 고민에 빠진 신랑 ♡ 요 최근에 계속 맥주 한잔하고파했는데수입 맥주 없다면서 투덜투덜], 긍정 텍스트 확률 : 71.45%"
"[ ㅋㅋ캔이 ], 긍정 텍스트 확률 : 50.59%"
"[ 원이니 망설일 이유가 없지요 간만에 세계 맥주로 족발 안주 삼아 불토를 보냈네요. ], 긍정 텍스트 확률 : 86.25%"
"[ 홈플러스에는 특히나 균일가 기획전이 많은데요. 지금은 약 여종의 과자와 간식류가 천원 균일가 행사 중이에요. 여기서도 고르다 보면 분은 머물게 되는 코너라지요. ㅋㅋㅋ], 긍정 텍스트 확률 : 91.29%"
"[ 아들에게 골라온 학용품을 보여줬더니마음에 쏙 들어하는 녀석], 긍정 텍스트 확률 : 63.25%"
"[엄마가 최고라며 엄지척해주세요. 딸아이는 교정젓가락 오늘 처음 사용해보는 건데 어라? 이제 개월인데 얼추까딱까딱하더라고요. 열심히 연습해서 혼자 반찬을 스스로 집게 되는 날 칭찬 많이 해줘야겠어요. 개 샀는데 어린이집에서도 연습시켜달라고 하나 보내놔야겠어요.], 긍정 텍스트 확률 : 71.73%"
"[ 쇼핑 마치고 주차장으로 내려가는 길에 보니월 일부터 시작되는 쇼킹특가 포스터가 눈에 띄였는데요 홈플러스가 올해창립 주년이라서 월 한달내내 특가 할건가봐요.쇼핑하라 완전 기대되네요이번주 금요일이니 며칠 쉬었다가 바로 달려가야겠어요. 그때도 핫소식 빠르게 전해드릴게요 ♡ ], 긍정 텍스트 확률 : 97.23%"
"[ 대기를 타다가드뎌 수업시작강사님이 애들 흥돋구기 위해서 초반에 율동하고폴짝폴짝 무릎으로 놀아주는건 다른문센에서도 해봤지만 ㅋㅋㅋㅋㅋㅋ 이날은크리스마스 특집으 로촛불만들기케이크만들기불빛쇼썰매타기 를 했는데 구성도 테마에 맞게 잘 짜여진 느낌이었다 ], 긍정 텍스트 확률 : 79.69%"
"[ 정말 한시간이 이렇게 빨리갔나 싶을정도로재밌게 보냈다 ㅋㅋㅋㅋㅋ물론... 문센은 엄마체력 마이마이 필요함....세상 힘들어도 내아기가 좋아하는 모습보면 또 나는 담주에도 기어나오겟찌 ㅋㅋㅋㅋㅋㅋㅋㅋㅋㅋㅋㅋ기억해라 이놈아 ], 긍정 텍스트 확률 : 99.71%"
"[ 영통홈플러스 문센후기오터치수업 쌤이 마인드도좋으시고 아이들 참 잘 교감해주셔서 편안했다체험장소도바닥이 너무 딱딱하지않았고 환한느낌 전체적으로 수유실도그렇고깨끗 롯데백화점은 넘 넓 어서 힘든점이있는데 층에 푸드코트 카페등 먹거리도 몰려있어서 편하게 문센외출하기 좋은곳 ], 긍정 텍스트 확률 : 94.83%"
"[세계맥주할인 소식과몰빵데이 행운의 감사봉투 증정 이벤트까지만원 이상 구매고객에 한한다고 해요 ], 긍정 텍스트 확률 : 75.67%"
"[ 각종 사은품도 한가득 있구요미샤에서는 전품목 최대 할인이벤트중 ㄷㄷㄷ저렇게해서 남으면 얼마나 남는건지다른매장도 다 할인 중이니원하는 브랜드가 있나 확인한번 해보세요 ], 긍정 텍스트 확률 : 90.67%"
"[ 필라운동화도 할인중이고 아이옷 등등너무 많은 종류가 할인중이어서눈이 핑핑 ㅋㅋㅋ ], 긍정 텍스트 확률 : 80.28%"
"[ 네일존도 몰빵데이에 맞춰 엄청 할인중이었어요다른건 몰라도 여자친구도 여기엔 바로 가더라구요근데 예약제여서 못하고 빠이빠이...싼가격에 네일케어받고싶은분은얼른 예약부터 해보시길 ㅎㅎ있을건 있고 없을건 없는성서홈플러스 몰빵데이 구경 후기였습니다 ], 긍정 텍스트 확률 : 94.24%"
"[ 효인이가 토하고 설사하고...흑흑.. 잘 안아프고 건강한 아이인데..징징 보채고 장난 아니였어요. 시부터 한다는 병원광고를 봐서 일찍 준비하고 엘리베이터 타고 상가로 달려갔는데. 두둥 상가 입구에 모든상가 시 오픈이라고 적힌거예요.. 어쩔수 없이 층가서 층가는 엘베 타고 투썸에서 커피한잔 하고 시넘어 층 소아과 가서 접수하니.. 효인이가 번 손님이라구 이런걸로 등 하고 싶진 않는데 ㅠ ㅜ 안아팠음 좋았을껄 ㅠ효인이는 파랑반 선생님이 봐주셨는데 청진기 꼼꼼히 ..입안 귀 코 모두 자세히 봐주시고 설명도 차근차근 잘해주셨어요새로 생겼지만 새 건물 냄새 거의 없고. 대기좌석도 넓고 모든 직원들이 친절했어요. 오픈빨이 아니길..제가 맘카페 올릴꺼라고 사진 막 찍으니 천천히 보고 가시라길래.. 여기저기 막 찍어왔네요. 개업선물이 아직 도착 안했다며 죄송하다구 오후에 다시 오면 준다고 했어요 뭘지.. ? 궁금 ㅎㅎ대신 미안하다고 특별선물이라며 코끼리 뻥코도 하나 주시고.. 기분좋게 나왔네요. 약국에서도 역시 소아과 번 처방전 손님이라며 환대해주시고. 제가 효인이 좋아하는 뽀로로 비타민까지 샀더니 ... 사은품이라며 이쁜 마스크와 저쓰라며 핫팩을 챙겨 주셨답니다. 서울 소아. 청소년과 외부 내부 사진들.. 첨부해요 온천장 근처 사시는분들 가까이에 드디어 소아과 생겼으니 참고하세용. ....... .......? 본문 이미지....... .......? 본문 이미지밖에서 안으로. 안에서 밖으로 본 소아과 사진입니다.홈플러스 층 약국 옆에 있어요....... .......? 본문 이미지....... .......? 본문 이미지밖에서는 안보이는 안쪽 모습입니다. ....... .......? 본문 이미지번 서효인 .. 어디든 개업하고 번 손님 한건 처음인듯요. 울고 불고 난리난리 친 덕분에 의사샘 간호사샘께 각인 되었을 효인군. ....... .......? 본문 이미지월 진료 스케줄인가봐요. 파랑반 노랑반 선생님이 번갈아가며... 시간별로 나와있네요. 전 자세히 보진 않았는데 참고하면 좋으실듯요. ....... .......? 본문 이미지제일 안쪽 수액실이고 저 왼쪽은 모르겠어요 . 넓어서 좋네요. ....... .......? 본문 이미지이건 정말 좋은듯... 감기 걸린 환자들과 따로 봐주는... 예방 접종 전용실 같은거래요.예방접종 하는애들은 이곳에서 따로... ㅎㅎ굿아이디어. ....... .......? 본문 이미지입구 들어가서 우측끝에 수유실입니다. 들어가진 않았지만 얼핏보니 아기 기저귀 가는 침대는 없어 보이네요....... .......? 본문 이미지무엇보다 아이들 호흡기 치료할때 보라고 애니메이션 화면도 이쁘게 벽면도 이쁘게 잘 꾸며놨어요 아깐 뽀로로랑 로보카폴리가 방영되는중이더라구요....... .......? 본문 이미지소아과에서 개업선물 없어서 미안하다고 첫손님이라고 특별히 주신 코뚫는거코끼리 뻥코....... .......? 본문 이미지약국에서 소아과 첫손님이라고 주신 귀요미 마스크와 핫팩. ....... .......? 본문 이미지병원에서 나와 왼쪽으로 돌면 온천장지하철 가는 육교 연결로이고 . 좌측에 바로 약국이 크게 들어섰어요 ....... .......? 본문 이미지서울 소아과. 서울 홍약국. ㅎㅎ 여기서 약지어서 집으로 왔어요 앞으로 치과와 피부성형외과도 들어옵니당. 울아파트 상가에 이미 홈플내에 병원 약국..앞으로 어쩌나.. 내가 걱정 ㅎ다들 월일 오픈했으니... 소아과 갈때 참고하세용. ], 긍정 텍스트 확률 : 99.08%"
"[여행 다녀오고 피곤했지만 뭐든 첫날 가는 게 좋다고 생각했고 내일은 약속이 있어서 외출을 해야 해서 첫날 빠르게 다녀왔어요.오늘 시작해서 월 일까지 열리는 우리 마을 베이비페어 대전홈플러스탄방점베이비페어 후기 시작합니다우리 마을 베이비페어 방문하시는 분들은 조금 일찍 방문해서 선물 받으세요.명에게 선물 증정하며 주말에는 뽑기 경품으로 진행된다고 해요.아 그리고 주차는 시 분부터 가능하더라고요. 차량 이용하시는 분들 참고하시면 좋을 것 같아요. ], 긍정 텍스트 확률 : 58.14%"
"[ 대전홈플러스탄방점베이비페어 후기 사진을 보시면 아시겠지만 사람이 정말 많았어요.할인도 많이 해주고 아이들 실내복 예쁜 거 할인도 많이 하고 묶음 할인도 좋았어요. ], 긍정 텍스트 확률 : 97.98%"
"[ 비글미 뿜뿜 아이들 옷에 새겨진 글씨도 센스 있고 그중 수박 디자인 실내복 너무 귀여웠어요후라이스 실내복은 벌에 만 원에 판매 중이에요. ], 긍정 텍스트 확률 : 97.31%"
"[ 이번에 방문하면 아이 책 구입한다고 했었는데요.블루래빗 사운드북이나 보드북 할인 많이 하고 있었어요.종이접기 책도 있고 오리기 시리즈도 만날 수 있었어요. ], 긍정 텍스트 확률 : 72.25%"
"[ 꼬까신 부스에서는 신발이랑 바디슈트도 할인하고 있었어요. ], 긍정 텍스트 확률 : 78.25%"
"[ 무루 땅콩기저귀 부스에서는 신생아 모자와 손수건], 긍정 텍스트 확률 : 64.58%"
"[ 산후조리원 고민하시는 예비맘님들 상담받아보세요.테크노 아이미래 산후조리원과 마더피아 산후조리원 상담받을 수 있어요. ], 긍정 텍스트 확률 : 76.86%"
"[ 더 미누 아이숲에서는 신생아 용품으로 손톱깎이와 실리콘 턱받이 배냇저고리 내의 등 할인 판매하고 있었어요. ], 긍정 텍스트 확률 : 69.02%"
"[ 레몬트리 안느메들라인기저귀 가방이에요.국민 기저귀 가방으로 유명했지요 친구에게 출산 선물로 선물했던 기저귀 가방.디자인이 많이 다양해졌더라고요. ], 긍정 텍스트 확률 : 50.42%"
"[외출복이에요.짱구 실내복도 있었어요벌 구입하면 만 원에 득템할 수 있었어요. ], 긍정 텍스트 확률 : 93.03%"
"[ 드라마 실리콘 젖병도 만나보세요.분유 수유 중이라 한번 보고 왔는데 좋더라고요. 지인 출산 선물로 추천했답니다 ], 긍정 텍스트 확률 : 94.76%"
"[ 놀이매트 앙증레 부스에서 만날 수 있었어요.집에서 아기들만의 침대로 딸랑이가 달려있어서 아기들 너무 좋아했어요.식당에서 아기가 자고 있을 때정말 유용하더라고요. ], 긍정 텍스트 확률 : 78.29%"
"[ 다양한 실내복도 만나고 짱구베개랑 아기 양말도 할인하고 있었어요.], 긍정 텍스트 확률 : 64.68%"
"[ 키즈에 이원 몬테소리 부스에요.친한 동생이 몬테소리 교구가 좋다고 했는데 가격이 관심 있는 분들 상담받아 보세요. ], 긍정 텍스트 확률 : 77.45%"
"[힙시트 만나보세요. 뱀부 올인원 아기띠 현장에서 직접 착용해 볼 수 있었어요.], 긍정 텍스트 확률 : 63.29%"
"[ 대전홈플러스탄방점베이비페어 후기를 보시면 아시겠지만 직접 방문하면 아기띠], 긍정 텍스트 확률 : 50.38%"
"[카시트도 직접 착용해보고 끓어보고 비교할 수 있었어요. ], 긍정 텍스트 확률 : 66.12%"
"[ 국민 카시트 다이치 카시트에요.회전형 카시트 제품도 볼 수 있었어요. ], 긍정 텍스트 확률 : 83.08%"
"[ 지금까지 대전홈플러스탄방점베이비페어 후기였는데요.봄 시즌에 어울리는 다양한 제품이 많았어요.신상품도 저렴하고 구입하면 챙겨주는 사은품 서비스도 좋았어요.규모가 크진 않았지만 홈플러스에서 하니 수유실도 편의시설도 좋고 알차게 쇼핑도 하고 왔네요.앞으로도 자주 했으면 좋겠어요출산 준비하시는 분들 아기용품], 긍정 텍스트 확률 : 99.99%"
"[아기과자도 있고 볼거리 즐길 거리 많으니 가족과 아이와 함께 나들이 다녀오세요. ], 긍정 텍스트 확률 : 98.49%"
"[ 우리 단아공주님 생애 첫 수영을 하기 위해서 홈플러스 부천상동점 베이비엔젤스에 도착을 했어요. 솔직히 저도 이런 곳은 처음이에요 ㅋㅋㅋㅋ 처음에 도착하자마자 저에겐 신세계였죠 ㅋ], 긍정 텍스트 확률 : 94.00%"
"[ 베이비엔젤스는 유아놀이 공간이라고 생각하시면 편해요 . 키즈카페가 있구요. 수영도 함께 할 수 있는 곳이랍니다. 키즈카페 시간에 ], 긍정 텍스트 확률 : 56.48%"
"[ 들어가는 입구쪽에는 윰차를 둘 수 있는 곳이 따로 마련되어있구요. 신발을 벗고 들어가셔야 합니다 ], 긍정 텍스트 확률 : 62.37%"
"[ 들어가자마자 엄마], 긍정 텍스트 확률 : 62.00%"
"[ 예약확인을 하고 입장완료 입장을 하면 에코백을 하나씩 나눠주는데요. 에코백에다가 기저귀와 따로 쓸 로션 및 크림 그리고 여분의 옷까지 담아 가지고 들어가시면 된답니다. 나머지 짐들은 신발과 함께 사물함에다가 다 넣어주시면 되구요], 긍정 텍스트 확률 : 75.46%"
"[ 키즈카페의 첫 인상은 아 정신없구나 ㅋㅋㅋㅋ 알록달록한 장난감들과 탈것들 ㅋㅋ 엄청 많더라구요.], 긍정 텍스트 확률 : 87.67%"
"[ 크기도 엄청 큰지 안쪽으로 더 들어가면 아이들의 세상이 펼쳐집니다 ㅎㅎ저와 단아엄마는 좀 일찍온터라 이것저것 구경도 좀 하고 쉬고 있었어요 ㅎ ], 긍정 텍스트 확률 : 67.61%"
"[ 한쪽켠엔 장난감 소독을 할수 있는 소독기와 정수기], 긍정 텍스트 확률 : 60.23%"
"[ 우리 단아 공주님은 수영을 할거니뭐가 좋고 안전수칙에 대한 내용들을 꼼꼼히 읽어 보았답니다.], 긍정 텍스트 확률 : 72.30%"
"[ 신종인플루엔자 예방 안전기기도 있더라구요 전 이런 기계가 있는지 이때 처음 알았답니다 ㅋㅋㅋ], 긍정 텍스트 확률 : 73.42%"
"[ 아가들 수영복인거 같아요 ㅎ 그리고 거즈 손수건도 준비되어있구요.], 긍정 텍스트 확률 : 96.10%"
"[ 크기도 다양하고 신기한것 투성이었어요 ㅋㅋㅋ 저도 이제 키즈카페에 입성을 하게 되니 이젠 나도 아빠라는 생각이 들었답니다 ㅋㅋ], 긍정 텍스트 확률 : 66.82%"
"[ 튜브들도 걸려있고 수영하면서 가지고 놀라고 장난감들도 꽤 많았구요], 긍정 텍스트 확률 : 84.82%"
"[ 시작 분전한쪽편에 마련 된 곳으로 시분 수영타임 아가들을 불러모으더라구요. 수영하기전 체조를 해야한다면서요 ㅋㅋ 영상은 우리 단아가 체조하는 모습인데요너무너무너무 정말정말 귀엽습니다 ㅋㅋ 한번 플레이해보세요 ㅋㅋㅋㅋㅋㅋㅋㅋㅋ너무 귀여워서 심쿵사할뻔 ㅠㅠ 머리어깨 무릎 발 무릎 발이 노래 뭔지 아시죠? 저 노래로 체조한답니다 ㅋㅋ], 긍정 텍스트 확률 : 74.06%"
"[ 체조를 마치고 수영장으로 입장 한쪽 자리를 잡고 단아공주님을 눕혔어요 단아야 수영복으로 갈아입자 단아는 공주님이니 핑크색으로 선택 남자아이들 파란색 수영복도 있어요 ㅋ], 긍정 텍스트 확률 : 52.34%"
"[ 수영복으로 갈아입으신 공주님 ㅋㅋㅋㅋ 아직 큰건지 ㅋㅋ 위로 많이 올라오더라구옄ㅋㅋㅋㅋㅋ왜케 귀엽지 ㅋㅋ 하나하나 손짓이 너무 귀엽답니다 ㅎ.ㅎ ], 긍정 텍스트 확률 : 99.98%"
"[ 직원분께서 튜브를 끼워주시는데요 친절하게 알려주셨습니다 ㅎ 그리고 단아 인생에 첫 수영 도전], 긍정 텍스트 확률 : 93.23%"
"[ 다들 아이들과 재미있게 노시고 계셔서 한컷찍어봤어요 ㅋㅋ 보통 한타임에 팀 정도? 받는거 같더라구여], 긍정 텍스트 확률 : 60.27%"
"[ 한 분쯤 넘게 수영 했나봐요 ㅋㅋ 하다보니 밥시간이 다되어 갔었는데 배고프다고 찡찡거리더라구여 ㅋㅋㅋ 어쩜 밥시간은 저리 잘 지키는지 우리 단아공주님 수영그만하고밥먹으러 가자아 ㅎㅎㅎ ], 긍정 텍스트 확률 : 99.75%"
"[ 바로 가까운곳에 씻기는 곳이 있어서 단아를 눕히고 바로 목욕시작], 긍정 텍스트 확률 : 93.65%"
"[ 그렇게 베이비엔젤스 홈플러스 부천상동점에서 첫 수영을 마치고 집으로 돌아간 단아공주님은 계속 주무셨습니다 ㅋㅋㅋㅋ 원래 보통 낮에는 시간자고 마는데 시간동안 자더라구여 ㅋㅋㅋㅋㅋㅋ그리고선 밤에도 시간동안 숙면을 취해주신 단아공주님 베이비엔젤스에서의 첫 수영은 일단 만족했어요다른 수영장은 가보질 않아서 잘 모르겠지만 큰 불편함 없이 좋았답니다 나중에도 갈 의향 있어요 단아야 수영하러 또 가자 ㅋㅋㅋㅋㅋ], 긍정 텍스트 확률 : 82.23%"
"[ 원이.부과된대요..잘 보관하셔용.... ], 긍정 텍스트 확률 : 50.55%"
"[ ......음료나 식사를 주문할수 있는곳이예요...애들이 좋아하는것들이 보기좋게.나열되어있네요ㅋㅋㅋ.유니워니도 구슬아이스크림 사달라고ㅠㅠ.한동안 계속 시달렸네요......ㅋㅋㅋㅋㅋㅋ....주문대 앞에는 테이블이 놓여져있는데.테이블이 너무 부족한듯해요 ㅠㅠ...키즈카페에서 밥먹을려다가.너무 복잡하고 앉을자리도 없어서.그냥 밖에서 먹었네요 ㅠㅠㅠ.... ], 긍정 텍스트 확률 : 99.76%"
"[ .....수유실은 기저귀교환대와.단독으로 쓸수있는 수유공간이 있더라구요..역시 생긴지 얼마되지않은 키즈카페라.깔끔했어요 ..... ], 긍정 텍스트 확률 : 58.49%"
"[ ......아이들화장실도.남여 화잘실을 따로 만들어놓았어요..... ], 긍정 텍스트 확률 : 61.09%"
"[ ......볼풀존도 있어요.여기에 연결되어있는 미끄럼틀], 긍정 텍스트 확률 : 73.03%"
"[ ......미끄럼틀도 재밌어했던 워니예요ㅋㅋㅋㅋ.... ], 긍정 텍스트 확률 : 87.76%"
"[ ......신난워니는 저를보고 화이팅을 외치고 ㅋㅋㅋㅋㅋ.졸귀워니❤️.....워니가 신은신발], 긍정 텍스트 확률 : 52.20%"
"[ ......우리유니가 젤 좋아했던 곳.디지털 스케치존인데요 ㅋㅋㅋㅋㅋ...옆쪽에 비치되어있는 그림에.색칠을 한 다음 그 그림을 스캔하면.옆쪽 화면에 내가그린그림이 나타나요 ㅋㅋㅋㅋ.... ], 긍정 텍스트 확률 : 93.29%"
"[ ......완전 집중해서 그림그리고 있는 유니워니예요 ㅋㅋ..... ], 긍정 텍스트 확률 : 95.09%"
"[ ....스캔이 완료되면.저 큰 화면에 짠 하고 나타나요 ㅋㅋㅋㅋㅋ... ], 긍정 텍스트 확률 : 64.13%"
"[ .....여기는 레이스존 ㅋㅋㅋㅋㅋ.워니가 열심히 달리고 있죠 ㅋㅋㅋㅋ?...우리워니는 여기가 젤 재밌었는지.계속 달리고 있었어요 ㅋㅋㅋㅋㅋㅋㅋㅋ....밤에 다리아플각 ㅋㅋㅋㅋㅋ.다행히 아파하지않고 잘잤네요 ㅋㅋㅋㅋ..... ], 긍정 텍스트 확률 : 99.65%"
"[ ......여기는 타요장난감으로 놀수있게되어있던데], 긍정 텍스트 확률 : 76.84%"
"[ ....생각보다 넓지않았고.사람도 너무 많아서 복잡했어요 ㅠㅠ.보호자들 앉을수있는 자리도 너무 부족했어요...요즘에 테이블갯수만큼 팀을받거나.예약제로 되어있는 키즈카페도 많은데], 긍정 텍스트 확률 : 96.89%"
"[ .여기는 그냥 오는사람 다 받는 느낌 ㅠㅠㅠㅠ...그런부분에서는 개선이 필요할거같았어요 ...ㅋㅋ....기회가된다면 방학아닌 평일에.다시한번 가보고싶네요 .... ], 긍정 텍스트 확률 : 60.42%"
"[ 원.어른], 긍정 텍스트 확률 : 78.31%"
"[해운대에 큰 아이들이나 남자아이들이 갈만한 키즈카페가 없어서 슬프던 중 홈플러스 해운대점에서 챔피온이라는 플레이타임 놀이시설이 생긴다고 해서 기대기대하다 생기자마자 바로 달려갔다가쮸야가 이틀에 한번꼴로 챔피온가고 싶다고 노래를 불러 다시 가게 되었답니다 ], 긍정 텍스트 확률 : 88.98%"
"[ 요즘 수족구가 유행이라 입장시 열 체크 하고 손 소독을 하고 입장을 했답니다.공지사항에도 적혀 있네요아이들이 많이 오는 키즈카페일수록 위생관리는 철저히멤버십 가입하면 오픈이벤트도 있으니 꼭 챙기자구요], 긍정 텍스트 확률 : 93.76%"
"[클레이 등 여러 만들기 재료들이 있었어요하지만... 아이들이 뛰어 놀기 바빠서 여기엔 아이들이 없었다는역시], 긍정 텍스트 확률 : 73.47%"
"[뛰어노는게 최고인거 같아요 ], 긍정 텍스트 확률 : 97.01%"
"[ 신발장도 깔끔깔끔옷장도 깔끔깔끔전 신발장 깔끔한게 마음에 들더라구요ㅎㅎ ], 긍정 텍스트 확률 : 96.43%"
"[응급수료증...마음편하게 놀 수 있겠어요 ], 긍정 텍스트 확률 : 93.39%"
"[ 챔피언의 전체적인 모습이랍니다깔끔한 이미지가 인상적이지 않나요 전 처음 들어갔을때 깔끔하고 처음보는듯한 놀이기구들이 많이 있더라구요 ], 긍정 텍스트 확률 : 97.28%"
"[ 빙글빙글 돌아가는 놀이기구도 있구요.전 어지럽던데 여기엔 아이들이 끊임없이...아무래도 회전기구라 안전요원 샘들이 함께 놀아주거나 주의깊게 살펴보더라구요 ], 긍정 텍스트 확률 : 90.44%"
"[ 스카이브릿지는 여기저기 통로가 많아서 동해번쩍서해번쩍여기 있다 싶으면 저기 있고], 긍정 텍스트 확률 : 63.66%"
"[이리로 나오나 싶으면 다른 곳으로 나오고 재미있었어요 ], 긍정 텍스트 확률 : 97.38%"
"[ 그 외에도 아이들이 신나게 뛰고 좋아할만한 놀이기구들이 있었어요 ], 긍정 텍스트 확률 : 62.99%"
"[ 편백놀이터와 마켓놀이터도 인기가 많더라구요쑤야도 여기서는 마음편히 놀았어요 ], 긍정 텍스트 확률 : 75.83%"
"[ 안전요원샘들의 보호를 받으며 신나게 노는 쮸야다음엔 마음편하게 쮸야만 들여보내야겠어요], 긍정 텍스트 확률 : 66.34%"
"[ 로우드롭와이어가 재미있는지 마지막 나오기전까지..놀이기구 탄듯이 타면서 엄마 신난 쮸야랍니다 ], 긍정 텍스트 확률 : 95.27%"
"[ 해운대 홈플러스 챔피언 안에 있는 커피숍 메뉴랍니다엄마들끼리 티타임 한잔씩 하며 아이들 노는 모습 지켜보는것도 힐링이죠 ], 긍정 텍스트 확률 : 88.60%"
"[.창원 홈플러스 층에 타요키즈카페가 입점했다는소식을 듣고 한번 가봐야지 하다가 주말엔 아주 사람이 넘쳐난다고해서 일부러 평일에 다녀왔어요. 내일은 월일 쉬는날이니 오늘 좀 늦게까지 놀아도 부담없을것 같아서 .하지만 이렇게 생각한건 우리만이 아니었던듯... 평일치곤 사람들이 정말 많더라구요. .... ], 긍정 텍스트 확률 : 91.51%"
"[비회원가가 다른데 지금은 타요키즈카페 홈플러스창원점을 인스타에서 검색하셔서 팔로우하시면 평일할인된 가격으로 입장할 수 있어요. .회원가로 계산해보니 아이둘 성인명이 원 이라면팔로우할인받은 금액은 원회원가보다 원 더 저렴하게 이용할 수 있으니 인스타할인 꼭 챙기시길요..... ], 긍정 텍스트 확률 : 96.21%"
"[ .월일까지 응원의메세지를 우체통에 남기면 .선물의기회가 있으니 참여해보세요. .저는 참여했답니다♡.... ], 긍정 텍스트 확률 : 75.04%"
"[ .들어가면 각각 신발장과 사물함이 있어요. .저는 짐이 많아서 사물함에 짐을 보관했는데 굉장히 유용하더라구요. 오늘 산것도 많고했는데 다 들고다니면 또 그것또한 스트레스잖아요. 그런면에서 굿.... ], 긍정 텍스트 확률 : 99.29%"
"[ .근데 생각보다 울 도윤이가 가지고놀만한게 많았어요..처음엔 개월밖에 안됐는데 입장료 만원 낼생각하니 아깝다고 생각했었는데 오늘 노는거 보니 그 입장료가 아깝진 않더라구요. 특히 저 좋아하는 비지쥬... 진짜 하나 사줘야되나 ㅋㅋ .... ], 긍정 텍스트 확률 : 98.00%"
"[ .창원 타요키즈카페의 인기공간 아쿠아존이에요. .여긴 거제 한화벨버디어 뽀로로 키즈카페에도 있어서 해봤었는데 그땐 키카보다 이걸 더 재밌어하더라구요. .아무래도 리틀 물놀이? 라서 그런것 같아요 ㅎㅎ.... ], 긍정 텍스트 확률 : 98.43%"
"[ .입장하려면 장화와 우비는 필수.이것저것 만지고 놀다보면 물이 튀는건 당연한 일이니 옷 베리지 않으려면 꼭 장착해야겠죠?.... ], 긍정 텍스트 확률 : 65.02%"
"[ .역시 울 딸 즐거워하는. .난 이때 도윤이보느라 베이비존에 있었는데 정미쌤이 이렇게 사진도 남겨주고 넘나 감사♡.... ], 긍정 텍스트 확률 : 99.93%"
"[ .역시 아이들의 인기공간 .날씨도 점점 더워지는데 이렇게 실내에서 물을 만지고 놀 수 있으니 얼마나 좋은가요], 긍정 텍스트 확률 : 85.69%"
"[ .자동차타는 곳도 있는데 여기는 시간대를 잘 맞춰서 가야겠더라구요. 보니 점검하는 시간이 있어서 계속해서 운행하는게 아니기때문에 시간을 보시길 추천드려요..... ], 긍정 텍스트 확률 : 90.20%"
"[ .타기전에 안전모와 신발은 갈아신고가야한다는 것.뭐든 안전수칙은 꼭 따라줘야죠.... ], 긍정 텍스트 확률 : 70.14%"
"[ .키즈카페의 꽃 트램폴린도 당근 있구요 .아이들 층간소음로부터의 해방을 여기서 맘껏 시켜줘야죵 ㅎㅎ .울 하윤이도 집에서 요즘들어 어찌나 뛸려고 하는지.나이를 거꾸로 먹나.... 그래서 키즈카페오면 트램폴린에 집착하나보네요 ㅎㅎ.... ], 긍정 텍스트 확률 : 97.42%"
"[ .여기는 베이비존으로 울 도윤이정도의 아이들이 놀기에 잘 되어 있었어요. 범보의자와 바운서까지 .울 아들은 이 둘다 앉을 나이가 지나버렸네 ㅋ .바운서도 어느새 작아져버렸다.....이러다 곧 두돌 될 것 같노??.... ], 긍정 텍스트 확률 : 99.66%"
"[ .역시 그림 그리는 공간도 있어야죠.울 딸의 어렸을때 최애공간.어릴땐 진짜 차분하고 조용하개 놀았었는데 .살이 된 지금 오히려 왈가닥해진....후....내년에 넌 초딩... 템플스테이라도 하러가야할지... ], 긍정 텍스트 확률 : 97.73%"
"[ .여기는 늘 키카의 마지막코스죠..쉬어가는 코스 ㅋㅋ .도윤이랑 놀다가 사라진 아이들을 찾아보니 여기에 ㅋㅋ.... ], 긍정 텍스트 확률 : 90.44%"
"[ .파티존도 있어 아이들 생일파티같이 파티열어주면 좋을 것 같아요. 울 윤이도 계속 생일만되면 키즈카페에서 친구들 초대해서 놀고싶다는 말을 어찌나 많이하던지 ㅋ.그래봤자 너의 얼집 절친은 승빈이와 은서야.엄마들끼리 친해야지 모이지 ㅎㅎㅎ.... ], 긍정 텍스트 확률 : 99.28%"
"[ .화장실도 남녀로 나뉘어져 있어서 굿.혼자 보내도 약간 안심되는 부분이네요. ], 긍정 텍스트 확률 : 99.66%"
"[ .울 딸 오늘 승빈이랑 둘이 잘 놀아서 엄마가 편했네..둘이 따로 놀고 했으면 또 찾으러 다녀야되고 했을텐데.정미쌤이 어찌보면 울 하윤이까지 보느라 고생했음 ㅠㅠ.도윤이가 어서 커야 주변 사람들을 힘들게 안할텐데....... ], 긍정 텍스트 확률 : 83.55%"
"[ .여기도 아이들의 완전 인기공간 .하지만 딱 하나 안좋았던 자동차 배틀전.이 아이도 저 아이도 가지고싶어하는 자동차가 같으면 흠.....그 부분만 중재가 잘 되면 괜츈.... ], 긍정 텍스트 확률 : 85.90%"
"[ .오늘은 저녁먹고 들어가는 날 .엄마입장에선 유후♡ .베이컨 크림 스파게티와 닭가슴살볶음밥 그리고 등심돈까스 .울 아들 오늘 점심 제대로 안먹여서 아마 짜증이 한몫 더 했을듯 .그래서 저녁만큼은 제대로 먹일려고 볶음밥을 추가.그리고 나중에 미숫가루라떼 마셨는데 우와 이거 완전 존맛탱.창원 타요키즈카페 미숫가루라떼 맛집인가요? .미숫가루 좋아하시는분들은 꼭 드셔보세요..세상 행복해지는맛이랍니다 ㅎㅎㅎ... ], 긍정 텍스트 확률 : 98.76%"
"[ .아이들 과자 음료수도 꽉꽉 채워져있는.덕분에 우리 지갑은 털리고], 긍정 텍스트 확률 : 71.75%"
"[ .볶음밥은 괜찮았는데 베이컨 크림 스파게티.....우와...완전 느끼 ㅠㅠㅠ 내가 만들어도 이거보단 자신있음 ㅠ.돈까스도 기름기만 더 빼면 훨씬 괜찮았을듯하네요..스파게티빼곤 나머진 나름 괜찮았어요..사실 오늘 통틀어 먹은것 중에 미숫가루라떼가 젤 맛있긴했지만요 ㅋㅋㅋㅋ.... ], 긍정 텍스트 확률 : 80.17%"
"[ 저번주 토요일날], 긍정 텍스트 확률 : 75.16%"
"[재고 없을까봐 넘 두려웠음.ㅠㅠ ], 긍정 텍스트 확률 : 75.20%"
"[ 이어폰 파는 곳에서 발견한 에어팟 가격표그치만 가격표만 있을 뿐 에어팟은 보이지 않았다..나는 주변 직원분에게 여쭤보고], 긍정 텍스트 확률 : 62.82%"
"[그 직원분은 다른 직원분에게 여쭤보고], 긍정 텍스트 확률 : 54.38%"
"[ 응애기저귀 입고 누워있는 에어팟.앙증맞아 귀여워 그치만 본새나 ], 긍정 텍스트 확률 : 63.27%"
"[ 내가 널 사려고 얼마나... 울컥넌 죽을때까지 유행해라... 알았지...? ], 긍정 텍스트 확률 : 66.45%"
"[ 이제 에어팟을 아이폰과 연결해보자설명서에 자세히 나와있긴 하지만], 긍정 텍스트 확률 : 82.22%"
"[지하철에서 시리부르기 민망하니까 바꿔주는게 나을듯..나는 왼쪽은 재생일시정지], 긍정 텍스트 확률 : 65.53%"
"[.?진해홈플러스수유실진해홈플러스수유실진해홈플러스 수유실은 이상하게 층에 있음층은 왠만해선 잘가지도 않는데..문화센터 옆에 있음 애기엄마들이용하기 편할 것 같은데 또 층 구석에 있어서가기 어려웠음 ㅠ 그래도 아늑하게 잘되어있고아무도 없어서 남편이랑 들어가서 금동이기저귀 갈아입힘... 흑 힘들었따... ], 긍정 텍스트 확률 : 69.54%"
"[ 일드디어 치호가 오는날 .?육아육묘육아육묘육아육묘의 시작인가요 후후 이날을 기다렸따..♡오랜만에 엎드리기 연습을 시켰는데금동이 목을 완벽하게 가눈다또 혼자 엎드려서 첨으로 트름도 했다.. 히힛상체를 들어올리기도 하고 목가누는게 달라짐엎드려놓으니 또 너무 깜찍해서 한참 동영상찍고 사진 수백장 찍었자나.. ♡백일 지난 아기라 그런지 왤케 듬직해보이징 ], 긍정 텍스트 확률 : 50.38%"
"[ 점심 때쯤 엄마가 치호 델꾸옴케이지에 넣어서 보자기 싸서옴 ㅋㅋㅋㅋ금색 보자기..ㅋㅋㅋㅋ 진짜 웃겼는데사진 찍어논게 없네 케이지가 플라스틱이라 약해보여치호 델꼬오다 잃어버릴까봐 보자기로 싸셨다구..ㅎㅎ오랜만에 집에와서 좋은지.. 새로운 캣타워를 물색하는 치호 공쥬.. 일단 치호방에 가둬놓음.. ], 긍정 텍스트 확률 : 93.62%"
"[ 엄마가 아기 봐주시고 남편이랑진해 라는 카페왔는데그냥 단독 건물이라 특이할 뿐커피 그냥 그렇고 디저트가 없어 별로였음ㅋ글구 거기 있던 진돗개 양철이가내 패딩에 퍼 물어서 안놓음..다행히 퍼가 똑 딱이로 되어있어 단추가 다 뜯겨서 애가 퍼 물고감.. ㅠㅠ무서웠다..큰개가 달려드니..남편이양철이 진정시켜서 내 퍼 뺏어줌..저 퍼 사가폭스퍼라더니 양철이의야생본능을 건드렸나봄 근데 진짜 무서웠음 ㅠㅠㅠㅠㅠ ], 긍정 텍스트 확률 : 75.95%"
"[ 저녁되어 집에오니 조금은 적응한듯한 치호남편이 덩치가 커서 그런지 다시 경계한다년동안 겨우 친해졌는데 개월 떨어져있는동안다시 리셋된듯 ㅋㅋㅋㅋ 남편을 여전히 무서워해서경계하면서 밥먹는 모습..ㅋㅋㅋ표정도 뭔가 불안해 보임 ㅠㅠㅠ.. 저녁엔 아기랑 인사시켜줬는데금동이가 아기띠에 안겨서 팔이 나와있었는데치호가 다가와서 금동이 손 냄새 맡음근데 금동이가 주먹을 휘젓다가 치호 얼굴을 때렸다 ㅋㅋㅋㅋ 치호둥절한 표정으로금동이를 쳐다보던 치호.. 그래도 아기인걸아는지 전혀 경계를 안한다 역시 우리 착한치호야], 긍정 텍스트 확률 : 62.33%"
"[ 스노우 해보기..금동이가 크면 이런얼굴일까?넘 이뿌다...ㅎㅎ], 긍정 텍스트 확률 : 95.59%"
"[치호방문을 열어놓는데치호가 거실로 나와서 금동이가 잠든방문앞을 서성이고 냄새를 맡아본다치호야 금동이 아기랑 잘지내줘 ♡고양이도 아기도 나에겐 너무 소중하기에순탄한 육아육묘를 빌어본다.. ], 긍정 텍스트 확률 : 53.99%"
"[안녕하세요 먹여사 입니다 요즘 날씨가 너무 좋아서 아들과 산책을 자주 나가고 있는데요.맨날 요즘같은 날들이 이어지면 너무 좋겠다는 생각을 하는데요이렇게 좋은 날], 긍정 텍스트 확률 : 98.68%"
"[.?순천키즈카페순천키즈카페 중에서 요즘 가장 핫한.?월드킹월드킹 에 다녀와보았어요순천에 거주 중인 엄마 아빠라면 다들 아시는 그 곳물론 순천 뿐만 아니라근처 지역인 여수 광양 지역분들도 이 곳까지 키즈카페 원정을 나오시더라구요 ㅋ그럼 오늘은.?순천월드킹순천월드킹 을 샅샅히 파헤쳐봅시다렛츠 고 ], 긍정 텍스트 확률 : 52.76%"
"[ 얼마전에 봄맞이 행사도 진행했었는데그 때 참여를 못해서 참 아쉬워요 ㅠㅠ순천 키즈카페 월드킹은 한번씩 이벤트도 열리는데요], 긍정 텍스트 확률 : 60.42%"
"[ 짜잔 이 곳이 바로 월드킹이젠 몇번 다녀간 곳이라서익숙한 곳이네요 ㅋ ], 긍정 텍스트 확률 : 99.57%"
"[ 층과 층에 걸쳐서 만들어진 곳이라서공간이 정말 넓은 느낌이예요 그래서 호불호가 약간 갈리더라구요나이가 어린 아이를 둔 부모님들 같은 경우], 긍정 텍스트 확률 : 95.65%"
"[ 아이가 혹시라도 길을 잃어버릴까봐 걱정이고 그래서너무 넓은 탓에 못가겠다고 하고.....나이가 좀 된 아이를 둔 부모님들은아이가 편하게 돌아다닐 수 있으니까 좋다고 하고 ㅋ아이 나이에 따라서 달라지더라구요 ㅋ저는 아직 아이가 어려서 뒤꽁무니 쫓아다녀야하니까좀 버거운 느낌이 있긴 해요 ㅋ ], 긍정 텍스트 확률 : 99.95%"
"[ 여기는 자동차 경주를 할 수 있는 곳씽씽우리 아들이 참 좋아했던 공간이었어요 ㅋ자동차도 종류별로 준비되어 있으니 참 좋더라구요 ㅋ ], 긍정 텍스트 확률 : 93.68%"
"[ 이 곳은 엄마아빠들이 쉴 수 있는 방이예요다리 마사지 기계가 있어서아이를 돌보다가 쉬고 싶을 때이 곳에 들어와서 쉬면 돼요], 긍정 텍스트 확률 : 63.00%"
"[ 계속 운행하는게 아니라 시간에 한번씩 운행한답니다매 시 정각에 운행하니까그 전에 미리 줄 서 계시는 분들도 계시더라구요 ㅋ평일에는 그정도로 사람들이 많지 않아서기다릴 필요까진 없는데], 긍정 텍스트 확률 : 74.05%"
"[ 주말에는 손님들이 넘 많으니까미리 가서 기다리는 건 필수일 듯 해요 ㅋ ], 긍정 텍스트 확률 : 73.30%"
"[ 소지품을 보관할 수 있는 공간이 있으니여기서 물건을 보관하고 물같은것 담아가도 좋답니다손님 입장에서 배려를 해서 많은 시설을 담은 것 같아서순천 월드킹이 참 좋아요 ㅋ ], 긍정 텍스트 확률 : 74.85%"
"[ 공간이 이어져있고 다른 공간으로 이동하면또 다른 공간이 펼쳐지기 때문에아이들이 더욱 더 흥미를 느껴하는 것 같아요여기 저기 뛰어다녀도 되니깐 넘 좋죠 ㅋ ], 긍정 텍스트 확률 : 88.51%"
"[ 여기는 파파마마존엄마아빠들이 마사지 기계로 전신 마사지를 받으면서휴식을 취할 수 있는 공간이랍니다제가 월드킹에서 제일 사랑하는 공간이죠 ㅋ ], 긍정 텍스트 확률 : 96.37%"
"[ 전신 마사지 기계가 이렇게 준비되어 있는데총 대가 준비되어 있어서 늦게 갈 경우자리가 없을때도 있답니다눈치싸움도 치열하고 ㅎㅎㅎ저는 그래도 갈때마다 성공이네요 ㅋ ], 긍정 텍스트 확률 : 95.89%"
"[ 이 곳엔 또 다른 환상의 나라가 펼쳐져있죠 ㅋㅋ어린 아이들이 놀기에 참 좋은 공간이예요각종 소꿉놀이 장난감들이테마별로 나뉘어져 있거든요 ㅋ ], 긍정 텍스트 확률 : 93.67%"
"[ 자동차가 있는 방 등등각종 놀이 장난감 별로 테마가 나눠져있으니그것도 또 다른 재미를 주더라구요 ㅋ ], 긍정 텍스트 확률 : 60.76%"
"[ 신생아들이 가도 좋을 정도로 공간을 잘 꾸며놓아서아이들을 데리고 오는 부모님들이 굉장히 많더라구요이런 키즈카페가 엄마아빠를 쉬게 해주는 공간이죠 ㅋ비록 어느정도 나이가 되어야엄마아빠 없이 혼자 뛰어 놀지만 ㅋ아이가 색다른 장난감을 가지고 놀 수 있는 공간이라서나이가 어린 아이를 둔 엄마아빠들도 계속 찾는 것 같아요 ㅋ ], 긍정 텍스트 확률 : 100.00%"
"[ 여기는 수유실이예요어린 아이들이 노는 공간이다보니까수유실이 정말 꼭 필요한데이 곳에서 모유수유], 긍정 텍스트 확률 : 97.15%"
"[ 어린 아이들이 놀 수 있게끔매장 안쪽편엔 베이비룸도 있었어요비록 이용하는 분들이 많진 않았지만이렇게 어린 아이들도 신경써서 만들어 준 것이 참 좋더라구요 ㅋ ], 긍정 텍스트 확률 : 92.80%"
"[ 여기는 우리 아들이 재밌게 놀았던주방 놀이 공간아이들이 역할 놀이를 하기에 참 좋은 공간이더라구요 ㅋ ], 긍정 텍스트 확률 : 93.33%"
"[ 여기서는 소방관 놀이도 할 수 있었답니다 ㅋ ], 긍정 텍스트 확률 : 72.47%"
"[ 이 곳은 튜브 썰매 존이 곳도 계속 열어두는 곳이 아니예요직원분이 상주해있어야 하기 때문이죠그래서 매시 분 정각에 열린답니다 ㅋ ], 긍정 텍스트 확률 : 84.07%"
"[ 아직 어린 아이들은 타기에 좀 어려워요 ㅋ근데 어른과 같이 타지는 못한다고 하더라구요 ㅋ그래서 울 아들도 한번 타고 울었어요 ㅋ그다음부턴 빠빠이 ㅋㅋ ], 긍정 텍스트 확률 : 99.47%"
"[ 코인 노래방도 있는 순천 월드킹 키즈카페진짜 없는게 없더라구요 ㅋ이래서 요즘 핫한가봐요한번 가본 사람들은 계속 찾게되는 이 공간 ㅋ저도 조만간 또 갈 것 같아요 ㅋ그 때 다녀오면 또 포스팅 쓸께요 ㅋ ], 긍정 텍스트 확률 : 86.37%"
"[ 뒤늦게온 언니 레자앞치마교환권 시분경이였음. ], 긍정 텍스트 확률 : 53.77%"
"[ 빨간펜 에서 받은 솜사탕은 촉감놀이 ], 긍정 텍스트 확률 : 55.92%"
"[ 사전등록 당첨자당점자에게 문자보냈다고함. 받은 문자보여주고 상품권받기 ], 긍정 텍스트 확률 : 73.24%"
"[.?안양베이비페어안양베이비페어.?우리마을베이비페어우리마을베이비페어.?우리마을베이비페어우리마을베이비페어.?안양홈플러스안양홈플러스.?안양베이비페어주차안양베이비페어주차.?안양베이비페어선착순안양베이비페어선착순.?안양베이비페어위치안양베이비페어위치.?안양베이비페어이유식안양베이비페어이유식.?안양베이비페어기저귀안양베이비페어기저귀.?안양베이비페어당첨안양베이비페어당첨안양베이비페어사전등록.?안양베이비페어유모차안양베이비페어유모차.?안양베이비페어유모차대여안양베이비페어유모차대여.?안양베이비페어후기안양베이비페어후기 ], 긍정 텍스트 확률 : 98.81%"
"[ 갯골 주차장에 주차하고 포장해온 족발먹고 한바퀴 돌았는데 온유가 밥을달라꼬...ㅋㅋㅋ차에서 수유할 생각을 했는데 생태공원에 수유실이 있는거예요 세상에 ], 긍정 텍스트 확률 : 68.05%"
"[ 개수대 정수기 전자레인지 기저귀 교환대는 수유실에 있구요 ], 긍정 텍스트 확률 : 51.57%"
"[ .사람은 망각의 동물 아니던가.상동 애슐리 사건을 잊어버린 채 나는 다시 그곳에 방문하게 되었다.그리고 방문 전날 네이버 검색하다가 이곳이 퀸즈인 걸 알게 되었다. ], 긍정 텍스트 확률 : 88.93%"
"[ 와는 다르게 즉석 그릴바와 스시], 긍정 텍스트 확률 : 51.41%"
"[시푸드 등 즐길 메뉴가 더욱 풍성하다는 것퀸즈는.. 부산이랑 서울에만 있는 줄 ㅜㅜ ], 긍정 텍스트 확률 : 75.74%"
"[ 접시에 담느라], 긍정 텍스트 확률 : 57.02%"
"[ 원받을만해얼마 전 다녀왔던 쿠우쿠우에서 먹었던 초밥보다 훨씬 퀄리티가 훌륭한 듯싶다.물론 쿠우쿠우도 괜찮았지만 제 기준에 드리는 말씀친구는], 긍정 텍스트 확률 : 98.02%"
"[면 요리와 전쟁 후 샐러드바를 다시 천천히 돌아봤다.내가 아는 그 익숙한 메뉴에신메뉴 즉석 그릴 바스테이크가 제공된다. ], 긍정 텍스트 확률 : 69.50%"
"[ 헤헤 콘치즈♥라이브 그릴 바에는 줄이 너무 길어 과감히 포기했다.근데 친구는 어느샌가 받아왔더라], 긍정 텍스트 확률 : 97.21%"
"[애기띠하고 받아오다니 이 녀석 역시 배운녀성일세 ], 긍정 텍스트 확률 : 68.58%"
"[ 근데 생각보다.. 질겨서 패스요 ], 긍정 텍스트 확률 : 62.45%"
"[고추잡채 등 중식과 한식의 종류도 몇 가지 더 있었고 피자도 보다 가짓수가 많았다.호떡피자가 아직도 기억에 남는구나달달함의 정도가 정수리를 뚫고 나올 것 같았는데..그래서 원래 먹던 알마이스만 먹었다는 슬픈 결말전체적으로 많이 답니다. 내가 단걸 매우 좋아하지만 먹다가 중단했을 정도 ], 긍정 텍스트 확률 : 98.25%"
"[ 그리고 한층 심플해진 디저트 코너과일과 베이커리 그래그래 좋아.지금 애슐리는.?갈릭바비큐초콜릿갈릭바비큐초콜릿 시즌 메뉴를 선보이고 있다.그래서 파베생초콜릿과 민트 초코케이크가 있다. ], 긍정 텍스트 확률 : 86.19%"
"[ 상동 애슐리 퀸즈에는키즈룸 이 있다.오 좋은데홀도 넓은데 키즈 존도 따로 마련되어 있고], 긍정 텍스트 확률 : 90.14%"
"[ 층우리가 들른 곳은 층 ], 긍정 텍스트 확률 : 86.62%"
"[ 챔피언 키즈카페 옆에 위치하고 있다. ], 긍정 텍스트 확률 : 54.99%"
"[ 협소하지만 베드도 개나 있다. ], 긍정 텍스트 확률 : 65.44%"
"[ 안쪽은 모유 수유를 할 수 있는 공간이 따로 마련되어 있다. ], 긍정 텍스트 확률 : 60.04%"
"[세정 공간], 긍정 텍스트 확률 : 68.11%"
"[위생봉투 등 기본적인 건 다 갖춰져있다.작은 공간에 이렇게 야무지게 잘도 넣어놓다니우리나라 마트 최고인 듯 껄껄 ], 긍정 텍스트 확률 : 80.78%"
"[ 애슐리 퀸즈가 인천에 생기길 간절히 바라며 오늘도.. 급하게끄읏 ], 긍정 텍스트 확률 : 61.06%"
"[. .?퐁퐁퐁자연놀이터퐁퐁퐁자연놀이터.?개월성장발달개월성장발달.?개월문화센터개월문화센터.?홈플러스문화센터홈플러스문화센터.?마이홈플러스마이홈플러스.?홈플러스문화센터수강후기홈플러스문화센터수강후기.?유아인플루언서유아인플루언서.?문화센터후기문화센터후기.?문센강좌추천문센강좌추천..오늘 드디어 퐁퐁퐁 자연놀이터 종강을 했어요 .베이비박이 들었던 첫정규강좌지요. .그전에 일일특강 듣고 반해서 여름학기 들었는데.꼭 일일특강 듣고 결정해보세요.. ...... ], 긍정 텍스트 확률 : 91.56%"
"[ .일일특강 듣다가 아 이 선생님 수업이라면.우리 애기가 같이 해도 되겠다는 생각이 들었는데요.제가 사실 게으르고 용두사미인데 그만큼 만족스러웠다는 거겠죠], 긍정 텍스트 확률 : 75.51%"
"[ ..저는 홈플러스 에서 수강했는데.같은 강좌가 다른 곳도 있으니 확인해보세요. . ], 긍정 텍스트 확률 : 60.55%"
"[ .귀여워라 ㅋㅋㅋㅋㅋㅋ.수박밭에ㅜ오셨쎄요? ㅋㅋㅋㅋㅋ.내애기 귀여워.같은 주제라고 해도 더 세분화되게 체험? 할 수 있어서 좋았어요 수박수업은 들어도 들어도 지루하지 않아.?문화센터수박문화센터수박 ], 긍정 텍스트 확률 : 85.25%"
"[ .저런 소품이며 다 어디서 구해오시는건지?.활동도 하며 포토사진도 많은 강좌를 찾고 싶었는데 .딱이다 오늘을 위해서 구매한 수박상하복 ], 긍정 텍스트 확률 : 52.84%"
"[ .초상권 침해같은데.... 끄응.내아들이 저래 애절하게 쳐다본다 ㅋㅋㅋㅋㅋ.저마이 집중한다니.], 긍정 텍스트 확률 : 51.24%"
"[ .저기 빵가루였나 일일이 뿌셔? 가지고.윗개월수는 직접 먹기도 한다는데 이 하나 겨우난 베이비박은 죽도 잘 못드심 ㅠㅜ.요새 일본불매로 말많은 헬로키티기저귀지만.난 옛날에 박스샀다긔 ], 긍정 텍스트 확률 : 72.41%"
"[ .그래서 스트레스 없애는 놀이였는데....딴때는나한테 오지도 않더니 이 수업에서는 나한테 붙어있고 찡찡거림 ㅜㅜ ], 긍정 텍스트 확률 : 71.09%"
"[ .이때부터 아드님께서 찡찡거리고 자려고 하고.거의 수업같은 수업을 못했네요. .사진 두장이 끝], 긍정 텍스트 확률 : 91.68%"
"[ .배송비가 아쉽지만 마음에 듬.], 긍정 텍스트 확률 : 85.72%"
"[ .마이홈플러스 가입되어 있어야 할인쿠폰도 있고.더 저렴하게 강좌들을 수 있어요. 은근 할인쿠폰 무시못한다고 생각하는 인입니다...직접 돈주고 등록한 문화센터 후기에요 .좋은 수업은 공유해서 알리면 좋다고 생각해요. .내 아기가 듣는 첫 수업이고 .쌤은 똑같이 다 잘해주시던데 제가 느끼는 체감은 더높았거든요. 내 애기가 더 잘 따르고 더 집중하고 더 눈을 마주치더라고요. 여름학기동안 너무 재미있었어요 유미록선생님 수고하셨어요 .가을학기 때 만나요 ], 긍정 텍스트 확률 : 99.91%"
"[ 원..홈플러스 동촌점 층에 있다 ], 긍정 텍스트 확률 : 54.65%"
"[ .편백 나무을 좋아하는 이찬이.편백 나무에만 분 넘게 놀았다 ], 긍정 텍스트 확률 : 76.13%"
"[방방? 처럼 뛰어놀 수 있다..형], 긍정 텍스트 확률 : 56.35%"
"[누나들이 뛰는 것을 보고.이찬이도 힘차게 걸었다 ], 긍정 텍스트 확률 : 56.60%"
"[ .붕붕카를 타고 놀 수 있다 ], 긍정 텍스트 확률 : 61.41%"
"[ .에어 슈트볼 안에 들어가.빙글빙글 도는 형아들을 보고.긴장한 이찬이ㅋㅋ.아기라 구경만 했다 ], 긍정 텍스트 확률 : 52.17%"
"[ .볼 품], 긍정 텍스트 확률 : 60.04%"
"[미끄러틀이 있는 플레이존 ], 긍정 텍스트 확률 : 58.25%"
"[ .거대한 볼풀장이 개나 있다..초등학생 같은 큰 아이들도 오니.볼풀이 터진게 많았다.터진 것을 방치하는 건지 너무 많아 조금 그랬음 ], 긍정 텍스트 확률 : 70.43%"
"[ .볼 날리기 중 ], 긍정 텍스트 확률 : 65.81%"
"[ .블럭방도 옆에 있다 ], 긍정 텍스트 확률 : 56.50%"
"[ .기저귀 갈이대도 있고.세면대도 아이들 키에 맞게 낮게 되어있다 ], 긍정 텍스트 확률 : 94.94%"
"[ 새벽에 깨기는 일쑤고요. 그러다가 힘이 없으니 폰이나 만지작 만지작.. 그래서 더 맘 카페를 자주 이용하게 되더라고요. 최근 맘 카페에서는홈플러스세일 소식 을 알게 됐는데요. 어제까지], 긍정 텍스트 확률 : 83.47%"
"[ 각종 견 과류도 이렇게행사중이었고요.], 긍정 텍스트 확률 : 59.40%"
"[ 그 옆에 리얼오트바도 추천상품으로 개에 원이길래 사봤어요처음 보는 거였지만], 긍정 텍스트 확률 : 74.25%"
"[원래 견과류를 좋아했던 터에], 긍정 텍스트 확률 : 87.40%"
"[ 그리고], 긍정 텍스트 확률 : 70.21%"
"[봉지 초콜릿을 샀을 거예요. ㅠㅠㅠㅠㅠㅠㅠㅠㅠㅠㅠㅠㅠㅠㅠㅠ 하지만 단 게 너무 당기는 요즘], 긍정 텍스트 확률 : 86.83%"
"[ 그리고복음자리쨈세일저는 쨈 기성 식품은 복음자리만 먹는데요. 저렇게 큰 용량이 원 하는 거 처음이에요. 물론], 긍정 텍스트 확률 : 60.95%"
"[딸기 함량이 높은 지도 다시 봐야겠겠지만요], 긍정 텍스트 확률 : 82.67%"
"[ 딸기 .에 원저 갔을 때는 월요일 낮이라서 많았는데요. 이것도 사기 힘들다고 맘 카페 여론은 그랬습니다.], 긍정 텍스트 확률 : 54.41%"
"[더 크고 튼실한 한라봉으로 바꿔주시더라고요 사고 난 후 확인할 수 있는 과일은 그렇게 확인을 해보는 것도 좋을 것 같습니다], 긍정 텍스트 확률 : 67.41%"
"[ 채소 세일양배추 최고죠? 브로콜리 파프리카 양배추 모두 원], 긍정 텍스트 확률 : 99.22%"
"[.?홈플러스기저귀세일홈플러스기저귀세일.?마미포코마미포코.?팸퍼스팸퍼스.?군기저귀군기저귀.?보솜이보솜이 모두.?기저귀기저귀], 긍정 텍스트 확률 : 76.96%"
"[ 그리고 홈플러스에서는 이렇게 노란 가격 표시가 더 저렴한 거 아시죠??궁중비책도 세일하더라고요. 하지만 궁중비책에는 향료가 들어가 있다는 점], 긍정 텍스트 확률 : 81.25%"
"[하와이안 괜찮더라고요. 조만간 다시 리뷰 해볼게요 ], 긍정 텍스트 확률 : 88.84%"
"[안녕하세요.또롱이맘 입니다.며칠전에 또롱이와 사당역 근처에 있는대형마트인 홈플러스 남현점에 다녀왔어요아기띠를 하고 버스타고 갈 계획이어서유모차 대여에 대해서 전화문의를 하고 갔어요.근데 유모차 대여는 가능하지만], 긍정 텍스트 확률 : 70.27%"
"[ 진짜 대...헐퀴...다행히 평일이라 대가 그대로 있더라고요 ㅎㅎㅎ그래서 이름과 연락처를 알려드리고 대여했어요대여했는데 유모차에는 위생 커버 이런 것도 전혀 없었어요.깨끗해는 보이지만..그래도 물티슈를 닦고..외출시 꼭 들고 댕기는 소형 방수요를 깔아줬어요극강 구강기 시기라 유모차 손잡이에블랭킷을 덮어줬으나..바로 다 치우고 혀를 가져다대는..울 멋진 또롱이 ㅋㅋㅋㅋㅋ아놔... ], 긍정 텍스트 확률 : 61.68%"
"[ 전자레인지와 정수기는 있고요 ], 긍정 텍스트 확률 : 62.07%"
"[ 딱히 할말이 없는 곳..문센도 있고 홈플러스 중에서도 규모가 워낙 큰 편이라서편의시설이 잘 되어있을거라고 생각했지만...또르르르...아쉬운 부분이 많았네요..가실 때 참고하시라고짧지만 후기 남겨봅니다.. ], 긍정 텍스트 확률 : 99.11%"
"[ 이쁜 봄신상 아우터행사도 진행하고 있었는데요. ], 긍정 텍스트 확률 : 72.84%"
"[ 이쁜아기외출복도할인행사중이였답니다. ], 긍정 텍스트 확률 : 76.76%"
"[ 이렇게 이쁜 아기옷이 ], 긍정 텍스트 확률 : 68.95%"
"[ 그래서 바로 구입완료아기 여벌옷 사러갔다가너무 저렴하게 이쁜 아기옷을 구입해서넘나 기분좋은 하루였답니다. ], 긍정 텍스트 확률 : 98.20%"
"[ 이쁜 아기옷], 긍정 텍스트 확률 : 74.79%"
"[돌선물 구입예정이시라면 다양한 제품과 할인행사가 있는디어베이비 시흥중앙홈플러스점 추천드려요 ], 긍정 텍스트 확률 : 66.93%"
"[안녕하세요예요✋🏻오늘은 .?홈플러스온라인상품평홈플러스온라인상품평 에대해서 알려드려요ㅎㅎ평소.?홈플러스온라인쇼핑홈플러스온라인쇼핑 많이 하시는 분들주목포인트 적립 쉽게 하는 방법 있습니다.그 동안 홈플러스온라인몰에서장보면서상품후기 많이들 쓰시는 걸 보고무슨 혜택이 잇을까? 정도로만생각하고 관심갖지 않았는데요.오늘 찾아보니프리미엄상품평 작성시원씩 적립되네요품목별로 적립 가능해서개 사면 원 적립 진짜 쉬워요...왜 이거를 이제야 알았나 싶을 정도..??저만 몰랐을 것 같아요ㅠㅠㅠ사람들이 열심히 상품평쓰는 이유가 있옸음.그래도모르시는 분들도 있을테니방법 알려드려요 ㅎㅎ홈플러스어플에 접속하구요. ], 긍정 텍스트 확률 : 99.73%"
"[ 밑에 있는버튼 누르세요그리고 .?상품평관리상품평관리 에 들어가세욤 ], 긍정 텍스트 확률 : 75.22%"
"[.?홈플러스상품평포인트적립홈플러스상품평포인트적립 안내 ], 긍정 텍스트 확률 : 54.39%"
"[ 사진 추가하면신선조리 원일반 원 적립돼요 ], 긍정 텍스트 확률 : 66.76%"
"[ 요거는배송된 상품 전체에 대한 평가에요말그대로 배송에 대한 평가 ], 긍정 텍스트 확률 : 88.43%"
"[ 배송기사님에대한 평가랑배송시간에 대한 것들을평가할 수 있어요. ], 긍정 텍스트 확률 : 55.09%"
"[ 진짜적립의 세계는 끝이 없는 것 같아요...그치만 관심갖지 않고알지 못하면 혜택받지 못한다는 점..ㅎㅎ저두 그동안 날린 혜택들이 얼마나많은지요..앞으로 함께챙겨보아요 ], 긍정 텍스트 확률 : 99.12%"
"[ 아모르파파초코초크림 정품아기 보습크림오프닝 김맘껏 맘껏스쿨대표님 설명강의부태아보험 부임신 후기 건강관리와 아기건강원복희대표 ...? 늘봄산후도우미 부경품 추첨메인...? 김맘껏 맘껏스쿨 대표 ], 긍정 텍스트 확률 : 70.65%"
"[ 입장할 때 맘껏 뉴스 종이], 긍정 텍스트 확률 : 54.50%"
"[ 처음 시작할 때 맘껏 스쿨 대표님이 소개를 해주셨어요 하온하준이의 이쁜 사진을 보여주시면서 아들 사랑이 꿀꿀 꿀 떨어지는 게 보였어요 그리고 부는 보험 강의를 하였어요 보험 강의는 들으때 마다 새로워요 좀 지루하고 힘들긴 한데 그래도 들어두면 아 이런 게 있구나 하고 알아가는 거 같아요], 긍정 텍스트 확률 : 73.57%"
"[그리고 닥터웰], 긍정 텍스트 확률 : 70.21%"
"[ 브라운물티슈 카톡에 친구 추가 이벤트도 있어 참여하였어요 ], 긍정 텍스트 확률 : 75.09%"
"[ 부메인 강의 임신 후기 건강관리와 아기 건강권복희 대표 늘봄 산후도우미 ...? 산모교실 에서 이런 좋은 강의를 들으면 참 도움이 많이 되는 거 같아요 앞에 강의가 좀 길어서 빨리 끝내야 하는 상황이어서 조금 아쉬웠지만 신생아 관리에 대해 듣게 돼서 좋았어요], 긍정 텍스트 확률 : 88.77%"
"[ 부경품 추첨], 긍정 텍스트 확률 : 56.44%"
"[ 닥터웰 업체에 당첨돼서 선물을 받았어요경품 추첨 선물을 은 정말 다양했고 좋은 게 정말 많았어요다른 산모교실에 없는 선물도 많이 하더라고요 특히 등 선물이 골반 마사지 기계........ 임산부를 생각한 아주 좋은 선물이라 생각해요 ], 긍정 텍스트 확률 : 98.79%"
"[ 즐거운 선물 펼쳐보기], 긍정 텍스트 확률 : 86.59%"
"[ 맘껏 스쿨 산모교실 참석하길 잘했다는 생각이 들어요 ], 긍정 텍스트 확률 : 70.51%"
"[아기치즈떡볶이우리가 냠냠], 긍정 텍스트 확률 : 54.48%"
"[세탁 수], 긍정 텍스트 확률 : 68.64%"
"[ 아이도 먹어도 되는 피로회복제 같은 타먹는 거였어요남편이 많이 피곤해 하니깐 오늘 저녁에 남편을 먹여보는걸로 그리고...? 오이보스 라는 베이비샘플키트 베이비 오일], 긍정 텍스트 확률 : 83.99%"
"[ 요건 늘봄산후도우미와 손수건], 긍정 텍스트 확률 : 62.66%"
"[ 요건...? 브라운물티슈 친구 추가로 당첨된 물티슈 세트당첨이 돼서 더 뜻있던 즐거운...? 대구산모교실 이였어요 아 당첨이 되긴 하는구나.....? 월산모교실 더 가볼까...? 맘껏스쿨산모교실 오길 너무 잘한 거 같아요 기본 선물도 빵빵했고 알찬 시간이었어요...? 맘껏스쿨 산모교실 추천드려요......................... . 아래의 링크에 맘껏스쿨 산모교실 네이버 카페 가입하시구 다양한 이벤트 참여하세요.. 월에 맘껏스쿨 산모교실 일정확인 해 보세요 ....], 긍정 텍스트 확률 : 63.10%"
"[ 아모르파파초코초크림 정품아기 보습크림오프닝 김맘껏 맘껏스쿨대표님 설명강의부태아보험 부임신 후기 건강관리와 아기건강원복희대표 ...? 늘봄산후도우미 부경품 추첨메인...? 김맘껏 맘껏스쿨 대표 ], 긍정 텍스트 확률 : 70.65%"
"[ 입장할 때 맘껏 뉴스 종이], 긍정 텍스트 확률 : 54.50%"
"[ 처음 시작할 때 맘껏 스쿨 대표님이 소개를 해주셨어요 하온하준이의 이쁜 사진을 보여주시면서 아들 사랑이 꿀꿀 꿀 떨어지는 게 보였어요 그리고 부는 보험 강의를 하였어요 보험 강의는 들으때 마다 새로워요 좀 지루하고 힘들긴 한데 그래도 들어두면 아 이런 게 있구나 하고 알아가는 거 같아요], 긍정 텍스트 확률 : 73.57%"
"[그리고 닥터웰], 긍정 텍스트 확률 : 70.21%"
"[ 브라운물티슈 카톡에 친구 추가 이벤트도 있어 참여하였어요 ], 긍정 텍스트 확률 : 75.09%"
"[ 부메인 강의 임신 후기 건강관리와 아기 건강권복희 대표 늘봄 산후도우미 ...? 산모교실 에서 이런 좋은 강의를 들으면 참 도움이 많이 되는 거 같아요 앞에 강의가 좀 길어서 빨리 끝내야 하는 상황이어서 조금 아쉬웠지만 신생아 관리에 대해 듣게 돼서 좋았어요], 긍정 텍스트 확률 : 88.77%"
"[ 부경품 추첨], 긍정 텍스트 확률 : 56.44%"
"[ 닥터웰 업체에 당첨돼서 선물을 받았어요경품 추첨 선물을 은 정말 다양했고 좋은 게 정말 많았어요다른 산모교실에 없는 선물도 많이 하더라고요 특히 등 선물이 골반 마사지 기계........ 임산부를 생각한 아주 좋은 선물이라 생각해요 ], 긍정 텍스트 확률 : 98.79%"
"[ 즐거운 선물 펼쳐보기], 긍정 텍스트 확률 : 86.59%"
"[ 맘껏 스쿨 산모교실 참석하길 잘했다는 생각이 들어요 ], 긍정 텍스트 확률 : 70.51%"
"[아기치즈떡볶이우리가 냠냠], 긍정 텍스트 확률 : 54.48%"
"[세탁 수], 긍정 텍스트 확률 : 68.64%"
"[ 아이도 먹어도 되는 피로회복제 같은 타먹는 거였어요남편이 많이 피곤해 하니깐 오늘 저녁에 남편을 먹여보는걸로 그리고...? 오이보스 라는 베이비샘플키트 베이비 오일], 긍정 텍스트 확률 : 83.99%"
"[ 요건 늘봄산후도우미와 손수건], 긍정 텍스트 확률 : 62.66%"
"[ 요건...? 브라운물티슈 친구 추가로 당첨된 물티슈 세트당첨이 돼서 더 뜻있던 즐거운...? 대구산모교실 이였어요 아 당첨이 되긴 하는구나.....? 월산모교실 더 가볼까...? 맘껏스쿨산모교실 오길 너무 잘한 거 같아요 기본 선물도 빵빵했고 알찬 시간이었어요...? 맘껏스쿨 산모교실 추천드려요......................... . 아래의 링크에 맘껏스쿨 산모교실 네이버 카페 가입하시구 다양한 이벤트 참여하세요.. 월에 맘껏스쿨 산모교실 일정확인 해 보세요 ....], 긍정 텍스트 확률 : 63.10%"
"[안녕하세요 래핑이에요우빈이가 벌써 태어난지 개월차벌써가 아니라.. 아직인가... ㅋㅋㅋ아이를 키우면서 신경써야할 부분이정말 많은데요], 긍정 텍스트 확률 : 62.24%"
"[홈플러스에가서 어떤 기저귀를 살까고민하던 중 마미포코 기저귀가 딱 눈에 들어왔어요올 월에 마미포코에서 무표백 프리미엄기저귀 리프가닉이 출시된다고 했었는데 ], 긍정 텍스트 확률 : 51.94%"
"[저희 동네 홈플러스에도 들어왔더라구요 ], 긍정 텍스트 확률 : 61.38%"
"[우리아기 기저귀를 어떤걸 쓰면 좋을까생각했었는데], 긍정 텍스트 확률 : 71.44%"
"[마미포코 리프가닉 기저귀가 마음에 들었던 부분이바로 무표백 펄프 배합 시트라는 점과 천연 오가닉코튼 함유 였는데요기저귀의 시트 부분은 대부분 하얀데 이게 바로표백 처리를 한 거였더라구요], 긍정 텍스트 확률 : 57.02%"
"[이게 바로 마미포코 리프가닉의 시트에요하얗게 표백처리되어있지 않은 나무색이죠?평소 기저귀에서 하얀색 시트만 봤었는데자연스러운 나무색을 띄고 있는 무표백 펄프 배합 시트를 보니까 더 안심이 되는거 같더라구요그리고유기농 기저귀답게 찬연 성분인오가닉 코튼을 함유하고 있어서 그런지시트부분을 만져보았을때 보들보들하고자극적인 부분이 없더라구요 ], 긍정 텍스트 확률 : 59.49%"
"[기저귀를 계속 차고 있으면 피부에자극이 가지는 않을까 걱정했는데 우리아이 피부를 안심하고 맡길 수 있을거 같죠? ], 긍정 텍스트 확률 : 86.01%"
"[ 마미포코 리프가닉의 밴드는신축이 필요한 곳은 기존보다 더 크게신축할 수 있고], 긍정 텍스트 확률 : 81.85%"
"[우리 아기 기저귀 갈아줄까???기저귀가 마음에 드는지 기저귀를 손으로꽈악 잡는 우빈이 ㅋㅋㅋㅋ마미포코 리프가닉 기저귀에 대한설명을 보고 구매 결정을 했지만], 긍정 텍스트 확률 : 89.76%"
"[우리 아이 엉덩이에 자극없이 부드럽게 쏘옥우빈이가 소변양에 부쩍 많아졌는데마미리코 리프가닉 기저귀는 최대 시간 흡수력이라밤새 샘 걱정 없이 사용이 가능하답니다 ], 긍정 텍스트 확률 : 54.21%"
"[그리고 ], 긍정 텍스트 확률 : 70.21%"
"[통기성이 좋아서 안심이에요 ], 긍정 텍스트 확률 : 96.23%"
"[우리아기 마미포코 리프가닉 기저귀 착용 완료소변을 보면 기저귀에 노란색 줄 색깔이 파란색으로 변해서아기가 울어도 기저귀 때문에 우는건지 아닌지빨리 파악할 수 있어서 참 편리하답니다. ], 긍정 텍스트 확률 : 86.33%"
"[디자인도 참 귀여워요귀여운 트리모양과 목화솜 문양 두 가지라서사용하는 재미도 있답니다 ], 긍정 텍스트 확률 : 98.74%"
"[ 본 포스팅은 해당업체로부터 소정의 원고료를 지원받아 직접 구매하여 작성한 후기입니다.], 긍정 텍스트 확률 : 50.26%"
"[ 홈플러스 밴드테이프형 기저귀 가성비 굿 육아제품 ], 긍정 텍스트 확률 : 88.93%"
"[원래 한팩 가격은 ], 긍정 텍스트 확률 : 67.09%"
"[ 행사하고 있었는지 으로 진행하고 있었어요ㅎㅎㅎㅎ저걸 두팩에 ], 긍정 텍스트 확률 : 77.06%"
"[또한 아기 특성상 자주 기저귀를 갈아줘야해서 기저귀 값만해도 한달에 소모되는 비용이 장난아닌것 같아요아기 키우다보면 이것저것 들어가는게 많아지는 요즘 기저귀라도 좋은거 많이 쟁여두면 왜케 뿌듯한지 몰라요또한 기저귀 갈아야하는데 막상 없으면 얼마나 마음이 조마조마 거리는지ㅎㅎㅎㅎ이건 아기 키우는 육아맘이라면 공감할 것 같아요 ], 긍정 텍스트 확률 : 99.89%"
"[우선 홈플러스 판매용 기저귀는 디자인이 이렇게 생겼답니다디자인도 막 싸구려처럼 보이지 않아요 다행히ㅋㅋ또한 소변줄도 표시가 잘 되어있어서 아기가 볼일보면 표시줄 보고 금방 갈 수 있어서 좋아요 ], 긍정 텍스트 확률 : 84.87%"
"[ 원에 산거면 개당 백몇십원 꼴이네요ㅋㅋㅋㅋㅋㅋ자주 볼일보는 아기라 자주 갈아주니 발진없이 잘 사용할 수 있어서 너무 좋아요ㅎㅎ또한 요즘 아기가 한창 기어다니고 서고 할 때라 눕혀놓고 기저귀 갈아주면 일어날려고 뒤집고 장난아니거든요 그래서 팬티기저귀도 함께 사용하고 있는데 팬티기저귀는 아기가 입고있는 바지랑 함께 벗기고 갈아줘야해서 매번 번거로웠어요하지만 밴드기저귀는 바지는 안벗기고 기저귀만 갈아줄 수 있어서 한결 수고로움이 덜해져서 좋아요ㅎㅎㅎ이상 제 돈 주고 직접 구매한 기저귀 후기 마칠게요곧 다가오는 추석연휴 모두 풍성한 시간 보내세요 ], 긍정 텍스트 확률 : 88.78%"
"[또 다시 돌아온 홈플러스 기저귀], 긍정 텍스트 확률 : 71.75%"
"[ 월일부터 시작된.?홈플러스홈플러스.?세일세일.?행사행사], 긍정 텍스트 확률 : 66.24%"
"[오후쯤 몇 개.?품절품절 문자가 왔다 ㅠ 흑 이번 주말], 긍정 텍스트 확률 : 89.43%"
"[ .?기저귀기저귀 다른건 인터넷 쇼핑몰에서 쿠폰 적용하는게 더 저렴할 수도 있는데], 긍정 텍스트 확률 : 55.24%"
"[ .?맘마밀맘마밀.?요미요미요미요미.?유기농주스유기농주스 가끔 외출 시에 먹이면 좋은.?유기농유기농.?아기주스아기주스 유통기한도 길고 맛도 다양해서 여러개 쟁여두면 좋다 ], 긍정 텍스트 확률 : 92.23%"
"[개인적으로 웨하스는 너무 잘 부서져서....... ㄷㄷㄷ 한 번 튼튼이가 먹고나면 가루가.... ㅠㅠ 웬만해선 외출 시에 먹이거나 좀 더 크면 먹이기로? 단호박볼 역시 개월부터 섭취 가능하지만 조금 딱딱한 식감이라 잘 안 먹는다..ㅠ 그리고 튼튼이가 제일 잘 먹는 과자는.?요미요미요미요미.?유기농쌀과자유기농쌀과자 ㅋㅋㅋㅋㅋ이거주면 손에 쥐고있던 다른 과자 버린다...... 과자는 아기마다 호불호 갈리니까 우리아기 취향에 맞게 구입하시길], 긍정 텍스트 확률 : 93.80%"
"[그리고 튼튼이가 과자보다 잘 먹는.?동결건조동결건조.?과일칩과일칩 가격이 좀 비싼 편인데], 긍정 텍스트 확률 : 50.37%"
"[ 하니까 굿 일단 이 정도 쟁이고], 긍정 텍스트 확률 : 96.59%"
"[ 홈플러스 베이비키즈클럽 기저귀..목.수 ], 긍정 텍스트 확률 : 53.16%"
"[안녕하세요. 우영맘 리액션의 여왕입니다. ], 긍정 텍스트 확률 : 88.64%"
"[ 원기분좋게 단계 팩], 긍정 텍스트 확률 : 83.51%"
"[어찌나 든든한지 기분이 좋았어요♡엄마 아빠들 꼭 기저귀 행사 놓치지 말고 다녀오세요지금까지 홈플러스 베이비키즈클럽 기저귀..목.수 후기였습니다. ], 긍정 텍스트 확률 : 99.12%"
"[홈플 가자마자 간식 코너로 직진오기 전에 후기 찾아보니텅텅 비어있는 곳도 많길래 마음이 급함 ㅎㅎ근데 막상 가보니 거의 다 차있네? ㅎ ], 긍정 텍스트 확률 : 99.81%"
"[기저귀는 주로하기스마미포코보솜이팸퍼스이런 종류로 많이 사가시던데다른건 다 잘 몰라서그냥 하기스로.....아직도 기저귀 정착 못한 라엘이 ㅠ ], 긍정 텍스트 확률 : 65.51%"
"[담다보니 어느새엄마 먹을 양식을 담고 또 담고 ㅋㅋㅋㅋ원래 남 장바구니 보는게 재밌잖아요 ㅎㅎ제가산거 공개합니당 . ], 긍정 텍스트 확률 : 99.96%"
"[저번에 쌩마멧 한번 사준적이 있는데너무 잘 먹길래이번에 쟁여놔야지 했는데쌩마멧이 하나도 없... ㅜㅜ아넬라 퓨레는 처음 들어봤는데검색해보니 이것도 많이 먹길래겟겟라엘이는..이것도 잘 먹을 줄 알았....허겁지겁 얼른얼른 달라고 얼마나 재촉하던지 ㅋㅋㅋㅋ엄마가 담에 많이 쟁여놓을게 ㅠ ㅎㅎ ], 긍정 텍스트 확률 : 78.28%"
"[그리고 이거도 귀여워서 사봤다 ㅎㅎ뭔가 맛있을 것 같은 느낌이....그래봤자... 떡뻥이지만 ㅎㅎㅎ ], 긍정 텍스트 확률 : 98.69%"
"[자색 고구마도 담아담아떡뻥 봉지면......당분간 충분히 먹이겠지? ㅎㅎ요즘 카시트 거부하는 라엘이...떡뻥 일단 손에 쥐어주고입에 넣어줘야 얌전히 탄다..... ㅠㅜ그래 떡뻥 힘이라도 빌리자.... ], 긍정 텍스트 확률 : 99.59%"
"[참잉 이것도 좋아하는 과자 입 심심할 때 하나씩 꺼내먹기 좋은 .문제는 하나 꺼내먹기 시작하면멈출 수 없다는게..... ], 긍정 텍스트 확률 : 81.98%"
"[오랜만에 칸쵸 .이것도 이것도 육아 틈틈이 당충전 필요할때 먹으려고남편 눈치보면서 쓱 담기 ㅋㅋㅋ ], 긍정 텍스트 확률 : 72.55%"
"[무튼 ㅎㅎㅎ 대잔치 ], 긍정 텍스트 확률 : 87.46%"
"[월 일까지라고 하니얼른 달려가보세요], 긍정 텍스트 확률 : 51.06%"
"[일단 기저귀 코너에 입성], 긍정 텍스트 확률 : 63.77%"
"[군기저귀까지초특가 및행사중이더라구요], 긍정 텍스트 확률 : 50.95%"
"[여행갈때 꿀템맘마밀 안심이유식도해서원에 개에 판매중이구요], 긍정 텍스트 확률 : 64.23%"
"[그리고 온김에 생리대도 보러갔는데요 ], 긍정 텍스트 확률 : 58.75%"
"[ 행사중이라열심히 카터 안으로 담았네요], 긍정 텍스트 확률 : 62.09%"
"[과일들은 신선하지만저렴해서 살까했지만이걸 다 들고갈 능력이 안되서남편오면 한번 더 갈려구요], 긍정 텍스트 확률 : 68.03%"
"[과자류도 할인중이구요], 긍정 텍스트 확률 : 78.97%"
"[하루가 요즘 빠져있는 뽀로로와친구들놀라지마세요에 원줬어요완전 이득이득이득그래서 개 샀는데], 긍정 텍스트 확률 : 90.09%"
"[베비언스제품도 할인중이였구요], 긍정 텍스트 확률 : 67.03%"
"[원치 샀지만], 긍정 텍스트 확률 : 52.23%"
"[원 할인받아서], 긍정 텍스트 확률 : 50.43%"
"[하루 기저귀사러갔다가아기음료와 아기과자그리고 생리대까지 할인 제대로 받고생활의 플러스가 되어서집으로 돌아왔네요], 긍정 텍스트 확률 : 63.82%"
"[ 나리병원 매일유업 초청강의 홈플러스 감정점 기저귀케익 만들기 ], 긍정 텍스트 확률 : 68.08%"
"[나리병원 매일유업 초청강의 홈플러스 감정점 기저귀케익 만들기 ], 긍정 텍스트 확률 : 68.08%"
"[안녕하세요 . 나리병원입니다제법 시원해진 바람에 가을이 한껏 다가온 것 같은데요올해 여름이 꽤나 무더웠어서 그런지 몰라도이번 가을은 꽤나 반가운 것 같아요 또 다시 새롭게 시작되는 한 주 우리 산모님들 이번 주도 건강한 태교관리에힘쓰시길 바라면서 ..지난 주 금요일에 ], 긍정 텍스트 확률 : 98.50%"
"[홈플러스 강정점에서], 긍정 텍스트 확률 : 50.37%"
"[외부강의 있었던 소식에 대해후기 들려드리고자 합니다 . ], 긍정 텍스트 확률 : 82.67%"
"[부 간호부장님 병원소개 ], 긍정 텍스트 확률 : 70.20%"
"[부 기저귀케익만들기 ], 긍정 텍스트 확률 : 56.44%"
"[부 매일유업 주최 관련 행사 로 준비해보았으며이번 강의 역시 산모님들의행복한 미소와 열의를 느낄 수 있었던보람된 수업이었습니다 .], 긍정 텍스트 확률 : 97.68%"
"[나리병원 간호부장님께서 들려주시는세기 분만 트렌드 ], 긍정 텍스트 확률 : 60.33%"
"[통증을 최소화시키고 안정적인 마음으로], 긍정 텍스트 확률 : 50.16%"
"[편안히 출산할 수 있는 감성분만에 대해 알려드리고설명 드리는 시간을 가져보았는데요 .적극적인 수업참여는 물론 직접 질문도던져주시는 등 열의를 보여주셔서 참 감사했습니다 . ], 긍정 텍스트 확률 : 99.71%"
"[감성적인 환경에서 편안하게 대기하면서], 긍정 텍스트 확률 : 74.77%"
"[자연스럽게 출산할 수 있는 감성분만에 대해계속해서 전해드릴 예정이니 외부강의를 통해 알아 가시고산모님들에게 많은 도움이 되는 시간이 되길 바라는 맘입니다 . ], 긍정 텍스트 확률 : 99.37%"
"[부 수업 기저귀케익만들기 ], 긍정 텍스트 확률 : 56.44%"
"[저희 나리병원에서 준비해 온 기저귀들을돌돌 말아 예쁘게단으로 쌓아올리고 계신 모습], 긍정 텍스트 확률 : 79.23%"
"[예쁜 장미꽃으로 장식해주면], 긍정 텍스트 확률 : 81.04%"
"[ 짜잔내 아기를 위한 이 세상 하나밖에 없는나만의 기저귀케익 완성 완성된 케익을 바라보며 흐뭇해하시던 산모님들의 모습이 떠오르는데요 .], 긍정 텍스트 확률 : 71.24%"
"[즐거운 태교활동이 되었음 하는 바네요 ], 긍정 텍스트 확률 : 95.92%"
"[부에서는 매일유업 주최의 행사 및 설명 드리는시간을 마지막으로 이 날 외부강의수업을 마무리하였습니다 ], 긍정 텍스트 확률 : 54.77%"
"[지난 매일유업 주최 홈플러스 김포풍무점에 이어], 긍정 텍스트 확률 : 62.01%"
"[홈플러스 감정점 외부강의도 역시성공리에 잘 마칠 수 있었는데요이번 외부강의가 산모님들께 좋은 정서활동과도움이 되었길 바라면서 다음 외부강의로 또 찾아뵐게요그럼 안녕], 긍정 텍스트 확률 : 99.88%"
"[아직 있는지 모르겠는 프라프치노스벅 에코백가격은 원 이었어요. ㅋ ㅋ이마트], 긍정 텍스트 확률 : 81.55%"
"[ ㅋ ㅋ ㅋ 들고다니는 사람들 이미 많이봄 ], 긍정 텍스트 확률 : 77.55%"
"[지금도 하는지는 모름ㅋ ], 긍정 텍스트 확률 : 71.56%"
"[스타벅스 프라푸치노 병커피 사면서 그옆에있던 코카콜라 에디션도 같이 삼 ㅋ ㅋ ㅋ ㅋ ㅋ ], 긍정 텍스트 확률 : 65.74%"
"[개 들어있지용. 자주 주는스페셜 기프트는 아닌가유? ㅋ 원래 달다구리 프라푸치노 좋아해서 ㅋ ㅋ ㅋ 가끔 사먹는데 조타 ], 긍정 텍스트 확률 : 67.87%"
"[가운데.?스타벅스토트백스타벅스토트백들어있어용 ㅋ ㅋ ㅋ], 긍정 텍스트 확률 : 74.89%"
"[귀여움 ], 긍정 텍스트 확률 : 86.28%"
"[나쁘지않아요. 기저귀가방으로 간단히 들고나가기에 좋겠어. 근데 내부가 넓지는 않음 ], 긍정 텍스트 확률 : 55.74%"
"[그래도 내부가 방수천인건지 조금 다름조금 살짝 비닐? 의 느낌이랄까], 긍정 텍스트 확률 : 88.99%"
"[손잡이 부분에 열쇠고리 거는거 마냥 이렇게 되어있어서], 긍정 텍스트 확률 : 54.61%"
"[ .?스타벅스프라푸치노에코백스타벅스프라푸치노에코백 덕분에얼음동동 ㅋ 집에서 커피 마시는중 ㅋ ㅋ ㅋ ㅋ], 긍정 텍스트 확률 : 68.95%"
"[홈플러스이유식 아기간식 아기과자온라인 쇼핑으로 쟁였어요 ], 긍정 텍스트 확률 : 51.09%"
"[ 조기품절가능쿠폰중복불가점포별 취급상품 및 행사기간 상이 ], 긍정 텍스트 확률 : 51.23%"
"[드디어 홈플러스행사가 시작되었네요저도 행사 시작하길 기다렸다가어제 오전에 온라인으로 잔뜩 질렀어요ㅋㅋ이유식], 긍정 텍스트 확률 : 93.42%"
"[지마켓에서도 구매가 가능하더라구요저는 지마켓 홈플러스관에서 구입했고온라인은 제한 수량이 있었어요 ], 긍정 텍스트 확률 : 69.86%"
"[보솜이 등기저귀도 행사 중이구요 ], 긍정 텍스트 확률 : 71.69%"
"[아기과자 꽤 많은 제품이행사 중이네요아이배냇], 긍정 텍스트 확률 : 85.84%"
"[제가 행사 기다린 이유ㅋㅋㅋㅋ맘마밀 이유식 때문에요외출했을 때 이유식 먹이기 힘들었었는데이거 살짝 데워서 쭉 짜주면 되더라구요?완전 신세계아기도 잘 먹어서 사야지 했었는데마침행사하니 잔뜩 쟁여둬야죠원래 가격은 개에 ], 긍정 텍스트 확률 : 91.40%"
"[ 원이에요 ], 긍정 텍스트 확률 : 95.06%"
"[지마켓 홈플러스관 카드 행사도 하고 있어서만 원 이상즉시 할인도 받았어요신한카드], 긍정 텍스트 확률 : 82.70%"
"[비씨카드홈플러스 온라인몰에는만 원 이상 천 원 할인쿠폰이 있더라구요저는 만 원은 못 채워서 지마켓 카드 할인을 받았어요 ], 긍정 텍스트 확률 : 57.86%"
"[ 아기치즈는 있어서 안 샀고쌩마멧 퓨레도 살까 하다아넬라 퓨레 사둔 게 많아서안 샀어요 ], 긍정 텍스트 확률 : 82.79%"
"[개월부터 두 종류로 사봤어요개월부터 이건 중기이유식 하는 아기에게 굉장히 묽더라구요개월이지만 개월부터 이거 먹여도 될 것 같아요 ], 긍정 텍스트 확률 : 85.74%"
"[아이배냇 핑거요거트], 긍정 텍스트 확률 : 50.77%"
"[후디스시금치당근브로콜리볼 ], 긍정 텍스트 확률 : 54.65%"
"[아이배냇 스틱 ], 긍정 텍스트 확률 : 50.77%"
"[아직 고객이 아니시라면마이홈플러스앱을 다운받으셔서간편하게 가입을 하실수있답니다 저는 기존 훼밀리카드 이용고객이였는데요새롭운 멤버쉽 서비스로 다시 가입했어요 ], 긍정 텍스트 확률 : 62.66%"
"[덕분에 재빠르게 알게된 이벤트정보어린이간식 이유식 전품목 월일부터 월일 단 일간 동안 진행된다고해요간식과 이유식들 다양한 브랜드가 많아서 좋네요매일먹는 아기과자 퓨레 주스등등미리 쟁겨놔야지요 장바구니에 담아놓고요할인중이니깐 새로운 과자들도 먹여보고싶어서 잔뜩 구매했어요잘먹으면 또 사야겠어요 ], 긍정 텍스트 확률 : 99.56%"
"[하기스기저귀 개 구매시에 최대 오만원할인과썸머 나들이 기획전 기저귀 상품들은개구매시 최대 할인할인제품들이라서 여름기저귀는 제외일줄알았는데 포함되어있네요현재 사용중인 기저귀브랜드가 있어저렴하게 구매했어요 ], 긍정 텍스트 확률 : 72.74%"
"[막상 집에오니깐 깜빡하고 구매못한 제품들여러가지가 더 생각이 나네요분유랑 이유식이랑 더 추가 구매했어요온라인으로 구매하면 빠른배송과집에서 편하게 받아보실수 있다는 장점이있네요앞으로도 앱을 통해서 필요한것들주문해야겠어요아기용품들 필요한것들 미리 쟁겨놓았더니 엄마의 마음이 든든하네요몰랐던 육아맘 여러분얼른 서둘러서 홈플러스아기간식 저렴하게 구매하러 고고고 하세요 ], 긍정 텍스트 확률 : 97.59%"
"[안녕하세요입니다 ], 긍정 텍스트 확률 : 70.45%"
"[오늘 다녀온 상암홈플러스문화센터베이비마사지후기 올릴게요 ], 긍정 텍스트 확률 : 92.67%"
"[오늘 이레가 다녀온 문센 프로그램은무스텔라 와 함께하는 우리아이 꿀잠 마사지에요베이비 마사지저희 부부와 주차이로 결혼한 친구 부부가 있는데그 친구 부부의 아들과 저희 딸 이레가 일 차이 친구라서함께 하기로 했죠이레에게는 첫 문센 나들이였어요 ], 긍정 텍스트 확률 : 99.18%"
"[ 전자레인지와 정수기], 긍정 텍스트 확률 : 62.66%"
"[씽크대가 있었구요기저귀갈이 대], 긍정 텍스트 확률 : 64.75%"
"[모유수유 할 수 있는 공간이 있었어요아빠는 입장 불가라고 쓰여져 있네요 ㅜㅠ수유실에 사람이 많아서 사진 찍지는 못했네요이레도 기저귀만 후딱 갈고 나왔어요그다지 세련된? 공간은 아니었지만], 긍정 텍스트 확률 : 70.32%"
"[아기를 데리고 나와서 기저귀 갈 수 있는 이런 공간이 있는 것만으로도 만족해요모유수유 하시는 분들에게는 더더욱 필요하죠 ], 긍정 텍스트 확률 : 97.04%"
"[수유실에서 나온 후홈플러스 푸드코트를 지나..헥헥 ], 긍정 텍스트 확률 : 55.83%"
"[오늘 베이비 마사지 수업이 있는 문화홀로 들어갔어요 ], 긍정 텍스트 확률 : 71.44%"
"[오늘 상암 홈플러스 문화센터 베이비마사지 일일특강은무스텔라에서 진행해주셨기에무스텔라 베이비오일과 그외 샘플 제품을 얻을 수 있었어요 ], 긍정 텍스트 확률 : 65.17%"
"[마사지 받을 준비 완료 ], 긍정 텍스트 확률 : 50.43%"
"[부드럽게 오일 마사지분 동안아이와 교감하고 소통하는 기분좋은 시간이었어요이레도 첫 문센 나들이에 울지 않고신기한 듯 여기저기 둘러보며 친구들을 바라보며좋은 시간 보냈겠죠? ], 긍정 텍스트 확률 : 99.28%"
"[친구부부를 통해 알게된 홈플러스 문화센터 일일특강이레는 아직 생후 개월], 긍정 텍스트 확률 : 70.72%"
"[일 아기라서 홈플러스 문화센터에서들을 수 있는 수업이 아직 없었어요ㅜㅠ그런데], 긍정 텍스트 확률 : 67.80%"
"[저희는 합정 홈플러스 근처에 살아서 합정점으로 신청했어요이레가 동네 친구들을 만날 수 있기를그리고], 긍정 텍스트 확률 : 86.32%"
"[오늘 베이비 마사지 덕분인지 혼자스르르 밤잠에 빠져버린 이레에요ㅋㅋㅋㅋ 귀여워라이레는 일이 지난 후부터 밤수없이 통잠자는 아기구요물론 밤잠 재우기 힘든 날도 종종 있어요 .... 그러나 한번 자면 푹잔다는조만간 또다른 육아일기로 돌아올게요그럼], 긍정 텍스트 확률 : 95.07%"
"[모두들 즐거운 육아하세요 ], 긍정 텍스트 확률 : 87.88%"
"[안녕하세요.입니다.오늘은 두 아이를 데리고 놀러갔던 상상노리 홈플러스 안산점에 대한 리뷰 입니다.상상노리 홈플러스 안산점은 최근 년에 한번 리뉴얼이 되었습니다.예전에는 낡은 큰 곰이 가운데에 누워 있었는데 지금은 밝고 깔끔하게 잘 바뀌었습니다. ], 긍정 텍스트 확률 : 51.97%"
"[외부 음식 및 음료는 반입 금지 이고내부에서 음료 및 아이스크림을 판매하고 있습니다], 긍정 텍스트 확률 : 51.63%"
"[하지만 지금 홈플러스는 ], 긍정 텍스트 확률 : 52.30%"
"[주년 행사를 하고 있습니다.그에 따라 입점한 업체들도 동참하는 분위기이고 평상시 ], 긍정 텍스트 확률 : 56.25%"
"[회에 만원의 이용료 이었던게 ], 긍정 텍스트 확률 : 61.12%"
"[회에 만원 으로 조금 더 할인을 하기에 회 이용권을 구매했습니다. ], 긍정 텍스트 확률 : 56.95%"
"[상상놀이 가운데에는 이렇게 그물로된 정글짐? 처럼된 곳이 있습니다.나일론 줄로 된 정글짐이고 크기도 상당히 크고 깔끔하고 진입하기가 쉬워서 그런지아이들도 잘 놀더라구요. ], 긍정 텍스트 확률 : 83.97%"
"[한켠에는 정말 어린 유아들이 놀수 있는 곳도 있습니다. 칸막이로 잘 분리되어 있어 큰아이들이 뛰어다니다가다칠일은 없어 보이네요. 사람이 많아도 이곳은 좀 한적합니다. 유아가 놀꺼 밖에 없거든요 ㅎㅎ ], 긍정 텍스트 확률 : 95.29%"
"[다른 한켠에는 위에 요금표처럼 추가금을 내고 안에 계신 직원분에 지도에 따라아주 작은 알갱이의 스티로폼? 으로 이것저것 만들어볼수있는 수업도 있더라구요.이건 저희애가 아직 어리고 산만해서 아직은 못해봤네요. 둘째 딸이 좀 크면 해볼수 있겠네요. ], 긍정 텍스트 확률 : 70.28%"
"[시장놀이를 할수 있도록 되어 있고 여자아이들에게 인기가 많은것 같네요.여러 종류의 과일 채소 모형이 있고 아이들이 가져다가 지지고 볶고 자르고 하더라구요. 인기가 젤 많은것 같아요. 이곳이 ], 긍정 텍스트 확률 : 63.46%"
"[시장놀이하는데에 있더라구요. 그 뒤편은 어른들이 쉴수 있는 카페테리아? 입니다.테이블과 의자가 있습니다. 정수기도 있어요그리고 곳곳에 웅진 코웨이 대형 공기청정기가 있습니다.아이들이 뛰노는곳이고 어린아이들도 올수 있는공간이기 때문에 대형 공기청정기가 작동하고 있었습니다.공기청정기가 아주 쉴새 없이 돌고 있더라구요. 뛰노는 공간이기에 어쩔수 없는 건가봐요. ], 긍정 텍스트 확률 : 96.08%"
"[이건 롤러 미끄럼틀과 미로?로 되어 있네요.미끄럼틀 타려면 바로 올라가서 타는게 아니라 돌고 돌아 올라가서 타야 됩니다.어린 아기들은 못올라가서 못타요 ㅠ 어른도 못올라가기때문에 아이가 직접 타지 않는 이상 태워 줄수 없는게 아쉽습니다. ], 긍정 텍스트 확률 : 89.13%"
"[좀 큰 아이들은 고카트를 타볼수 있는데 신발과 헬멧을 쓰고 타볼수 있습니다. 코스는 그리 길지 않지만 재미있어보이네요. ], 긍정 텍스트 확률 : 64.66%"
"[볼풀장 뒤를 지나서 반환점을 돌고 다시 시작한 위치로 돌아가는 코스 입니다. 방문은 월일 오후에 들어갔습니다. 일요일 오후죠.사람은 평상시에 비하면 정말 없었습니다.상상노리 홈플러스 안산점이 완전 넓지는 않지만 시설이 생긴이 얼마 되지 않아 깨끗하고 밝고제가 사는곳과 근접해 있어 이용편의도가 높아서 자주 이용하게 될거 같습니다.아이도 시간 내내 뛰어 놀아서 그런지 저녁에 잠도 잘자고 너무 행복해 하는 모습이 눈에 선해서 자주 데려와야 될것 같네요. ], 긍정 텍스트 확률 : 99.79%"
"[방문은 월일 오후에 들어갔습니다. 일요일 오후죠.사람은 평상시에 비하면 정말 없었습니다.상상노리 홈플러스 안산점이 완전 넓지는 않지만 시설이 생긴이 얼마 되지 않아 깨끗하고 밝고제가 사는곳과 근접해 있어 이용편의도가 높아서 자주 이용하게 될거 같습니다.아이도 시간 내내 뛰어 놀아서 그런지 저녁에 잠도 잘자고 너무 행복해 하는 모습이 눈에 선해서 자주 데려와야 될것 같네요. ], 긍정 텍스트 확률 : 98.44%"
"[이상였습니다.감사합니다.], 긍정 텍스트 확률 : 90.38%"
"[우리 동쥬의 쇼핑은 밤낮을 가리지 않는다아빠빠빠빠빠빠홈플러스 행사한데요. 지갑두둑히 챙기고 렛츠고.아빠는 소쥬사고], 긍정 텍스트 확률 : 60.66%"
"[ 동쥬는육아 필수템 사러 고고.ㅎㅎㅎ ], 긍정 텍스트 확률 : 56.19%"
"[수많은 육아템들 중에서도 특히나 두둑히 넉넉히쟁여놓고 살아야 맘편안한 기저귀.저희는 곳곳에 기저귀를 두고 사는데요.차에는 기본적으로 한박스 가져다 놓고], 긍정 텍스트 확률 : 74.91%"
"[ 안방에 놓고그때그때 휘리릭 갈아주지요. ], 긍정 텍스트 확률 : 54.31%"
"[그리고 기저귀 만큼이나 아주 중요한 필수 육아템바로바로 분유입니다.다음으로 아빠와 아들이 들른 코너는? 분유코너.현재 홈플러스 분유코너도 행사중인데요. ], 긍정 텍스트 확률 : 85.66%"
"[일동후디스 산양분유 행사중입니다.기획팩으로 비오타민가격은 ], 긍정 텍스트 확률 : 63.92%"
"[ 원입니다.기획팩이라 따끈따끈한 신상제품이구요.유통기한도 넉넉합니다. ], 긍정 텍스트 확률 : 52.77%"
"[ 원으로 착한가격으로 만나보실 수 있습니다.기획팩에 들어있는 비오타민은 장을튼튼하게 해주니까. 의사쌤도 추천하더라구요.아무래도 아기들은 이유식으로 먹일 수 있는먹거리들이 많지 않으니], 긍정 텍스트 확률 : 60.21%"
"[ 장을 튼튼하게하는 유산균 제품은 필수 인것 같아요. ], 긍정 텍스트 확률 : 63.74%"
"[동쥬가 선택한 분유는. ㅋㅋㅋㅋㅋ산양분유입니다. 짝짝짝짝.너란녀석 표정한번 시크하구나.ㅋㅋㅋㅋ ], 긍정 텍스트 확률 : 65.51%"
"[임페리얼드림도 행사중인데요.주변 맘들이 추천을 많이 하는 브랜드중 하나이죠.분유는 아이의 입맛에 따라 선호하는 브랜드가 있기 마련인데요이번에는 아직 도전해 보지 못한 남양 임페리얼 로 도전 해 볼까 하네요. ], 긍정 텍스트 확률 : 99.72%"
"[남양 임페리어러분유도 빠방한 할인 행사 중 인데요.캔봉이 기획팩입니다.스틱형은 외출시에 정말 간편하게 챙길수 있어서 좋아요.그런데... 저 스틱형이 바로...대에바바악 ], 긍정 텍스트 확률 : 92.18%"
"[행사하다보니까 그때그때 쟁여놓게 된다는. ], 긍정 텍스트 확률 : 77.89%"
"[바디워시랑 샴푸 섬유유면제등 없는제품이 없으니지금 바로 집 근처 홈플 매장으로 달려 가 보는것도 좋을 것 같아요.이번에는 행사하는 품목도 많은 것 같아 완소 육아템들을겟 할 수 있는 절호의 찬스라구요. 본 포스팅은 홈플러스로부터 제품 구매 비용을 제고앋아 작성한 솔직한 후기입니다. ], 긍정 텍스트 확률 : 53.27%"
"[임산부 태교꽃꽂이ㅎ ], 긍정 텍스트 확률 : 82.44%"
"[프리맘 클래스 임산부 태교꽃꽂이 하고왔어요ㅎ ], 긍정 텍스트 확률 : 96.79%"
"[프리맘 클래스 미리 신청해두었고오늘은 태교꽃꽂이가 있던날이라 설레는 마음으로 다녀왔습니다ㅎ↓ ↓ ↓ 임산부 산전후 요가부터 시작했는데 후기는 요기 있습니다 ↓ ↓ ↓ ], 긍정 텍스트 확률 : 95.52%"
"[ 원강의실에 들어가니 책상위에 예쁜 꽃이 올려져 있더라구요. ], 긍정 텍스트 확률 : 73.23%"
"[임산부 태교꽃꽂이오아시스는 화병에 선생님께서 적당한 크기로 자른 뒤 물까지 담아서 뙇 앞에 놔주세요ㅎ ], 긍정 텍스트 확률 : 54.95%"
"[임산부 태교꽃꽂이오늘 수업에서는 라운드 꽃꽂이를 해봤습니다ㅎ장미를 기준으로 동그란 모양이 되도록 하는것으로탁자 중앙이나 사방이 오픈된 공간에 두기 좋은 꽃꽂이라고 하세요ㅎ ], 긍정 텍스트 확률 : 57.85%"
"[임산부 태교꽃꽂이그렇게 한참을 요리조리 사이사이 꽂아주면 끝ㅎㅎㅎ꽃 이름도 설명해주셨는데 모두 생각이 나질 않네요ㅜㅜ또르르.. ], 긍정 텍스트 확률 : 72.02%"
"[임산부 태교꽃꽂이헤헤 집에 가져와 창가에 뒀어요ㅎㅎ지금은 또 식탁으로 옮겼더니 식탁이 확 사네요ㅎㅎ꽃이 시들고 나면 저 은색 화병에는 크리스마스 장식소품을 둬도 예쁠거라고선생님이 알려주시더라구요ㅎ 꼭 그렇게도 활용해봐야겠어요ㅎㅎ태교꽃꽂이는 회 수업인데꽃꽂이만 하는 건 아니고 플라워박스], 긍정 텍스트 확률 : 95.32%"
"[기저귀케익 등 수업이 다양하게 진행되더라구요ㅎ다음시간은 플라워박스를 해보기로 했습니다ㅎ ], 긍정 텍스트 확률 : 88.73%"
"[다음주 금요일이 기다려지는거 보니 오늘 수업이 퍽 재밌었나봅니다 훗ㅎㅎ신랑도 예쁘다고 하고 내일 동생도 놀러오는데 자랑해야겠어요 케케케ㅎㅎ ], 긍정 텍스트 확률 : 99.72%"
"[ 월은 쉰다고 하여 언제다시 시작하나 했는데 월부터 다시 시작 ], 긍정 텍스트 확률 : 51.72%"
"[ 유모차를 끌고 들어와 맨 앞줄에서 볼 수 있음 아기가 자면 아기띠보다 유모차가 편할 수 있음 마트의 경우 유모차 빌려줌 ], 긍정 텍스트 확률 : 76.25%"
"[월 친구 결혼식때문에친정에 내려갔는데아기 기저귀를 안챙겨왔더라고요아기 짐이 너무 많아서 기저귀를 깜빡한.. 어처구니 없는 엄마 마미포코 팬티형 기저귀를 샀는데마미포코 리프가닉 기저귀가 홈플러스 매장에도 입점되어 있더라구요그래서 집에와서 마미포코 를 검색해보는데이번에 마미포코에서무표백 프리미엄 오가닉 기저귀 리프가닉이 출시됐대서사봐야 겠다고 생각했던 찰나주차장비가 무료인 영등포 홈플러스 갔다가 리프가닉을 발견여름에 아기 소중이 부위에 땀이 많이 나고축축한대도 쉬 쌀까봐 기저귀를 오래 벗겨놓지못한ㅠㅠ 못된 엄마였지만표백처리 되지않고 오가닉 코튼을 쓴 기저귀라길래우리아이 궁둥이와 소중이를 위해서 구매해봤어요 ], 긍정 텍스트 확률 : 76.80%"
"[▲홈플러스 기저귀 칸에 진열되어있던마미포코 기저귀 제가 친정갔을때 샀던 마미포코 기저귀는 슬림핏 팬티 대형이었네요이번에 구매한 기저귀는마미포코 리프가닉 기저귀 ], 긍정 텍스트 확률 : 53.02%"
"[▲마미포코 리프가닉 기저귀는독일의 피부과학 연구소 더마테스트의 엄격한 기준의 실험을 거쳐 최고등급취득했다고 하니엄마마음에 더없이 안심되네요 ], 긍정 텍스트 확률 : 94.11%"
"[▲스칸디나비아를 연상케 하는디자인이에요깔끔하고 심플하고 오가닉 느낌이 팍팍이것 뿐만 아니라 시트에 천연 성분인 오가닉 코튼까지 함유되어 있어서 아기 피부를 정말 순하게 감싸줄 것 같아서 더욱 안심이 되더라구요전면 통기성 시트로 겨울에도 실내온도가 높은 집에서도짓무름 걱정없이 아기에게 착용할 수 있고옆샘 방지밴드가 높아요 그래서 샐 걱정은 소변 알림마크는 소변을 볼 경우 선이 사라져용 ], 긍정 텍스트 확률 : 95.19%"
"[▲리프가닉 팬티형은 도 허리밴드라서 쭉쭉 잘늘어나요밴드가 쫀쫀하면 아기 배가 쫄리는것 같은 느낌이있는데이 제품은 잘 늘어나지만 꽉 조이지않아 더욱 좋아요 ], 긍정 텍스트 확률 : 87.69%"
"[▲마미포코 리프가닉은 다른 기저귀들과 달리 안쪽 시트가 하얗게 표백하지 않은 자연의 나무색깔을 띄고 있어요 게다가 무표백 안심시트는 깨끗한 환경으로 유명한 스칸디나비아 산이라서더욱 깨끗하고 안심돼요 제가 냄새도 맡아봤는데기저귀에서 본디 나는 석유냄새 ??? 같은 게 코를 찌르지 않아요 ], 긍정 텍스트 확률 : 83.35%"
"[▲스칸디나비아를 연상케 하는디자인이에요깔끔하고 심플하고 오가닉 느낌이 팍팍 ], 긍정 텍스트 확률 : 90.43%"
"[추울때 좋은 음식], 긍정 텍스트 확률 : 84.96%"
"[할인까지 받아 데려왔네요.한봉지당 중량은생각보다 양도 꽤 많더라고요.전 그래서 정도만 사용하고 나머진 유리반찬통에 넣어 냉장보관했어요. ], 긍정 텍스트 확률 : 78.16%"
"[ 떡국떡은 전 집에 있는 걸 사용했지만 혹 없으시다면 곰탕과 함께 구입해 가심 좋을 것 같아요.가격도 착한데 이 역시], 긍정 텍스트 확률 : 82.96%"
"[ 개 구매시추가할인받을 수 있는 홈플러스 할인상품이라 나중에 또든든하게 한끼 해결할 수 있거든요 게다가 떡만두국은 남녀노소 좋아하는 메뉴다 보니가족모임 음식이나 메뉴로 간편하게 조리하기도 좋고요], 긍정 텍스트 확률 : 76.88%"
"[전 가끔 국 끓일때 육수 대용으로 사용하는데 확실히 깊은 맛이 난달까요? 한우곰탕이라 그런가 전혀 비리지않고 국물이 정말 깔끔하면서도 구수한 맛이 나 맛 또한 일품이더라고요.그리고 가끔 급하게 고기를 사용해야할때 해동을 미리 못해놨다거나 마침 국거리 고기가 똑 떨어졌을때 대비용으로도 좋고요 무튼 여러모로 좋아하는 제품이라 추천드려보야요. ], 긍정 텍스트 확률 : 99.74%"
"[그리고 냉동 고기만두도 투하 사이좋게 하나씩 나눠먹으려고개 넣었는데 지금와서야 생각해보니 난 못먹음 범인이 누굴까요? 두개 먹은 범인 .... 심증은 있는데 물증이 없다며아무래도 남편같죠? ㅋㅋㅋㅋㅋㅋㅋㅋㅋ ], 긍정 텍스트 확률 : 75.12%"
"[ 정말이지 요리하기 참 편한 세상이에요 그쵸? ㅋㅋ ], 긍정 텍스트 확률 : 67.48%"
"[ 신선한 남해 시금치가], 긍정 텍스트 확률 : 59.32%"
"[ 한봉에 ], 긍정 텍스트 확률 : 52.84%"
"[생각만해도 군침도네요 히힛], 긍정 텍스트 확률 : 66.15%"
"[끓는물에 숨만 죽게끔 데치고물기가 빠진 후엔 국간장다진마늘소금 조금참기름 깨 로마무리한 후 조물조물 맛있게 무쳐 먹었어요 .씹을수록 단맛이 나 태거스도 뱉지않고 한그릇 뚝딱했고요.잘먹어서 내일은 야채 비빔밥에 도전해볼까 하는데 요 후기와시금치나물 레시피는 나중에 다시 한번 자세히 들려드리도록 할게요. ], 긍정 텍스트 확률 : 61.09%"
"[그리고 여기에 빠질 수 없는 김치], 긍정 텍스트 확률 : 72.80%"
"[새김치가 맛있더라고요.오랜만에 먹어 그런가 무튼 친정엄마께서 맛있게 만들어주셔서덕분에 요즘 매일 돼지런스럽게 먹기만 하고 있네요.엄마 고마워 알라븅 ♡ 히힛 .], 긍정 텍스트 확률 : 60.59%"
"[그나저나 내가 만들었지만 너무 맛있잖아 ㅠㅠ요리꿈나무인데 주부단 된 것 같은 느낌 갑자기 자신감 뿜뿜이고요 ㅋㅋ], 긍정 텍스트 확률 : 94.76%"
"[ 잠실점 홈플러스는 이번주일요일이 휴무일이라 아마 가신다면 오늘 가셔야 하는데요 방문날짜에 어떤 할인상품이 있는지 미리 확인하고 가셔서 득템하시길 바랄게요. ], 긍정 텍스트 확률 : 51.38%"
"[진짜 블랙은 지금부터], 긍정 텍스트 확률 : 51.16%"
"[하면 치킨이 생각날 정도로 가성비 최고라 저희부부도무척이나 즐기는 메뉴인데요 제가 방문했던 어제 하루 ], 긍정 텍스트 확률 : 96.00%"
"[ 원 이더라고요 ㄷㄷㄷ 주말 약속만 없음 무조건 사는데 전부터 약속했던 모임이라 이번엔 눈물 머금고 패쓰ㅠㅠ아쉬웠지만 다음 홈파티 때 푸짐하게 준비하려고 벼르고 있네요.부디 연말에도 이 행사가격에 득템할 수 있길 바라며], 긍정 텍스트 확률 : 99.22%"
"[세계맥주 가격은], 긍정 텍스트 확률 : 72.83%"
"[ 토종닭도 할인중 가격표를 보고 흠칫 놀라지않을 수가 없었는데요이 역시 끝난 이벤트이긴 하나 토종닭을 그것도 ], 긍정 텍스트 확률 : 67.37%"
"[ 원이었어요.찹쌀 듬뿍넣어 닭백숙 해 먹어도 좋고 살만 발라 치킨까스 만들어 먹어도 좋고여러모로 사이즈며 가격이 너무 착해서 짧은 행사기간이 원망스러웠네요ㅠㅠ하지만 이 외에도 엄청난 제품을 믿을 수 없는 가격에 만날 수 있으니 실망은 금물요지금부터 눈 크게 뜨고 주목해주세요 .], 긍정 텍스트 확률 : 89.77%"
"[일단 밥반찬 하기 딱 좋은], 긍정 텍스트 확률 : 74.31%"
"[ 구 한판이 ], 긍정 텍스트 확률 : 81.89%"
"[삼성 카드로 결제시 천원 할인된 가격에 살 수 있더라고요.신선한 특란이라 전 두판 사와 열개는 쪄서 냉장고에 두고심심할때마다 까먹음요 ㅋㅋㅋㅋ 다욧 핑계로 찌긴했는데너무 많이 먹어서 탈이고요 ㅋㅋㅋㅋㅋㅋ 무튼 가족들 반찬하기도 좋고 여러모로 많이 쓰이는 식재료니 이럴때 쟁이세요 ], 긍정 텍스트 확률 : 99.78%"
"[그린그린한게 보기만해도 싱그러워지는], 긍정 텍스트 확률 : 55.14%"
"[ 종을 에 득템할 수 있었어요행사기간은], 긍정 텍스트 확률 : 64.65%"
"[토 바로 오늘까지만이니 이왕 가실거면 좀 서둘러 다녀오시는 게 좋을 것 같아요. 무튼 전 지난주 블랙버스터 때 봉지과자 세박스 득템한거 슬슬 바닥 보이는 중이었던지라 태거스가 좋아하는 브랜드 제품으로이것저것 여러개 골라 담아왔어요 . ], 긍정 텍스트 확률 : 96.85%"
"[캔디가 옛날만큼 값이 싸지 않거든요.가끔 아이가 한번씩 먹고 싶다고 할때 근처 편의점이나 슈퍼가서 사봤는데계산때마다 얼마나 놀랬다고요. 아니 몇개 들어있지도 않은데 가격이 막 삼천원하나에 오천원 막 ㄷㄷㄷ 비싸봤자 천원이겠거니 했는데 아우 요즘 아이들 젤리 사탕 가격도 만만찮더라고요.특히 이제 곧 크리스마스다 아이들 연말 모임이다 간식 준비할 일이 많은데넘 잘됐다며 전 좀 여유있게 종류 다양하게 해서 사왔네요.사가지고 와서는 베란다 맨 꼭대기에 숨겨두고요 ㅋㅋㅋ ], 긍정 텍스트 확률 : 95.11%"
"[립스틱 사탕도 태거스가 좋아하는 거라 맛별로 세개씩 담음요 어제 하나 해치우고 지금 또 하나 해치우고 ㅋㅋㅋㅋ내일 잠실점 홈플러스 휴무일이니 오늘 한번 더 가서 쓸어올까봐요.그리고 그 옆엔 여아들이 가장 좋아한다는 시크릿쥬쥬와 콩순이 사탕도 있었어요.선물세트처럼 포장돼 있어 어린이집 선물하거나 유치원 선물로 줘도 좋을 것 같더라고요 너무 큰 선물은 부담스럽고 아이들은 저런걸 워낙 좋아하니까 이참에 쟁이시라며 ], 긍정 텍스트 확률 : 81.56%"
"[ 오리 페스티벌기간이용해 훈제오리와 불고기로 간편하게 즐기셔도 좋을 것 같아요. ], 긍정 텍스트 확률 : 81.55%"
"[가장 기대가 컸던], 긍정 텍스트 확률 : 60.22%"
"[ 토이블랙버스터도 꼭 들리세요.잠실점엔 층에 위치해있어 태거스 크리스마스 선물 준비할 겸 들렸는데요 인기캐릭터 제품은 크게 반값까지 세일을하고 있더라고요.특히 직수입 역할놀이 장난감들은 워낙에 실패없는. 제품으로 유명해가격이 만만치않거든요. 헌데 이 역시 세일 중이더라고요.거기다], 긍정 텍스트 확률 : 89.16%"
"[무튼 주변에 선물할 사람이 한두명이 아니라 조금은 부담스러웠는데 상품권도 받고 거기다 할인폭도 커서 너무 좋더라고요. ], 긍정 텍스트 확률 : 72.81%"
"[또 하나 ], 긍정 텍스트 확률 : 62.75%"
"[ 만원 상당의 인기 장난감들이 랜덤으로 들어있다고뜯는 재미도 있고 설렘도 있고 무엇보다 가격이 진짜 너무 착하더라고요.토이 럭키박스의 경우타입 모두 ], 긍정 텍스트 확률 : 98.02%"
"[ 원 이란 사실로보트 좋아하는 아들이나 조카있음 빨리 득템해오세요.참고로 완구 럭키박스 종은 선착순 판매다 보니 조기 품절 가능성 있음요.또], 긍정 텍스트 확률 : 67.37%"
"[동물 피규어나 만들기를 좋아해서전 콩순이 카페놀이를 사줄까 생각 중이에요 .그래도 아이 취향이란 게 있어 혹시 몰라 아침에 산타할아버지한테 뭐 받고 싶냐고 물어보니 귀신고래라며그건 어디서 살 수 있지....음........ 그래서 콩순이 장난감 같은 거 주시면 어쩌지?라고 물어보니그럼 자기 너무너무 기쁠 것 같다며 ㅋㅋㅋㅋㅋㅋㅋㅋ눈치 빠른앤데 은근 기대하고 있겠죠? ㅋㅋㅋ ], 긍정 텍스트 확률 : 77.28%"
"[무튼 비싸다는 캐릭터 장난감치곤 할인폭도 크고 신제품들 종류도다양한 편이라 선물 고민이신 분들에겐 지금이 적기가 아닐까 싶네요.], 긍정 텍스트 확률 : 86.29%"
"[ 원 게다가ㄷㄷㄷㄷ원뿔원 저 표시만 보면 일단 무조건 달려가서 확인해보세요.사야지사야지하고 미루고 있던게 이리 신의한수가 될줄이야 ], 긍정 텍스트 확률 : 67.52%"
"[오늘까지만 행사 중인], 긍정 텍스트 확률 : 75.60%"
"[ 도 놓치지마세요마침 제가 쓰는 제품도 있어 개 넉너히 준비했네요.그 외 하기스 기저귀도 신한국민삼성 카드로 결제시할인 중이었어요.이제 막 백일을 앞두고 있는 조카가 있어 이 소식은 빠르게 톡해 알려주었네요], 긍정 텍스트 확률 : 57.47%"
"[지난번 아쉽게 놓쳤던], 긍정 텍스트 확률 : 51.64%"
"[ 창고대방출 상품들도 만날 수 있었어요.나이들면 그릇욕심 생긴다던데 요새 제가 그렇거든요.한동안 눈을 떼지못하고 도자기 할인 코너에서 기웃기웃 만지작 만지작ㅋㅋ쿠션과 활용도 만점 이불도 있어 알뜰쇼핑했네요. ], 긍정 텍스트 확률 : 98.94%"
"[그리고 월 가장 큰 행사 중 하나인 크리스마스를 맞아], 긍정 텍스트 확률 : 83.98%"
"[ 사전 예약세일 이벤트도 진행중이더라고요 .너도나도 닥쳐 준비하는 바람에 케이크없이 지낸날도 많았는데 이번엔할인카드 혜택받아 미리 좀 서둘러 예약해 받아올까해요♡ 아무쪼록 이번달엔 돈들어갈 일이 많아 고민많았는데덕분에 알차고 현명한 소비한 것 같아 뿌듯하네요. 추운날 멀리가지마시고간식], 긍정 텍스트 확률 : 99.35%"
"[ 홈플러스 휴무일 월 쇼핑하라], 긍정 텍스트 확률 : 57.69%"
"[ 가족의 먹거리를 위해서 출동한 홈플러스여태까지 간 것 중에 주차장에 진입할 정도로 이렇게나 사람이 많았던가 싶었는데저처럼 마트행사 소식을 듣고 오신 분들도 꽤 많더라고요그래서 제가 경험한 쇼핑명작 컬렉션 과 더불어우리가 꼭 알아야 할 월 홈플러스 휴무일도 함께 알아보도록 해요우선 휴무일은 조금 후에 하기로 하고 제가 다녀온 서프라이즈 소식부터 함께 합시닷 ], 긍정 텍스트 확률 : 99.27%"
"[마트행사 기간 ...올해 창립 주년을 맞아 지난 월에도 쇼핑하라행사가 진행되었었는데요이번 주 목요일부터 쇼핑하라쇼핑명작 컬렉션으로 다시 돌아왔어요그 당시에 프로모션을 이것저것 많이 해서 쇼핑도 정말 많이 했었는데역시나 이번에도 기대가 큰 거 있죠?곳곳에 이렇게 두둥 크게 크게 적혀 있어서 설레더라고요 ], 긍정 텍스트 확률 : 52.81%"
"[탄산을 좋아해서 자주 즐기는 탄산수 대용량도 단돈 천원이더라고요대박이죠 ], 긍정 텍스트 확률 : 94.41%"
"[ 원이라는착한 가격에 판매하고 있어요휴가철을 맞아서 더욱 불티나게 팔리고 있었어요저희도 휴가 갈 때 다시 들려서 사가지고 가려고요신선의 정석으로 파프리카 새송이버섯 전복 등도 핫한 가격으로 만나볼 수 있습니다행사 품목으로는 지금 가장 맛있는 철인 고랭지 수박도 있으니 참고하세요몽블랑제에서 판매하는 콜드브루 티라미수도 꼭 사 가야지 하고 있네요휴가지에 가서도 근처 매장이 월 홈플러스 휴무일에 해당하는 건 아닌지 꼭 체크해보고 가야겠어요 ], 긍정 텍스트 확률 : 73.54%"
"[가다 보니 헉 이게 말이 돼??라는 가격도 봤어요큰 사이즈의 음료가 무려 원이라니처음에는 제 눈을 의심했을 정도한몫 잡는날으로는 통조림 컵라면 즉석식품 등 개 구매 시할인도 받을 수 있습니다마트행사 대박이죠 ], 긍정 텍스트 확률 : 86.25%"
"[득템찬스행사 품목도 다양한데요기저귀 물티슈 케첩마요네즈 아이스티 등 둘러보시면 곳곳에서 행사 품목을 보실 수 있어요 ], 긍정 텍스트 확률 : 71.11%"
"[먹거리 외에도 생활용품], 긍정 텍스트 확률 : 61.38%"
"[의류 등도 다양하게 할인하여 판매되고 있으니 열심히 둘러보아요여름 더위로 지친 우리 가족 몸보신을 위해서삼겹살], 긍정 텍스트 확률 : 60.11%"
"[ 달달한 고랭지 수박], 긍정 텍스트 확률 : 60.60%"
"[ 몽블랑제 빵], 긍정 텍스트 확률 : 57.16%"
"[ 활전복 등도 꼭 구입해보시길요행사 기간 동안 꼭 사야 하는 추천 아이템은 정말 무궁무진해요이제 본격적으로 월 홈플러스 휴무일을 알려드릴게요 ], 긍정 텍스트 확률 : 69.09%"
"[집에서 차를 타고 분은 가야 위치하고 있기 때문에 항상 휴무일은 꼭 체크해보고 가요근처에 갔다가 그냥 돌아온 경우도 있어서 언젠가 부터는 꼭 챙기고 있지요보통은 이처럼 일요일 일], 긍정 텍스트 확률 : 95.85%"
"[보통은 일요일이지만 수요일 휴무 점포도 개점이 있어요이번 월은 ], 긍정 텍스트 확률 : 57.46%"
"[그 외의 요일에 쉬는 곳도 개점이 있네요안산], 긍정 텍스트 확률 : 68.57%"
"[ 원에 득템할 수 있어요 ], 긍정 텍스트 확률 : 65.29%"
"[물처럼 자주 마시는 탄산수도 집어옴요큰 사이즈도 구입했지만 한 병씩 들고 나갈때도 먹기 좋게끔 작은 사이즈도 구입했어요 ], 긍정 텍스트 확률 : 94.37%"
"[아삭한 아오리 사과 싱싱한 자두 도 집어왔어요요것도 둘 다 천 원대 저렴하죠?집 앞에 있는 작은 마트에서 요 정도 사려면 가격이 훨씬 비싸거든요싱싱함도 좀 떨어지고....항상다녀올 때마다 느끼는 거지만 바로 앞에 살고 싶다 생각이 들어요신선하면서 가격도 좋으니 말이죠 ], 긍정 텍스트 확률 : 97.37%"
"[ 천원의행복도 마음껏 누렸어요안 그래도 집에 떨어진 것들이 많았고 방학을 맞아 애들 간식도 고민이었는데덕분에 자알 쟁였네요고마워요 홈. 플 ], 긍정 텍스트 확률 : 63.89%"
"[절대 놓치면 안 되는 쇼핑하라쇼핑 명작 컬렉션월 일까지 진행한다고 하니 홈플러스 휴무일 월 날짜 체크하셔서대박 쇼핑 찬스 놓치지 마세요 ], 긍정 텍스트 확률 : 88.55%"
"[ 홈플러스로부터 소정의 지원을 받아 본인의 의견과 경험을 바탕으로 작성한 후기입니다. ], 긍정 텍스트 확률 : 51.15%"
"[상봉 키즈카페 홈플러스 상상노리 깨끗하구 좋아요 ], 긍정 텍스트 확률 : 88.39%"
"[안녕하세요 연서맘 깅이입니다몇일동안 위드연서 진행하느라 오랜만에 후기 포스팅이네용ㅎㅎㅎ전 평일 저녁에 연서랑 동네에 리뉴얼된 키즈카페 다녀왔어요상봉 홈플러스 지하층에있는 상상노리예전 키즈카페가 새롭게 오픈했는데 밖에서봐도 깔끔해보이고언제한번 가볼까 하다가 오늘 방문했지요가격은 아이 ], 긍정 텍스트 확률 : 94.02%"
"[생각보다 깨끗하고 관리가 잘 되어있어서 좀 놀랐어요아무래도 다시 오픈한지 얼마안됫고 평일저녁시간이라 사람이 별로없어서더 깔끔해 보였는지도 모르겟지만 청결하게 관리되고 있는거보니 엄마로써 좋더라구요 ], 긍정 텍스트 확률 : 93.19%"
"[여자애들이 좋아하던 니캉내캉놀이 ㅋㅋㅋㅋㅋ마켓존이에요다양한 과일], 긍정 텍스트 확률 : 89.11%"
"[ 야채모형들이 많아서 여자애들이 재밌게 놀더라구요마지막에는 연서도 여기서 잘 놀았어요 ], 긍정 텍스트 확률 : 90.86%"
"[다양한 존이 나눠져있어서 애들이 지루하지않게 놀수있어서너무좋아요저도 시간가는줄모르고 연서랑 놀아줬어요 ㅎㅎㅎㅎ ], 긍정 텍스트 확률 : 97.83%"
"[요기는유아존안에있는 수유실이에요깨끗하게 관리되고있더라구요예전에 다른 키즈카페갓다가 수유실이 너무 엉망이여서 기저귀갈아줄때 너무 찝찝했던 기억이잇어서그런지저는 이런 수유실 관리가 잘된 곳 보면 더 자주오고싶고 그러드라구여ㅎㅎㅎㅎㅎ ], 긍정 텍스트 확률 : 98.62%"
"[ .?일룸일룸.?아코쇼파아코쇼파.?판다아코판다아코너무 귀엽지 않아용?ㅋㅋㅋㅋㅋㅋㅋㅋ ], 긍정 텍스트 확률 : 81.21%"
"[그리고 연서 생애 처음으로 놀이기구도 탓어요ㅋㅋㅋㅋㅋㅋㅋㅋㅋ 분간격으로 운행하는 기차인데연서가 엄청 좋아했어요세번은 탄거같아요....ㅋㅋㅋㅋㅋ칙칙폭폭 엄마도 더 신났음 ], 긍정 텍스트 확률 : 97.43%"
"[볼풀보면 콩콩 거리면서 얼마나 좋아하던지 ㅋㅋㅋ여기있는 미끄럼틀 자꾸 타고싶어해서저도같이 등반?해서 몇번타줫는데 .....ㅋㅋㅋㅋㅋㅋㅋ지금 포스팅하는데 삭신이 쑤신기분...... ], 긍정 텍스트 확률 : 96.66%"
"[넘치는 너의 에너지 ], 긍정 텍스트 확률 : 73.37%"
"[부엌놀이가서 열심히 쇼핑하고 ㅋㅋㅋㅋㅋㅋㅋㅋㅋ계산하고 ㅋㅋ저기 카트안에 다 집어넣는걸 재밌어했어요 ], 긍정 텍스트 확률 : 88.11%"
"[ 원분 초과시 원씩 추가요금 발생어른 무료입장추가요금 받지않음 ], 긍정 텍스트 확률 : 80.00%"
"[개월 미만의 아동경우만 세 이상의 보호자와함께 동반 출입을 해야되요.신장 미만의 어린이까지 받네요. ], 긍정 텍스트 확률 : 56.42%"
"[신발 보관함이 꽤 많고유모차도 밖과 안쪽에 보관 할 수있어요. ], 긍정 텍스트 확률 : 80.87%"
"[아이들의 음료 가격정보. ], 긍정 텍스트 확률 : 55.10%"
"[많은 옷걸이가 준비되어 있어서부모님과 아이옷은 이곳에 척척 ], 긍정 텍스트 확률 : 83.66%"
"[변기칸과 남아용 소변기 개기저귀 갈아주는곳 군데로깔끔하게 관리되어 보였어요. ], 긍정 텍스트 확률 : 96.77%"
"[아빠가 프로를 보는걸 관람했는지샌드백에 주먹을 휙휙하는게얼마나 귀엽던지ㅎㅎ체험동영상은 포스팅의 제일 밑에 공개. ], 긍정 텍스트 확률 : 71.77%"
"[붕붕이 타.. 차를 타라고..위에 관심 갖지마ㅠ ], 긍정 텍스트 확률 : 63.67%"
"[이곳 챔피언의 메인 코스 챌린저코스.이용시간의 매시분으로 분간 운영.아이들의 운동기능 균형감각공간지각 형태인식 관찰력을발달 향상 시켜주는 종합적인 놀이공간. ], 긍정 텍스트 확률 : 53.72%"
"[공중에서 안전끈과 안전모를 착용하고한바퀴 돌고오는 공간. ], 긍정 텍스트 확률 : 69.54%"
"[개월이지만 형과 누나들이 다 체험하고마지막을 기다렸다가 한번 도전해보는 하니.줄을 섰었지만 제일 느릴것을 알기에순서는 제일 끝쪽으로.. ], 긍정 텍스트 확률 : 95.78%"
"[사실은 밑에서 자동차 타다가 보고는해보고 싶다고 계속 요구를..ㅠㅠ ], 긍정 텍스트 확률 : 94.28%"
"[개월 이상의 놀이공간이기에직원분들께 양해를 구하고체험을 해 볼 수 있었어요.두려워하면서 체험해놓고는다시하면 더 잘 할 수 있을것 같았는지또 또 하면서 더 체험해 보겠다고고집을 꽤 부려 실랑이 했었답니다. ], 긍정 텍스트 확률 : 98.56%"
"[복도를 지나가는 길도 심심하지 않아요. ], 긍정 텍스트 확률 : 55.66%"
"[모양도 제각각의 작은공부터 중간공 큰공그리고 골과 농구대 라켓 등이준비되어 있고 여럿이서 뛰어 놀 수있을만큼 공간이 넓직하게 되어있어요. ], 긍정 텍스트 확률 : 93.37%"
"[아이 혼자서는 놀 수 없는 에어슈트볼부모님과 함께 동반하여 놀아주어야되요.아이의 무게가 있어 에어슈트볼이제법 묵직하답니다. ], 긍정 텍스트 확률 : 91.43%"
"[마치 유원지의 다람지통같은 원리로아이가 안에 들어가 안전밸트를 메고앞의 손잡이를 잡으면 힘껏 굴려주세요. ], 긍정 텍스트 확률 : 96.40%"
"[볼풀장은 작은곳 군데와넓직한곳 군대로개의 볼풀로 이루어져 있네요. ], 긍정 텍스트 확률 : 87.96%"
"[플레이존에서는 빠른 속도감의미끄럼을 느껴 볼 수 있어요. ], 긍정 텍스트 확률 : 81.62%"
"[키즈카페와 연결되어 있는 상상블럭은별도매장임으로 따로 요금을 내야체험해 볼 수 있어요. ], 긍정 텍스트 확률 : 63.64%"
"[그래도 제법 아이들이 고사리 같은 손들로집중하면서 블럭체험을 하고있는데어찌나 신기하던지 우리 하니도조금 더 크면 체험하게 해줘야 겠어요. ], 긍정 텍스트 확률 : 91.28%"
"[그래서 난 미소 가득 행복 할 꼬야♡여러군데의 홈플러스 키즈카페를다닌 하니와 저이지만 다른곳과차별화가 되어있어서 좋았어요.비교적 친절한 직원들과생긴지 오래되지 않아서깔끔한 내부가 마음에 들어요.아직은 추운 바람이 부는 겨울.신나게 아이와 뛰어놀아줬네요.이걸로 하니맘의 즐거웠던챔피언 키즈카페 후기 끝 ], 긍정 텍스트 확률 : 97.39%"
"[ 아이주도 이유식원주 홈플러스문화센터 애착형성 베이비캠프 ], 긍정 텍스트 확률 : 50.77%"
"[애교쟁이 처럼혀를 낼름낼름이가 나려고 할때만볼 수 있는하빈이의 특급애교 표정이에요], 긍정 텍스트 확률 : 89.46%"
"[헤어밴드를 안하면..정체성의 혼란이 아들소리 듣는 우리 딸 ㅎㅎ티모시 태어나기 전에갭에서 직구한 올인원 인데..울 하빈이한테는 이제는 완전 딱맞아요..몇 번 못입혔기 때문에일단 단추 잠길때까지는입혀봐야지요. ㅜㅜ ], 긍정 텍스트 확률 : 68.02%"
"[유연한 뽐내는 울 하빈이 차근차근 혼자 앉을 준비와네발로 기어다니기준비를 하고 있어요], 긍정 텍스트 확률 : 84.90%"
"[아이주도 이유식 ], 긍정 텍스트 확률 : 50.77%"
"[하루 두 번 이유식을 하는데보통 오후에는 집에 없을 때가 많아서오전처럼 제대로 먹지 못할때가 많아요ㅜㅜ외출해서 밖에서 먹일 때면아이주도 이유식 하기엔힘들때가 많더라구요그럴땐 밥볼을 싸가서제가 입에 넣어주거나퓨레나 매시 종류를 싸가기도 해요..되도록 시판 이유식은 안먹이고 싶은데..비상용으로 계속 쟁여두게 되네요 ㅎㅎㅎ ], 긍정 텍스트 확률 : 83.89%"
"[요즘 하빈이가 원더윅스 기간인지아니면 이유식 권태기인지..평소보다 덜 먹더라구요밥볼만 자주 해줘 질렸나 싶기도 해서오랜만에 감자 매시볼 등장종류는 빈약하지만..야채], 긍정 텍스트 확률 : 78.79%"
"[ 과일 골고루 들어있어요 ㅎㅎ ], 긍정 텍스트 확률 : 66.47%"
"[ 달걀볼 ], 긍정 텍스트 확률 : 71.56%"
"[무화과는 처음 맛 본 과일인데낯선만에 인상을 잠깐 썼지만꽤 잘 먹었어요 ], 긍정 텍스트 확률 : 80.39%"
"[입맛없을 땐국수가 최고 ㅋㅋㅋ ], 긍정 텍스트 확률 : 84.87%"
"[비싸게 주고 샀는데..별 쓸데가 없어 방치중인 왕관 헤어밴드 해봤어요 ㅋㅋ감자전은 처음 해줬는데 잘먹어서앞으로 종종 출현할 것 같아요], 긍정 텍스트 확률 : 76.45%"
"[격주 수요일은애착형성 베이비캠프 하러 가는 날하빈이보다 엄마가 더 신나는 날이에요 ㅎㅎ외출하는 자체가 신나기도 하지만수업이 재미있어서오늘은 어떤 주제로 아기와 놀게될까기대가 많이 되는 수업이에요 ], 긍정 텍스트 확률 : 99.26%"
"[아기 한명당 두부 한모씩 가지고촉감놀이 하기집에서도 해줄 수 있긴 하지만..뒷정리가 무서워서차마 실행은 하기 힘들죠 ㅎㅎ아.. 우리 하빈이가뜩이나 혼자 홀딱 벗고 있어서웃겻는데..두부 보자마자얼굴 들이박고촉감놀이가 아닌간식시간이 되버렸어요 ], 긍정 텍스트 확률 : 60.70%"
"[와..진짜 무섭게 먹던 울 하빈이.. ㅋㅋㅋㅋ ], 긍정 텍스트 확률 : 97.61%"
"[두부 퍼먹고 있는하빈이를 보니..왕초가 생각나는건 기분탓이겠죠.. 거..거지왕.. 아..아니두부왕..조하빈♥ ], 긍정 텍스트 확률 : 93.10%"
"[각자 놀던 두부한데 모아서촛불켜서생일축하 노래도 불러봤어요 ], 긍정 텍스트 확률 : 61.78%"
"[하빈이가 좋아하는 비누방울 놀이로마무리하기원주 홈플러스 문화센터겨울학기 수강신청이어제부터 시작했는데요애착형성 베이비캠프추천해요♥♥수업내용도 좋지만선생님이 무척 친절하시고아기들이 활동에 잘 참여할 수 있도록유도해주시더라구요하빈이도 이번 겨울학기에또 신청 했어요한파가 몰려와도엄마의 바깥활동은 계속된다.....], 긍정 텍스트 확률 : 99.87%"
"[개월 미만 아가들만 간다는 그 곳에 저희도 가봤어요 ㅎ가기 전에 미리 에약했구요분전에 도착해서 준비운동을 한다고 해요저희는 채이가 자는걸 깨워서 오니라 좀 늦었습니다담엔 안 늦을께요 ], 긍정 텍스트 확률 : 82.26%"
"[자다 일어나 채이둥절방수 기저귀 입히구요 ], 긍정 텍스트 확률 : 58.33%"
"[일단 물 적응 시키기 ], 긍정 텍스트 확률 : 56.38%"
"[다른 친구야들 다 나가고 혼자 물 속에서 신남물 만난 물고기 ㅎㅎㅎ시간이 되서 아쉽게 나왔어요 ], 긍정 텍스트 확률 : 67.57%"
"[저희 채이...사실 미소 천사인데엄마.아빠가 미안해 ], 긍정 텍스트 확률 : 67.70%"
"[근데 엄마 아빠는 귀여워서 신났음 ], 긍정 텍스트 확률 : 74.40%"
"[쏘서 중에 고민이라서 이것저것 태워보고 싶었는데여기는 그런 종류는 두가지 뿐이더라구요아직 이건 발이 안 닿아요 ㅎㅎㅎ ], 긍정 텍스트 확률 : 81.64%"
"[그래도 아래 위로 점프 해주니까 좋아함. ], 긍정 텍스트 확률 : 81.51%"
"[너무 졸려해서 두시간 꽉 안 채우고간지 시간 만에 나왔어요 ㅎㅎㅎㅎ이날 오전부터 너무 바쁜 스케줄이라채이한테 조금 미안했어요 ㅠㅠ그래도 잘 노는거 같아 회 이용권 끊고 왔어요이번주 말고...다음주에 가서 실컷 놀자 채이야 채이 물에서 잘 노는거보니 뿌듯하더라사랑한다 딸], 긍정 텍스트 확률 : 99.35%"
"[응가를 자주안하는데 마사지가 도움이 될까하여암튼 여러이유로 조금 이른시기에홈플러스 문화센터 베이비마사지를 등록하여 다녔어요 총회 수업중 현재 회까지 들었고 다음주 마지막수업만 남았네요 ㅎ결론부터 말씀드리자면듣길 넘넘 잘했다는 생각이 들어요몰랐던 육아정보도 얻었고], 긍정 텍스트 확률 : 86.34%"
"[제대로된 마사지방법도 배웠고 마사지를 해줄때마다 넘넘 좋아하는 아들을 보니 뿌듯하답니다 ㅎㅎ매일매일 후기를 쓰고싶었지만], 긍정 텍스트 확률 : 97.65%"
"[마사지 특성상 양손을 다 사용해야되서 사진을 많이 못찍는바람에 하나의 후기로 퉁칩니다 ㅋㅋ], 긍정 텍스트 확률 : 79.23%"
"[ 홈플러스 문화센터 처음가는날 아기띠매고 갔는데], 긍정 텍스트 확률 : 64.26%"
"[유모차끌고가보니 유모차가 편해서 그뒤로는 쭉 유모차 끌고갔어요유모차가 겨울에는 훨씬 따뜻하고 좋은것같아요암튼 문센룩이 하도 말들이 많길래 첫날은 꾸미고갔는데 개후회 ㅋㅋㅋㅋㅋㅋ 마사지해야되니 옷은 최대한편한걸로ㅋㅋ 이날이후로는 내복입고 다녔슴돠...ㅋㅋㅋ], 긍정 텍스트 확률 : 82.60%"
"[ 홈플러스앞에는 엄마들 모임장소인듯한 카페 ㅋ 카페에 사람 늘 바글바글ㅋㅋ엄마들 문센 전후에 많이들 애용하시는것 같았어요 저는 혼자다녀서 가본적이없음..ㅋㅋ ], 긍정 텍스트 확률 : 77.94%"
"[ 층에 정수기있어서 편하구요조금 불편한점은 수유실이 층이라는거... 문센이 층인데 층에 만들어주지ㅜㅜ 수유실 가봤는데 잘되어있어요칸밖에 없는데 이용하는사람이 많지않은듯했구요전자렌지있고], 긍정 텍스트 확률 : 73.01%"
"[기저귀가는곳 바로옆에 세면대가있어서 좋더라구요 ㅋ ], 긍정 텍스트 확률 : 94.23%"
"[ 선생님이 늘 칠판에 마사지 주요 부위를 적어주신답니다 이거말고 프린트물도 주셔요 그날그날 배운것들 다 적혀있는건데 프린트물 없었으면 바로 다 까먹었을거에요..ㅋㅋ 집에서 복습할때 프린트물이 유용하답니다 ㅋ ], 긍정 텍스트 확률 : 78.70%"
"[복습을 많이했더니 잘외워져서..ㅋ], 긍정 텍스트 확률 : 84.38%"
"[ 두번째 수업부터는 날씨가 추워졌길래 유모차로블랭킷덮고 그위에 패딩워머까지 씌워서갔더니 유모차 안에 공기가 따뜻하더라구요 ㅋㅋ 유모차 끌고오시는분들 많았어요 유모차 주차되어있는거 보이시죵ㅋㅋㅋ], 긍정 텍스트 확률 : 96.68%"
"[ 두번째 수업부터는 편하게 실내복입고 다녔습니당ㅋㅋㅋ 베이비마사지에 예쁜옷따위 필요없습니당..ㅋㅋ 준비물은 깔개와 오일 근데 추워서 주로 옷위에하다보니 오일은 두번만 썼네요ㅋ나머지 번은 그냥 옷위에서 마사지하는거 배우고 집에서할때 오일발라서 해줬어요두번째부터는 신나서 잘노는 겸이 ㅋㅋ ], 긍정 텍스트 확률 : 73.07%"
"[ 사람이 많은날에는 조금 배우기 어려운것도있지만..한사람한사람 로 붙어서 다 가르쳐주시고 시간조금넘어서까지해주시고 좋았어요 ㅎㅎ 뒤로갈수록 어려워서 로 붙어도 까먹는게 많았지만ㅋㅋ 매번 전주에 배운거 복습도해주셔서 도움이 많이됐답니다 ㅎㅎ ], 긍정 텍스트 확률 : 99.17%"
"[ 칠판에 적어주시면 사진찍어와서 보면서 또 복습ㅋㅋ ], 긍정 텍스트 확률 : 89.32%"
"[ 인형으로 시범을 먼저 보여주시면 그때 순서를 먼저 외우는데 울아들 뭐가 그렇게 신기한지 맨날 저렇게 눈까뒤집고 선생님만 보고있어요 ㅋㅋ 이제 슬슬 여기저기 호기심이 많이 생길때라 문센 나와서 이것저것 구경하는것도 좋은것같아요 ㅎ 자기또래 친구들 볼일도 사실 저는 문센밖에 없기도하구요친구들 한명한명 구경하며 신기해하는것 같더라구요 ㅋ ], 긍정 텍스트 확률 : 80.58%"
"[ 문센다닐때 가장 중요한점 잠과 수유처음엔집에서 재워서 깨는 타이밍에 데리고나왔는데 가는데 분정도 걸리다보니도착하면 또 피곤해하더라구요 ㅠㅠ 그래서 다음부턴 잘시간에 유모차 태워서 나오니 유모차에서 분자고 수업들어가니까 말똥말똥ㅋㅋ 잘자고 수업가면 진짜 다른것같아요먹는것도 마사지는 어딘가를 누르는게 많기때문에 수업시작전 시간전쯤에 수유를 하는게 딱좋은것같아요수유한지 분이내면 따라하지말라는 동작들이 많았거든요 ㅎ], 긍정 텍스트 확률 : 84.90%"
"[ 다섯번째 수업 들으러 가는날], 긍정 텍스트 확률 : 59.98%"
"[가슴마사지], 긍정 텍스트 확률 : 85.78%"
"[등마사지엉덩이 까지 배웠고마지막수업은 얼굴마사지 하나하나 다 도움 많이됐던것같아요일정도의 아이들 키우고있따면 베이비마사지 강추하고파용 진짜 도움 많이된답니다 ㅎㅎ 저는 이번주부터는 애착형성 베이비캠프도 들어요 문센 요거 중독이네요 ㅋㅋㅋ 애착형성 베이비캠프는 매주 후기 남기도록 노력해볼게요ㅎㅎ ], 긍정 텍스트 확률 : 97.67%"
"[ 일 아기와 놀아주기부천 상동 홈플러스 베이비엔젤스 아기수영장 리뷰후기 ], 긍정 텍스트 확률 : 64.01%"
"[일 아기와 놀아주기 생후개월 아기와 놀기상동 홈플러스 베이비엔젤스 아기수영장 솔직 리뷰후기 ], 긍정 텍스트 확률 : 70.16%"
"[안녕하세요에이스 안사람이에요오늘 포스팅은모든 육아맘들이라면늘 고민하는.. ], 긍정 텍스트 확률 : 96.37%"
"[그래서 찾아본게 아기수영장아주 어린 아가부터 개월 전 아가까지가능하답니다공주님은 생후개월이거다 싶어], 긍정 텍스트 확률 : 58.30%"
"[ 에이스씨 쉬는날에 바로 방문했답니다ㅎㅎ상동 홈플러스 층에 위치한베이비엔젤스 ], 긍정 텍스트 확률 : 50.90%"
"[ 회는 원이에요회권이 할인혜택이 있네요 ], 긍정 텍스트 확률 : 67.09%"
"[공주님이 좋아하면 회원권을 구매하려해요 ], 긍정 텍스트 확률 : 53.23%"
"[꼭 예약하고 가셔요..시간 분을 홈플러스 쇼핑구경하다가시쯔음 입장료 ], 긍정 텍스트 확률 : 56.05%"
"[ 보호자 방수앞치마도 입었답니다 ㅎㅎ마침 예약이 취소되어개인 수영장 자리도 주셨답니다 ], 긍정 텍스트 확률 : 97.65%"
"[여기가 공주님의 개인 수영장 자리에요 ], 긍정 텍스트 확률 : 82.18%"
"[수영장에 들어가기전에간단하게 따뜻한 물로 몸을 적시도록욕조가 수영장 바로 옆에 마련되어있어요ㅎㅎ수영장 스텝분이 물도 따뜻하게 온도를 잘 맞춰주셨어요 ], 긍정 텍스트 확률 : 99.69%"
"[베이비엔젤스에 오는 큰 이유..투명유리를 통해 사랑스런 내 아이가발을 열심히 움직이며 수영하는 넘나 귀염뽀짝한 모습이 보인다는 것 ], 긍정 텍스트 확률 : 99.63%"
"[거북이와 교감하는 공주님 ], 긍정 텍스트 확률 : 69.28%"
"[수영장 방문 전에는 무조건 낮잠을 많이 재우고와야할 것 같아요ㅠㅠ ], 긍정 텍스트 확률 : 86.42%"
"[아기가 많이 울면어디선가 스텝분이 나타나셔서아기도 달래주고 튜브도 바꿔주세요구세주셨어요 ], 긍정 텍스트 확률 : 61.64%"
"[보행기튜브로 바꿔타고안정을 찾은 공주님 ], 긍정 텍스트 확률 : 50.46%"
"[ 아기들이 없어서공주님 혼자 수영을 즐길 수 있었어요 ], 긍정 텍스트 확률 : 76.04%"
"[점점 표정이 굳더니하품을 하기 시작.. ], 긍정 텍스트 확률 : 97.12%"
"[결국 공주님이 엉엉 울고말았... ], 긍정 텍스트 확률 : 65.43%"
"[공주님도 울고 저도 울고 에이스씨도 울고모두가 울었답니다 ], 긍정 텍스트 확률 : 96.29%"
"[수영전에 장난감 상태도 썩 좋지않은게단점이었어요ㅠㅠ공주님이 물을 좋아함에도 불구하고..체력적인 한계가 있어오래 노는건 힘들고], 긍정 텍스트 확률 : 77.62%"
"[ 생후 개월 정도 되면아기가 재미있게 놀 수 있을 것 같아요저렴한 가격은 아닌지라아기가 조금 커야 비용대비괜찮을 것 같아요.. ], 긍정 텍스트 확률 : 54.31%"
"[결국 회원권은 끊지않고..집에서 물놀이를 즐기는 것으로 결론을 냈답니다.. ], 긍정 텍스트 확률 : 90.67%"
"[부산 연제구 사직동에 위치해있는홈플러스 내부 베이비엔젤스 아기수영장 풀장 다녀왔어요그곳엔 키즈카페도 있었고 목욕시설아기 목튜브 샴푸 바디워시 수건 방수기저귀 싹다 있더라구요 ], 긍정 텍스트 확률 : 82.78%"
"[ 원씩 입니다.저희는 추가로 명더가서총 계산을 천원 했습니다ㅋㅋ ], 긍정 텍스트 확률 : 51.02%"
"[아기 여분의 옷이불카메라보호자 양말안신으면 입장불가음료수는 외부에서 사와도상관없다고 합니다아기 이유식 먹는공간 분유먹는공간은 정해져 있으니 그곳에서먹으면 됩니다 ], 긍정 텍스트 확률 : 84.01%"
"[수영 프로그램은신체발달에도 굉장히 좋구요뇌발달에도 엄청나게 좋습니다.집에만 누워서 욕조있다고 거기서수영하면 발이 닿고 다하고 나오면추워서 감기 걸릴수도 있기때문에전문적인 공간에서 노는것이 현명한선택이지 싶습니다ㅎㅎ ], 긍정 텍스트 확률 : 98.64%"
"[우리아들이 여기도 보고 저기도보고두리번두리번 굉장히 신기해하네요ㅋㅋ이런모습 볼때마다 찡해요기분도 좋구요ㅋㅋ더좋은곳 데리고 다녀야겠죠?동물원도 가고싶은데 아직은 개월도안되서 이른거같아 조금 미뤄뒀습니다.가게된다면 당연히 연지동에 위치해있는삼정더파크로 가야겠지요물티슈 드라이기 수건까지 전부다구비되어있어서 너무나도 편합니다. ], 긍정 텍스트 확률 : 98.52%"
"[준비운동이 끝나게 되면은 그다음단계아이가 놀라지 않도록 처음에는 낮은물에서여러 장난감으로 놀아주며 긴장을 풀어주면서재밌게 놀아줍니다적응 하기 위한 단계죠.갑자기 깊은물에 들어가면 깜짝놀랄수도있고 그이후로 물을 무서워 할수도 있어요그래서 무엇이든지 단계가 있는거죠ㅎㅎ ], 긍정 텍스트 확률 : 99.85%"
"[그리고 목 튜브끼고 한 분정도재밌게 놀아요ㅋㅋㅋ발로차고 여기에갔다가 저기에갔다가누굴봐도 잘웃어주니 ㅋㅋ 어딜가도사랑 받고 있습니다목튜브 밑에는 손수건 한장 깔더라구요이유는 침이흘러서 목이 짓무르는걸방지하는거 같았어요 그리고튜브 마감한곳에 데이면 아프거든요ㅠㅠ사진 왕창 찍어왔어요 ], 긍정 텍스트 확률 : 52.62%"
"[그리고 좀더 놀다보면 울어요ㅠㅠ이제는 다놀았어요 하고 말하는거같죠ㅋㅋ그때 선생님께서 센스있게 튜브로옮겨주십니다ㅋㅋ부모님이 당연히 도와주셔야 됩니다혼자하기엔 아무리 선생님이라고해도실수할수도 있고 힘겹거든요이거타면 또 더울어요ㅋㅋㅋ한분정도 타면 울어요그러고나면 슨생님이 샤워하자고하십니다깨끗히 씻기고 물기다닦아내고 로션바르고머리는 바짝 말린다음에 나갑니다.나오면 추울수도 있어서 감기걸릴수도있으니 꼭 머리는 다말리고 나가주세요저는 참고로 땀범벅이엿어요ㅋㅋ ], 긍정 텍스트 확률 : 81.18%"
"[회전목마 실제로 돌아갑니다ㅋㅋ아이들이 이걸 제일 좋아할줄 알았는데의외로 청소기 유아카트? 그런거끌고 걸어다니는걸 더좋아하더라구요한번씩은 다해봤어요ㅋㅋ쏘서도 해봤고 점핑기구 퐁퐁 그네재밌데요ㅋㅋ ], 긍정 텍스트 확률 : 93.15%"
"[집에서도 몇번타봤는데 아직 익숙하지않아서인지 다리가 안닿아서 그런지수영하고 힘이 들어서 그런지 가만히앉아있더라구요ㅋㅋ조금더 놀아주고 이만 퇴장했습니다.한줄후기진짜 그냥 최고내돈주고 다녀온후기 ], 긍정 텍스트 확률 : 96.57%"
"[홈플러스 주년 기념한달내내 생일파티 세상에 런 이구매후기 ], 긍정 텍스트 확률 : 55.37%"
"[지금 홈플러스에서는 주년기념한달내내 생일파티를 하고있어요안그래도 애정하는 홈플러스인데안가볼수가요], 긍정 텍스트 확률 : 68.89%"
"[헉......생일파티를 즐기러 오신분들너무 많은거 아닌가요], 긍정 텍스트 확률 : 58.47%"
"[저는 여성용품이 필요해서잔뜩 사러왔어요역시 생리대는해줘야 살맛납니다 ], 긍정 텍스트 확률 : 63.88%"
"[ .?원플원원플원 행사는 아주아주 많아요육아맘이 젤 많이 드르는곳기저귀코너와 유아식코너도역시.?원플러스원행사중원플러스원행사중 ], 긍정 텍스트 확률 : 99.03%"
"[한층 밑에 식품매장으로 가보니더욱 살게 많아집니다 ], 긍정 텍스트 확률 : 96.14%"
"[파프리카와 브로콜리는특가판매중계란은 깨알같은 천원 할인중이에요 .?세상에런이세상에런이너무너무 위트있는 할인 ], 긍정 텍스트 확률 : 93.89%"
"[그외에 커피.차 캡슐커피 까지사실 저는 몇날 몇일에걸려 장을 보았어요 ㅋㅋ ], 긍정 텍스트 확률 : 85.99%"
"[생리대 한무더기 사러한번 ], 긍정 텍스트 확률 : 55.08%"
"[아이 어린이집보내놓고여유롭게 또한번그리고행사첫날 우리집 일주일치 식량사러와서 ], 긍정 텍스트 확률 : 89.21%"
"[요 안마기에 뿅반해굳이굳이 신랑도 해보라며 ㅋㅋ체험을 직접 해주며엄청나게 싼값에 구매한다고 신난다고정신없이굴다가영수증잃어버린날...ㅠㅠ 어깨병이 있는저에게 너무나너무나가성비 갑인 제품이에요동생에게 전파시켜줬어요 ㅋㅋ 홈플러스한달내내 생일파티 주년 생일을 진심으로 축하합니다 ], 긍정 텍스트 확률 : 97.53%"
"[ 덕분에 우리집 가계부 ], 긍정 텍스트 확률 : 57.18%"
"[그래도 은 사랑입니다계속해주세요 매달해주세요 ], 긍정 텍스트 확률 : 95.39%"
"[ .?홈플러스한달내내생일파티홈플러스한달내내생일파티 .?홈플러스창립주년홈플러스창립주년.?홈플러스가성비갑홈플러스가성비갑.?홈플러스장보기홈플러스장보기 ], 긍정 텍스트 확률 : 57.47%"
"[홈플러스에서 새로운 앱이 출시되었어요바로.?마이홈플러스앱마이홈플러스앱이번 주년 생일파티를 맞아 홈플러스에서 다양한 행사와 할인이 진행되고 있어서저도 홈플러스 장보러 다녀왔는데마이홈플러스 앱과 사용후기 간단하게 남겨보겠습니다.안드로이드앱 다운 ↓ ], 긍정 텍스트 확률 : 96.96%"
"[회원가입을 하고 로그인을 하면 자신의 이름과포유포인트 보유 쿠폰을 확인할 수 있어요.저도 요새 지갑을 안가지고 다녀서 홈플러스 카드 적립할때 연락처 불렀는데 이제는 마이홈플러스앱에서바코드 보여주며 편하게 사용할 수 있겠네요 ], 긍정 텍스트 확률 : 90.26%"
"[사용가능 포인트를 확인하고 언제 얼마가 적립되었는지도 자세히 볼 수 있습니다.그리고 위에 선물], 긍정 텍스트 확률 : 80.94%"
"[오늘은 나의 하나뿐인 친구이자 블로그이웃인 현쪼님과 부산에 단 두곳뿐인 베이비엔젤스를 방문했다베이비엔젤스는 부산에 롯데백화점광복점과홈플러스 아시아드점 두 곳 뿐인점 참고하시길나는 홈플러스 아시아드점에 방문했다 ], 긍정 텍스트 확률 : 61.26%"
"[그리고 열쇠분실시 원을 내야한다.보호자는 양말 필수회원권이 더 싸니 아기가 어리거나 자주 방문할 경우 회원권을 추천한다. ], 긍정 텍스트 확률 : 60.05%"
"[주말은 회까지인 점과 이용요금을 참고해서 예약하시길 ㅎㅎ우리는 당일예약만 가능하다고 알고있어서 당일 시부터 예약받는다하여 시에 회차로 예약했다. ], 긍정 텍스트 확률 : 74.96%"
"[입구엔 사진엔 없는 캐비넷이 있다.들어오면 이렇게 오른쪽에 쭉 어린 베이비들을 위한 바운서와 쏘서], 긍정 텍스트 확률 : 77.86%"
"[그 옆엔 엄마 아빠 할미 할비 삼촌 이모 고모들이 쉴수있는 쇼파가 마련되어 있다ㅋㅋ ], 긍정 텍스트 확률 : 82.41%"
"[그리고 이렇게 베이비와 유아들을 위한 놀이가 마련되어 있다 우리 사랑이는 주방놀이들을 하나하나 다 만져보고 저기있는 거의 모든 것들을 다 만져보고 온 것 같다이렇게 조금 놀다보니 두시가 되어 바로 수영하실분 입장하래서 입장했다ㅎㅎ입장하면 앉아서 베이비들이 물에서 놀라지않게 가볍게 몸을 풀어준 후 방수기저귀만 착용하고 몸풀기풀에 들어간다. ], 긍정 텍스트 확률 : 70.24%"
"[아기들이 제법 있었는데 사랑이가 제일 컸다ㅠㅠ보통 개월 사이의 아가들이 왔으니], 긍정 텍스트 확률 : 85.19%"
"[ 현쪼님 베이비도 개월이니 사랑이가 확연히 누나임을 느꼈다ㅠㅠ아 그리고 물은 다 따뜻했다.아무래도 베이비들을 위한곳이니 수영하는곳은 추우면 안되니까..더위에 취약한 나로써는 너무너무너무 더워서 땀을 한바가지는 넘게 흘린것 같다ㅠㅠㅎ ], 긍정 텍스트 확률 : 73.96%"
"[그래도 애미는 덥지만 사랑이가 처음하는 물놀이라 걱정했는데 제일 잘놀아줌 ㅎㅎ발장구도 이렇게 치고 기특하군ㅋ ], 긍정 텍스트 확률 : 92.59%"
"[사랑이튜브가 제일 큼ㅋㅋㅋㅋㅋ여기서도 놓치지 못하는 뽀로로사랑..한 풀당 네명정도의 아기가 들어가는 것 같았다.두곳이 있는데 한곳은 목튜브를 하는 베이비들을 위한곳이고 한곳은 이렇게 튜브를 이용하는 베이비들이 이용하고 여기서 낯가림을 하는 베이비들을 위한 인풀도 있다ㅎㅎ작지만 많은 배려가 보여서 좋았다.이렇게 놀고난 후 샤워를 한다.사노산 베이비바스와 로션이 구비되어 있다. ], 긍정 텍스트 확률 : 85.71%"
"[물놀이 후 혀누와 노는 사진이 없어서 물놀이 전 노는 사진으로 ㅠㅠㅎ사랑이는 정말정말 이 곳이 마음에 들었는지 집에 갈 생각을 하지않아서 너무 힘들었다ㅠㅠㅠㅠㅠ사탕 젤리 킨더조이까지 마다하고 더 놀겠다는 아이를 업어들고 데리고 나왔다ㅜㅜ ], 긍정 텍스트 확률 : 85.45%"
"[오늘 너무 힘들었지만 그만큼 알차고 좋은시간 보내서 보람차고 좋은 하루였다.다들 베이비들이 더 크기전에 물 좋아하는 베이비들이랑 한번쯤은 꼭 방문해보시길 바래요보호자가 진땀빼긴 하지만 보람찬곳이랍니다 ], 긍정 텍스트 확률 : 97.90%"
"[•오늘도 내돈주고 내가 다녀온 곳의 리뷰 끝• ], 긍정 텍스트 확률 : 66.71%"
"[ 홈플러스 기저귀유아간식세일후기], 긍정 텍스트 확률 : 61.39%"
"[처음으로 간 홈플러스 기저귀의날왜 사람들은 온라인으로 사는건가 이해가 됨ㅋㅋㅋㅋㅋㅋ ], 긍정 텍스트 확률 : 76.78%"
"[기저귀휑 하긴 하지만 그래도 직원분이 열심히 계속 채워주고 있는 중행사 첫 날이라 그래도 물량이 아주 딸리진 않는 듯 하다 ], 긍정 텍스트 확률 : 87.22%"
"[분유는 만원 이상 구매시 만원 상품권 증정이라아직 여유가 있는 모습 ], 긍정 텍스트 확률 : 68.53%"
"[제대로 전쟁이였던 유아간식 코너ㅋㅋ 전제품 이란 말에텅텅 비었다그나마 이 코너는 조금 여유가 있었던 편........... ], 긍정 텍스트 확률 : 77.93%"
"[아이배냇 것은 꾸역꾸역 조금 남아 있고미리 사두길 잘함인기 좋은 보들면], 긍정 텍스트 확률 : 88.84%"
"[우리 토니는 곡물친구 잘 안먹는데이게 인기가 좋나 봅니다................... 사라짐 ㅋㅋㅋ엄마들 막 뒤에 있는 박스를 꺼내서 발굴 하여 꺼내갑니다 ㅠㅠ ], 긍정 텍스트 확률 : 74.82%"
"[대박....], 긍정 텍스트 확률 : 91.97%"
"[그리고 이라도 되어져있는것만하는거니 잘보고], 긍정 텍스트 확률 : 69.97%"
"[담으면된다... 막 미친듯이 사람들이 담길래 나도 담다가 정신차림..이미집에 과자가 많다.. 에서 너무 천날만날 질러서..근데], 긍정 텍스트 확률 : 60.76%"
"[몽쉘이런것도 엄청 싸다.홈플러스 세일할때 쟁여둬야할듯.. ], 긍정 텍스트 확률 : 75.34%"
"[이다. ], 긍정 텍스트 확률 : 52.09%"
"[대...박.... 정말 라면은 대박이다..], 긍정 텍스트 확률 : 95.52%"
"[후다다닥 담으니 신랑이..정신차리라고....], 긍정 텍스트 확률 : 65.13%"
"[ 기저귀도대박싸다. 기저귀행사는 .일.일까지 ], 긍정 텍스트 확률 : 83.72%"
"[ 천안신방점에 갔는데], 긍정 텍스트 확률 : 51.80%"
"[ 월일 월일 가면 다음날 쉬기떄문에], 긍정 텍스트 확률 : 78.01%"
"[다들 알고 있겠..지..? ], 긍정 텍스트 확률 : 69.10%"
"[특히 직원분이 야채라면은 진짜 행사잘안하는건데], 긍정 텍스트 확률 : 65.16%"
"[안먹어본아이들로 골라담아봤다.], 긍정 텍스트 확률 : 52.92%"
"[완전 좋다. 저렇게 라면을], 긍정 텍스트 확률 : 84.74%"
"[뽀로로와친구들도 담고], 긍정 텍스트 확률 : 63.96%"
"[수세미도 그냥 보여서 담고], 긍정 텍스트 확률 : 53.91%"
"[혹시모를상황에 대비한 하리보], 긍정 텍스트 확률 : 52.29%"
"[하리보도 세일중.], 긍정 텍스트 확률 : 52.86%"
"[햇반 정말 싸다.], 긍정 텍스트 확률 : 50.78%"
"[괜찮아서 홈플러스 기저귀도 한번사봤다. ], 긍정 텍스트 확률 : 90.59%"
"[밴드형이 여행갈때 유용해서 필요한데 ], 긍정 텍스트 확률 : 78.96%"
"[마침있길래 집었는데 샀는데 한팩에 원인데 ], 긍정 텍스트 확률 : 51.80%"
"[ 상품권 만원있어서 사용하고 총 만원정도 결제했는데 정말 넘나 장 잘본것 같아 뿌듯. 신랑도 계산할때 그거밖에 안나왔냐며...ㅋㅋ이렇게나 많이 샀는데.... 거의 카트가 위로 산처럼 쌓여있었음...ㅋㅋ], 긍정 텍스트 확률 : 93.54%"
"[ 후기홈플러스 우수후기 당첨우리아이 영양간식 에이뷰 과일건조칩 ], 긍정 텍스트 확률 : 74.20%"
"[꺄예전에 홈플러스 에이뷰 과일건조칩 체험단으로폿팅했었는데요우수후기 명 중 명으로우수후기 당첨되었어요과일을 잘 먹지않는 딸램이고과일건조칩은 잘 안먹었는데 .?에이뷰괴일건조칩에이뷰괴일건조칩 은 사과 딸기 블루베리 가지 다엄청나게 잘 먹었어요찡찡거리다가도 주면 조용외출해서도 주면 얌전체험단 하면서이렇게 계속 구입하게되는 제품도흔치않은데 벌써 번째구입했어요 ], 긍정 텍스트 확률 : 96.75%"
"[ 원권이걸로 또 딸램간식사면 끝이겠죠? ], 긍정 텍스트 확률 : 66.82%"
"[워낙 자주 가는 홈플인데너무 기분 쫗아요 ], 긍정 텍스트 확률 : 75.41%"
"[지금 홈플러스기저귀 유아간식 단일간.....서두르세요그럼오늘도 다들 좋은하루되세요 ], 긍정 텍스트 확률 : 86.26%"
"[오늘도 날씨가 추워서 유모차 대신택시 타고 갔다왔는데오는길에 기절한 유니...데리고 온다고 엄청 힘들었음 ㅠㅜ ], 긍정 텍스트 확률 : 89.69%"
"[홈플러스 유성점 문화센터꼬망세설탕놀이 수업을 듣고 왔어요 집에서도 틈만나면 밀가루반죽놀이 하는데 설탕놀이도괜찮은거 같아요 ㅎㅎ ], 긍정 텍스트 확률 : 95.60%"
"[ 과일과 까까밖에 모르는아이들 ㅎㅎ 그래도 열심히 그려 보아요 ], 긍정 텍스트 확률 : 91.65%"
"[ 미니 절구각설탕 으로설탕 탐색전을 했어요 ㅎㅎ너무 딱딱해서 잘 안됫지만그래도 신기해 하는 모습에 뿌듯 ], 긍정 텍스트 확률 : 86.41%"
"[여유옷을 가져가지 않아서 괜찮겠지 ..했는데 큰일이 생깁니다... ㅎㅎ 정신을 차리자 ], 긍정 텍스트 확률 : 88.16%"
"[확실히 형아들이 잘 하긴 하더라구요 그리고첫 타임 수업이여서 좋았어요 ㅎㅎ], 긍정 텍스트 확률 : 92.25%"
"[자이제 촉감놀이가 본격적으로시작해요 ㅎㅎ 그래도 촉감놀이는 다양하게집에서 해본적이 있어서크게 겁내지 않아서 즐겁게 놀다 왔어요 ㅎㅎ ], 긍정 텍스트 확률 : 88.09%"
"[모형으로 되어있는 달콤한케익과 빵들을 가지고 놀았는데엄마한입 그래도 챙겨 주네요ㅎㅎ고마워...], 긍정 텍스트 확률 : 88.67%"
"[ ㅋㅋ대신 집에와서 코알라팔스 어린이종합비타민으로 바꿔서 먹었어용 ㅎㅎ안심하고 먹는 아기멀티비타민코알라팔스비타민 ㅎㅎ], 긍정 텍스트 확률 : 88.13%"
"[마무리 춤과 인사를 하고집으로 슝다행히 즐겁게울지않고 마무리 하고 와서다행 이였어요 너무너무 ㅎㅎ수업도 어느정도 만족하고집에서 잘 못할땐 이런수업은좋을꺼 같아요 ㅋㅋㅋ ], 긍정 텍스트 확률 : 98.72%"
"[ 풀잎아이 오감놀이 ㅣ아시아드 홈플러스 문화센터 수업추천 풀잎아이 후기 신단아강사님 ], 긍정 텍스트 확률 : 89.57%"
"[풀잎아이 오감놀이 돌 아기가오감촉감놀이로 좋아해요 ], 긍정 텍스트 확률 : 87.66%"
"[아시아드 홈플러스 문화센터풀잎아이 오감놀이 신단아 강사님이예요얼굴도 이쁘신데 목소리도 진짜 이뻐요ㅎㅎ아이들을 예뻐하시면서 수업하시는게느껴진답니다♡ ], 긍정 텍스트 확률 : 99.73%"
"[알록달록 예뻐서 사진찍기도 좋아요 ], 긍정 텍스트 확률 : 95.29%"
"[아기들 한명한명 터치해주면서 수업해주시는풀잎아이 오감놀이 신단아강사님 ], 긍정 텍스트 확률 : 66.14%"
"[회차나 회차 수업 후에는선물을 줘요이번엔 풀잎아이 오감놀이 똑닥단어카드예요신기하게 똑딱소리를 내고 카드를넘기면 아이들이 순간집중을엄청 잘한답니다 저도 이 똑딱카드로 리산이랑 집에서 똑딱놀이 많이했어요 ], 긍정 텍스트 확률 : 52.01%"
"[풀잎아이 오감놀이는 일단단계가 있어요첫번째 악기놀이두번째 메인 오감놀이세번째 오감놀이에서 더 재미있게 놀 수 있는소품 .요렇게 주신답니다 ], 긍정 텍스트 확률 : 79.56%"
"[풀잎아이 오감놀이두번째 메인 촉감놀이예요오늘은 녹두를 가지고 목욕했어요처음엔 녹두만으로 알의 느낌촉감을느껴봐요 ], 긍정 텍스트 확률 : 67.54%"
"[유투브에 풀잎아이 시작할 때 노래 비눗방울 불어주실 때 노래끝날 때 노래랑 수업영상이 있어서 올려봐요ㅎ음원도 주시는데집에 플레이어가 없어서 흪ㅜㅋㅋㄱㄱ암튼 홈플러스 아시아드 문화센터 수업풀잎아이 오감놀이 추천해요 ], 긍정 텍스트 확률 : 94.68%"
"[ 원이예요개당 원이예요가격이 싸진 않아요..급하니까 산것 ㅋㅋㅋ제조원 ㅡ 주세한판매원 ㅡ 홈플러스주 랍니다 ], 긍정 텍스트 확률 : 56.17%"
"[허리 부분노란 소변줄이 있구요특대형이라고 되어 있지요토끼그림이 있네요 ㅎㅎ ], 긍정 텍스트 확률 : 92.67%"
"[여기는 배부분이예요위에라고 되어 있어요 ♡라고 프린트 되어 있는데요직역하면..나의 소중한 아기를 위한..뜻입니다], 긍정 텍스트 확률 : 58.54%"
"[허리 테이프 부분이예요곡선 처리되어 있어요], 긍정 텍스트 확률 : 61.36%"
"[집앞에 간단리 산책하다 아무 생각없이들어간 홈플러스 ㅋㅋ친정에서 걸어서 분정말 아무 생각없이 나왔기에 기저귀랑손수건도 없이 나왔는데우리 아들내미가 홈플에서멋지게 응가를 뙇 해주셨음그래서 급하게 기저귀를 샀는데한번쯤 사용해 보고프게 생긴홈플러스 상품 사용매에 얼마 했던거 같은데장당 약 원 정도소셜에서 핫딜에 메이져 기저귀 사는거랑가격이 별만 다르지 않기에 가격면에서는 그냥 그랫음하지만 나처럼 급한맘에 저렴이를사야한다면 이럴때나 이용할듯 ], 긍정 텍스트 확률 : 99.77%"
"[디자인도 나쁘지않고저 글귀 맘에든다나의 소중한 베이비♥️ ], 긍정 텍스트 확률 : 91.83%"
"[이유식이나 아기먹거리도 이라서 이참에 크게 장보고 가족의 날을 여유있게 시작해봅니다. ], 긍정 텍스트 확률 : 60.40%"
"[ 아빠 찬스 이용해서 상자 쟁여두기 이제부터 여유있게 배변훈련 다시 돌입하자. 기저귀 하나로 또 이렇게 기분이 좋아지다니 하하하], 긍정 텍스트 확률 : 96.74%"
"[ 아이와 여행가면 꼭 사가는 아기 보리차 해열제나 간단한 상비약은 챙겨가지만 역시 아이가 아플땐 미지근한 보리차가 최고 상비약이었던 기억으로 꼭 챙겨가는데 이번 여행에서도 부탁한다 ], 긍정 텍스트 확률 : 99.83%"
"[ 마지막으로 엄마에게 필요한 생리대 생리대는 무조건 마트에서 행사할때 사는데 까진 바라지도 않고 덤이면 충분하다 싶었는데 생리대도 홈플러스 초특가 행사에 감동이랍니다.], 긍정 텍스트 확률 : 99.17%"
"[기저귀는 역시행사가 최고], 긍정 텍스트 확률 : 92.80%"
"[이유식이 필요하다면 지금 시작하기 ], 긍정 텍스트 확률 : 75.31%"
"[본포스팅은 홈플러스로부터 제품 구매비용을 지원받아 작성한 개인적인 후기입니다.], 긍정 텍스트 확률 : 67.62%"
"[스토리ⓒ와 함께 오늘도 행복하세요.], 긍정 텍스트 확률 : 98.18%"
"[월 일 일 까지 홈플러스기저귀.?홈플유아용품세일홈플유아용품세일 ], 긍정 텍스트 확률 : 57.32%"
"[홈플러스에서 베이비키즈클럽 행사가 있었어요.분유도할인이유식. 유아과자 .기저귀 .이 좋은 기회를 놓칠순 없죠 ], 긍정 텍스트 확률 : 60.31%"
"[음.. 그런데.. 우리 별이도 득템했네요?ㅎㅎ 집에 돌아가는 길.. 정말 신이난 별이였습니다 ], 긍정 텍스트 확률 : 87.46%"
"[본 포스팅은 해당업체로부터 제품을 받아 직접 체험한 후기입니다. ], 긍정 텍스트 확률 : 59.55%"
"[몇일전에 홈플러스 전단지받고 알게된기저귀핫딜오늘부터 진행해요기저귀 외에도 육아용품 및 수유용품 ], 긍정 텍스트 확률 : 78.16%"
"[기저귀 행사는 오늘부터 .수 까지만 해요], 긍정 텍스트 확률 : 62.21%"
"[인당 개구입 제한있어요 ], 긍정 텍스트 확률 : 51.60%"
"[하기스 중에서는 네이처메이드가 젤 좋더라구요 ], 긍정 텍스트 확률 : 87.92%"
"[베페보다 더 싸요ㅠㅠ], 긍정 텍스트 확률 : 53.31%"
"[육아 중 당충전 해야해서달달구리도 빼놓을수 없죠어제 문센간김에 장을 본지라정말 필요한것만 샀네요 ], 긍정 텍스트 확률 : 74.03%"
"[직접 구입하여 작성한 후기입니다 ], 긍정 텍스트 확률 : 71.66%"
"[ .?가좌동파운드가좌동파운드.?미국식바베큐미국식바베큐친구는 이태원에서 위와비슷한 바베큐플래터를 먹으려고 시간반을 기다렸다고 한다 난........... 아무도없는 식당에서 대낮에 남편과 아기와 명이 오순도순 먹었다 친구가 보내준 식당보다 고기양이 배는 많은듯 하다 그래서 우린 남겨서 포장해왔다 다음엔 고기단품메뉴를 시켜야지가게위치가 애매해서 그렇지], 긍정 텍스트 확률 : 94.42%"
"[구월동에 있었으면 대박났을 가게인듯 느낌있다 메뉴도 좋구 아파트 이사가면 햄버거 먹으러 자주가야지 밤엔 좀 분위기있을라나?소문많이나서 핫한 사람들이 많이 가주야 할텐데 말이다 ㅋㅋㅋㅋㅋ ], 긍정 텍스트 확률 : 82.53%"
"[엘베도없는 낡은상가건물 층에 있지만분의 여자의사선생님이 계시고 아주머니 간호사분들이 계신 소담하고 작은 소아과 뭐라고표현해야하지... 대후반 대 선생님들을..], 긍정 텍스트 확률 : 53.62%"
"[도화동에선 인기있는 소아과라서 오전엔 미어터진다그래도 고은보단 덜 붐비려니 싶다], 긍정 텍스트 확률 : 96.43%"
"[도화동에서 년반동안 우리키키 정말 가까워서 잘 다녔던 소아과 뉴스테이 이사가면 다시 도화연세로 오려한다 맘카페에서는 간호사쌤이 불친절하다느니 의사샘 두분중에 한분만 좋다느니 후기들이 있는데], 긍정 텍스트 확률 : 99.15%"
"[도화연세소아과 의사샘 분다 좋으심], 긍정 텍스트 확률 : 81.69%"
"[결론적으론], 긍정 텍스트 확률 : 51.25%"
"[난 복잡한 큰병원 싫어하는 스탈이라 도화연세소아과 좋아함], 긍정 텍스트 확률 : 96.09%"
"[한스푼빵집옆에 사랑약국 강추추추추추추추강아지약도 팜 ], 긍정 텍스트 확률 : 77.61%"
"[홈플러스기저귀 간식 세일시작됨], 긍정 텍스트 확률 : 61.60%"
"[매번 행사하는 간식도 조금씩 다른데], 긍정 텍스트 확률 : 53.78%"
"[아넬라도 원뿔이니 달려야한다], 긍정 텍스트 확률 : 53.77%"
"[어른먹는 과자 덤벼서 먹는건 잘하는데.. ], 긍정 텍스트 확률 : 97.14%"
"[.......아쉽다 ], 긍정 텍스트 확률 : 51.64%"
"[기저귀는 팬티기저귀기준으로 원뿔하니 개당 원쯤이던데], 긍정 텍스트 확률 : 61.82%"
"[그래도 구매해봤다 ], 긍정 텍스트 확률 : 69.84%"
"[ 오히려 아기과자보단 과일을 정말 잘먹는 키키 그리고 밤도 잘먹는다대신 비타민환장하고 어른과자환장하는건 안비밀], 긍정 텍스트 확률 : 99.16%"
"[목감기 초기증상이라던데], 긍정 텍스트 확률 : 50.47%"
"[홈플러스몰 기저귀 행사중], 긍정 텍스트 확률 : 67.40%"
"[이럴때 쟁여둡시다 ], 긍정 텍스트 확률 : 85.99%"
"[ 도 그렇고 홈플러스에서도 연락이 왔는데 기저귀 가격으로 판매중이란다.물론], 긍정 텍스트 확률 : 76.26%"
"[다른 유아용품들도 반값 내지 저렴하게 할인 행사중이었는데], 긍정 텍스트 확률 : 81.38%"
"[다시 흥폭발.역시... 흥이 모두 방전된거였어.자기 좋아해주는 사람들 투성이니까], 긍정 텍스트 확률 : 89.23%"
"[이건 ㅋㅋ 여름이 조울증 관련 포스팅.동영상이 귀엽다. 이것도 한번 봐달란 소리야... ], 긍정 텍스트 확률 : 54.78%"
"[그리고 동탄 엔터식스 홈플러스.유모차를 대여했는데], 긍정 텍스트 확률 : 55.63%"
"[그리고 당당하게 기저귀 득템해서 나옴.밤기저귀로는 최고라는 펨퍼스 기저귀.이 펨퍼스 기저귀를 우연하게 몇장 써볼 계기가 있었는데], 긍정 텍스트 확률 : 80.03%"
"[ 모두 실패다. 흡수력도 별로고 새기도 자주 새고. 역시 비싼게 좋은가봉가. ], 긍정 텍스트 확률 : 50.68%"
"[그리고 엔터식스 건물에 있는 동탄 빌리엔젤.좁은 매장과 달리], 긍정 텍스트 확률 : 74.91%"
"[인테리어가 고급져서 몇번 지나다니면서 눈여겨 봤던 곳이다.아기 의자 있으면서도 커피가 괜찮은 집 찾으려는데 참 없다..결국 엔터식스 건물로 들어왔는데], 긍정 텍스트 확률 : 98.17%"
"[어머.아기의자 색감보소.아기의자가 너무 예뻐서 이 의자가 뭐지 하고 찾아봤더니], 긍정 텍스트 확률 : 71.16%"
"[ 국민 아기의자라는 스쿠스쿠였다. 색감 너무 취향저격.벨트가 없는 대신에 아기가 앞이나 옆으로 쓰러지지 않도록 가슴지지대가 있다.참신한 아이디어. 등판도 굴곡이 있어서 아기가 편하게 앉을 수 있게 설계 되어 있고좌판이랑 발받침의 높이 조절이 자유로운 덕에 아기부터 성인이 되서도 쓸 수 있다고는 되어 있다.ㅋㅋㅋ 과연 성인까지 쓸 수 있을진 모르겠지만], 긍정 텍스트 확률 : 91.67%"
"[사이즈가 벤티 사이즈라 믿고 먹을만 함.커피 맛도 좋고 주문한 메뉴들 모두 맛이 괜찮았다는 평. ], 긍정 텍스트 확률 : 92.72%"
"[월 마지막 할인행사 ], 긍정 텍스트 확률 : 75.55%"
"[잇님들 안녕하세요이번달도], 긍정 텍스트 확률 : 65.76%"
"[ 기저귀 할인 행사는 계속됩니다 하지만 아쉽게도 포스팅이 늦어졌네요 ㅠㅠ기간은], 긍정 텍스트 확률 : 63.24%"
"[ 일까지입니다아직 구입전이시라면 서두르세요], 긍정 텍스트 확률 : 65.39%"
"[군등...제품 또한 여러가지로 골라쓰는 재미가 있답니다], 긍정 텍스트 확률 : 84.47%"
"[항상 구입하려고온라인마트를 수시로 들어가보면 ], 긍정 텍스트 확률 : 77.16%"
"[ 재고가 있는 경우가 종종있어요또한 품절인지 여부 확인차 ], 긍정 텍스트 확률 : 66.22%"
"[ 아는 언니가 소아과 여기로 다닌다는 말이 생각나서 검색해 봤더니 일요일에도 열길래지푸라기라도 잡는 심정으로 다녀옴 ], 긍정 텍스트 확률 : 81.66%"
"[ 움짤 첨 만들어봄ㅋㅋㅋㅋ시우는 전에 다니던 초앤유소아과에서기저귀발진으로 왔다고 하니이건 발진이라기 보다는바이러스 뭐에 땀띠도 살짝 있다고리도맥스를 지난주 금요일에 하루 두번 바르라 처방받고금요일 저녁부터 일요일 이른 아침까지 발라줬음결과는 대참사바르면 바를수록 날이 갈수록 더 심해지는 기분탓에다녀온 플러스소아과에서는기저귀발진인데 더 진행되서 곰팡이균으로 번졌다고..결론적으로 초앤유 의사가 오진을 내린거였음..하.... 희귀병도 아니고 진짜 장난하나..개빡치고 눈물나고..우리 딸랑구 피부 진짜 어쩌나 싶고..찾아가서 멱살이라도 잡아 끌어내야 하나 싶고ㅡㅡ그래서 리도맥스를 발라도 안듣는다고 하소연하니플러스소아과에서는 엘린플러스라는 연고를 처방해줌애기엄마들 사이에서도 별로 안쓰는건지너무 처음 들어봐서 의심되는 맘에괜찮냐니 괜찮으니 소아과에서 주는 거 아니냐고그건 맞는 말인데...또 의심이 되서약국가서 약사님께 이 약에대해 물어봄리도맥스에 곰팡이세균성 치료제까지 합쳐진거라고..그냥 내 멋대로 쉽게 생각하기를스테로이드항생제 연고라고 생각했음집에오눈길에곰팡이세균을 폭풍 검색하니까발진에서 번진경우가 흔한 것 같았다..근데 눈에띄는 이야기들이ㅡㅡ곰팡이세균엔 리도맥스를 바르면 더 번지고 심해진다고하놔 초앤유 의사 나와라 진짜..일단 삼일만 발라두 거의 낫는다는 말에일욜 저녁부터 지굼 월욜저녁까지 일단 발라준 결과붉은기가 살짝 가라앉은둣 하기도 하고ㅠㅠ애매함... 암튼...더 써보고 이 포스팅에 덧붙여또 후기를 올리겠음ㅠㅠ너무 속상하다... 내가 이런 포스팅을 할 줄이야일단 지금 쓰고있는 엘린플러스 바르고 다 나으면초앤유 오진한 의사 찾아갈 생각ㅡㅡ진짜 저런 쉬운질병도 오진내리다니....끔찍하다..다시는 거기 안갈거야 ], 긍정 텍스트 확률 : 64.11%"
"[ 홈플러스 주년 기저귀세일], 긍정 텍스트 확률 : 58.40%"
"[월일부터 월일까지 일주일동안 하기스], 긍정 텍스트 확률 : 61.09%"
"[기저귀 말고는 살게 많지 않지만 ], 긍정 텍스트 확률 : 64.41%"
"[아침에 마라톤 대회를 다녀온 후 점심 먹고 바로 출발..왠지 기분이 이상했다. 이미 노원 아주머니들이 한번 휩쓸고 갔을 것 같은 불길함이 뇌리에 스쳤다. 결혼 후 년 동안 살면서 홈플러스를 들어갈 때 한 번도 기다린 적이 없었는데 주차장 입구 여 미터 앞부터 정차 되어 있었다. 이런 ], 긍정 텍스트 확률 : 99.76%"
"[근무하시는 여사님께 물어보니 마치 영화처럼 오픈하자마자 카트와 함께 돌진해 박스째로 들고 갔다는 아주머니들이 많았다는.. ], 긍정 텍스트 확률 : 77.04%"
"[오호 그런데 머리를 숙여 안쪽에 살펴보니 박스째 그대로 진열되어 있던 것이 아닌가 ㅋㅋ재수 ], 긍정 텍스트 확률 : 64.36%"
"[간식과 기저귀까지 미션 클리어이젠 내 간식도 좀.. 아직 초등학생 입맛을 벗어나지 못해 ㅠㅠ 과자 코너를 어슬렁 거려본다. ], 긍정 텍스트 확률 : 73.27%"
"[모든제품을 계산하고 영수증을 확인해보니 총 ], 긍정 텍스트 확률 : 73.77%"
"[ 원을 할인 받았다 ], 긍정 텍스트 확률 : 51.98%"
"[집에 도착한 후 오늘 구입한 건우 간식들을 보니 흐믓한 미소가 절로 지어진다 ], 긍정 텍스트 확률 : 61.24%"
"[한동안은 간식 걱정 없이 지낼 수 있겠다 ㅋ ], 긍정 텍스트 확률 : 82.12%"
"[ 많이사셨네요 다음에 가시면꼬꼬네통치즈돈까스 드셔보세영맛있습니당♥], 긍정 텍스트 확률 : 99.70%"
"[담에 먹어봐야겠어요 감사합니다], 긍정 텍스트 확률 : 87.71%"
"[님의 꼼꼼한 후기 덕분에 담번에 줌마켓 이용시에 유용할것 같아요], 긍정 텍스트 확률 : 51.30%"
"[도움이 되었다고 하니 기분이 좋네요], 긍정 텍스트 확률 : 82.23%"
"[안녕하세요. 지우프랜즈입니다. 이쁘고 귀여운 비니 판매업체는 지우프랜즈랍니다 쌀쌀한 날씨에 따뜻하고 이쁘게 잘 사용하세용감사합니다♡], 긍정 텍스트 확률 : 99.49%"
"[사장님도 친절하시고 제품고 너무 이뻤어요 이쁜 제품 감사합니다], 긍정 텍스트 확률 : 97.97%"
"[ 요즘은 인터넷으로사는것이 조금더싸요마트보다는요], 긍정 텍스트 확률 : 94.74%"
"[배달되요만이상 젖가락싸이트에서 익산지정해주고 배송 다른거받았어요 배송시작한지 얼마안됐대용], 긍정 텍스트 확률 : 68.94%"
"[행복쿠키 헐ㅋㅋ 저는 배달되는거 오늘 처음 알았어요ㅠㅠ], 긍정 텍스트 확률 : 83.61%"
"[김제 홈플러스도 괜찮아요 ㅎ김제는 차도 안막히고요 ㅎㅎ], 긍정 텍스트 확률 : 88.89%"
"[오오 감사해요. 좋은 정보네요. 기저귀 필요했는데.. 저도 장바구니에 쏙쏙], 긍정 텍스트 확률 : 97.86%"
"[우왕감사요ㅎㅎ], 긍정 텍스트 확률 : 73.91%"
"[깡깡맘식사맛있게 하세요.♡], 긍정 텍스트 확률 : 62.06%"
"[소중한황금마미], 긍정 텍스트 확률 : 78.88%"
"[모든 기저귀 다 포함된다고 했어요 근데 어제까지가 마지막이었네요 ㅠㅠ], 긍정 텍스트 확률 : 93.99%"
"[헝 ㅜㅜㅜㅜ 오늘 홈플 다녀왔는데 알았더라면 사재기 했을텐데 너무 아쉽네요 ㅠㅜ], 긍정 텍스트 확률 : 65.86%"
"[ㅎㅎ 그러게요 진짜 아쉽당 나중에 또 한다고 하더라구요 정확한 날짜는 잘 몰라요], 긍정 텍스트 확률 : 72.78%"
"[저예요ㅋㅋㅋㅋ잘 다녀오셨어용저도 곧 또 사러가야죵], 긍정 텍스트 확률 : 77.75%"
"[ 우앙 당연히오류라 취소되겠거니 하고 안샀는데 아쉽네요 ㅋㅋ 개이득], 긍정 텍스트 확률 : 65.80%"
"[후기궁금했는데ㅋㅋ그래도오천원쿠폰획득하셨네요ㅋㅋ], 긍정 텍스트 확률 : 65.86%"
"[아..적응해야겠네요ㅎ], 긍정 텍스트 확률 : 69.98%"
"[팬티형과 밴드형이 다르군요], 긍정 텍스트 확률 : 62.32%"
"[저도 처음에 엄청 당황했는데 금방 적응하실 수 있어요 ㅎㅎ 팸퍼스가 워낙 얇아서 젖으면 몰캉몰캉 느낌 금방 알 수 있어요 ㅋㅋ], 긍정 텍스트 확률 : 96.74%"
"[점점 적응해야겠네요ㅎ밤이 걱정이긴한데 금방 알수있겠죠ㅎ], 긍정 텍스트 확률 : 75.87%"
"[오옷 홈플 하는군요 팬티도하나요 혹시..?], 긍정 텍스트 확률 : 52.59%"
"[밴드형 까지는 봤는데 팬티는 확인못했네요ㅠㅠ], 긍정 텍스트 확률 : 56.48%"
"[ 은 생각없이 쓰기에 좋아요월쓰고 만원까지 적립에카드라운지], 긍정 텍스트 확률 : 88.97%"
"[커피잔 등에 각종 무료주차 등 좋아요마일리지카드보다 낫죠], 긍정 텍스트 확률 : 75.63%"
"[티빈주유는마일 적립이던데 안좋은건가요..? ㅠㅠ], 긍정 텍스트 확률 : 58.86%"
"[쥬니맘마주유쪽은 리터당 은 기본이고 더적립되는카드도 많아요], 긍정 텍스트 확률 : 74.94%"
"[티빈감사합니다 그럼 리터당 원 적립되는 구이훨씬 이득이네요 ㅜㅜ], 긍정 텍스트 확률 : 69.68%"
"[티빈넹 감사합니다], 긍정 텍스트 확률 : 84.51%"
"[ 핫딜 정보 감사해요], 긍정 텍스트 확률 : 84.51%"
"[ 저신생아용 이번에썼는데 좋았어용], 긍정 텍스트 확률 : 61.09%"
"[송탄이에요팬티는 여아만 거의 남아있어요온라인에서도 하는데 다 작은거말고는 품절이네요], 긍정 텍스트 확률 : 77.08%"
"[아 감사합니다], 긍정 텍스트 확률 : 85.53%"
"[팸퍼스 쭉 썼고요.군 최근 쓰네요.팸퍼스는 진짜 좋은데 비싸고군은 가격대비 괜찮아서 군으로 갈아탔어요ㅎㅎ], 긍정 텍스트 확률 : 80.47%"
"[팸퍼스요. 흡수력 좋아요. 둘째 아둘램부터 셋째 딸램 쓰는데 발진없이 잘 쓰고 있어요.], 긍정 텍스트 확률 : 96.44%"
"[보솜이 괜찮고 토디앙도 나쁘진 않았어요], 긍정 텍스트 확률 : 70.15%"
"[네 저도 몇달전 공시 시작부터 기다렸는데 ㅎㅎ 오늘 번 손님이 될줄은.. ㅋ], 긍정 텍스트 확률 : 99.29%"
"[오 굿정보 감사해요여기에 영유아검진가야겠어용여기 혹시 전번좀 두세용♡♡♡♡♡], 긍정 텍스트 확률 : 94.16%"
"[전화해봤어요? 영유검진 저도 갤 되면 하는데 여기서 해야겠어요 ㅎㅎ], 긍정 텍스트 확률 : 76.77%"
"[예방접종실이따로있는거좋은데요?], 긍정 텍스트 확률 : 74.62%"
"[안그래도 오늘 큰녀석때문에 가봐야겠다 생각했는데 정보 감사합니다], 긍정 텍스트 확률 : 90.50%"
"[오늘 다녀오셨어요? 민규가 어디 아픈가요?], 긍정 텍스트 확률 : 67.36%"
"[ 오 좋은정보에요. 저도 주문할 때 됐는데 들어가볼게요 ], 긍정 텍스트 확률 : 98.75%"
"[오아 진짜 좋은 정보 감사해요], 긍정 텍스트 확률 : 95.81%"
"[ 너무 유익한시간같아요 태교도되고 재미도있구용], 긍정 텍스트 확률 : 85.21%"
"[맞아요 ㅎ엄마가 즐거운 태교였어요], 긍정 텍스트 확률 : 98.29%"
"[재밌어 보여요], 긍정 텍스트 확률 : 79.87%"
"[쿠킹클래스가 많이 열렸으면 좋겠어요 ㅎ], 긍정 텍스트 확률 : 96.09%"
"[쿠킹클래스 부러워용 엄마라면 먹는거 제일 신경쓰이죠창원에도 쿠킹클래스 기대해봅니다], 긍정 텍스트 확률 : 78.36%"
"[우와 재밌었을거같아요 😆], 긍정 텍스트 확률 : 82.71%"
"[ 떠나신다니 너무아쉽네요 흑흑 ㅜㅜ], 긍정 텍스트 확률 : 87.96%"
"[정담공작소 사장님 이번 플마가 마지막 이군요ㅠ.ㅜ 꼭뵈러 가야겠어요 얼마전 점심 식사때 진량에서 봤었던 맘입니당 구매하러 갈께용♡], 긍정 텍스트 확률 : 99.25%"
"[앗 그래요?요즘은 기억력이란게 잇나싶네요..어제일은 고사하고 오늘 아침일도 생각이 안나요😭😭😭😭 응원감사합니당], 긍정 텍스트 확률 : 85.52%"
"[아기턱받이 사서 잘 쓰고 있어요 해외로 가신다니 아쉽네유 ㅠ 건강이 최곱니당 잘 지내다 오셔여화이팅], 긍정 텍스트 확률 : 79.66%"
"[응원감사드려욤], 긍정 텍스트 확률 : 66.13%"
"[너무 예쁜 애들이네요 해외 가신 김에 맛난거 많이 드시고 좋은 추억 많이 갖고 오세요 주말에 놀러갈께요], 긍정 텍스트 확률 : 63.24%"
"[안양 홈플러스요여기가 사람도 없고쇼핑하기엔 딱좋아요], 긍정 텍스트 확률 : 57.95%"
"[깜미님 반가웠어요아까 태워다주셔서 넘넘 감사합니다원하시던 베이킹소품 잔뜩 사셨나요? ㅎㅎㅎ], 긍정 텍스트 확률 : 66.05%"
"[아 구경만했어요아직 입문이라 뭘 사야할지 봐도잘모르겠더라규요시아버님케잌은요?], 긍정 텍스트 확률 : 79.27%"
"[평촌보다 훨씬 많아요안양점도 한번 구경가봐야겠어요ㅋㅋ], 긍정 텍스트 확률 : 76.31%"
"[호계동에 공구상가안에 있어요], 긍정 텍스트 확률 : 67.70%"
"[쌤 찾았다그렇게 열심히 만들어서 저 갖다 주신거예요? 생일이라고???ㅠ.ㅠ 감동 감동 서방한테 엄청 자랑질 했어요맛있겠다고 먹는다는걸 하루있다 먹어야 맛있다고 했다고 내일 블랙커피랑 먹으려고 아껴두었어요저 지금 정말 감동해서 눈물이 핑우리 이쁜 혜인이 사진좀 바꿔줘요이게 뭐얌 오늘 못봐서 아쉬웠어요 혜인이 빨리 나아서 우리 조만간 날 잡아요사진은 제가 대신 올려요 음향긋한 시나몬향 폴폴], 긍정 텍스트 확률 : 99.99%"
"[ㄲㅑ해피맘에서 쌤을 다보다니요 ㅋㅋㅋ뭔가 어색하긴 하지만어디서든반가운건 같네용오늘그림에 떡ㅋㅋ참기힘드셨죠?잘참으셨다가낼남편분이랑 서연이랑다같이 맛있게 드셔주셔요], 긍정 텍스트 확률 : 81.45%"
"[ 잔치 치루시느라 고생많으셨어요], 긍정 텍스트 확률 : 52.39%"
"[감사합니다], 긍정 텍스트 확률 : 84.51%"
"[돌끝맘 축하드려요], 긍정 텍스트 확률 : 66.13%"
"[감사합니다], 긍정 텍스트 확률 : 84.51%"
"[고생많으셨어요], 긍정 텍스트 확률 : 62.21%"
"[감사합니다], 긍정 텍스트 확률 : 84.51%"
"[돌끝맘축하드립니다], 긍정 텍스트 확률 : 66.13%"
"[축하드립니다], 긍정 텍스트 확률 : 66.13%"
"[ 행복하게 잘 마무리하셨다는 말씀이 넘 뿌듯하네요주차부터 식사], 긍정 텍스트 확률 : 92.86%"
"[마지막 마무리까지어머님의 자세한 후기덕에돌잔치 고민하시는 분들께 많은 도움이 되어질것같아요지유네 네가족 아프지말고], 긍정 텍스트 확률 : 92.16%"
"[건강하게즐거운 시간들만 가득하길 바라겠습니다♡감사합니다], 긍정 텍스트 확률 : 90.42%"
"[네 혹시 원하는 상품 없을경우 매장에 문의해서 재고 여쭤보는센스저희남편은 그렇게해서 지난번에 아넬라 박스 업어왔더라고요], 긍정 텍스트 확률 : 55.44%"
"[아뭐야앗 또 하네 흑흑ㅜㅜ그저께 만원치 분유산인입니다], 긍정 텍스트 확률 : 91.42%"
"[좋은정보감사드려욤아가랑 가봐야겠어요], 긍정 텍스트 확률 : 83.75%"
"[키얏 저 어제 맘님 글보고 오늘 아침부터 쟁였어요ㅋㅋㅋ근데 온라인은 아넬라 갯수제한있네요 또륵ㅜ], 긍정 텍스트 확률 : 89.21%"
"[좋은 정보 감사해요 ], 긍정 텍스트 확률 : 95.26%"
"[저는 그무렵 하기스 쓰고 좀지나서 나비잠 울트라씬 쓰고 새로나온건 샘플 신청해서 써보고햇어요 신생아는 밤중수유 하니깐 계속 갈아줘야해서 따로 쓸 필요없구요 통잠 자기시작하면 따로 쓰시면돼요 축하드려요 이쁜아가랑 행복하세요], 긍정 텍스트 확률 : 99.03%"
"[네추럴블라썸 추천드려요저도 개월 아들키우는데요신생아때부터 이것만 썼어요초박형이라얇아서애기한테두 좋구요다른거 중간에 바꿀까도 해도 써봤는데이거쓰면 다른거못써요 ㅜ], 긍정 텍스트 확률 : 85.88%"
"[어느 기저귀든 낮밤 상관없이 싸면 바로 갈아주세요 하루에 개 이상씩 나올겁니다.바로바로 갈아주는게 엉덩이발진 예방에 좋아요], 긍정 텍스트 확률 : 59.86%"
"[우아 벌써 다냐오셧군요전 워킹맘이라 내일 달려가보려규영 ㅠㅠ], 긍정 텍스트 확률 : 87.62%"
"[년오천그니깐요 ㅠ이긍 빨리윰직이는 분들이 생각보다 많으신듯요 ㅋㅋ], 긍정 텍스트 확률 : 63.78%"
"[저는 오늘 살게있어서 가놓고는 행사인줄도 모르고 그냥 왔네요 알고갔으면 좋았을걸ㅠ], 긍정 텍스트 확률 : 89.35%"
"[이건.. 일반기저귀예요ㅎ], 긍정 텍스트 확률 : 66.77%"
"[일반이에요 ], 긍정 텍스트 확률 : 95.06%"
"[ 영수증 없으니깐 안바꿔주더라구요 ㅠㅠ 저는 이마트에브리데이 이용해봤어요], 긍정 텍스트 확률 : 61.21%"
"[영수증 있어야해요], 긍정 텍스트 확률 : 82.05%"
"[액상분유샘플 등이 있었어요.], 긍정 텍스트 확률 : 61.49%"
"[안녕하세요 혹시 금액을 좀 알려주실 수 있을까요? 저도 너무 여기로 가고싶은데 금액이 너무 궁금해서요], 긍정 텍스트 확률 : 58.81%"
"[아따맘그러네요.감사합니다.], 긍정 텍스트 확률 : 89.56%"
"[영수증있고 안뜯었음환불가능해요 환불받으시고 원플받으세요], 긍정 텍스트 확률 : 68.70%"
"[요즘대세진상아니죠 아깝잖아요ㅎ저같아도환불당연히했어요ㅎ], 긍정 텍스트 확률 : 59.66%"
"[하기스쓰는데 오늘꼭가봐야겠어요], 긍정 텍스트 확률 : 87.89%"
"[아들이에요 ㅎㅎ], 긍정 텍스트 확률 : 97.03%"
"[인형인줄알았어요 눈이어쩜이렇게크고이쁘나요ㅎ], 긍정 텍스트 확률 : 63.97%"
"[예쁘게 봐주셔서 감사해요 ☺️😊], 긍정 텍스트 확률 : 97.72%"
"[아가가 정말정말 예뻐요], 긍정 텍스트 확률 : 76.62%"
"[정말정말 감사합니당 ㅎㅎ], 긍정 텍스트 확률 : 92.57%"
"[와 산모가 인형을 낳았네요 정말 넘 이뻐요 ], 긍정 텍스트 확률 : 80.44%"
"[칭찬 정말 감사해요 ㅎㅎ ☺️], 긍정 텍스트 확률 : 96.01%"
"[감사합니다 ㅎㅎ 복 마니 바드세용], 긍정 텍스트 확률 : 74.89%"
"[잘읽었습니다 재미있으셨을 것 같아용], 긍정 텍스트 확률 : 95.40%"
"[ 아 맞다 ㅋㅋ홈플도 행사하고 있군요 ㅋㅋ 성수이마트 장난감 할인행사에 눈팔려 ㅋㅋ 여긴 잊고 있었네요], 긍정 텍스트 확률 : 92.15%"
"[가저귀 사러갈라했는데 인터넷이 싸군요 감사해요], 긍정 텍스트 확률 : 88.89%"
"[앗 이거 언제까지에요??], 긍정 텍스트 확률 : 72.46%"
"[ 조리원 알아보고 있는데.. 혹시 비용 쪽지 부탁드려도 될까요?], 긍정 텍스트 확률 : 58.21%"
"[쪽지드릴게요], 긍정 텍스트 확률 : 66.13%"
"[저도 조리원 알아보는 중이라서요 비용 쪽지 부탁드려요], 긍정 텍스트 확률 : 52.93%"
"[쪽지 드릴게요 ], 긍정 텍스트 확률 : 66.13%"
"[근처살아서 알아보는중인데 저도 비용 쪽지 부탁드릴게여..], 긍정 텍스트 확률 : 62.30%"
"[쪽지 드렸어요], 긍정 텍스트 확률 : 66.13%"
"[쪽지 드렸습니다 ], 긍정 텍스트 확률 : 66.13%"
"[쪽지 드렸습니다], 긍정 텍스트 확률 : 66.13%"
"[ 저도 프레첼 쟁였어욬ㅋ], 긍정 텍스트 확률 : 57.88%"
"[인디안밥 살껄ㅋㅋ], 긍정 텍스트 확률 : 55.95%"
"[음 저상어밥 드셔보셨어요?ㅜ 전실망했어요], 긍정 텍스트 확률 : 50.32%"
"[볶음양념으로 샀는데품절시 대체로 해놨더니 ㅠ 저게왓ㅎ어요안습 ㅜ], 긍정 텍스트 확률 : 83.07%"
"[ 계란이 저렴하네요 ], 긍정 텍스트 확률 : 51.21%"
"[ 안녕하세요 민준맘님답사후기글 감사합니다.답사후기는 인천아띠아모소중한인연 레몬테라스타 육아카페 총군데 복사하셔서 올리신뒤게시글 링크 걸어 주셔야 참여가 된답니다.이번주 금요일 안으로만 추가하셔서 수정 부탁드립니다.], 긍정 텍스트 확률 : 99.00%"
"[ .. .. 소중한인연], 긍정 텍스트 확률 : 75.09%"
"[ .. .. 인천맘], 긍정 텍스트 확률 : 73.40%"
"[안녕하세요 더파티원입니다.답사후기글 확인 했습니다.이벤트 적용 되셨습니다.쪽지 확인 부탁합니다.], 긍정 텍스트 확률 : 76.04%"
"[ 층 장난감코너랑 카페 사이에있어용ㅎㅎ유모차대여는 층고객센터에서 가능합니당ㅎㅎ], 긍정 텍스트 확률 : 80.86%"
"[화장실 세면대에서 닦이기도 그래서요.. 유아휴게실 안에 있을까하구요블로그글 찾아보니 년에 세면대 있는글을 보았는데 최근에 혹 바뀌었음 어쩌나싶어서요ㅜ], 긍정 텍스트 확률 : 89.38%"
"[휴게실안에세면대있어요ㅎㅎ전자렌지랑 비닐백도있어용ㅎ], 긍정 텍스트 확률 : 94.22%"
"[곰탱쓰마눌늦은시간 너무감사드려요 백화점쪽으로 바꿀까했는데 덕분에 북수원홈플에서 만나도되겠어용 감사합니다 굿밤되셔요], 긍정 텍스트 확률 : 75.44%"
"[ 딸한테 필요한 건데 양심기간이네요ㅠ 혹시 물티슈랑 교환하실 생각은 없으실까요?ㅎ], 긍정 텍스트 확률 : 67.11%"
"[양심기간이라서 아쉽게도 다른 분께 드릴께요], 긍정 텍스트 확률 : 93.60%"
"[부직포가방 필요했는데드림받고 싶어요 울아들이랑 영어공부중인데 유용하게 사용할거 같아요], 긍정 텍스트 확률 : 74.31%"
"[천기저귀와 옷과 함께 드림 예정이라...아래 분이 가지 물품을 다 알차게 써주실 것 같아서 뿌리가 츄쿠츄쿠님께 드림합니다 혹시 불발되면 연락드리겠습니다], 긍정 텍스트 확률 : 82.95%"
"[가지 다 가지러 오신다고 해서 뿌리가 츄쿠큐쿠님께 드림하겠습니다쪽지 드릴께요], 긍정 텍스트 확률 : 53.51%"
