"[ 쥬니와의 첫 해외여행이 이제 달 남았어요.많이 남았다고 생각이 들지만서도이것저것 하나하나 생각하고 챙기다보니가장 중요한건 역시 휴대용유모차더라구요.저번주 간단하게 에르고베이비 메트로컴팩트시티 명품유모차에 대해 설명드렸는데요.실제로 주정도 가까이 사용해보니좋았던 점에 대해서 얘기해볼까해요. ], 긍정 텍스트 확률 : 99.05%"
"[ 아참 그리고 또 하나 제가 메트로를해외여행 아기 휴대용유모차로 겟 한 이유는바로 이 통풍창 때문이에요.괌 자체가 날씨가 뜨겁기 때문에유모차를 타면 꿀잠 자는 우리 쥬니에게는통풍이 굉장히 중요해요.더군다나 땀도 많은 아이다보니 여행가서만큼은 아이가 더더욱편안하게 잘 수 있도록 해주는게 중요했기때문에 휴대용유모차를 선택하는데엄청 까다롭게 선택했어요.거기서 초이스한게 바로 메트로유모차입니다. ], 긍정 텍스트 확률 : 99.95%"
"[ 메트로 컴팩트 시티 휴대용유모차는혼잡하고 좁은 통로를 통과하기에최적의 프레임 라인으로 설계되었어요.그래서 항상 뒷바퀴가 걸렸던 불편함을느낄 수가 없어요. 바퀴 역시 앞바퀴와뒷바퀴의 크기를 다르게 설계하여더 부드럽고 안정감있게 주행이 가능해요. ], 긍정 텍스트 확률 : 86.22%"
"[ 앞바퀴 뒷바퀴 모두 서스펜션이장착되어 있어서 울퉁불퉁한 길에서도안정감있게 태울 수 있습니다.집앞 공원 볼거리가 많고 백로가 날라다니고개구리 소리가 나기도 해서 아이가 참좋아하는 공원이에요. 집앞에 이런곳이 있어서 더 유모차 산책을 자주하게 되더라구요. ], 긍정 텍스트 확률 : 99.25%"
"[ 손잡이 역시 편하고요.무엇보다 부드럽게 주행이 가능해서한손으로 유모차를 끌기도 하고 그만큼 부드럽다는 사실 ], 긍정 텍스트 확률 : 75.31%"
"[ 아이가 잘 자고 있나 아이보기창으로확인도 가능하고 통풍도 가능해요. ], 긍정 텍스트 확률 : 92.47%"
"[ 장바구니 역시 넉넉해서 기본적인아이외출용품 담아 나온가방도충분히 들어가고도 공간이 남아서마트갈때도 유용하게 잘 사용중이랍니다. ], 긍정 텍스트 확률 : 99.86%"
"[가볍고 핸들링도 좋은걸 ], 긍정 텍스트 확률 : 94.27%"
"[ 간만에 이모들 만나서는 수다 또 수다우리 딸도 이제 이렇게나 커서는 같이 앉아서 한자리 거드는데나갈 때 부스터를 가지고 갈 때도 많지만두고 있기 애매한 자리에서는 이렇게 유모차 바퀴 고정 후시트를 완전히 눕힌 상태에서 위쪽에 앉게 하면 아주 훌륭한 전용 좌석?이 된다물론 벨트를 하지 않고 앉혀두기 때문에 앞에 가드를 치고 있어야 하는 현실ㅋㅋㅋㅋㅋㅋㅋㅋ그래도 이게 어디야 자꾸 움직이고 싶어하는데 벨트해놓고 그냥 두면찡찡모드라서 이렇게 자리를 마련해주면 저기서 꼼지락거리고 잘 놀고있음 ], 긍정 텍스트 확률 : 54.78%"
"[ 내가 요즘 너무너무 잘 쓰고 있는 최애 육아템은바로 에르고베이비 유모차 기내반입이 되는 콤팩트한 사이즈로 아주 간편하지만 핸들링이나 안전성도 좋아서너무 잘 쓰고 있다위에 이전 후기를 보면 아주 간단한 원핸드 폴딩방법이나 한 손 핸들링 등의 후기를 볼 수 있다 ], 긍정 텍스트 확률 : 94.64%"
"[ 한참을 놀다가 약간의 찡찡거림? 시전낮잠을 잘 시간이 조금 지나서인지 눈이 슬슬 감키는데엄마도 놀고있고 이모들도 수다를 떨고있으니같이 놀고싶어서 안자려고 안간힘을... ], 긍정 텍스트 확률 : 93.27%"
"[ 만약 이 창이 필요 없고 잘 때 오히려 좀 더 아늑하게 가려주고 싶다라고 한다면 뒤쪽에 등받이 조절 끈이 들어있는 주머니에이렇게 숨겨진 가림막을 이용하면 아늑한 공간을 조성할 수 있다 ], 긍정 텍스트 확률 : 80.84%"
"[ 완전히 눕힌 상태에서 가림막을 설치 했을 때의 모습등받이 각도를 올리면 사실 꼭 필요하진 않을 것 같은데 여튼 필요에 따라 막았다가 또 제거했다가 할 수 있으니까 아주 유용하다 주머니에는 조절끈도 있고 이렇게 가림막도 있고넓은 사이즈라서 물건을 보관하는 용도로도 활용이 가능 ], 긍정 텍스트 확률 : 95.89%"
"[ 역시나 찡찡거리길래 잠시 안고 둥가둥가 해줬더니바로 잠들어서는 푹 좀 자라고 에르고베이비 유모차에 눕혀줬더니꿀잠 등받이가 최대 도까지 눕혀지는 절충형이라 아이가 잘 때 완전히 눕혀두고 있을 수 있다주행 할 때 우유먹을 때 앉아서 놀 때 잘 때내가 원하는 각도로 편하게 끈을 이용해서 조절 할 수 있어서레버타입도 편하긴 하지만 난 끈타입도 충분히 유용했다그리고 단계로 조절 가능한 다리받침대도 완전히 펼쳐주고 ], 긍정 텍스트 확률 : 87.53%"
"[ 양대면이 되지 않기 때문에 난 이렇게 상단의 메쉬창을 열어서아이를 중간중간 확인하곤 함 ], 긍정 텍스트 확률 : 51.85%"
"[ 꽤 긴 산책이였다 보미도 오랜만에 이렇게 교외로 나와서는 실컷 놀 수 있게 해주려고두시간을 걸었다], 긍정 텍스트 확률 : 95.35%"
"[ 이 날도 날씨는 따뜻했지만 바람이 꽤 불어서혹시나 우리 딸 감기 걸리면 안되니까...바로 시력보호커버를 씌워줬다 ], 긍정 텍스트 확률 : 78.28%"
"[ 백화점 같은 매끈한 바닥이 아니여도가볍다고 주행력이 좋아 안정적인 핸들링에 인체공학등받이 시트로 척추에 무리가 가지 않으니어린 아기부터 충분히 사용할 수 있는 절충형 에르고베이비 유모차 ], 긍정 텍스트 확률 : 87.14%"
"[ 그리고 은근 중요한 디자인도 너무 세련되게 잘 빠져서 아주 만족스러움], 긍정 텍스트 확률 : 95.81%"
"[ . 코엑스 베페 베이비페어를 방문하여 알게 된 이지워커 하비 유모차 . 사실 이름이 좀 낯설어서 구입 전에 고민을 많이 하였습니다. .. 박람회의 최대 장점인 직접 보고], 긍정 텍스트 확률 : 85.77%"
"[설명도 듣고], 긍정 텍스트 확률 : 66.82%"
"[체험도 해보면서. 하비 유모차의 매력을 알게 되었죠.. .......... ..?....... 본문 이미지 일단은 최대 장점인 무게입니다... 디럭스이면서도 군더더기없는 아주 깔끔한 디자인에다], 긍정 텍스트 확률 : 55.32%"
"[다른 디럭스 유모차에 비해 굉장히 가벼워요. 엄마들 유모차 끌고 다니면서 손목에 무리 많이 가잖아요. 하비 유모차는 어느 유모차보다도 가벼워서 굿입니다. .. 또한 핸들링이 장난아니에요. .. 제가 둘째를 낳으면서 유모차는 정말 가볍고 핸들링 좋은 제품으로 사리라 마음먹었었죠. 핸들링이 아주아주 부드럽고 마치 얼음판을 스치며 미끄러지듯 예술적인 면에 반했습니다. 핸들링이 예술적이라 아이가 누워있어도 전혀 흔들림을 못 느낄 정도로 안정감이 있어요. 그리고 유모차 바퀴의 쿠션감?이랄까], 긍정 텍스트 확률 : 99.64%"
"[가게문 지나갈때 엄청 신경쓰고 안닿게 지나갈려고 했는데 이건 바로 쓱 지나가져요. . 각도 조절도 굿 앉아있을때 누워있을때 조절도 편하고 둘째 낮잠잘때 편하게 재울수 있어서 넘 좋아요.. 양막도 아주 깊게까지 내려와있어서 햇빛 안비치게 해줘요.. 높이도 적당히 높아서 신랑도 끌때 편하다고 하고], 긍정 텍스트 확률 : 99.69%"
"[지금으로썬 너무 만족하고 앞으로 열심히 써 볼려구요.. 고민하시는 분들 강추합니다. 저처럼 이것저것 사지말고 일찍사서 쓰길 추천드려요하남 베이비플러스에서 직접 구매해서 사용한 실 후기랍니다.], 긍정 텍스트 확률 : 91.59%"
"[요즘같은 날씨에 미세먼지때문에 외출하기 꺼려지는 요즘미세먼지 차단되는 유모차 커버를 열심히 검색했더랫다.그러던 중 지역맘스카페에서 좋은 기회로 햇살망베이비 유모차커버를 사용하게 됐음], 긍정 텍스트 확률 : 93.05%"
"[ 초미세먼지 . 차단자외선 . 차단높은 공기투과도로 시원한 통풍가지 사이즈로 모든 유모차 호환 크으 내가 찾던 모든 기능들이 들어간 햇살망베이비 유모차 커버 그런데 더 맘에 들었던 요고 ], 긍정 텍스트 확률 : 89.72%"
"[ 엄청 활동적인 아가라 방풍커버는 커녕 차양막을 내려도 난리인 아가인데 햇살망베이비 유모차커버는 창자체도 크고 통풍이 잘되다 보니 얌전히 앉아있는 신기방기한 모습이날 햇빛이 너무 많이 쏟아져서 햇빛 가리개도 내려보았음], 긍정 텍스트 확률 : 54.02%"
"[ 크으 햇빛도 잘 가려진다 ㅎㅎ 그동안 눈이 부셔도 차양막 내리는걸 싫어하던 우리 겸둥이 블랭킷으로 가려주곤 했는데 이젠 햇빛 걱정은 없겠다 ㅎㅎ], 긍정 텍스트 확률 : 96.99%"
"[ 이 날은 햇살이 너무 좋아 햇빛만 가려봤지만 사실 이 햇살망베이비 유모차커버는 방수의 기능도 있는데특수코팅 방수원단을 사용해 방수에도 무지하게 강하다고 함곧 여름이 시작되고 장마가 다가올텐데 비가 오는날도 걱정없이 다닐수 있을거 같음아 미처 사진은 찍지 못했지만 저기 유모차를 미는 쪽], 긍정 텍스트 확률 : 58.75%"
"[유모차커버 뒷편엔 엄마들을 위한 보조수납공간이 있음 ㅎㅎ 차암나 이런 세심한 ㅎㅎ 저기 보조수납공간엔 핸드폰도 넣을수 있고 카드지갑이나 반지갑정도도 들어감 그리고 저 아랫쪽 발싸개 ㅎ 개인적으로 맘에 들었던 것 중 하나요새 아주 떨어뜨리는 병에 걸린 우리 겸둥인데 저 발싸개로 발도 감싸주지만 물건이 떨어지지않게도 보호해줌 ㅋㅋㅋㅋㅋ], 긍정 텍스트 확률 : 99.92%"
"[ 그리고 내가 사용하는 유모차는 리안 솔로 절충형인데 햇살망베이비 유모차커버는 가지 사이즈가 있어 가지고 있는 제품에 맞춰 고르면 호환이 되니 사이즈 고민은 크게 하지 않아도 될듯 ㅎㅎ 사이즈는 미디움쁘띠스몰프라이빗 인데 난 쁘띠 ], 긍정 텍스트 확률 : 88.70%"
"[ 소리도 어느정도 막아주는 듯?마트 방문할땐데 매우 잘자고 있음 ㅎㅎ .?겸둥이는겸둥이는 시끄러운곳에서 특히 유모차에선 자다가도 깨는 아기갑갑한걸 메우 싫어하는 우리 겸둥이라이전엔 방풍커버 조차 못해서 미세먼지], 긍정 텍스트 확률 : 85.26%"
"[초미세먼지가 매우 걱정이었지만 이젠 걱정없이 그리고 겸둥이의 칭얼거림없이 다닐수 있어 외출엔 걱정이 없어짐ㅠㅠ햇살망베이비 감사 ㅠㅠ 그리고 다가올 여름에 모기들도 걱정없을거 같은..매일매일 외출하고 싶게 만들어준 햇살망베이비 유모차커버추천추천 추천 세번함], 긍정 텍스트 확률 : 96.76%"
"[정리 . 미세먼지는 기본 초미세먼지 .나 차단 가능. 자외선도 . 차단 가능. 보관 파우치 굿], 긍정 텍스트 확률 : 93.00%"
"[설치 간편 완전 굿. 갑갑하지않고 통풍이 잘되는 것 . 시야가 트이는 매우 큰 창 . 다양한 사이즈로 왠만한 유모차 모두 호환가능 . 매우 추운 겨울 이외엔 봄], 긍정 텍스트 확률 : 99.73%"
"[가을엔 활용도가 높은 점구매할수 있는 곳 네이버스토어팜.. . ], 긍정 텍스트 확률 : 52.71%"
"[ .아직 윰차에는 적응이 필요해보이는 둥이들.갓 백일 사신 분들..사실 살 큰애 등하원할때 둥이 중 한명], 긍정 텍스트 확률 : 93.02%"
"[ .생각만 해도 빡세.큰애도 태울수있어야하는데.키로 애도 혼자 올라가서 탈수있다.혼자 타고 다니는 윰차만큼 편하지는 않겠지만ㅜ..방문도 쏙쏙 통과하니.엘베 통과는 문제없고 .우리집 가스차 트렁크에도 쏙 실릴 크기다 굿..그런데 접고 펴는건 연습이 필요할 듯 .아직 미숙해서 다리랑 발에 멍듬.아무리 가볍다고 해도 .둥이 윰차라서 묵직하다.셀프 스탠딩도 중요한데.첫째 디럭스 윰차는 그게 안되고.집이 좁아서 프레임은 차 트렁크에.시트는 현관 앞에 분리해두고 있었다 눙물나 ], 긍정 텍스트 확률 : 94.70%"
"[ 개월 아가 예준이 디럭스로 열심히 쓰다가 드뎌 휴대용윰차 구매했어요고민 정말 많이하고 여기저기 블로그들 기웃 거려가며 후기 많이봤는데 보면 볼수록 더 헷갈리더라구요그래서 이제 실물로 봐야겠다해서 중랑맘에서 글 자주 올라오는남양주 별내에 베이비플러스 가봐야지 생각하고 있었어요생각은 하고있었지만 사실 가려고해서 가게된건 아니고 타요카페가야지 하고갔다가 층에 베이비플러스 있는거 엘베에서 알게되서 타요카페 가기전에 낼름 들렸어요역시 백번 글과 사진으로 보는거보다 실물 한번 보는게 낫다는 생각 했습니다몇날몇일 고민했는데 하루만에 결정요요하고싶은데 가격대비 등받이 각도조절끈이나 눕혀지는각도], 긍정 텍스트 확률 : 98.73%"
"[ 발받침...핸들링이랑 디자인만 보고 엄마맘대로 살수는 없겠더라구요ㅠㅠ 그래서 결정한 리안레오원래는 구매 리스트에도 없던 윰차인데 가서 보고나니 생각이 싹 바뀌더라구요요요에서 부족하다 생각되었던 부분들 다 보완되어 나온듯한 요물같은 아이어제 예준이랑 잠실 아쿠아리움 놀러가서 정말 유용하게 잘 쓰고 마지막엔 피곤한지 꿀잠까지 자는데 휴대용인데도 불편해 보이지 않아서 더 잘샀다고 생각이 들더라구요유모차로 고민 많으신 어머니들 당장 가까운 베이비 플러스 고고해보세요저렴한 가격에 실물보며 태워보고 살수 있어서 정말 굿입니다노원쪽에서도 유명한지 베이비플러스가서 회사후배 우연하게 보기도 했네요....... .......? 본문 이미지....... .......? 본문 이미지], 긍정 텍스트 확률 : 61.11%"
"[ 유모차를 너무 사랑하는 우리둘째요즘 우리아들 전용 휴대용유모차는에르고베이비 메트로 컴팩트시티스트롤러에요아기띠로 너무나 유명한 에르고베이비에서 나온휴대용유모차라서 많은 엄마들의 관심을 끌고있죠? ], 긍정 텍스트 확률 : 84.02%"
"[ 우리 예민보스 아들이 정말 편안하게 잘 타는최고 휴대용유모차가 되었습니다 ], 긍정 텍스트 확률 : 96.29%"
"[ 지금 개월인 아들래미 인데요평소에 잘 걸어다니고 잘 뛰어다니다가도갑자기 안아달라고 돌변하는 꼬맹이에요고집은 또 얼마나 센지... 안아줄때까지 울고불고..그렇게 계속 안아달라고 할때 바로 필요한건에르고베이비 메트로 컴팩트시티스트롤러 휴대용유모차이거 없으면 진짜 큰일나요 ], 긍정 텍스트 확률 : 78.50%"
"[ 평소에 아빠가 주로 유모차를 끌어주는데울퉁불퉁한 돌바닥에서도 주행이 너무 좋아서입에 칭찬이 마르지 않더라구요아빠들이 차 운전할때 주행감을 중요하게 생각하듯유모차 밀고 다닐때는 바퀴가 얼마나 잘 굴러가는지 ], 긍정 텍스트 확률 : 81.95%"
"[ 바퀴 모두 서스펜션이 장착되어도시의 어느곳을 가더라도 부드러운 주행을 느낄수 있고브레이크도 발로 쉽게 조작할수 있어서순간정지도 빠르고 안전하게 가능하답니다 ], 긍정 텍스트 확률 : 94.71%"
"[안정성까지 모두갖춰신생아때부터 시트와 함께 사용하면 충분히디럭스유모차는 필요없을것같아요 ], 긍정 텍스트 확률 : 97.58%"
"[ 요즘 아기상어에 푹 빠져있는 우리 둘째밤마다 아기상어 노래를 백번은 틀고 노래 따라하고춤까지 춰가며 체력을 소모합니다 ㄷㄷㄷㄷ사진찍을때도 저렇게 아기상어타령이에요 ㅋㅋㅋ ], 긍정 텍스트 확률 : 99.84%"
"[ 등받이 뒤쪽으로는 지퍼를 열고 닫을 수 있는등받이 주머니가 있구요안쪽으로 등받이 각도를 조절 할 수 있는 기능이 있어요 ], 긍정 텍스트 확률 : 64.19%"
"[ 콤팩트한 크기로 도시를 누비는에르고베이비 휴대용유모차기내반입도 가능해서 여행을 좋아하시는 가족에게더욱 추천하는 휴대용유모차 랍니다 ], 긍정 텍스트 확률 : 55.57%"
"[ 임신 후기 임산부출산준비 하나씩 끝내기.출산후], 긍정 텍스트 확률 : 63.82%"
"[유모차를 안타는 아이들이 있다고해서], 긍정 텍스트 확률 : 66.33%"
"[ 미리부터 집안에서 유모차태우기연습을 하면나중에 유모차를 잘탄다는 친구들의 조언에유모차에 집중으로 알아본뒤], 긍정 텍스트 확률 : 66.34%"
"[ 앞캐릭터있는부분은 면이 뒤는더블 에어메쉬로 한여름에도 시원하게 쓸수 있을거 같아요쑥쑥이는 월생으로 아주 핫한 여름에 태어나기때문에메쉬소재가 꼭꼭 필요한데딱인거 같아요.면원단과 통풍이 잘되는 에어메쉬 원단 두가지를사용할수 있어서 사계절 두루두루 사용하기 좋은 제품인거같아요. ], 긍정 텍스트 확률 : 66.04%"
"[ 유모차에 안착할수 있게 신축성있는 버클까지꼼꼼하게 신경쓴 부분이 보여요또한 분리가 되는 짱구목쿠션세트로일체형보다는 훨씬 더 좋은거 같아요.무엇보다 아리베베 유모차라이너는통째로 세탁이 가능해서 청결함은 물론위생적인 면에서까지 좋은제품인거 같아요.♥ ], 긍정 텍스트 확률 : 97.83%"
"[ 유모차에 안착된 라이너모습유모차는 하비이지워커사이즈가 안성맞춤으로 딱인거 같아요.양쪽다 사용할수 있으니 효과만점이구요앞모습 면 ], 긍정 텍스트 확률 : 98.32%"
"[ 총평점후기신생아부터 사용할수 있어서다음달 태어나는 아가를 위해서 너무 기대하고 있는 제품이예요유모차뿐만아니라 카시트에도 호환이 가능하며 양면으로 사용할수 있으니 실용성과 기능성으로 굿인거 같아요.목쿠션 탈부착되어 따로 휴대용으로 용이해서가정에서 따로 사용하고 외출할때만 유모차시트만으로 별개로 이용할수 있는 제품인거 같아요태열이 많은 신생아인데 메쉬소재로 사용할수 있는점가장 마음에 들어요.다음달에 태어날 우리아기한테 좋은 제품이 될거 같아요♥ ], 긍정 텍스트 확률 : 99.71%"
"[ 안녕하세요유모차는 달리고 싶은데 이거 뭐야. 주말마다 태풍와. 날짜 맞춰서 오는건가?첫번째는 그렇게 바람만 남기고 가더니 두번째는 비만 남기고 갔네요. 다행이 이번주부터는 맑다고 하니깐 주말 나들이 가려구요요즘에 우리 아가 너무나 활동성면에서 뛰어나졌더라구요. 움직임이 범상치 않아진 이날..안고 있으면 내려갈라고 하고 내려가서 한번 콩 하고 넘어지면 바로 안으라고 난리가 나고 디럭스 유모차 가지고 다니는거 진짜 저의 욕심이었어요. ], 긍정 텍스트 확률 : 83.12%"
"[ 어딜한번 가더라도 그렇게 힘들어 꺼내서 펴는것도 힘들고 애는 보채고.... 진짜 때려치고 싶더라구요다들 후회한다고 해도 그래도 나의 첫 아가인데 어떻게 암꺼나해주냐 하면서 기어이 사고 말았는데 육아 일년차 현실의 장벽을 알아 버렸어요진짜 유모차는 실용적이고 안전해야 한다. 그러면서 이쁘면 최고지이런 저의 철학을 바꾸게 한 사건이 계속 되었지요. 그러다 발견한 것이 바로 에그유모차 였어요 ], 긍정 텍스트 확률 : 99.91%"
"[ 아 첫눈에 반한 윰차 이기도 해요. 시선 집중 되어서 이번에 신라면세점에서 보고 와서 진짜 반했어요.어디 나갈 계획 없는데 신랑 출장간다고 해서 갔다가 괜히 내꺼에 반했어요.헤리티지 산후조리원이랑 힐튼호텔 그리고 신라면세점 까지 만나볼 수 있는 뭐랄까 유모차의 갑 갑 이랄까요. ㅎㅎ진짜 보면 볼수록 매끈하고 실용적으로 잘 뽑아나왔더라구요왜 나 출산할때 나오지 안나왔냐구 나만 모른거임? ㅎㅎ ], 긍정 텍스트 확률 : 98.93%"
"[ 윰차들 진짜 많은데 이거 엄마 품처럼 모양이 따끈해요 달걀이 어떤 모양인가요. 동그랗고 품어주는 모양이잖아요 윰차가 그런 모양이랍니다 말그대로 디자인이 달걀모양이라서 포근하게 아이를 품어주는 모양이라서 엄청 안정적이어 보이기도 하구요디자인만 봐도 반하는데 이런 프레임이나 이런게 엄청 단단하고 견고하게 잘 빠졌더라구요고품격 하이앤드 유모차 랄까요?? ], 긍정 텍스트 확률 : 89.18%"
"[ 뭐 울 아가가 나중에 커서 밀고 다니구 꺼내서 내가 스크래치 내고 하면 할말은 없음..아이가 쥬스를 없지를 날도 올테고 새똥이 윰차만 피해서 떨어지지 말란 법도 없을 테구요. 자연을 거스르면 안되니깐요. ㅋㅋㅋ 근데 장점말할라다 엄청 길다..여기가 아이의 엄마들의 마음을 알고 방문 도 가능하구요.. 실수 많이 하는 아이들이다보니 ...더러움에 예민해서 자꾸 딱고 패드? 깔개..폭신하게 끼우고 할텐데 그런거 없이 더러워지면 방문수거 세탁까지 가능하다는 말에 뿅하고 반햇어요진짜 이런 서비스 있는 윰차들은 세상 첨나왔는데 이거 만드신 분이 아이들을 키우시는 분이니 이런 경험에서 나온게 아니겠어요ㅎㅎㅎ ], 긍정 텍스트 확률 : 58.14%"
"[ 이래서 제가 너무 사고 싶었는데 사실.. 신랑한테 디럭스 살때도 주구장창 탈꺼라고 말해놓았는데 손목 아프다고 한의원 몇번 다니구 가벼운걸로 바꾼다고 말은 던져 놓았거든요그래서 신랑이 알았다고 살만한데 알아보자고 해서 다녀온 베이비플러스 이천점 오픈한지가 많이 되지 않아서 새거 느낌 뿜뿜 나는 곳이예요물건 정렬을 어떻게 잘 해 놓았던지 아가꺼 살때 여기뿐이 생각이 안나더라구요.매장 디피도 좋고 무엇보다 잘 정돈하고 아이랑 가더라도 참 먼지 없이 깨끗해요 매장 컨디션 굿굿가서 주차하기도 좋구요주차 해놓고 아울렛 안이다 보니 다른 제품들도 함께 구경하고 온다는 일석 이조의 장소또 비오고 춥고 하니깐 실내가 그렇게 좋더라구요애 델구 실내만 찾을 날이 왔어요 ], 긍정 텍스트 확률 : 75.05%"
"[ 미리 에그 유모차를 실제로 만나 볼수 있다는 문의를 하고 나서 갔을때 직원분이 너무 친절하게 설명을 잘 해주셔서 사고 싶은 마음의 욕구가 더욱더 샘솟은거 같아요 아빠의 마음 그리고 엄마 마음 사로잡을 합리적인 가격을 제시한것도 마음에 들었구요.신랑 한번 놀랜 윰차 가격에 두번째는 가슴이 조마 조마 했는데 흔쾌히 수락한걸 보고 역시 처음에 스타트를 잘 끊었구나생각을 했어요 그래도 이렇게 제가 알아본 가격보다 합리적인 가격제시가 한번에 구매 할수 있는 조건이 되긴 한거지만요..ㅋㅋ이천 베이비플러스가 브랜드별로 정리도 잘 되어 있어서 구경할맛 나는것도 좋지만 육아용품할인매장 중에서도 규모도 크구 종류도 다 갖추고 있어서 왠만한건 다 진열이 되어 있어서 고민하시는 엄마빠들에게 좋은 소식이 될거 같아요. ], 긍정 텍스트 확률 : 99.99%"
"[ 사실 다들 핸드폰으로 지켜 보고 어떤게 좋을까 하고 고민하는 분들이 많아서 저도 그렇지만요.. 막 웹상으로만 보면 딱히 뭐가 좋다고 결론이 안나잖아요. 그런데 여기서는 전문가분이 항시 대기 하고 있어요물건들이 카시트도 그렇지만 유모차도 종류별로 있어서 장점 단점 그리고 내가 원하는 질문에 대답을 언제든 흔쾌히 내어줄 전문 직원분이 상주해서 각각의 메리트를 아주 자세한 설명과 더불어서 받아 볼수 있답니다.몰랐던 사실을 알게 되니더 끌릴수 밖에요 설명해주시는거 들으면 완전 백화점 언니의 기술력이 떠오를만큼 혹하고 자세하게 특장점 파악 제대로 해주세요..쿄쿄쿄 ], 긍정 텍스트 확률 : 98.87%"
"[ 암튼 주변에서 평 좋기로 너무나 소문난 곳이라 문의전화도 계속 오더라구요방문한 엄마빠들도 많고 주말이라 그런가.. 진짜 사람들 많은데 매장이 넓고 정렬도 잘 되어 있어서 붐비지 않고 내 윰차 마음껏 설명을 들어볼수가 있엇어요 아 진짜 배송도 빠르게 되는게 저렴하고 빠르게아가 나들이 용품 구할때 이만한 곳이 없는거 같아요 ], 긍정 텍스트 확률 : 99.99%"
"[ 제꺼 다시 봐도 이쁘네요 아이들 크면 유모차에 막 등산 한다고 들었거든요 ㅎㅎ그래서 신발 벗기고 맨날 장바구니에 넣어 놓는다고 ..에그는 신발보관함이랑 모기망이 별도가 아니라 세트구요 기본적인 분리형 장바구니 ... 그리고 캐노피가 자외선 차단 되쥬 근데 무소음 적용까지 된대요..애들 윰차에서 엄청 나게 자는데 맨날 거즈타올 덮어 줫는데 캐노피만 내리면 무소음ㅋㅋㅋㅋㅋㅋ무엇보다 내가 편하게 버튼 하나로 폴딩이랑 한손 핸들링이 된다는 사실이제 어렵지 않게 차에 싣고 다녀도 또 그냥 몰고나가서 식당에 들어가도 직원을 애타게 쳐다보지 않고 주차할수 있겠어요 헐리우드 배우처럼 한손에 애들구 가방들구 한손 조작 가능 이런걸 바랬거든요 ], 긍정 텍스트 확률 : 98.54%"
"[ 에그 유모차 사고 나서 제일 좋은건 물론 아이일테지만...넉넉한 사이즈라서 놀때도 떡뻥 봉다리를 놓아도 여유 있구요..무엇보다 저도 가볍고 한손으로 핸들링이 편해지고 가지고 다니기 좋아서 가장좋더라구요베이비플러스 이천에서 마음에 드는 가격으로 겟한거도 좋지만 사은품 덤은 자동으로 또 막 챙겨주시니 이웃집 언니네 다녀온 느낌이예요 ㅎㅎ재방문 하고 싶은 곳이기도 하구요 친절하셔서 막 가서 또 물어보고 싶은 마음매장이 한 백평?정도 되니깐 커피 한잔 하구 여유있게 구경하실 마음으로 다녀오시길 바래요 ], 긍정 텍스트 확률 : 100.00%"
"[.목요일날 베페 베이비페어에서 구입한 베이비젠요요 유모차가 .화요일날 바로 도착..베페에서 구입한 물품 중에 가장 빨리 도착했다.빠른 배송 . .스토케도 빨리 와야하는데... 스토케가 더 급한데.ㅋ.언제 오려나.... ], 긍정 텍스트 확률 : 82.48%"
"[ .수유 중이라 덩그러니 놓여있는 베이비젠 요요플러스 박스..빨리 뜯어보고 싶은데..ㅋ..택배를 나보다 더 반긴건 친정부모님.빨리 뽁이를 앉혀보고 싶으신 ㅋㅋㅋ .아직 백일도 안되었지만 집 안에서라도 태우고 싶으신 우리 엄마.... ], 긍정 텍스트 확률 : 94.68%"
"[ ...이번 베페에 구성품도 좋았고], 긍정 텍스트 확률 : 87.60%"
"[또 악세서리 세트도 구입한지라 .들어있는 게 많네... ], 긍정 텍스트 확률 : 77.75%"
"[ ...베이비젠 요요에도 신생아가 탈 수 있는 뉴본 팩이 있다는 사실..근데 아마 이걸 선택하는 사람은 많지 않을 것 같다..... ], 긍정 텍스트 확률 : 69.45%"
"[ ...본체와 꼭 밟고 타고 다닐 것 처럼 생긴 발판이 똬악.... ], 긍정 텍스트 확률 : 70.65%"
"[ ...그리고 이너시트도 장착..헤일리가 선택한 컬러는 에어프랑스와 콜라보 한 제품.기본 컬러보다 만원 더 비쌌는데 이뻐서 요걸로 ..그래서 옆에 보면 에어프랑스 도 함께 붙어있다. ], 긍정 텍스트 확률 : 50.29%"
"[ ..쨘 .기본 프레임이 완성되었다 ], 긍정 텍스트 확률 : 88.16%"
"[ ...이번 베페에서 기본 구성품으로 나온 세트... ], 긍정 텍스트 확률 : 67.47%"
"[ ..그리고 추가로 구입한 올인원세트 악세서리...즉], 긍정 텍스트 확률 : 59.47%"
"[먼지가 다닥다닥 붙어있다..가죽커퍼를 씌우니 그립감도 좋고 굿... ], 긍정 텍스트 확률 : 97.83%"
"[ ...그리고 이번 구성품 중에 마음에 들었던요요플러스 백... ], 긍정 텍스트 확률 : 94.75%"
"[ .그래도 없는것 보다는 있는것이 .ㅋ.... ], 긍정 텍스트 확률 : 57.04%"
"[ .안정적이고], 긍정 텍스트 확률 : 59.79%"
"[ .가볍고.마음에 든다... ], 긍정 텍스트 확률 : 75.83%"
"[ ..아직 백일이 안된 우리 뽁이.세컨카 ㅋㅋㅋ.집 안에서 태우기 좋다..아직 요거 타고 나갈 시간은 한참 뒤겠지만], 긍정 텍스트 확률 : 94.70%"
"[ 그리고 제일 마음에 드는건핸드브레이크 브레이크가 바퀴쪽에 있었을때는 페디큐어 벗겨지기 일쑤였는데 핸드브레이크는빠르게 변환할수있어서 좋은것같다흐흐진짜 하나부터 열가지 다 마음에 드는 베이비조거 시티투어럭스저처럼 유모차 유목민들은 정착하기 딱 좋아요 굳내 돈 주고 산 후기에요 진짜..... .?절충형유모차절충형유모차.?휴대용유모차휴대용유모차.?기내반입유모차기내반입유모차.?베이비조거베이비조거.?시티투어럭스시티투어럭스.?시크롤리팝시크롤리팝.?스크래치상품스크래치상품 .?베이비조거코리아베이비조거코리아.?양대면폴딩유모차양대면폴딩유모차.?양대면유모차양대면유모차.?핸드브레이크핸드브레이크.?정착유모차정착유모차 ], 긍정 텍스트 확률 : 77.14%"
"[.휴가는 모두 다녀오셨나요?.저희집은 월에 미리 다녀와서 그런지.여름에 가지 못하는 것이 덜 아쉬운 것 같아요..그래도 아쉬운 마음은 있어서.주말마다 다니는 것은 어쩔 수 없지만요...지금은 세이기 때문에.조금만 꼬셔서 데리고 다니면 되지만.정말 작년까지만 해도.여행용 유모차 따로 다녀야할만큼.걸어다니기 싫어했던 기억이 나네요...이렇게 세정도까지는 꼭 있어야 하는 제품.그래서 최근에 수원 베이비플러스 방문했을 때 .유명한 제품들로 한번 비교해보았습니다. ], 긍정 텍스트 확률 : 99.99%"
"[ .원래 맘스맘이었던 매장이.베이비플러스로 바뀌었지만.다양한 상품들과 넓은 매장의 컨디션은.언제나처럼 좋았던 것 같아요..아주 가깝진 않아도 자주 방문하는 곳 중 하나죠...이번에 가서 구경한 제품은.베이비젠 요요], 긍정 텍스트 확률 : 88.50%"
"[타보 베이직스텝.이렇게 세가지 종류랍니다.. ], 긍정 텍스트 확률 : 58.04%"
"[ .여행용 유모차로 많은 사랑을 받는.베이비젠 요요는.한손으로도 컴팩트한 폴딩이 가능한 제품이에요..가방처럼 어깨에 메고 이동할 수 있어서.해외 갈 때에도 많이 보던 제품이었습니다...이 제품은 시트가 분리되기 때문에.세탁도 쉽게 가능하고.보관이 간편하기 때문에 .많이들 사용하시는 것 같아요...저도 예전에 사용한 제품들.처리를 어떻게 해야 할지 몰라서.그냥 냅두는 경우도 있었거든요. ], 긍정 텍스트 확률 : 91.84%"
"[ .컴팩트한 폴딩이 가능하기 때문에.택시를 탄다거나 카페에 아이들을 데리고 가도.쉽게 컨트롤이 가능해서 .이리저리 다녀도 정말 편할 것 같아요. ], 긍정 텍스트 확률 : 83.67%"
"[ .특히 요요플러스는 새롭게 출시되는.카시드와 보드], 긍정 텍스트 확률 : 81.10%"
"[ .그리고 새로운 두가지 색상의 컬러팩과.호환이 가능하다고 하는데요...새로운 타입의 프레임은.매트 블랙과 글로시 화이트로.취향에 따라서 선택해볼 수 있겠다는 .생각을 해보게 되네요. ], 긍정 텍스트 확률 : 99.13%"
"[ .폴딩이 간편하고.분리가 가능해서 세척이 편한 것도 장점이지만.신생아부터 까지 탈 수 있는 .제품이라 더 좋은 것 같아요...주로 까지 가능한 제품이 많은데.태워달라는 세 아이들을 위해서 .만들어졌나 싶더라고요...특히 저희 아이는 어렸을 때부터.워낙 크게 자라왔던 아이라.작년엔 정말 뭘 태워야 하나 싶기도 했었는데.미리 알았다면 이걸로 선택하지 않았을까 싶네요. ], 긍정 텍스트 확률 : 85.26%"
"[ .그 외에도 개의 서스펜션으로.지면의 충격을 최소화 해주고.볼베어링을 적용해 .더욱 안전하게 이용할 수 있도록 했습니다.. ], 긍정 텍스트 확률 : 95.00%"
"[ .알고 보니 이 브랜드는.슈돌의 윌리엄이 모델을 하고 있는 곳이더라고요..개인적으로 너무나 귀엽다고 생각하는 아이인데.이 제품의 모델이라니 더욱 관심이 갔답니다...시크롤리팝은 프리미엄 절충형으로.디럭스의 안전성과 휴대용의 편리함을.모두 담아 놓은 올인원 제품이에요...컬러 및 디자인이 눈에 쏙쏙 들어오더라고요. ], 긍정 텍스트 확률 : 98.54%"
"[ .거기다가 .의 가벼움도 그렇고.기내 반입도 가능하니 .더욱 사랑받고 있는 것이 아닌가 싶네요..컴팩트한 폴딩도 마음에 드는데.기내반입도 가능하다니.거기에다 양대면 기능도 가능해서.아이들이 불안을 느끼지 않도록.해줄 수 있는 것도 장점인 것 같아요. ], 긍정 텍스트 확률 : 71.48%"
"[ .도 등받이 각도 조절도 되니까.아이들이 잠들거나 했을 때 .쉽게 조절해주면.여기 안에서도 꿀잠 잘 수 있지 않을까 싶어요. ], 긍정 텍스트 확률 : 76.04%"
"[ .더욱 가볍지만 더 부드럽게], 긍정 텍스트 확률 : 85.95%"
"[ .그리고 더욱 안전하게 이용할 수 있도록.우레탄 바퀴와 서스펜션이 있어 .아기의 뇌 흔들림과 손목 통증을 방지해준다고 합니다.. ], 긍정 텍스트 확률 : 95.93%"
"[ .타보 베이직스텝은.이번에 실제로 해외에 갔을 때.함께 간 가족들이 밀고 다니던 제품이에요..물론 평소에도 정말 잘 쓰고 있고요..여행용 유모차로도 평소 사용하기로도 .좋은 제품이 아닌가 싶더라고요. ], 긍정 텍스트 확률 : 99.60%"
"[ .가격대비 가성비 좋아 인기가 많고.승차감이나 안정성이 좋기 때문에.아이들이 조금 크고 나면.꼭 이걸로 선택해서 끌고 다니시는 분들이 .많으신 것 같더라고요...기내반입도 가능하고 슬림해서.엄마와 아이가 외출할 때.더욱 편안하게 다닐 수 있는 것 같아요. ], 긍정 텍스트 확률 : 99.72%"
"[ .안전가드는 최고로 만들었다고 .자부하는 만큼.안전하고 튼튼하게 사용할 수 있는 것 같아요..직접 조카가 타는 걸 보니 .그 말에 더욱 믿음이 가기도 하고요..쾌적한 통풍시트와 그리고 점식], 긍정 텍스트 확률 : 98.29%"
"[점식이 가능해.아이도 더욱 쾌적하면서 안전하게 탈 수 있는 것 같아요. ], 긍정 텍스트 확률 : 86.26%"
"[ .기존 타보 베이직 엣지와 베이직 스텝은 조금 다른데.몇개 말씀드리지만 유아확인창의 위치와.등받이 길이가 .센티 길어진 것], 긍정 텍스트 확률 : 82.47%"
"[ .다양한 여행용 유모차가 있어서.이번 기회에 골라보시려는 분들에게.조금이나마 도움이 되면 좋겠네요.], 긍정 텍스트 확률 : 51.64%"
"[ .몇번 소개해드렸던 매장인만큼.아마 설명을 들으셨던 분들도 있으실텐데요..원래 맘스맘이었다가.이름만 변경된 곳이랍니다..여가지의 브랜드와 .다양한 제품들을 보유하고 있어서 .구경하는 재미가 쏠쏠한 곳이라고 할 수 있지요..컨디션도 늘 좋고.직원분들도 얼마나 친절하신지 몰라요.그 규모 또한 크기 때문에 .몰랐던 제품들도 알고 득템할 수 있는 곳이지요. ], 긍정 텍스트 확률 : 98.76%"
"[ .전문가가 항상 대기하고 있어서.어떤 제품이든 궁금한 것은.직접 물어보고 구입할 수 있어서.더 좋은 것 같다는 생각이 들었어요...눈으로 직접 보는 것괘.인터넷으로만 비교하는 것은.큰 차이가 있으니까요. ], 긍정 텍스트 확률 : 78.36%"
"[ .물건들의 장단점을 들을 수 있는 것도.장점 중 하나라고 할 수 있을 것 같아요..아무래도 인터넷에는 광고도 많고.직접 가서 비교하고 장단점을 들어보면.제가 생각했던 것과 또 다른 점을 볼 수 있게 되더라고요..직접 밀어보고 감촉 등을 .다양하게 해볼 수 있다는 점도 좋은 것 같아요. ], 긍정 텍스트 확률 : 67.21%"
"[ .경기도 최대 규모 매장이라고 할 수 있는 이 곳은.약 평 이상으로 다른 곳에 비해서도.월등한 매장 규모와 퀄리티를 자랑하고 있어요..사진으로만 봐도 널찍하게 느껴지지 않나요? ], 긍정 텍스트 확률 : 63.93%"
"[ .평소 보기 힘든 제품들도 직접 볼 수 있어서.더욱 좋은 것 같다는 생각이 들었어요..특히 이번에 여행용 유모차 보러 갔지만.다른 것들도 왜 이렇게 눈에 들어오던지.아이는 살이라 구입할 것이 없지만.조카들에게 선물할 것들을 자꾸 고려해보게 되더라고요. ], 긍정 텍스트 확률 : 88.38%"
"[ .여러 상품들이 있는 것은 물론이고요..박람회 같은 것은 날짜가 정해져 있어서.그 날짜에 맞춰 방문해야 하는 것이 있어서.불편한 점이 있는 경우도 있었어요..당장 필요한 물건인데도 저렴하게 구입하거나.사은품 때문에 기다리기도 하고요..하지만 이곳은 일 늘 열려있는 곳이라.항상 저렴하고 쉽게 구할 수 있어서 좋네요. ], 긍정 텍스트 확률 : 99.35%"
"[ .아울렛 안에 위치해 있어서 .주차공간도 넉넉해서 .초보 분들이 방문하기에도 좋다고 하더라고요..백화점 상품권도 사용이 가능해서.갖고 있는 상품권 활용하기에도 굿 ], 긍정 텍스트 확률 : 98.39%"
"[.자라면서 필요한 것들을 구입할 수 있어서.지금까지도 구경하는 동안 .즐거움을 느낄 수 있게 해주는 곳이네요. ], 긍정 텍스트 확률 : 99.39%"
"[ .지난번에도 살짝 소개해드린 적이 있는데.수원 베이비플러스에서는.유튜브 채널도 운영하고 있어서.여러 정보를 나누기도 하고], 긍정 텍스트 확률 : 85.48%"
"[ .소비자의 입장에서는 .솔직한 후기들을 들을 수 있다는 것도 .큰 장점으로 다가올 수도 있는 것 같아요..저도 요즘은 유튜브로 정보를 찾아보는 경우도 있어서.많은 도움이 되는 것 같더라고요. ], 긍정 텍스트 확률 : 79.10%"
"[ .다양한 제품들을 만나볼 수 있는 이 곳], 긍정 텍스트 확률 : 91.28%"
"[ .수원 베이비플러스..앞으로도 필요한 아기용품이 있다면.이곳에 방문해서 구입하고 싶어지네요.], 긍정 텍스트 확률 : 95.19%"
"[.안녕하세요 예비맘 히수깅입니다.임신 개월에 접어 들어서 출산 준비 중인데요. 지난주 킨텍스서 하는 맘앤베이비페어 다녀왔어요..출시 기념으로 혜택 넘 좋아서 울 아기 유모차로.선택하게 된 엠베이비 오이스터 디럭스 유모차.택배 도착해서 조립하고 개봉기 공유합니다아. ], 긍정 텍스트 확률 : 99.33%"
"[ .오이스터소재의 안전바랑 컵홀더도.개별 포장이 잘 된 상태로 함께 구성되어.있는데 이 두 가지는 정말 그냥 끼우기만 하면.돼서 사용하기 간편하니깐 이따 보여드릴게요. ], 긍정 텍스트 확률 : 99.31%"
"[ ..유모차에 바퀴부터 앞뒤로 차분하게 조립하고.그다음에 시트 조립하고 시트에 안전바랑.캐노비까지 조립해준 다음 컵홀더까지 장착.기본 구성들만 일단 싸악 조립해봤어요..오이스터 프레임은 실버 컬러의 미러 프레임.그리고 제가 선택한시티그레이 프레임두 가지.저는 시티그레이 프레임에 캐노피 컬러 가지 중.시티그레이 패퍼 로 최종 주문했거든요ㅎㅎㅎ..시티그레이 프레임 캐노피 컬러 가지가 더.시티그레이 베리자주색 .시티그레이 머큐리연한 회색. 시티그레이 캐비어검은색.미러 프레임도 캐노피 컬러 가지예요.... ], 긍정 텍스트 확률 : 54.78%"
"[외부 소음으로 부터 우리 아가.지켜 줄 수 있으니 요부분도 좋은거 같아요..어느정도 차이가 나는지 궁금 하실 수 있으니.기본버전으로 캐노피 내렸을 때랑 중간지퍼.열어서 내려줬을 때 두가지 다 보여드려요ㅎㅎ..근데 요건 등받이 부분을 제일 위로 세워서.캐노피 사용 했을 때이구 등받이 부분 제일 아래로. 내리면 가려지는 부분에 차이가 있긴 해요. ], 긍정 텍스트 확률 : 92.74%"
"[ . 초산이라 제가 직접 사용하면서 느꼈다기보다.주변 지인들 아가들 유모차에 태우면 자연스럽게.아가들이 다리를 위쪽으로 올리려고 하더라구요?..영국 프리미엄 유모차 오이스터만의 깨알 .디테일이 발받침 각도 조절 뿐만이 아니라 .발받침 자체의 높낮이 조절이 된다고 할까요.다른 유모차에서는 보지 못한 디테일이랄까?ㅎㅎ. ], 긍정 텍스트 확률 : 87.60%"
"[ .저는 키가 그렇게 큰 엄마가 아니라서 사실은.핸들길이 크게 문제 되지 않겠지만ㅋㅋㅋㅋ.우리 신랑이 유모차를 끌게 될 수 도 있고.키가 크신 엄마들도 있으실 수 있으니 소개해요..핸들 가운데에 보면 버튼이 하나 있는데.누르면서 잡아 당기거나 밀어 넣으면.핸들 길이 조절이 자연스럽게 됩니다아ㅎㅎㅎ..후기 남기면 전용 가죽핸들 커버도 주던데.요거 얼른 리뷰해서 저는 신청하려구요 히힛 ], 긍정 텍스트 확률 : 93.34%"
"[ ...앞에서 구성품으로 보여드렸던 컵홀더는 .이렇게핸들 한쪽에 끼울 수 있게 되어 있어요.홈에 맞춰 끼우고 빼기만 하면 되니깐 쉬워요..그리고 제가 오이스터 프레임이 진짜 깔끔하니.군더더기가 없어서 엄청 마음에 들었거든요..근데 프레임 한쪽에만 이렇게 클립이 있는데.요게 바로 잠김 클립이라 폴딩 했을 때에.이 부분이 걸리면서 유모차가 잠겨지는 거에요.다시 풀려면 클립 부분 풀고 유모차 펴면 되요 ], 긍정 텍스트 확률 : 84.13%"
"[ .우리 아가가 타는건데 유모차 엄마만 사용하기.편하면 되는게 아니라 아이가 타기에도 .편하고 안전해야 되는거 아니겠어요?ㅎㅎㅎ.시트 뒤쪽에 소재가 진짜 튼튼하더라구요?.카시트에서나 볼법한 소재라서 마음에 쏙..바구니 추가 포켓도 사이즈 진짜 크죠?ㅎㅎ.바구니 넉넉해서 아주 마음에 들더라구요.근데 최대 적재량은 이니깐 요점 참고하세요 ], 긍정 텍스트 확률 : 93.09%"
"[ .유모차 사용 하다보면 앞바퀴 부딪힐 일이 .생길 수도 있는데 앞바퀴를 감싸고? 있는. 소재가 플라스틱이 아니고 튼튼해서 좋아요.요런 부분도 나름 깨알 디테일인거 같아요ㅎㅎ.앞바퀴 고정레버도 가운데 보면 있으니 확인..오이스터 디럭스유모차 답게 큼지막한 .뒷바퀴 좀 보세요 괜히 든든해여ㅋㅋㅋㅋ.뒷바퀴 사이에 보면 브레이크도 있어요.악세사리 박스에 보면 바퀴커버도 있어용ㅎㅎ ], 긍정 텍스트 확률 : 77.42%"
"[ ..시트 등받이와 핸들을 앞 바퀴 쪽으로 다 넘기면.이렇게 유모차 이동 손잡이가 나오는데 위로.잡아당겨서 유모차를 접어주면 끝이에요?ㅎㅎ..그럼 앞에서 보여드렸던잠김 클립이 딸각.소리가 나면서 완전히 잠겼는지만 확인하면되요.접힌 유모차는 세우거나 눕힐 수 있더라구요. ], 긍정 텍스트 확률 : 98.61%"
"[ ..오이스터 악세사리 박스가 따로 왔는데요.폭신해 보이는 오가닉 이너시트와 함께. 바퀴커버], 긍정 텍스트 확률 : 87.01%"
"[레인커버가 담겨 있는 .악세사리 박스가 별도로 함께 오더라구요?.전용 사계절 커버는 후기 남기면 보내주니.제가 이렇게 열심히 개봉기 남겨봅니다?ㅎㅎㅎ . ], 긍정 텍스트 확률 : 76.51%"
"[ 안녕하세요. 글뤽이에요저희 딸의.?크리스마스크리스마스.?유아선물유아선물 을미리 챙겨줬어요사실 제가 예전부터 갖고 싶기도했던거긴 한데 ㅎㅎ다른 엄마들이 사용해본 다른모 제품들에 대한 실제 후기를들어보니 제작된 뼈대 자체가 약하니아이가 밀면서도 같이 고꾸라진다고 하더라고요.ㅠㅠ 그래서 차마 준비하지 못했던건데이건 또 다른 느낌이더라고요.물론 무게가 가벼운건 맞지만바퀴의 위치], 긍정 텍스트 확률 : 99.02%"
"[설계 자체가 탄탄하니한번도 고꾸라짐 없이 잘 밀며놀고 있거든요. 그 부분에서일단 합격점 얻은 ㅎㅎ.?유아선물유아선물 을소개해드려볼게요. ], 긍정 텍스트 확률 : 98.50%"
"[ 정품 치코 인형유모차라실제와 더 같은 제품이에요다른 브랜드 중 실제와 똑같은 .?아기장난감아기장난감 이 있잖아요?그거보고 웃기고 신기하다면서엄청 귀여워하며 웃었었는데바로 이게 그렇더라고요. .?치코유모차치코유모차 를 재현한.?장난감유모차장난감유모차 로 .?역할놀이역할놀이 도 가능한 역할을하고 있답니다.배송 된 패키지 자체도 가볍고], 긍정 텍스트 확률 : 99.57%"
"[ 저희집에 유모차가 네대가 있는데그 중 제일 비슷한휴대용유모차와 비교해봤어요.브랜드 치코는 아니지만매우 흡사하더라고요.ㅎㅎㅎㅎㅎㅎ저랑 딸이랑 함께 서있는 모습너무 귀엽지 않나요? ], 긍정 텍스트 확률 : 82.80%"
"[ 패키지부터 너무 좋아라하고], 긍정 텍스트 확률 : 83.96%"
"[ 폴딩 되어 있는 모습이나], 긍정 텍스트 확률 : 79.75%"
"[ 모두 동일하더라고요다만 접을 때 양쪽에 있는 안전장치를양쪽 손끼임 방지 안전장치올려서 뒤쪽 하단을 다시 접어주는 방식이제가 들고 있는 것과는 다르긴 했지만이 정도도 실물을 제현한 모습이너무나 특별하고 재미나더라고요.ㅎㅎ ], 긍정 텍스트 확률 : 86.43%"
"[ 한동안 아파트 복도에서 끌고 다니는데이게 또 소음이 없어서조용히 왔다갔다 끌고 다니더라고요어찌나 웃기고 귀여운지한참을 봤어요 ㅋㅋㅋㅋㅋㅋㅋㅋㅋㅋㅋㅋ ], 긍정 텍스트 확률 : 75.64%"
"[ 걸음마보조기..?라기 보다는그냥 끌고 다니는걸 좋아라하는이 시기의 아이들에게너무나도 신나고 좋은 장난감이되기도 하고요. 즐겁게], 긍정 텍스트 확률 : 98.93%"
"[ 그리고 스스로], 긍정 텍스트 확률 : 70.21%"
"[안전하게가지고 놀 수 있는 장.난.감.이되겠습니다ㅎㅎㅎㅎㅎㅎㅎ ], 긍정 텍스트 확률 : 83.66%"
"[ 꺼내서 보여주자마자그리고 아직까지도잠시도 끊김 없이 너무나도잘 밀고 놀아요 ㅎㅎㅎㅎㅎ뿌듯하더라고요.신랑도 보더니 왜 이렇게 귀엽냐고ㅋㅋㅋㅋㅋㅋㅋㅋㅋㅋㅋ저희 딸도 밀고 다니며이 방 저방 들어갔다가 나왔다가반복하면서 인형에게 집안 여기저기를탐방 시켜주더라고요 ㅋㅋㅋㅋㅋ ], 긍정 텍스트 확률 : 97.74%"
"[ 안전벨트도 세심하게제작되어 있는 크리스마스 유아선물인데요.눌러서 안전장치를 빼고], 긍정 텍스트 확률 : 56.95%"
"[ 딸깍 소리 날 때까지 장치를 밀어안전장치를 사용할 수 있게 하는 등그냥 정말 ㅋㅋㅋㅋㅋㅋㅋㅋ실제 같았어요 그리고벨트 길이 조절도 쉽게 쉽게가능하고], 긍정 텍스트 확률 : 89.73%"
"[어깨걸이 부분도양쪽으로 탄탄하게 맬 수 있도록만들어져 있답니다.그냥 말 그대로 허접하지 않은리얼한 제품이라는거죠 ㅎㅎㅎ ], 긍정 텍스트 확률 : 97.08%"
"[ 장바구니도 리얼하게나름의 높이도 있는 편이라작은 장난감 정도를싣고 다니기도 하더라고요 ㅎㅎㅎ우리가 한 행동을 똑같이 따라한건지스스로 습득한건지 ㅎㅎ이제 뭐든 다 하려고 하는세 딸 너무 귀여운거 같아요.차양막도 걷었다 폈다가할 수 있는 기능이 있답니다.조금 더 자라서 한창 엄마놀이 할 때에사람캐릭터 모양의 인형을탑승시켜다가 정말 잘 놀거 같아요바퀴는 항상 관리해줘야 겠네요. ], 긍정 텍스트 확률 : 98.68%"
"[ 세척 관리시에는세탁기 보다는 순한 성분의비누로 닦아내는 식으로가볍게 관리를 하시면 될거 같고요.다른 부분에는 젖지 않도록 조심하는게부식의 위험을 줄일 수 있답니다접고 펼칠 수 있는 차양막], 긍정 텍스트 확률 : 84.16%"
"[ 어깨걸이식 리얼한 안전벨트], 긍정 텍스트 확률 : 52.62%"
"[ 견고한 잠금장치와 제품의 균형], 긍정 텍스트 확률 : 68.07%"
"[ 안전한 바퀴까지 모든 부분이개인적으로는 완벽하게 마음에들었던거 같아요. ], 긍정 텍스트 확률 : 98.04%"
"[ 이번에는 인형을 바꿔 태워주고 싶다고해서바꿔줬어요. ㅎㅎㅎㅎㅎㅎㅎ ], 긍정 텍스트 확률 : 84.95%"
"[ 세로 로딱 우리 아이들이 가지고 놀기에 좋아요.월 일 측정하고 왔던 키가.인데 딱 갖고 놀기에도좋은 높이 같아요 ㅎㅎㅎㅎㅎㅎ뭐], 긍정 텍스트 확률 : 96.71%"
"[좀 더 컸을 때도 얼마나잘 가지고 놀지 눈에 선하긴 해요ㅎㅎ ], 긍정 텍스트 확률 : 58.04%"
"[ 밖에 나갈 때도 무조건 들고 다가려고 하고], 긍정 텍스트 확률 : 70.99%"
"[ 외출다녀와서 집에 들어와서는제일 먼저 찾는 이것 ], 긍정 텍스트 확률 : 52.30%"
"[ 여러분의 크리스마스 유아선물은어떻게 정하셨나요? 저는육아모임에도 알려드리려고요 ㅎㅎ저와 같은 이유로 계속 서치만 하고 있었거나], 긍정 텍스트 확률 : 65.99%"
"[ 구.먜.를 보류하고 있었던언니들이 많았거든요.하지만 다른 비슷한 제품들에비해서 훨씬 퀄리티도 견고함도 완성도도있기 때문에 츄쳔할 수 있겠더라고요. ], 긍정 텍스트 확률 : 75.70%"
"[베이비샵 직구일 아기장난감 아기체육관모빌겐조보보쇼즈무민 아기옷 후기남자아기 코디베이비패션 . 블랙프라이데이 세일아이의 성별을 알게된 순간부터개미지옥이라는 베이비샵에 발을 들이기 시작..ㅋㅋㅋㅋㅋㅋㅋㅋㅋㅋㅋㅋㅋ그동안 내 블로그에 계속해서 후기를 올렸었지.실제로 초반에 구매했던 .?미니로디니미니로디니 를 포함한 신생아옷은 너무너무 잘 입고있다.실제 착용 후기 포스팅도 한 번 따로 하겠음 .... ], 긍정 텍스트 확률 : 99.80%"
"[ 특히.?나옐아기띠나옐아기띠 는 포스팅 후 베이비샵에서 품절이라는 소식도 봤...ㅋㅋㅋㅋㅋㅋㅋㅋㅋㅋㅋㅋㅋㅋㅋㅋㅋ암튼], 긍정 텍스트 확률 : 91.14%"
"[.?베이비샵주문베이비샵주문 .?베이비샵주문방법베이비샵주문방법베이비샵 아직도 모르는 분들이 있나요? .... ], 긍정 텍스트 확률 : 80.50%"
"[ 지금 사이트에 들어가봤더니중이네.또 사고싶다.베이비샵 밉다.ㅋㅋㅋㅋㅋㅋㅋㅋㅋㅋㅋㅋㅋㅋㅋㅋㅋㅋㅋㅋㅋㅋㅋ ], 긍정 텍스트 확률 : 76.79%"
"[ 나같은 경우는 그게 유로였음.그런데 예기치못한 일이 발생했으니.. 또르르... 한국지사가 지금 파업중..월 초 기준그래서 블프 전에 주문한 것도넘나 오래걸렸.. ㅠㅠ스아실], 긍정 텍스트 확률 : 64.23%"
"[ 를 클릭하면다양한 종류의 플레이매트와 아기체육관이 있다.내가 고민했던 키즈컨셉 것과 스킵합 것도 있으니가서 구경해보시길. ], 긍정 텍스트 확률 : 86.96%"
"[ 그리고 이렇게 유모차에도 달 수 있게 집게가 달린 인형도 따로 있어서외출할때 달아줘보니계속 쳐다보면서 멍때리고 좋아해.너 진짜 쉬운남자야..ㅋㅋㅋㅋㅋㅋㅋㅋㅋㅋㅋㅋㅋㅋㅋㅋㅋㅋㅋㅋㅋㅋㅋㅋㅋㅋㅋㅋ사진에 있는 핑크색 후드도 베이비샵 직구템 ], 긍정 텍스트 확률 : 99.50%"
"[ 그리고 또 주문한 나머지 물건들이 왔드아아아 ], 긍정 텍스트 확률 : 76.05%"
"[ 지난번에 내가 베이비샵 무배라고세짜리 자전거를 샀던 사건을 기억하시는 분이 있나...요?ㅋㅋㅋㅋㅋㅋㅋㅋㅋㅋㅋㅋㅋㅋㅋㅋㅋㅋ그때 그 파이팅 넘치던 임산부가과거의 내가 원목으로 된 아기체육관도 주문했더라.ㅋㅋㅋㅋㅋㅋㅋㅋㅋㅋㅋㅋㅋㅋㅋㅋㅋ근데 거기에 매다는 오브제를 아직 못찾고 있어서같은 브랜드인키즈컨셉걸로 이참에 주문.완죤 귀요미 ], 긍정 텍스트 확률 : 95.17%"
"[ 조립해서 매달면 이런모습이 나옵니다ㅋㅋㅋㅋㅋㅋㅋㅋㅋㅋㅋㅋ .... ], 긍정 텍스트 확률 : 70.27%"
"[ 이렇게 완제품으로도 판매하는구만.심지어 지금 세일중 ㅋㅋ ], 긍정 텍스트 확률 : 98.15%"
"[ 그리고 이건 .?스킵합트래블모빌스킵합트래블모빌 .?유모차모빌유모차모빌.?휴대용모빌휴대용모빌이건 검색해보니 쿠팡에서도 파네?ㅋㅋㅋㅋㅋㅋㅋㅋㅋㅋㅋㅋㅋ나는 주문하는김에 그냥 같이 직구함. ], 긍정 텍스트 확률 : 51.05%"
"[ 예비 태릉인 우리집 소년이체육관에서 흥분하는 모습과스킵합 모빌이 움직이는 영상을 담아봄.얘가 나닮아서 카메라울렁증이 있는지동영상을 찍으면 실제 흥분지수의 만 발휘하네.. ], 긍정 텍스트 확률 : 99.06%"
"[ 그래서 대리만족하라고 아들거 사줬졍ㅋㅋㅋㅋㅋㅋㅋㅋㅋㅋㅋㅋㅋㅋㅋㅋㅋㅋㅋ그것도 핑크핑크로.아 너무 예쁘다아아아아 ], 긍정 텍스트 확률 : 86.38%"
"[ 그냥 지금 바로 입히고 싶어서사이즈는 고민하다 로 샀는데지금 따악 맞는다. 베리굿아드님 현재 일정도], 긍정 텍스트 확률 : 97.76%"
"[.?베이비샵블프세일베이비샵블프세일 .?일옷준비일옷준비위에서도 언급했듯이미 블프전에 주문을 했는데..그건 장난감 위주였으니..블프땐 의복을 위주로 직구를 한 번 더했다?ㅋㅋㅋㅋㅋㅋㅋㅋㅋㅋㅋㅋㅋㅋㅋㅋ ], 긍정 텍스트 확률 : 85.96%"
"[ 내가 엄선한 벌의 옷이번엔.?보보쇼즈보보쇼즈 니가 타겟이다.ㅋㅋㅋㅋㅋㅋㅋㅋㅋㅋㅋ ], 긍정 텍스트 확률 : 91.18%"
"[ 박시한 스웻셔츠에 쫄바지 입히는 코디가이 모친의 로망이었단다.보보쇼즈꺼 진심 다 예뻐서 뭘 골라야할지 몹시 힘들었음. ], 긍정 텍스트 확률 : 72.72%"
"[ 마지막으로집에서 편히 입힐 바디슈트도 하나 주문.이전에 직구한거 참 잘입히고 있는데이젠 다 작아지려한다 ㅠㅠ무민것도 예쁘길래 장바구니에 하나 넣었지. ], 긍정 텍스트 확률 : 93.60%"
"[ .유튜브와 인스타그램도 퐐로퐐로미... 에이치의 라이프로그... .... ], 긍정 텍스트 확률 : 50.17%"
"[ .좋아요와 구독은 사랑입니다 ♥..... .... .... ], 긍정 텍스트 확률 : 99.90%"
"[우리 둥이들이 태어난지 벌써 일째외할미 외할비께서 백일선물로쌍둥이 윰차를 선물해주셨당쌍둥이 윰차 뻬그뻬레고를 가장 저렴하게 사는방법 .?뻬그뻬레고뻬그뻬레고.?쌍둥이유모차쌍둥이유모차 .?쌍둥이유모차싸게사는방법쌍둥이유모차싸게사는방법.?양주베이비플러스양주베이비플러스인터넷 최저가를 알아보도 만원이 넘는다..뻬그뻬레고 쌍둥이윰차중에서 가장 유명하고 많이들끌지만 그안에서 아리아트윈과 북포투 두가지로 나뉘는데아리아트윈과 북포투중에서 핸들링이 더 좋다는 북포투로 결정결정하고나니 또 색깔을 골라야하는데...블랙은 주문하고 오래걸린다고해서 바로 받을수있는 호라이즌색으로 결정 .?뻬그뻬레고호라이즌뻬그뻬레고호라이즌.?북포투호라이즌북포투호라이즌.?블랙보다멋스럽다블랙보다멋스럽다처음 상품받고 조립하고나니까 뒤에 천이 삐뚤어져있었따..ㅠ옆으로 당겨도 돌아오지않아...ㅠ구입처에 전화해서 사진보내주고나니까 다음날 바로 맞교환처리를해주셨다빠른처리 굿굿 베리굿 ], 긍정 텍스트 확률 : 94.80%"
"[ 그리고 다시온 뻬그뻬레고북포투우선 불량은 없음.한번 조립을해봤기에 수월하게 촤촥 ], 긍정 텍스트 확률 : 74.93%"
"[ 생각보다 호라이즌색이 멋스럽고 이쁘다블랙보다 호라이즌으로 선택하길 잘했당 ], 긍정 텍스트 확률 : 74.38%"
"[ 역시 비싼게 좋구만.. ], 긍정 텍스트 확률 : 95.41%"
"[ 뻬그뻬레고마크도 멋스럽네엄마아빠 감사합니당 ], 긍정 텍스트 확률 : 97.20%"
"[ 뻬그뻬레고 북포투 조립완성쌍둥이윰차의 기본적인 무게가 있다보니 여자가 혼자들기에 버겁지만가능 ㅋㅋㅋㅋ난 힘이쎈 엄마이니까 수월하게 가능무게가있어서그런지 핸들링이 부드럽고 좋음아이들태우고 처음으로 밖에 외출하러나갔음.식당 작은문 거뜬히 통과손잡이연결부분이 튼튼하다보니 턱을 통과할때도 앞바퀴 번쩍번쩍 들어서 부드럽게 넘어갈수있음.기본적으로 포함되어있는 방풍커버도 이쁘다.날이 어서풀려가지구 호라이즌색을 멋스럽게 뽐내며 다니고시푸다 ], 긍정 텍스트 확률 : 54.85%"
"[ ...이렇게 티켓을 다운로드 받을 수 있고.내 티켓함에서 볼 수 있다.수원 광교컨벤션센터에 시부터 시작하는데.시 분쯤 도착하니.주말인데 주차도 넉넉하고 .생각보다 사람이 많지 않았다... ], 긍정 텍스트 확률 : 92.35%"
"[ ..입구에서페어프리 입장권교환처를 찾아서.입장권을 교환하고.입장 선착순 선물도 받을 수 있었다. ], 긍정 텍스트 확률 : 61.25%"
"[ ...명 마다 선물이 달라지는 것 같은데.기대를 도 안했는데 받은.?신생아면봉신생아면봉.하나정도는 필요하겠다 생각했는데.마침 선물로 받아서 넘나 좋았다 굿. ], 긍정 텍스트 확률 : 74.58%"
"[ ... .?거즈손수건거즈손수건가재손수건.신생아용 손수건의 가격은 다 비슷했다.일반 손수건 장 만원.밤부 거즈손수건 장 만원 이었다..면세점에서 밤부 손수건 장에 원.정도였는데 별 차이없는것 같았다.인터넷에서 사려고 하다가.그냥 직접 만져보고 고르고싶어서 베페에서 샀다...그리고 만원 이상 구매고객 경품 추천도.이왕이면 노려볼만해서 ㅎㅎ.손수건을 질렀다.. ], 긍정 텍스트 확률 : 81.57%"
"[ ..이번 베페에서 꼭 구매하려했던. .?신생아네일트리머신생아네일트리머베이비핸즈. .?신생아손톱깍기신생아손톱깍기..내 손톱깍을때도 잘 못깍아서 피가 나는데.내가 어떻게 애기손톱을 ....? 이라는 생각이 들면서.육아하는 지인의 조언과 적극 추천으로 .구매하게되었다.실제 인터넷보다 훨씬 저렴했고.나도 사용할 수 있을것 같았다.. ], 긍정 텍스트 확률 : 99.73%"
"[ ..젖병을 아직 준비를 안해서 살까말까 했던.젖병솔과 더블하트와 고민했던 젖병..진짜 어쩌지 수백번 고민하다가 안샀는데.이러다가 조리원에서 쿠팡으로 시켜야할판 ㅠ.준비할게 넘나 많은데 종류도 많고.아쉽게도 더블하트가 없어서 비교할 수 없었다.... ], 긍정 텍스트 확률 : 95.12%"
"[ ...베이비페어에서 진짜 가격혜택이 큰 제품은.카시트와 유모차인것 같다.전시시작하자마자 전시품을 예약을 하는데.가격이 월등히 싸기 때문에 좋았다.난 일차에.가서 이미.다 예약이 되어있었다. ], 긍정 텍스트 확률 : 51.03%"
"[ .부지런하신분들이.많아......이번에 절충형유모차로 가장 눈여겨보고있던. .?해밀턴유모차해밀턴유모차미마자리유모차 를 보고왔다.역시 좋은 건 다르다..이번엔 스토케가 안왔고 부가부도 역시 안왔다...만세 태어나면 절충형 유모차 사러 .또 와야겠다. ], 긍정 텍스트 확률 : 59.09%"
"[ ..기저귀 한개 서비스로 주셨다..후 .역시 난 이런 경품과 인연이.없는건가. ], 긍정 텍스트 확률 : 85.31%"
"[ ..아쉬운 마음에 그냥 집에.갈까 하다가. .?베이비스토리베이비스토리경품이벤트 를 참여해보았다.원래 이런거 하면 맨날 물티슈나 당첨되서.참여도 안하다가 그냥 마음을 비우고 했는데.대박 남편과 나 둘다 .베이비키트에.당첨되었다. ], 긍정 텍스트 확률 : 92.80%"
"[ ...그리고 손싸개와 각종 증정품.많이.참여안해서 이정도 ㅋㅋㅋ. ], 긍정 텍스트 확률 : 73.66%"
"[ ..사은품은 소소했지만 베이비키트가 있어서.괜찮앙 무려 개 ], 긍정 텍스트 확률 : 75.59%"
"[ ...캐드키드슨과 함께해서 아주 예쁜 박스에 포장된. .?베이비키트베이비키트.진짜 딱봐도 알차다 알차 ], 긍정 텍스트 확률 : 83.17%"
"[ ..주차는 초큼? 비쌌다.시간 조금 넘게있었는데.원.그렇지만 가볼만한 곳 ㅎㅎ.. ], 긍정 텍스트 확률 : 68.38%"
"[ 여튼 나는 당장 이번주 비행기를 타야하므로유모차가 필요하다.유모차가 필요한데.. 난 왜 자꾸만눈이 돌아가는가..매장 문에 걸려있던 저 파란 타월이 왜케 갖고 싶은지..손가락을 깨물며 매장으로 들어갔던 기억이 난다.아쉬움에 사진 한장미련덩어리다.없는게 없을 만큼 최대규모의 매장이다 보니사실 정신줄을 잡기가 쉽지 않다.다시 마음을 가다듬고..이것저것 다 비교해보면 좋겠지만우선 유명하다는 제품을 찾아보고 비교했었다.어제 수원 맘스맘에서 직접 다녀와서 본유모차 시크 롤리팝 포스팅에 이어요요 유모차도 포스팅을 하겠다.나처럼 결정장애인 분들을 위하여. ], 긍정 텍스트 확률 : 99.82%"
"[ 사실수원 맘스맘 에 가면더 결정장애가 올지도 모른다.거의 모든 브랜드 유모차와 유모차를 전문적으로 설명해 주시는 분까지..혼돈의 카오스를 맛보실수도ㅋㅋ정신 단디 붙잡고 설명 잘 들어보시길 권한다.대신 여러가지를 비교할 수 있다는장점이 있으니 넘나 좋은것그리고내가 원하는게 무엇인지정확히 파악하고 가는게 순위라는거명심하기길 ], 긍정 텍스트 확률 : 53.15%"
"[ 나의 레이더망에 들어왔던건 베이비젠 요요 유모차와 시크 롤리팝 가지.둘다 비싸다. ㅋ그러기에 최대한 할인을 받고사은품을 받아보고자 발품을 팔아수원 맘스맘으로 간거다.베페보다 저렴한 맘스맘.가격은 약속한게 있어서 역시 비밀이다.궁금하면 원그러고 보니 내일 베이비페어가 열리는데나는 못간다..그때 난 제주도에 있을거니까그래도 아쉽지 않다.베이비젠 요요 유모차 베페 가격을 모르니까 ㅋ ], 긍정 텍스트 확률 : 92.87%"
"[ 기대를 잔뜩 안고 본 요요 유모차우선 신생아부터 의 아이까지탑승이 가능하다.신생아는 뉴본팩이라고 따로 구성이 있더라.우선 무게는 요요 유모차 무게는 . 으로 시크 롤리팝과 비슷. 사이즈도 굿. ], 긍정 텍스트 확률 : 97.91%"
"[ 근데 단점이..안전바와 발판이 없다는거.사제로만 구입이 가능하다. 왜? 난 아이가 좀 커서 발판], 긍정 텍스트 확률 : 85.11%"
"[안전바는 필요없지만아이가 살이하인 아이들은발판], 긍정 텍스트 확률 : 71.78%"
"[ 그리고 후기들 대로차양막이 생각보다애게 소리가 나오게 작았다는거.짧고 낮다.보통 더운나라도 여행가지 않나?물론 국내에서도 자유롭게 편리하게 이용하기 위한게휴대용 유모차지만 난 지금 여행을 가니까.여튼 짧아서 햇빛을 가리기엔 역부족우리 막둥이는 앉으면 차양막에머리가 닿는정도살이하는 괜찮을수도.그렇지만 요 캐노피가 자외선에강력한 원단 이란다.. 차단을해준다니 성능은 최고다. ], 긍정 텍스트 확률 : 98.01%"
"[ 핸들링이 단연...최고다한손으로 자유자재로 움직일 수 있더라.나는 핸들링에 굉장히 민감한 편이라모든 단점을 극복하게 해준게 바로 이 핸들링좌우로 이동하며 밀어도흔들리거나 밀리는거 없이잘 따라온다.더군다나볼 베어링 적용과바퀴 서스펜션 장착 으로아이가 느끼는 충격을 최소화해서승차감을 높였다고 한다.내가 타보고 싶네ㅋ아이를 태우고도 무리없이 된다하니손목터널증후군이 있는 나에게치명적인 유혹이었다.음...근데..내가 밀거 아니자나?이젠 신랑이 밀어야지..내가 어떻게 미나 독박육도 이제 끝내야할때.신랑도 핸들링 무지 따지니아마 밀어보면 요요를 하자고 했을듯하다. ], 긍정 텍스트 확률 : 96.30%"
"[ 조금만 익숙해지면 가능한 한손 폴딩은정말 매력적이다.처음엔 생각보다 안접힐수도 있겠다 싶지만뭐든 경험이니까구성품중에 폴딩 후 어깨에 백팩처럼 멜수 있는가방이 있는데 완전 맘에 드는데모두 별도 구매다. 유모차도 비싼데 별도구매가 너무 많다. ], 긍정 텍스트 확률 : 99.64%"
"[ 그리고 하나 특이한점은요요 유모차 프레임과여러가지 컬러의 싯베이스다.두가지 타입의 프레임이 있어 선택이 가능하다매트블랙과 글로시 화이트인데난 매트블랙이 단연 이쁘더라. ], 긍정 텍스트 확률 : 58.06%"
"[ 프레임 색상을 골랐다면시트 색상을 고르면 되는데다 이쁘다여기저기 계속 결정장애다. 어렵다 어려워 ...ㅎㅎ ], 긍정 텍스트 확률 : 92.23%"
"[ 요요 유모차의 기타 악세사리도수원 맘스맘에서 구입이 가능했다.직접 보고 결정할 수 있어서아주 편했다.역시 백문이불여일견이라고백날 리뷰보고 상품평 보는거보다직접 밀어보고 만져보는게 최고다우리 남편에게는매장이신갈근처 아울렛안에있다 니까 가보자 하더라.아울렛 사랑은 여전하시다. ㅋ좀 비싸기도하고 육아용품 중 유모차는 남편이 가장 많이 같이 사용하는 제품이니같이 결정하는게 경험상 좋았다. ], 긍정 텍스트 확률 : 99.96%"
"[ 요요의 시트 등받이는 도로 조절이 되는데뒤에 조절 끈이 있어서 쉽게 조이고 풀어서 조절이 가능하다.그리고 정말 매력적인거..요요유모차에 있는 모든 패브릭은 완전 탈부착이 되어 세탁이 가능하다.시트], 긍정 텍스트 확률 : 97.03%"
"[ 정말 폭풍같이 유모차를 알아보았다.앞으로 년여간만 더 타면 될유모차를 살것인가.. 말것인가부터그냥 저렴한걸 구입해 쓰고 버리고또 사고 그럴까 아님 기왕지사아이도 나도 편하게 좋은걸 살까?결정장애 속에서 헤맬때수원 맘스맘 매장에 계신유모차를 설명해 주시던전문 직원분 덕에 좀더 좋은 결정을 할 수 있었던 것 같다.뭐 쓰다 또 팔면 되지 하는 마음도 있다.아주 엄청난 지출이 예정된 월이네..카시트에 유모차에 여행까지 ㅜㅜ ], 긍정 텍스트 확률 : 94.43%"
"[ 속시원하게 결정을 내리고 나니매장 다른 육아용품이 눈에 들어오기 시작했다. ㅋㅋ아이 보온병을 얼마전에 떨어뜨려서 ㅜㅜ안에 유리관이 깨진건지 보온이 꽝도시락통도 사야하고..신랑 보온밥통으로 아이들 써모스 이유식보온통이 딱이었는데.것도 어따 갖다 버리고오고], 긍정 텍스트 확률 : 89.39%"
"[ 우리 큰애 아토피 앓기 시작하며국내에서는 잘 알려지지도 않았던 사노산을 년전부터 사용하기 시작했었는데여태껏 특별한 행사가 없는 한맘스맘이 가장 저렴했다.아이들 로션은 특히나 다 직접발라보고 향도 맡아보고 하고 싶은데온라인상으로는 한계가 있으니한번씩 직접 유아매장에 나와서비교해보는것도 참 도움이 되었었다. ], 긍정 텍스트 확률 : 92.17%"
"[ 누비 흡착 식판 요거 아주 좋다.미끄러지지 않고 아이가 밥그릇을 엎을수 없어서 최고.나도 안써본 육아용품이 없구나. 그러고보니우리 친정아부지가 좀 몸이 불편하셔그릇이 자꾸 미끄러지는데이거 하나 살까 고민스럽다.왠지 다 필요한거 같은데살꺼 결정했으면 빨리아울렛 구경가자는 신랑 재촉에아직 구경할게 백만개는 남았는데맘스맘을 나와야 했다.ㅋㅋ ], 긍정 텍스트 확률 : 67.42%"
"[ 전국에 있는 모든 매장을 가본건 아니니딱 여기가 최저가야 라고는 못하지만그래도 내가 요요 유모차와 시크 롤리팝 알아본데 중가장 괜찮았다.그리고 이번 설에 선물받은 백화점 상품권으로결제 할 수도 있어서 알뜰하게 상품권 사용한듯해서 괜히 공짜로 얻는 느낌? ㅋㅋ], 긍정 텍스트 확률 : 66.71%"
"[안녕하세요 따심이맘입니다베이비젠은 엄마들 사이에서 입소문이자자한 브랜드잖아요 휴대용유모차중에서도 최고랄까 ㅋㅋㅋ토피라는 새로운 컬러가 나왔는데요구매 후 참여만해도선물을 드리고 있어요], 긍정 텍스트 확률 : 99.71%"
"[ 토피컬러는 올 가을과 굉장히 잘어울리는그런 컬러감이예요 신상컬러인만큼 눈길이 가더라구요만약에 베이비젠 요요 구매를 생각하셨다면토피컬러도 생각하시면 좋을 것 같아요프레임 컬러에 따라서 또 다른느낌도 들죠 ㅎㅎ ], 긍정 텍스트 확률 : 96.94%"
"[ 베이비젠요요는 프레임하나로 신생아부터 까지태울 수 있다는 장점이 있어요신생아부터 태울 수 있는 뉴본팩과개월 이상 아이들이 타는 일반모드까지모두 토피컬러로 장만하면 참 예쁘겠더라구요뉴본팩과 컬러팩만 구매하면계속해서 아이를 태워줄 수 있으니 굿굿저도 따심이때 요거 살걸 그랬나 했어요 ], 긍정 텍스트 확률 : 63.02%"
"[ 폴딩도 진짜 어마어마하죠기내반입이 가능한 작은 폴딩으로여행갈때도 편리하게 사용할 수 있어서 더욱 좋아요저도 베이비페어에서 베이비젠 요요 폴딩을해본적이 있는데], 긍정 텍스트 확률 : 98.16%"
"[진짜 놀랍더라구요이래서 인기가 많나 싶은 정도였어요 ㅎㅎ ], 긍정 텍스트 확률 : 92.42%"
"[아기랑 제주여행은해피렌트카 와 함께카시트], 긍정 텍스트 확률 : 61.52%"
"[ 유모차편.아기랑 처음 떠나는 제주 .렌트카를 알아보던 중 .해피렌트카 에서 유모차랑 카시트를. 모두 빌릴 수 있어서 선택했다 .유팡소독기], 긍정 텍스트 확률 : 78.78%"
"[ . 유모차가 들어갈 수 있는 곳으로 가면 되는데.. 숙소에는 아기의자가 없어서 불편했다 .아직 혼자 잘 못 앉는 아기라... ㅋㅋ ..해피렌트카 에서 렌트카와 아기용품을. 한번에 대여 할 수 있어서 너무 좋았다.. ....?줴니킴 고객님 이용후기. ....? .?제주도렌트카제주도렌트카....? .?제주도카시트대여제주도카시트대여. ....? .?제주도유모차대여제주도유모차대여....? .?제주해피렌트카제주해피렌트카 ], 긍정 텍스트 확률 : 75.77%"
"[ 이번 제주여행은해피렌트카 와 함께카시트 유모차 상태 굿굿다음번에도 이용할게요친절하신 직원분들 넘 감사해용❤. ....고객님 이용후기 .. .?제주도렌트카제주도렌트카.. .?제주도카시트대여제주도카시트대여 .. .?제주도유모차대여제주도유모차대여.. .?제주해피렌트카제주해피렌트카 ], 긍정 텍스트 확률 : 98.53%"
"[ 세 번 연속 .. .?제주해피렌트카제주해피렌트카아마도 네 번째도 여기 할 듯.한 번에 차와 카시트 아기용품 빌릴 수 있어서편했었다.역시 집에서 쓰는 똑같은 모델을 빌리니 더 잘 잤던 것 같다.그 덕에 재우고 혼자 햄버거도 촵촵. ..고객님 이용후기 .. .?제주도렌트카제주도렌트카 .. .?제주도카시트대여제주도카시트대여 .. .?제주도유모차대여제주도유모차대여 ], 긍정 텍스트 확률 : 99.95%"
"[ 이용차량 .?올뉴올뉴유아용품 .?조이잼조이잼.?잉글레시나트릴로지잉글레시나트릴로지출처..?..? ], 긍정 텍스트 확률 : 85.47%"
"[ 제주 여행 알아보면서렌트카 카시트 휴대용 유모차한 번에 대여 해주는 곳으로 알아봤는데...깨끗해서 대만족. ..고객님 이용후기 .. .?제주도렌트카제주도렌트카.. .?제주도카시트대여제주도카시트대여 .. .?제주도유모차대여제주도유모차대여 .. .?제주해피렌트카제주해피렌트카 ], 긍정 텍스트 확률 : 83.74%"
"[ 매년 가는 제주도 여행..이번에는 둘째가 잘 다닐 수 있을지 걱정도 했는데 너무자 잘 지내줘서 쉽게 쉽게 다녔넹갈 때마다 유아용품이 다양한해피렌트카를 애용하는데..이번 역쉬 기대 이상이었다.집에 있는 카시트를 이걸로 업그레이드하고 싶을 만큼 둘째가 잘 있어 대대대만족. ..고객님 이용후기 .. .?제주도렌트카제주도렌트카.. .?제주도카시트대여제주도카시트대여 .. .?제주도유모차대여제주도유모차대여.. .?제주해피렌트카제주해피렌트카 ], 긍정 텍스트 확률 : 99.81%"
"[ 아현이 낳고 처음으로 여행♡떠나요 제주도유아용품 대여해주는 렌트카에서 편하게ㅎㅎ가보니 미리 예약해놓은카시트와 욕조 ], 긍정 텍스트 확률 : 81.99%"
"[아기의자가 차에 세팅 되어 있었다.참 편리한 세상이구나 ㅎㅎ카시트는 원래 쓰는 모델로 써서 우리 아현이도 거부 없이 잘 이용 했다 ㅎ아가랑 여행은 힘들긴 했지만 그래도 재미있고 또 힘들었다는.. ㅠㅠ.. ...?성현아 고객님 이용후기 ..?..?제주도렌트카..?..?제주도카시트대여 ..?..?제주도유모차대여..?..?제주해피렌트카 ..?..?울가족첫여행 ], 긍정 텍스트 확률 : 99.63%"
"[이호테우해변낮잠 못 자서 카시트에서 찡찡찡회전형이라 내리고 태울 때 진짜 좋았다비싼 거 다 필요없다......회전형 살걸각도도 조절돼서 낮잠 잘 때 목 안 고꾸라져서 너무 맘에 들었던페도라차에서 낮잠 자다 못 일어나서 늦게 들어간 목장에서 송아지 우유주기는 내가 하는데 왜 자기가 우는지?ㅋㅋㅋ날씨가 너무너무 좋았는데 자다 일어나서 언짢으심......바다에서는 모래 보고 신나서 엉덩이 철푸덕하고머리 위 지나가는 비행기 구경이 젤 좋았다. ..고객님 이용후기 .. .?제주도렌트카제주도렌트카.. .?제주도카시트대여제주도카시트대여 .. .?제주도유모차대여제주도유모차대여.. .?제주해피렌트카제주해피렌트카 ], 긍정 텍스트 확률 : 94.76%"
"[ 이용차량 .?쏘나타쏘나타유아용품 .?조이스핀조이스핀출처..?..? ], 긍정 텍스트 확률 : 51.21%"
"[ 카시트 같이 대여해주는 렌트카 찾다가 이용한해피렌트카 유아용품 이용 이벤트도 하고 직원분들도 친절하시고 우리 아들 정말 편하게 잘 다녀왔어요. .. .. .?제주도가족여행제주도가족여행.. .?제주도렌트카제주도렌트카 .. .?제주도카시트대여제주도카시트대여 .. .?제주도유모차대여제주도유모차대여 .. .?제주해피렌트카제주해피렌트카 ], 긍정 텍스트 확률 : 98.67%"
"[ 우리가족 첫여행급하게 떠나는 만큼 준비 없이 출발한제주여헹연애 때 몰랐던], 긍정 텍스트 확률 : 95.65%"
"[ 아이들 먼저 생각나는 둥이 어멈안전안전 서아 서빈이 걱정뿐이동할 때가 제일 걱정돼서], 긍정 텍스트 확률 : 77.48%"
"[얼마나 찾고 또 찾았는지..우리둥이들에 안전을 책임지는 카시트 .. .?제주해피렌트카제주해피렌트카후기가 너무 좋아서 신랑이 예약했는데], 긍정 텍스트 확률 : 95.79%"
"[카시트 상태도 굿박 일 동안 사랑둥이 책임을 진 친구들세상에나 우리둥이들 장거리도], 긍정 텍스트 확률 : 76.97%"
"[ 울지 않고 카시트에서 잠도 자고], 긍정 텍스트 확률 : 89.82%"
"[ 박 일 여정의 제주도 가족여행이유주 어린이와 첫 비행기 여행가까운 거기라 그런지 울지도 않고 비행기도 잘 타고그리고 우리 박 일 여행하는동안 발이 되어준스포티지제주여행은 왜 꼭 렌트를 해야 하는지 새삼 알게됨ㅋ이유주 어린이가 아직 어려서 우리는 카시트와 유모차가 필요했기에 한번에 대여가 가능했던 .. .?해피렌트카해피렌트카정말 굿초이스 인듯ㅋㅋ 특히 다시 집으로 돌아가기 위해 차량 반납 할 때 여기저기 들릴 번거로움카시트도 깨끗하고], 긍정 텍스트 확률 : 99.48%"
"[유모차도 나름 만족ㅋㅋ차량은 외부에 잔 기스가 있었으나 내부는 깨끗 했음ㅋ이유주 어린이 제 집안처럼 바닥에 앉아서 감 ㅜㅜ다음에 또 제주에 오게 된다면 해피렌트카 로 선택할 거임. ..고객님 이용후기 .. .?제주가족여행제주가족여행 .. .?제주도카시트대여제주도카시트대여 .. .?제주도유모차대여제주도유모차대여 .. .?즐거웠다즐거웠다 .. .?해피렌트카해피렌트카 .. .?강추강추 ], 긍정 텍스트 확률 : 64.09%"
"[ .제주 해피렌트카 의 소중한 고객님께서 올려주신 후기입니다...공항에서 분 가장 가까운제주 해피렌트카 ..유아용품 대여에서 장착까지 한번에무료대여 이벤트까지..문의 ..제주 해피렌트카 유모차 카시트원 이벤트는 계속 됩니다...이벤트 바로가기 ......... ], 긍정 텍스트 확률 : 98.87%"
"[만 개월을 보내면서 이제 슬슬 절충형 휴대용 유모차로 바꿔야겠다 라는 생각이 들더라구요.지금까지는 페도라 디럭스형 유모차를 사용했었는데 아기에게 충격이 덜 가도록 만든 디럭스형 유모차는확실히 무게가 많이 나가서 자칭 유리손목을 자랑하는? 저에게 또다른 고통이기도 했어요 ㅠㅠ물론 생후일 부터해서 지금까지 페도라 유모차를 너무너무 잘 사용하고 다녔지만ㅎㅎ앞으로 더 먼거리를 다니거나 여행갈때도 쉽게 휴대할수 있는 절충형 유모차를 구매하게 되었답니다.육아용품을 살 때는 흔히 주변 지인들이 사용하는걸 확인하고 사는 경우가 많은데레카로이지라이프도 딱 그렇게 결정하게 되었어요], 긍정 텍스트 확률 : 88.97%"
"[ 돌이 지났을 무렵부터 주변에 절충형 유모차는 무얼 쓰나 꾸준히 알아보던 중에도 아기가 앉았을 때 안쪽으로 쏙 하고 들어가 안정감 있게 보이면서 튼튼해보이는 레카로이지라이프는계속 마음속으로 찜해두고 있던 것중 하나였어요 친한 친구도 이 제품을 가장 강추한다고 말해서 더욱 마음에 두고 있었을지 모르겠어요작년 베이비페어에서 쭉 한번 돌아본 뒤로 레카로 이지라이프제품과 타사 요제품을 놓고 계속 고민을 하다가개인적으로 아기가 좀 더 안정감있게 탈 수 있는것 처럼 보이는 레카로이지라이프로 결정해놓고지난달 베이비페어에서 바로 구매완료했어요], 긍정 텍스트 확률 : 84.67%"
"[ 유모차에 대한 섬세하고 전문가적인 내용은 사실 잘 몰라요 산모교실때 유모차에 대한 강의도 두어번 듣고 베이비페어가도 유모차들 설명을 몇번씩 들어도 그렇게 와닿지 않더라구요 특히 베이비페어에서 판매하시는 분들은 쉽게 쓱쓱 접고 펴고 하는것 처럼 보여도 제가 실제로 해보면 헤맬 때가 꽤 많았거든요 저는 제가 끌었을 때 아기를 가장 안정적으로 태울수 있으면서 제가 무리하지 않고 운전할 수 있는 유모차가 제일 인것 같은데이 또한 어디 직접 사서 두어번 끌고 다녀봐야 알지 그전에 어찌 알수 있을까요 ], 긍정 텍스트 확률 : 98.48%"
"[ 그런 의미에서 레카로 이지라이프는친구의 추천지인이 실제사용하는 것을 보고 잘 태울수 있겠다 싶었던 마음 베이비페어에서 직접 조작해보았을 때 금방 따라할 수 있었던 점매우 가볍고 한 손 핸들링이 부드러웠던 점등을 고려하여구매를 딱 결정을 했었지만 유모차를 받고 실제 아이를 태우기 전까지는 조마조마 했었어요.설마 직접 운전했을 때 어딘가 불편감이 생기면 낭패다 라는 생각이 들었거든요 ㅎㅎ그래서 설 전에 유모차를 구매해서 집에 오자마자 바로 어린이집 하원때 아이를 태워보는 조급함 발휘엄마의 조급함으로 이 추운날 저희아기는 방풍커버], 긍정 텍스트 확률 : 97.79%"
"[담요한장 없이 씩씩하게? 하원을 하였답니다.어린이집과 거리가 매우가까워 다행이였지 정말 정신이 있었나 싶어요 ㅋㅋㅋ ㅠㅠ ], 긍정 텍스트 확률 : 80.79%"
"[ 이 날 처음 절충형휴대용 이지라이프 유모차를 끌어본 가장 큰 소감은 진짜 너무너무 가볍다 였어요사실 인 저희 아기보다도 훨씬 가벼우니 저도 번쩍번쩍 들 수 있는 무게이기도 하고그 와중에도 한손으로 핸들링이 너무 부드럽게 되니 제 기준에서는 방향잡기도 수월하더라구요레카로이지라이프 구매할 때 친구가 블랙이 가장 무난하고 인기 많다고 말해주어서 당연히 블랙 구매해야지 했는데베이비페어에서 실제로 사파이어 색상을 보니 쨍한 파란 색상이 생각보다 예쁘더라구요겨울에 너무 추워보이지 않을까 생각했지만 막상 겨울 실외에서 끌어보니눈에 잘 띄어 덜 위험할 것 같고남자아기 유모차로 멋스러운 느낌도 들더라구요여름철에는 더할 나위 없이 좋은 색상이 될 것 같구요 그리고 지금 레카로공식카페에서 이벤트로 후기를 남기면 블랙커버 세트를 받을 수 있어서 블랙커버로 갈아 씌우면 블랙 색상의 유모차와 비슷한 느낌으로 사용 할 수도 있다구 해요 .. 이 후기도 이벤트의 영향이 없지 않아 있지만 정말 만족했을 때만 이렇게 자신있게 쓸수 있어요 ㅋㅋ 지극히 개인적인 소감이지만요후기이벤트 있어도 마음에 들지 않으면 애초에 소심해서 잘 못쓰는타입..ㅠㅠ...그러니 사파이어로 끌고 다니다가 쨍한 색상이 조금 물릴 무렵 블랙커버로 바꿔서도 사용할 수 있으니 더할 나위 없이 만족하며 사파이어로 구매했어요 ㅋㅋㅋ], 긍정 텍스트 확률 : 95.14%"
"[ 보였던 대로], 긍정 텍스트 확률 : 51.44%"
"[ 제가 구매한 지난번 베이비페어에서는 유모차와 함께 방풍커버를 주었어요 유모차 살때 정말 다양한 경로로 저렴하게 사는 방법이 있지만 확실한 정품인증], 긍정 텍스트 확률 : 97.23%"
"[악세사리 등을 고려하면 저는 개인적으로 베이비페어에서 구매가 가장 좋더라구요방풍커버를 예쁘게 잘 씌우고 싶어 인터넷을 요리조리 검색했지만 특별한 방법없이아주 손쉽게 핸들쪽 구멍에 맞춰 그냥 씌우면 끝 ㅋㅋㅋ ], 긍정 텍스트 확률 : 65.70%"
"[ 올 겨울이 너무 춥다보니 구매할때까지만 해도 겨울을 위해 방한커버를 살까 고민도 했었는데직원분이 가이드 해주시기를 방한커버는 따뜻하게 해주는 용도 하나지만눈], 긍정 텍스트 확률 : 89.97%"
"[ 비올때 방수도 되면서 바람도 잘 막아주는 방풍커버 이거하나만으로도 충분히 잘 사용할 수 있다며덧붙여 추울때는 우리가 일반적으로 아기 속옷에 옷에 외투까지 입히고 거기에 담요까지 덮어주기때문에방풍으로도 충분하다고 안내해주시더라구요듣다보니 다 맞는말 같아 방한커버는 따로 구매 안하기로 결정했어요ㅋㅋ ], 긍정 텍스트 확률 : 85.44%"
"[시장에서 장도보고 하면서 유모차 사용해보기를 했어요새로바꾼 유모차는 가까운곳에서 여러번 사용해봐야 안심하고 먼거리 나갈 때 가져나갈 수 있을 것 같더라구요방풍커버를 씌운 파란 레카로 유모차가 제 맘에도 쏙 드네요], 긍정 텍스트 확률 : 74.84%"
"[ 레카로 이지라이프는 이렇게 한손으로 끌어도 앞바퀴 핸들링이 부드러운편이여서한 손운전이 좋더라구요 이전까지 디럭스유모차를 끌어 절충형유모차의 가벼움에 더 쉬운것일수도 있을 것 같아요 ㅋㅋ그리고 디럭스유모차때 맨날 유모차 접고 펴기가 어려워서 헤매기 일쑤였는데레카로 이지라이프는 정말 접었다 폈다가 너무너무 쉬워요 요기 핸들에 있는 버클을 옆으로 싹 밀면서 앞으로 싹 숙이면 쑥하고 접혀요 ㅋㅋㅋㅋㅋㅋ뭔가 말로 표현하니 웃기지만 언제 한번 영상으로 남겨보고 싶을정도로 레카로이지라이프 접고 펴기 넘넘 간편하답니다 ], 긍정 텍스트 확률 : 96.67%"
"[ 소아과 가서 돌 접종중 하나인 일본뇌염과 형간염 양쪽 팔 똭똭 맞아주고 시장에 가서 좋아하는 떡집에 들려 술떡 반개 잘 먹고 조금더 돌다보니 어느새 곤히 잠들어있는 우리아기 ㅠㅠ♡유모차가 가벼우니 분넘게 걸어도 손목에 무리가 가지 않아 제일 좋더라구요핸들링도 편하고 절충형유모차인데도 아기에게 충격이 덜가는게 맞는지 아기가 잠들때 움직여도 아기 목부분 자세가 크게 기울어 지지 않고 편히 잘 자는것 같더라구요뭔가 불안해서 계속 가다가 확인하고 가다가 확인했는데 자세의 변동없이 잘자고 있는 모습을 보니 좋네요 ], 긍정 텍스트 확률 : 99.84%"
"[ 앞으로 쭉 함께 할 레카로 이지라이프 유모차 구매 잘 했다는 생각이 듭니다 이제 조만간 걷기 시작하면 점점 유모차를 안타려고 하기도 하겠지만 유모차가 가벼움 덕분에 휴대성], 긍정 텍스트 확률 : 92.40%"
"[이동성 등이 모두 부담없으니 어디든 함께 가지고 다니기 좋을 것 같아요조만간 제주도 여행 준비를 계획하고 있는데 그때도 함께 가져가 잘 사용할 수 있을 것 같네요], 긍정 텍스트 확률 : 99.87%"
"[ 저번주까지만해도 그나마 놀러다니기 정말정말 좋은 날씨였는데 주말에 비가 한번 내리고나니 본격적으로 추워진거 같아요 ㅜ 마땅히 갈때도 없고마침 시댁에 내려간지도 오래된듯해서 간만에 시댁다녀왔어요 ㅎ 사실 애둘 델고 집에만 있음 서로 지쳐서 ㅋㅋㅋ ], 긍정 텍스트 확률 : 85.92%"
"[ 주말에 시댁가서 곧 출산예정인 아가씨도 볼 예정이라 가는길에 이천에 있는 베이비 플러스 들러봤어요 ㅎ울 복덩이도 카시트를 바꿔줘야할 시기이기도하고 선물할것도 보고 마침 가는 길이라 들러봤는데 확실히 물건이 많아 좋네요ㅎ ], 긍정 텍스트 확률 : 99.87%"
"[ 이런 육아용품매장이 사실 저희 지역에도 있고 시댁근처에도 있고 곳곳에 많이 있긴하지만 그래도 새로 오픈한 곳이 물건이 새롭게 들어오지않았을까 싶기도하고 무엇보다 매장 컨디션이 좋으면 저 역시 구경하기에 편한점이 더 많으니깐요 뭐 먼거리면 그래도 가까운곳 찾겠지만 어차피 가는길이니 들렀는데 역시 잘 선택한것 같아요.], 긍정 텍스트 확률 : 99.99%"
"[ 직접 가서보니 확실히 정리도 깔끔하게 잘되어있었고 무엇보다 제품 자체가 창고같은 느낌이 아니라 보기 좋게 카테고리별로 진열되어 있어 다양한 브랜드의 제품드이 많이 있었음에도 불구하고 물건 고르기도 쉬었어요 ㅎ ], 긍정 텍스트 확률 : 99.99%"
"[ 저처럼 처음온 분들이나 육아용품에 대해 아무것도 모르시고 출산 준비하시는 초보 엄마아빠 역시 한눈에 필요한 제품들을 쏙쏙 찾을 수 잇곘더라구요. 무엇보다 베이비페어처럼 북적거리지 않아서 편하게 둘러볼 수 있는 점이 가장 좋았었던 ㅋㅋ ], 긍정 텍스트 확률 : 99.76%"
"[ 사실 임신중이거나 출산하고나면 몸을 움직이기도 힘들고 그래서 저 같은 경우엔 첫째때 온라인쇼핑 정말 많이했거든요 근데 막상 소소한 용품들은 오히려 배송비가 더 나오는 경우가 많고 그렇다고 베페가자니 사람들에 치여서 어쩜그리 힘들던지... ㅜ 정신이없어서 제대로 물건을 보기도 힘들 뿐 더러 가격이 좋은 상품들도있지만 가격 온라인보다도 비싼 제품도 은근 많아서 모바일검색과 가격비교하고 있는 저를 발견.. 은근 피곤하더라구요 ㅜ이천 는 다른매장에서는 들을 수 없었던 육아용품들의 장단점 그리고 디테일한 부분까지 세세하게 들을 수 있었구요. 특히나 유모차], 긍정 텍스트 확률 : 72.51%"
"[카시트 등 다양한 브랜드의 상품들을 보유하고 있어서 한눈에 보기 좋더라구요.], 긍정 텍스트 확률 : 77.54%"
"[ 요즘 육아용품들 보면 왜이렇게 유행이 빠른건지 ㅋ 첫째를 키웠던 육아템이랑 요즘이랑 또 다르더라구요? 신제품 출시도 많고 신박템도 많고 육아맘인 저도 이게 도대체 어디에 필요한건지 모르겠는 물건들이 뭐이리 많은거죠? 확실히 직원분이 매장에 있으니 이런저런 궁금한 것들은 바로바로 해결할 수 있어서 구경하면서 보는 재미도있고 나름 육아템에 대한 공부도 되고 그러더라구요 ㅎ ], 긍정 텍스트 확률 : 83.66%"
"[ 새로운 물건들이 나올때마다 이게 뭔가 싶어서 꼭 블로그 후기 뒤적뒤적했는데 ㅋㅋ직접 물어볼 수 있으니 확실히 편하고 좋네요. 무엇보다 가격까지 착해서 이런저런 가격 안따져도 되니 좋았구요], 긍정 텍스트 확률 : 99.65%"
"[ 그러다 발견한 울 복덩이 아이템 발견 바로 조이 아이스핀 인데요 ㅎ 사실 카시트 고민한지가 언젠데 ㅜ 아직까지 저 신생아바구니 쓰고있는거 아세요?ㅋㅋ좀더알아보고사자 알아보고사자 이러다보니 아직까지 버티고 있는데요 더이상 버티기 힘들다 느끼던 차라 더욱 눈여겨 봤는데 기존 스핀에서 안정성이 한층 더 업그레이드 되어 출시된 신상품이라고하더라구요. 사실 쉽게 결정할 수 없는 이유가 ㅋㅋ자꾸만 새로운 제품이 좋게 나와서 ㅋㅋ선택할때마다 망설이게 되는 게 사실 그래서 이번에 더 곰꼼하게 고르게되는것 같아요], 긍정 텍스트 확률 : 100.00%"
"[ 헤드레스트 역시 엄청 두꺼워요 인텔리 메모리품을 포함한 중 레이어 구조로 설계되어 있는데요 확실히 메모리폼이 사용되어 그런가 폭신하기도하고 역시나 여기에도 측면보호시스템이 적용되었다는 사실 무엇보다 높이 조절이 아이성장에 맞춰 단계로 조절된다는 사실도 굿], 긍정 텍스트 확률 : 99.98%"
"[ 그리고 또 하나 더차양막이 생각보다 높게 위치해 있었는데요 완전히 내렸을 때에는 햇빛으로부터 아이를 보호해주고 차양막을 올렸을 때에는 높은 위치덕에 아이 머리에 안닿아서 좋겠더라구요 ㅎ ], 긍정 텍스트 확률 : 65.34%"
"[ 제가 중요하게 생각하는 것 중 하나인 벨트 안전한 점식이에요 ㅎ확실히 점식이 더 안전하게 잡아주는 느낌이에요], 긍정 텍스트 확률 : 99.76%"
"[ 이너 시트 역시도 도톰하죠? 사실 시댁을 가도 기본이 한시간반은 걸려서 장시간 앉아있어도 편안함을 느낄 수 있는 시트가 우리 아이에게는 특히나 중요하거든요. 확실히 도톰하니 편안할 것 같아요 ㅋ ], 긍정 텍스트 확률 : 99.24%"
"[ 맘에 쏙 드는 카시트도 원없이 보고 듣고 비교해봤는데요 확실히 여기 오니 조이 아이스핀에 대해 꼼꼼하게 비교할 수 있어서 좋더라구요. 진지하게 고려하고 있어요 ㅎ 여기 온김에 곧 출산 앞둔 아가씨 선물도 골라봤는데요 사실 친구들선물도 선물이지만 시댁식구면 괜히 더 신경쓰이는 게 사실인데 소재 좋은 제품들이 많아서 고르기 더 수월했어요 ], 긍정 텍스트 확률 : 99.71%"
"[ 마침 시댁내려가는 길이라 아이를 직접 태워볼 수도 있었구요 무엇보다 궁금했던 부분에 대해 꼼꼼하게 설명을 들을 수 있어서 여기 참 방문잘했다 싶더라구요. 물론 저렴한 가격에 두둑한 사은품은 덤 정말 만족스러웠던것 같아요], 긍정 텍스트 확률 : 99.38%"
"[요즘 날씨가 너무 좋아서 나들이하기 딱이죠 덥지 않고 선선하다보니 저도 주말이면 희망이 데리고 둘이서 산책도하며 밖으로만나도는 느낌이예요 ㅎㅎ희망이만 데리고 산책을 자주 나갈 수 있는건 바로 미고 올뉴미니 유모차 덕분이예요.], 긍정 텍스트 확률 : 69.98%"
"[ 제가 아파트 층에 사는데], 긍정 텍스트 확률 : 55.36%"
"[딸래미보다 훨씬 가벼운 유모차 ], 긍정 텍스트 확률 : 77.50%"
"[ 휴대용유모차든 절충형이든 요즘 필수인 양대면전환 양손으로 잡고 위쪽으로 잡아당기면 손잡이가 움직여요. 언제 어디서든지 쉽고 간편하게 양대면 전환이 가능하죠.], 긍정 텍스트 확률 : 76.15%"
"[ 트레이가 있어 빨대컵 꽂아 놓을 수 있어 편했어요. 간식을 조금 담아 놓을 수도 있구요.], 긍정 텍스트 확률 : 64.69%"
"[ 놀러가서 강아지 인형보고 신기해서 한참을 구경하는 희망이ㅋ안전벨트를 어깨부분에서 팔을 빼버리는 개월ㅋㅋ 얌전히 있다가도 뭔가 신기한게 있으면 구경하고 싶어서 팔을 꼭 빼버리더라구요], 긍정 텍스트 확률 : 55.11%"
"[ 그래도 가랑이부분쪽에는 벨트 채워져 있어서 안전했어요.희망이가 손으로 안전가드 붙잡고 다니니까요 ㅋㅋㅋ], 긍정 텍스트 확률 : 71.16%"
"[ 요즘 절충형], 긍정 텍스트 확률 : 85.73%"
"[휴대용유모차 폴딩이 점점 좋게 나오잖아요.그만큼 점점 사용하기 편한걸 찾으니까요.안전성은 기본이니 말할것도 없죠한손으로 핸들에 있는 버튼을 누른상태에서 핸들을 살짝 밀면 가볍게 폴딩이 가능해요.], 긍정 텍스트 확률 : 50.00%"
"[다른팔로 유모차 들고 층 계단에서 층 내려온답니다ㅋㅋ무게도 가볍지만 폴딩이쉬우니까 나갈때마다 쓰네요 승용차에 넣었을때도 충분히 들어가는 크기예요.], 긍정 텍스트 확률 : 92.55%"
"[ 장바구니 수납력이 좋다는게 물론 물건이 많이 들어가야 하지만], 긍정 텍스트 확률 : 74.35%"
"[핸들링 좋고], 긍정 텍스트 확률 : 88.39%"
"[...? .?미고미고...? .?미니미니...? .?올뉴미니올뉴미니...? .?휴대용유모차휴대용유모차...? .?절충형유모차절충형유모차...? .?유모차유모차...? .?미고미니미고미니...? .?올뉴미니유모차올뉴미니유모차...? .?유모차추천유모차추천...? .?엠베이비엠베이비본 포스팅은 사과나무맘스홀릭카페 이벤트에 당첨되어 제품만을 제공 받아 직접 사용한 후 솔직하게 작성되었습니다. ], 긍정 텍스트 확률 : 52.49%"
"[ 어서 배송되기만을 목빠지게 기다렸어요.육아용품 택배가 도착할때마다 선물받는기분에행복해지는 육아맘입니다 하핫모두 저와 같은 마음이겠죠?박스를 오픈해서 구성품을 하나씩 꺼내보았어요.디럭스 유모차 구입했을때는 택배 오픈해서조립하는것부터 일이였는데워낙 부피도 작게 접히고 가볍다보니까따로 조립이랄것 없이 유모차 그대로 배송된 느낌으로하나씩 꺼내어 구성을 보자면올뉴미니유모차 본체와 차양막 다용도트레이에요.사용설명서도 들어있어 함께 보실수있구요.구성품 하나하나 비닐에 곱게 포장된 모습유모차 바퀴도 달려서 오기때문에스티로폼으로 안전하게 감싸져 있는걸 확인할 수 있어요. ], 긍정 텍스트 확률 : 99.99%"
"[ 올뉴미니유모차 꺼내봤으면 끌어봐야겠죠?신랑 분리수거 하러 나가는데까꿍이 절충형유모차에 태워보고싶어 따라나갔어요평소같으면 혼자 내보냈을텐데 말이죠ㅎㅎ일단 드라이빙 합격 휴대용유모차인데도 절충형의 안정감까지 갖췄다더니휴대용치고 흔들림도 적고핸들링 부드럽게 방향전환도 잘되더라고요무엇보다 풀차양막인것도 너무 마음에 들고요. ], 긍정 텍스트 확률 : 99.68%"
"[ 이건 블랭킷 따로 덮어줄필요없이 완벽하게 가려지고요.아이 잘자나 궁금하시죠?요로코롬 와이드 확장창이 있답니다. ], 긍정 텍스트 확률 : 98.40%"
"[ 도로 등받이 각도 조절도 가능하니아기가 잠들면 편안하게 뒤로 눕혀주세요.어떤 절충형유모차보니까 등받이 각도를 끈으로 조절하던데올뉴미니는 원터치 레버로 간단하게 등받이 각도 조절할 수 있어요 ], 긍정 텍스트 확률 : 53.87%"
"[ 원터치로 손잡이 각도조절가능하고요.시트를 돌리지 않고 간편하게 핸들전환시켜 양대면이 가능해요디럭스유모차 사용할때는 시트를 빼서 돌리고 다시 끼고번거로웠는데 고거 참 마음에 들어요..의 가벼운 절충형유모차한손으로 퀵 폴딩가능한 휴대용유모차미고 올뉴미니 만족이에요이번에 여행갈때 가져간다고했죠?그때 사용후기 또 남겨볼께요], 긍정 텍스트 확률 : 57.68%"
"[안녕하세요 새초미에요우리 아가가 태어난지 벌써 두달이 넘어가고 있어요이제 슬슬 바깥 외출도 잦아질 듯 하여 유모차를 알아보던 중에오이스터이라는 디럭스 유모차를 알게되었어요영국에서 온 브랜드로 아직 많이 알려지진 않았지만], 긍정 텍스트 확률 : 83.05%"
"[ 가격대비 제품력이 너무 좋고], 긍정 텍스트 확률 : 93.92%"
"[ 택배가 그날 접수되어 바로 다음날 도착하는 센스ㅋㅋㅋ완전 칼배송이었어요ㅎㅎ ], 긍정 텍스트 확률 : 99.07%"
"[ 짜잔 엄청난 크기의 상자들이 도착했습니다.그런데 왜 상자가 두개냐구요??지금 오이스터 디럭스 유모차를 구매하시면무려 미고 미니플러스 휴대용 유모차가 덤으로 함께 온다는 사실 ], 긍정 텍스트 확률 : 60.78%"
"[ 완전 대박이지 않나요??ㅋㅋ디럭스 유모차도 좋았지만프로모션도 구매결정에 한몫을 했답니다.ㅎㅎ ], 긍정 텍스트 확률 : 97.14%"
"[ 두둥사진에서 왼쪽이 오이스터 디럭스 유모차 시티그레이 머큐리 색상오른쪽이 미고 휴대용 유모차 차콜 색상이에요이렇게 둘을 놓고 보니 너무 든든한거 있죠?ㅎㅎ ], 긍정 텍스트 확률 : 78.34%"
"[ 휴대용 유모차는 휴대용답게 가볍고 폴딩도 원터치로 한방에 촥 되어서여행이나 가벼운 유모차가 필요할 때 딱일 것 같아요 ], 긍정 텍스트 확률 : 74.62%"
"[ 일반 승용차를 타고다니는 우리 부부가 가장 중요하게 생각한 것중 하나가바로 폴딩 기능이었는데요보시다시피 이렇게 촥 접혀서 부피가 확 줄어들었답니다.추가로 뒷바퀴는 손쉽게 분리되기 때문에 짐이 많을때는 바퀴를 빼고 트렁크에 실어도 될 것 같아요 ], 긍정 텍스트 확률 : 91.73%"
"[ 여기서 오이스터만의 특별한 장점이 추가로 있습니다 ], 긍정 텍스트 확률 : 57.23%"
"[ 바로 마주보기 상태에서도 폴딩이 가능하다는 점완전 대박이지 않나요??엄마 혼자 차를 운전해서 아기를 케어할 경우에 시트를 다시 앞보기로 만든 뒤 폴딩하려면 정말 번거로울텐데이렇게 바로 폴딩이 가능하니 넘넘 편할 것 같아요ㅠㅠ ], 긍정 텍스트 확률 : 95.68%"
"[ 이 외에 기본적인 다른 기능들은 모두 탑재하고 있으니 생략하도록 하겠습니다ㅎㅎ ], 긍정 텍스트 확률 : 87.26%"
"[바퀴커버까지 보내주셨어요ㅠㅠ이렇게 다 주고도 남는게 있는지 모르겠네요그리고 컵홀더는 유모차와 함께 들어있었고], 긍정 텍스트 확률 : 96.92%"
"[ 방충커버는 유모차 발판 아래 지퍼를 열면 이미 탑재되어 있어서 따로 갖고다닐 필요도 없답니다이정도면 완전 완벽한 유모차가 아닐까요?ㅎㅎㅎ ], 긍정 텍스트 확률 : 94.51%"
"[ 오이스터는 타이니러브 모빌로 익숙한 엠베이비에서 공식 수입하고 있더라구요저희 아가도 모빌을 너무 잘보고 있어서 더 반갑더라는..ㅋㅋ ...... ], 긍정 텍스트 확률 : 75.91%"
"[오늘도 새벽같이 일어나 애들 둘 먹을거 챙기고 베페로 향했다... ], 긍정 텍스트 확률 : 74.73%"
"[ ㄴ 여기 수건 고급짐...ㅎㅎ ], 긍정 텍스트 확률 : 55.45%"
"[ ● 인증샷 이벤트는 어린이용 프로폴리스 정품 증정함. 뿌려보니 좋음.ㅎ ], 긍정 텍스트 확률 : 63.07%"
"[ ㄴ 이게 최고 ㅋ ], 긍정 텍스트 확률 : 92.07%"
"[임산부라면 꼭 가서 선착순 받아야함.임산부 선착순 선물이 그동안 맨 베게], 긍정 텍스트 확률 : 75.82%"
"[옷 이런거였는데 훨씬 실용성 있고오래 쓰는 유아식기세트로 나옴. 글고 전반적으로 임산부들 대상으로 이벤트 굿임.임산부 전용 라운지도 있고.아무튼 가서 유아식기는 꼭 받아야함.기저귀 팩도 받고.ㅋ 그동안 하도 육아맘들 선착순 이벤트 하다가자꾸 싸움나서 그런가 ㅡㅡㅋ이번 베페 이벤트는 매우 조용했음.대신실 구매고객들대상으로증정 이나할인및이벤트 가 훨씬 많고 풍성해짐ㅎㅎ ], 긍정 텍스트 확률 : 95.47%"
"[ 암 ㅎㅎ이게 바람직한 방향이지 ㅎㅎㅎ ], 긍정 텍스트 확률 : 78.30%"
"[ 대충 돌고 야무지게 먹을거리 잘 받아왔당ㅎㅎㅎ 좋음 ], 긍정 텍스트 확률 : 68.47%"
"[ .?베이비머핀베이비머핀.?유모차쿨라이너유모차쿨라이너.?시원해시원해.?안전성안전성.?디자인굿디자인굿.?유모차쿨시트유모차쿨시트.?여름필수여름필수.?육아스타그램육아스타그램.?디밤비디밤비갑자기 너무 더워졌어요가뜩이나 땀 많은 우리아기], 긍정 텍스트 확률 : 99.68%"
"[비상입니다ㅜ지난주 친정에서 집으로 돌아오는 차안 카시트에서 땀을 어찌나 흘리던지요ㅜ안아도 같은 상황이기에 손수건을 대주기도 하고 부채질해가며 겨우 왔어요앞으로 유모차], 긍정 텍스트 확률 : 79.87%"
"[올여름은 필수품일거 같아요미리 준비한다고 들인 베이비머핀 인견 유모차쿨시트 인데 요즘 딱 알맞게 사용하게 되었어요 ], 긍정 텍스트 확률 : 58.28%"
"[ 베이비머핀 인견 유모차쿨시트에요제품 상자도 시원한 느낌으로 깔끔한 디자인이죠?아기상어 뚜루두뚜루 투명한 창으로 선택한 디자인이 보여서 바로 확인되니 좋더라구요ㅎ ], 긍정 텍스트 확률 : 97.71%"
"[ 제품 설명도 자세하게 되어 있어요베이비머핀 인견 유모차쿨시트의 장점이라면 대부분의 유모차], 긍정 텍스트 확률 : 91.85%"
"[ 베이비머핀 인견 유모차쿨시트의 디자인은 그레이오션이에요 그레이컬러와 상어가 헤엄치는 모습이 보기만해도 시원한데요ㅎ핑크마우러버덕스윗아일랜드모던도그샤크마린그레이오션 까지 다양해요 . ], 긍정 텍스트 확률 : 87.62%"
"[ 사이즈는 가로길이 세로길이 중량은유모차나 카시트에 밀착력을 높이기 위해 몸판쪽에 자형 절개를 주어 편안한 자세를 유지할 수 있고 양면 사용이 가능해요.또 아기성장 단계에 따라 이너시트와 목베게를 결합 및 분리하여 사용이 가능한데요.. ], 긍정 텍스트 확률 : 71.70%"
"[ 폭신폭신하죠?ㅎ원단의 중량을 높여 제작되어 탄성이 뛰어나고 .의 두께감으로 여러해 사용해도 꺼짐없이 사용할 수 있어요ㅎ또한 쿨시트 답게 앞 뒤 소재 모두 시원해서 좋더라구요 ], 긍정 텍스트 확률 : 99.96%"
"[ 헤드 상단 부분의 고정버클이에요부착시에 흘러내림없이 고정할 수 있게 돕는데개인적으로 버클을 사용하지 않아도 미끌리는 소재가 아니라서 잘 고정되서 좋더라구요 ], 긍정 텍스트 확률 : 86.07%"
"[ 오늘도 더워하고 있는 아들을 위해 유모차에 부착 완료ㅎ요즘 휴대용 유모차 집안에 두고 가끔 밀어주면서 놀아주는데놀이시간이 훨씬 쾌적?해 졌답니다ㅎ ], 긍정 텍스트 확률 : 64.68%"
"[ ..마침 타임 룰렛 이벤트로 사람 많구.복작복작했던 일리윤 부스 ㅎㅎ..... ], 긍정 텍스트 확률 : 67.67%"
"[.?일리윤일리윤 .?세라마이드아토수딩젤세라마이드아토수딩젤 .?우리아이첫보습우리아이첫보습이번에 아기 세럼], 긍정 텍스트 확률 : 94.76%"
"[로션으로는 쁘리마쥬 태열키트 구입했는데 수딩젤로는.?일리윤수딩젤일리윤수딩젤 써보고 선택하기로 했다 베페에서 본 세라마이드 아토 수딩세트 가격도 합리적이고 성분도 좋고 굿굿 ], 긍정 텍스트 확률 : 80.16%"
"[ 온가족이 쓰기도 좋아보이는 대용량 제품도 있고요 ], 긍정 텍스트 확률 : 84.29%"
"[.?신생아수딩젤신생아수딩젤 .?아기수딩젤아기수딩젤 .?수딩젤추천수딩젤추천 .?일리윤베이비페어일리윤베이비페어 .?코베베이비페어코베베이비페어 ], 긍정 텍스트 확률 : 89.12%"
"[ 어릴 때 아토피 앓았던 엄마라서 ㅠㅠ걱정되는 아토피 피부.아토 집중 크림 발라보아요 ], 긍정 텍스트 확률 : 95.98%"
"[ 손등부터 팔꿈치까지 발라봤는데하루종일 부들부들 촉촉했다 ], 긍정 텍스트 확률 : 53.52%"
"[ 이것 저것 룰렛으로 상품 타가는 분들 부럽 ㅎㅎ저도 수딩젤 잘 써보겠습니다 ❤️❤️ ], 긍정 텍스트 확률 : 76.97%"
"[ 또 코베에서 소소하게 산 것들. ], 긍정 텍스트 확률 : 53.53%"
"[ 그리고 매직 정수기 렌탈로유아수까지 되는 제품으로 계약 완료 ], 긍정 텍스트 확률 : 63.04%"
"[ 음. 매트는 아직도 잘 모르겠다얇은거부터 깔까 생각도 하고 있다. ], 긍정 텍스트 확률 : 77.20%"
"[ 국민카드 만원 이벤트로 받은 기린 가방너어어어무 귀여워ㅠㅠ ], 긍정 텍스트 확률 : 96.85%"
"[ 도자기젖병 너무 귀여워서 사고요ㅠㅠ ], 긍정 텍스트 확률 : 98.73%"
"[ 귀여운건 한번 더 ㅎㅎ ], 긍정 텍스트 확률 : 93.60%"
"[ 곧있음 아기식탁의자도 보러와야할듯해요이유식을 아직 완벽하게 먹지는 못해서 일단 보행기에서 먹이고 있는데자꾸 저희 밥먹을때 식탁을 바라보면서 울어서 얼른 준비를 해야할것같아요 ㅋㅋㅋ카시트], 긍정 텍스트 확률 : 94.60%"
"[유모차 위주라도 있을건 다 있다능..ㅋ저도 추가적으로 필요한거 몇개 담아왔어요 ], 긍정 텍스트 확률 : 81.60%"
"[ 사장님께서 이런저런거 다 설명 잘해주시고비싼게 좋은게 아니라며브랜드 이름값도 있다고 하시며너무 솔직하게 권해주셔서 믿음이 가더라구요사징님께서 적극추천해주신오이스터스핀.처음들어보는.....................ㅋㅋㅋㅋㅋㅋ ], 긍정 텍스트 확률 : 86.31%"
"[ 아가를 데려와서 앉혀보고 싶었지만 일단 내맘에 들었으니 .. 굿굿 친절한 사장님덕분에 완전 단골될것같아요 ], 긍정 텍스트 확률 : 77.15%"
"[ 아기가 피부가 예민한 스타일이라고..아토팜쓰고 있다고 했더니이렇게 샘플도 많이 챙겨주시고유산균까지 챙겨주시는 센스넘나 기분좋게 쇼핑하고 왔어요 며칠후 ], 긍정 텍스트 확률 : 73.76%"
"[ 이날은 육아선배인 저희 형님이 함께 하셨지용ㅎㅎ 제가 생각지도 못한 시각으로 제품을 함께 봐주셨답니다.다른 인기 많은 유모차들도 다 꼼꼼하게 살펴보고 핸들링도 보고 했는데결국 답은 오르빗이였어요], 긍정 텍스트 확률 : 98.83%"
"[ 제가 오르빗을 선택한 이유. 핸들링이 너무 좋다.. 안정적이고 부드러운 승차감. 도 회전으로 양대면이 쉽다. 타 제품들은 모두 들어서 다시 껴야 한다는 점... 엄마도 손쉽게 프레임을 접고 펼 수 있다.핸들링], 긍정 텍스트 확률 : 93.99%"
"[말이 필요 없어요. 제가 한 손으로도 방향 바꿔보며 끌어보았는데], 긍정 텍스트 확률 : 72.06%"
"[ 아주 굿입니다 굿.. 이건 베페에서 타 제품들과 집적 비교해보고 끌어본 제가 장담합니다. ㅎㅎㅎ그리고 양대면이 쉬운 유모차를 찾았는데아니.. 오르빗 대체..뭔가요 그저 래버 한번 눌러 돌려주기만 하면.. 앞], 긍정 텍스트 확률 : 96.22%"
"[뒤 다 된다는점들지 않아도 돼요 최고 장점중 하나 아닐까 싶습니다 ㅎㅎ프레임 접기는 또 어떻구요 초만에 끝낼수 있답니다. 최고유모차 너무 이뽀요.. 넘 세련되지 않았나요?글고 색상도 프레임도 내가 골라서 매치할 수 있답니다.선쉐이드 추가 구입해서 또 다르게 매치고 할 수 있다는 것 넘 좋아요..아직 우리아가 태어나기까지 한달 남았는데...집에서 신나서 끌고...ㅋㅋ 이러다 빈 유모차 갖고 산책나갈삘이네요.빨리 우리 아가 태우고싶어요 ], 긍정 텍스트 확률 : 99.58%"
"[출산후 일지나 휴모차를 알아보려고 수원베이비페어에 갔다. 가기전에 디럭스로 북포투랑 절충형 리안트원과 이번에 나온 베이비조거시티투어더블을 보고 사기로 결정한 상태였다.먼저 핸들링 젤 좋다는 북포투를 보러 갔는데 핸들링이 진짜 좋았다 하지만 너무 무거워서 바로 탈락두번째 리안트윈을 보았는데 디자인도 맘에 들고 가벼워서 마음이 많이 기울렸고 무엇보다 최대장점은 가격이다 가격이 진짜 엄청 착하다는것이다 그러나 문제는폭길이였다 ㅜㅜ역시 장단점이 있다는 생각이 들었다🤣🤣🤣마지막 베이비조거 시티투어더블보는순간 디자인도 마음에 들고 이거다 싶었다 ], 긍정 텍스트 확률 : 99.59%"
"[ ...어느새 아가가 태어난 지 백일이 지나고], 긍정 텍스트 확률 : 67.88%"
"[ .좀 더 편한 외출을 위해 유모차를 구입하기로..얼마 못쓴다는 디럭스는 애초에 살 생각이 없었고], 긍정 텍스트 확률 : 73.16%"
"[ .아직 어린 아기에게 휴대용은 무리이기에.절충형 중에 잘 골라서 유모차는 한 대로 끝내고 싶었다...우리의 기준은.. ], 긍정 텍스트 확률 : 91.11%"
"[ .여행을 가지 않더라도.?기내반입유모차기내반입유모차 는.휴대성이 좋을 것 같다는 생각에.필수 조건으로 넣었다...양대면이나 넓은 등받이 각도 역시.아직 목도 못가누는 우리집 꼬마에겐 필수....열심히 검색 또 검색한 후. .?시크롤리팝시크롤리팝 이나.?베이비젠요요베이비젠요요 를 생각하고.직접 보고 태워본 후 결정하기 위해.집 근처.?베이비플러스대구점베이비플러스대구점 으로 고 ... ], 긍정 텍스트 확률 : 98.69%"
"[ ...찾아보고 왔던 모델들을 모두 구경한 후.사장님께 우리가 원하는 사양을 말씀드리고 추천받은. .?베이비조거베이비조거.?시티투어럭스시티투어럭스 ..처음 들어본 브랜드였지만.미국에서는 이미 국민 유모차가 되었다고 한다...여러 모델을 요리조리 비교해가며 태워보고 끌어본 결과.주행성이 확실히 뛰어났던 베이비 조거], 긍정 텍스트 확률 : 92.01%"
"[ .신랑이 무조건 이걸로 하라고 할 정도로.코너링도 부드럽고 안정적이었다..기계치인 나도 명확히 느낄 수 있었던 차이...아기의 안전을 최우선으로 고려해야 한다는 생각에.어렵지 않게 고민을 끝낼 수 있었다...단점을 찾아보려 후기들을 샅샅이 뒤졌으나.볼수록 우리가 원하는 조건들 모두에 딱.....가격도 잘 맞춰주셔서 구매 완료 .. ], 긍정 텍스트 확률 : 56.47%"
"[볼수록 고급스럽다..실제로 보면 검정에 가까운], 긍정 텍스트 확률 : 54.45%"
"[무게감 있는 색상...시트는 마주보기로 돌려두었다..양대면 시 핸들을 넘겨 방향을 바꾸는 제품들이.더 편할까 싶었지만.그런 경우 한쪽의주행성이 떨어질 수 있다는 글을 봤다..시트를 분리해서 방향을 바꾸는 방식의.시티투어럭스는 앞보기로도 마주보기로도 다 잘나간다는 평...아기를 태운 후에 방향을 바꿔줄 일은 거의 없을 듯 하고], 긍정 텍스트 확률 : 50.89%"
"[ ...눈으로 보아도 탄탄한 바퀴.. ], 긍정 텍스트 확률 : 97.71%"
"[ ...등받이 각도도 쉽게 조정할 수 있다..도까지 눕힐 수 있어.개월 아기도 편안하게 탄다..혼자 앉을 수 있게 되어도 잠든 후 눕힐 수 있어 굿... ], 긍정 텍스트 확률 : 99.30%"
"[ ...폴딩도 쉽고 깔끔하다..익숙해지면 엄마 혼자서도 척척 멋져보일듯.집에 세워두거나 차에 보관하기에 전혀 부담없는 부피이고], 긍정 텍스트 확률 : 88.52%"
"[ .실용적으로 잘 선택한 것 같다..신중하게 고르고 고른 엄마 아빠의 마음만큼.오래오래 잘 타주었으면.. .?절충형유모차절충형유모차 나.?휴대용유모차휴대용유모차 고민 중이라면 적극 추천... ], 긍정 텍스트 확률 : 91.73%"
"[본문으로 이동 ... ...? 본문 이미지. ....?굿나잇 베이비 스와들 입고 좋아하는 울 아가 ], 긍정 텍스트 확률 : 87.53%"
"[ 휴대용 유모차를 진작에 하나 사고싶었지만아기가 돌이 되기전까지는머리 흔들림이나 안전성이 걱정되어물려받은 디럭스 유모차를굉장히 잘 사용했었죠다행히 유모차에 잘 있는? 케이스여서참말로 다행.. ㅋㅋ그런데 물려받은 유모차에는가 없고 발을 편히 올리는 용도로디자인이 되어있지 않아뭔가 불편해 보이고계속 손을 빠는 우리 애기 ㅠㅠ이제 돌 지났으니휴대용 유모차 하나 사줄까?라고 생각이 들어휴대용 유모차로 폭풍 검색을 했으나백문이 불여일견직접 보고 삽시다라는 생각이 들어 ], 긍정 텍스트 확률 : 79.47%"
"[ 얼마전에 조동 엄마들이추천해준 곳이 있어 바로 찾아가보았습니당 ㅋ ], 긍정 텍스트 확률 : 96.13%"
"[ 우왕...보통 베이비페어 가보면 브랜드별로부스가 나뉘어져 있어서서로 다른 제품들이 어떤 차이가 있는지한번에 비교하기가 어려운데화곡 베이비 플러스에는엄청 많은 브랜드의 제품들이옹기종기 모여 있어서한눈에 비교해보고구매할 수 있어서 너무 좋았어요협찬 아님을 강조합니다..ㅋㅋ ], 긍정 텍스트 확률 : 76.75%"
"[ 필수 준비용품이라고 할수 있겠는데이렇게나 다양하고 알차게준비되어 있네요왜 그땐 몰랐지...ㅠㅠ ], 긍정 텍스트 확률 : 55.46%"
"[ 조동 엄마들이 추천해준타보 베이직스텝을 보러 갔는데오히려 타보 옆에 있던와이업 올뉴 지니가 더 맘에 들어서두개를 같이 놓고 비교해보니장], 긍정 텍스트 확률 : 87.08%"
"[ 단점이 확실하게 보이더라구요타보 베이직 스텝의 장점 디자인이 좀더 깔끔내 기준 ㅋㅋ 차체가 옆으로 좀 더 넓다간격이 넓어서아들맘들이 선호하는 제품단점 차체가 다른 제품에 비해 낮다아기를 앉히거나 뺄때허리를 좀 애매하게 숙여야 해서좀 불편할것 같았음 차양막이 좀 작다와이업 지니에 비해서 무게가 와이업 지니에 비해서 좀 더 무거움 ], 긍정 텍스트 확률 : 51.12%"
"[ 와이업 올뉴 지니의 장점와 식판 두가지로 구성됨 무게가 가볍다휴대성이 좋음 시트를 벗겨서 세탁 할 수 있다 접어서 캐리어처럼 끌고 다닐 수 있다 타보 베이직 스텝과 비교하자면타보 보다 차체가 높고차양막이 크다이정도면 와이업 올뉴 지니로선택 안할 이유가 없겠져?딸 맘이라간격이그리 크게 중요치 않기도 했고.. ], 긍정 텍스트 확률 : 84.67%"
"[ 컬러는 총 가지인데전시된 상품이 애쉬 그레이 컬러였고개인적으로는 어두운 컬러가 좋아서소프트 블랙으로 선택 ], 긍정 텍스트 확률 : 52.69%"
"[ 구성품이 너무 좋고요 ], 긍정 텍스트 확률 : 92.09%"
"[근데완제품이 접혀 있는게 아니라조립을 해야 됩니덩화곡 베이비플러스에서는직접 조립도 해주셔서 너무 좋았음요뜯어서 척척 조립해주시고그리 어려운건 아니었지만요..ㅋㅋ친절하게 설명해주셔서감사했어요그리고], 긍정 텍스트 확률 : 99.86%"
"[ 쨔잔조립이 완성되었습니다어플을 사용해서 찍었더니실제 색감과는 다소 다르지만너무한 컬러가 아니라어두운 차콜의 느낌이라서깔끔하고 고급지고기능도 좋고가볍고너무너무 마음에 드는제품이었습니다 ], 긍정 텍스트 확률 : 99.63%"
"[ 아참그리고 별도로 구매 가능한유모차 휴대용 커버도 있는데처음엔 필요없을거라 생각했지만사고나니 너무 잘샀다고 생각했던것 중 하나..ㅋㅋ기내 반입이나차 트렁크에 실을때여기에 넣어서 실으면깨끗하게 보관할수 있겠죠?보이시나요와이업 올뉴 지니 휴대용 유모차의컴팩트함이..ㅋㅋ ], 긍정 텍스트 확률 : 59.21%"
"[ 자 드디어 우리 기쁨이첫 시승식벚꽃잎이 떨어지는 따뜻한 봄날인데바로 집 옆 공원으로나들이 가즈아마음은 남쪽나라로... ], 긍정 텍스트 확률 : 82.93%"
"[ 디럭스 유모차를 쓰다가휴대용 유모차로 바꾸니정말 가벼고 핸들링도 좋고무엇보다 아기가 편하게 앉아있는듯해보여서 넘나 뿌듯하고엄마아빠가 더 기분이 죠음 ㅎㅎ참], 긍정 텍스트 확률 : 96.85%"
"[ 게다가 아기가를 꼭 잡고 이리저리 둘러보는데예전에는 잡을것이 없어손을 그렇게 빨았나봅니다 ㅠㅠ맴찢.. 가 가죽으로 되어있어사용하기 전에 물티슈로 쓱쓱 닦아주면 되고위생상 청결해서 좋더라구요스펀지로 된 제품도 많다고 합니다두손으로 꼭 잡고 있는게너무 귀여워서 한컷 ㅋㅋ ], 긍정 텍스트 확률 : 92.29%"
"[ 오구오구짝짝꿍 짝짝꿍ㅋㅋ ], 긍정 텍스트 확률 : 55.95%"
"[ 견고하게 알루미늄 프레임으로 되어있어내구성이 좋고 안전하기도 하고무게도 가볍고요 ], 긍정 텍스트 확률 : 95.90%"
"[ 역시육아용품은 블랙....ㅋㅋㅋ ], 긍정 텍스트 확률 : 66.51%"
"[ 그때마다 이렇게시트를 분리해서 빨아서 사용하면정말 너무너무 개운합니다 대신 손빨래 하셔야해요..ㅋㅋ아무래도 유모차는외출용이다보니흙먼지 냄새가 나는것 같은?쓰다보면 여튼 그런 찝찝함을 느낄 수 있는데요이럴때마다와이업지니 유모차는시트를 분리해서 빨아 쓸 수 있어서너무나 만족스럽습니다], 긍정 텍스트 확률 : 82.53%"
"[살개월 딸과 개월된 아들을 위해 이번에 구매한.?베이비조거베이비조거.?시티투어더블시티투어더블한마디로 탁월한 선택이었다.안사고 어떻게 버티고 버티다가.. 사실 내가.?쌍둥이유모차쌍둥이유모차 를 끌고 다닐 자신이 없었기에 망설이고 있다가부쩍 등하원길에 안아달라고 떼쓰는 첫째를 안으랴.. 유모차 끌으랴 내 팔과 손목이 넘 안쓰러워 구매했다.먼저.?구매시구매시 염두해둔.?쌍둥이휴대용유모차쌍둥이휴대용유모차 브랜드는 뻬그뻬레고의 아리아쇼퍼트윈 제품과 워낙 상품평이 좋았던.?베이비조거베이비조거.?시티투어더블시티투어더블 이다.근데 이 두 제품은 사실.?절충형쌍둥이유모차절충형쌍둥이유모차 에 속하는게 맞다.아리아 제품은 지난 베이비페어에 갔을 때 한번 끌어보며 가벼운], 긍정 텍스트 확률 : 56.88%"
"[근데 너무 가벼워서 부실할 것 같단 느낌과 함께여러 블로그를 검색해보니 길거리 주행에서 핸들링이 별로 안좋다는 이야기가 많아 이번 매장에 가서 베이비조거와 두 제품을 모두 끌어보고 당연 베이비조거로 결정ㅎㅎ너무너무 부드럽게 잘 끌리는게], 긍정 텍스트 확률 : 98.53%"
"[미니버기 절충형 유모차인용보다 더 잘끌리는 기분은 뭐지....무튼 한쪽에라고 써있는거 같던데 어차피 우리 딸은 키로에서 정체기라 대충 봤다..매장에서 사장님 말이 키로까지 타고 된다고 하셨으닝..ㅎㅎ ], 긍정 텍스트 확률 : 91.68%"
"[ 기다리고 기다리던 유모차님 도착여자 혼자서도 들수 있는 무게로 역시나 흐뭇], 긍정 텍스트 확률 : 98.73%"
"[ 짜잔조립 완성된 모습다시한번 터치해보니 내구성이 아주 단단한 느낌이다.베리굿초이스 ], 긍정 텍스트 확률 : 99.03%"
"[ 옆모습도 예쁘다등받이는 뒤에 스트랩을 조이고 풀수 있는 또 쉬운 장착템이 있다.그걸로 조절하면 원하는 각도로 조절 가능차양막도 키큰 첫째가 앉으면 목까지 갈려질 정도로 완벽 햇빛 차단 ], 긍정 텍스트 확률 : 65.57%"
"[ 접으면 아주 작아지는점에 또 너무 끌려서 구매하게된 이유 중 하나다.진짜 우리집에 있는 인용 절충형보다 컴팩트하게 접힌다. ], 긍정 텍스트 확률 : 89.91%"
"[.?구매처구매처 는 하머니카드를 사용하기 위해 하남 맘들이 많이 가는.?베이비플러스베이비플러스 매장에서 구매했다.그곳엔 정말 수많은 브랜드의 제품들이 많기에], 긍정 텍스트 확률 : 76.98%"
"[한곳에서 여러 브랜드를 직접 만져보고 구매할 수 있어 베이비페어보다 시간단축 및 효율성이 최고라 생각한다.앞으로.?베이비조거베이비조거.?시티투어더블시티투어더블 끌고 우리 아들딸과 좋은 곳 많이 다녀야겠다], 긍정 텍스트 확률 : 99.04%"
"[안녕하세요. 샛별맘 미미입니다.제 주변 아는 사람들은 다 알고 있는샛별이의 유모차 거부 ㅜㅜㅜㅜㅜㅜㅜㅜ그동안 유모차 거부가 너무 심해서샛별이를 항상 한몸과 같이 안고 다니느라제 어깨와 다리], 긍정 텍스트 확률 : 58.73%"
"[온몸이 다 쑤시고 정말 힘들었는데 ㅠㅠ그 끝이 이제 보이려고 합니다. ], 긍정 텍스트 확률 : 73.54%"
"[ 그대의 이름은 신 상 ㅋㅋㅋ엠베이비 년형 미고 미니플러스 에요 꺅♡ 역시 신상이쥬 ㅋㅋㅋㅋㅋㅋㅋㅋ하지만 택배 받자마자 박스 크기에 좀 당황.휴대용 유모차인데 왜 이렇게 크지????생각보다 유모차가 큰가....?? ㅜ점점 더 궁금해지는 박스 크기였어요. ], 긍정 텍스트 확률 : 84.70%"
"[ 드뎌 택배를 개봉하는 순간박스가 왜 이리 크나 했더니 뜯어서 보는 순간감동 ♡이렇게 완제품으로 딱 들어있었어요.아기 돌보면서 조립하기 은근 힘든데조립 안 해도 되니 이거 완전 땡큐 땡큐 ♪사실 신랑이 더 좋아한다며... 그동안 미안 ㅋㅋ ], 긍정 텍스트 확률 : 92.15%"
"[ 박스에서 꺼내고 비닐을 벗기고 있는제 손은 그 누구보다 빠르게 샤샤삭♪미고 미니플러스 멜란 네이비의 자태는 이러했다 ㅋ따로 조립을 안하는 완제품이라 다시 봐도 넘나 뷰티풀 ㅋㅋㅋㅋㅋㅋㅋㅋㅋㅋㅋㅋㅋㅋㅋㅋㅋㅋ ], 긍정 텍스트 확률 : 81.56%"
"[ 완제품으로 배송되는거라 택배 이동 중에혹시라도 심하게 다루거나 흔들리거나 하면파손될 경우가 있는데 ㅜㅜ미고 미니플러스는 꼼꼼한 전체 포장은 기본이렇게 바퀴도 흔들리지 말라고더 세심하게 포장되어 있어서개봉하는 순간부터 기분 좋았어요.스크래치가 있거나 파손되면 속상하잖아유 ㅠㅠ샛별이가 사용하는거라 쵸큼 민감해지니이런거 하나에도 기분이 좋아져요 쵝오쵝오 ♡ ], 긍정 텍스트 확률 : 72.59%"
"[ 제가 기분이 너무 좋다보니 서론이 엄청 길어졌는데이제 상세 기능을 보여드릴게요 ], 긍정 텍스트 확률 : 60.97%"
"[ 미고 미니플러스 아는 사람들은 다 알고 있는 그 기능원터치 폴딩이라 한손으로 접었다 폈다할 수 있다라는 것 ], 긍정 텍스트 확률 : 69.39%"
"[ 처음 받았을 때의 모습이에요.이 모습에서 대략 .초만에 ㅋㅋ바로 유모차를 펴고 접을 수 있다라는 것진심 아주 칭찬하고 갑니다유], 긍정 텍스트 확률 : 74.78%"
"[ 접고 펴는걸 아주 손쉽게 원터치로 할 수 있어서짱편하고 좋아요그냥 스르륵휘릭하고힘을 주지 않아도 됩니다.], 긍정 텍스트 확률 : 78.63%"
"[ 손잡이의 버튼을 오픈쪽으로 밀고아래 버튼을 함께 눌러서 하면 되는데 아주 간단해요.ㅎㅎㅎㅎ중 락 시스템이라 요령이 없어도 쉽게 할 수 있어요 ], 긍정 텍스트 확률 : 52.47%"
"[ 유모차를 펴면 일반적으로 이런 모습이죠 여기에서 아주 손쉽게양대면 전환이 가능한 미고 미니플러스 랍니다. ], 긍정 텍스트 확률 : 72.46%"
"[ 이미지와 같이 핸들바 양쪽 아래에 있는고정장치를 올려서 반대로 넘기면 그냥 끝], 긍정 텍스트 확률 : 69.69%"
"[ 핸들을 전환하면 이렇게 아기와 마주보게 되는데샛별이가 저를 찾거나 울거나 칭얼거릴 때 바로 휘릭 원래 유모차 거부가 심했던 샛별이가유모차를 타기 시작하면서혹시라도 모를 불안감이 생겨서 저를 찾거나 울 때마주보기로 바꿔서 정서적으로 교감하고심리적으로 안정감을 줄 수 있어서더욱 더 마음에 드는 부분이에요.♡ ], 긍정 텍스트 확률 : 99.87%"
"[ 다음은 확실한 차단을 해주는 단 캐노피유모차 다 덮어버릴 기세로 내려오는데 ㅋㅋ진짜 이것도 너무 마음에 들어요 샛별이가 잠에 좀 예민해서 ㅠㅠ그럴 일은 드물겠지만 유모차에서 잠들면...잠들었을 때 햇빛이나 바람을 완벽하게 차단해주는유모차가 무조건 필요했는데 정말 딱이쥬 ], 긍정 텍스트 확률 : 96.54%"
"[ 그리고 캐노피가 필요없을 때는여기 옆부분을 빼서 분리가 가능 ㅎㅎ ], 긍정 텍스트 확률 : 91.23%"
"[ 시트 뒤쪽에 보면 레버가 있는데이게 각도 조절 레버에요.총 단계인데 ° 까지 등판 각도 조절이 가능해요 단계아기 척추 보호와 바른 자세에 좋은 °도로샛별이처럼 앉아있는 걸 좋아하는 아이의 각도단계앉는 것도 싫고 그렇다고 눕는 건 더 싫은 그런 아이들을 위한 각도단계° 각도로 눕는걸 좋아하는 아이나유모차에서 잠든 아이들에게편안하게 잘 수 있게 해주는 그런 각도이 모든 각도가 원터치 레버 시스템으로 이루어져요 ], 긍정 텍스트 확률 : 64.79%"
"[ 점식 안전벨트가 안전하다는 건웬만한 엄마들은 다 아는 사실 미고 미니플러스 역시 점식 안전벨트유모차가 주행중이거나 정차시에충격을 분산], 긍정 텍스트 확률 : 82.65%"
"[이탈방지를 최대화하여아기를 보호해주는 벨트랍니당당당 ], 긍정 텍스트 확률 : 51.77%"
"[ 거기에다가 더 대박인 건 이거 ㅋㅋㅋㅋㅋㅋㅋㅋ어깨벨트가 이렇게 분리가 되어서점식 안전벨트를 풀지 않은 상태에서샛별이를 내릴 수 있는거에요. ㅎㅎ안전벨트 채우고 풀기도 사실 귀찮을 때도 많은데이런 신박한 어깨벨트가 딱 ㅋㅋㅋㅋㅋㅋㅋㅋ ], 긍정 텍스트 확률 : 76.06%"
"[ 이렇게 눌러서 빼면 끝제가 왜 쉽다고 계속 이야기하는지 이제 아시겠쥬?진짜 쉬워서 그래요. ㅋㅋㅋㅋㅋㅋ그런데 미고 미니플러스 안전가드는다른 유모차와 다르게 안전바가말랑말랑하다는 점이 좀 특이해요.아무래도 운행중에 충격이 가해졌을 때딱딱하면 다치거나 할 텐데 그걸 방지하려고그렇게 만들어놓은 것 같아요. ], 긍정 텍스트 확률 : 95.73%"
"[ 가볍고 쉽다고모든 기능 무시하지 마세요 나 이래보여도 장바구니 크다요 ㅋㅋㅋㅋㅋㅋㅋㅋㅋ엄마가 되니 짐이 어마어마하잖아요.이것저것 다 담아야하는데 작으면 쥐쥐 ㅜㅜ미고 미니플러스는 견고하고 튼튼하고 큰 장바구니라짐을 많이 담아도 오케이 넘나 좋아 ♪채우고 싶은 장바구니매일 장볼거야 ㅋㅋㅋㅋㅋㅋㅋㅋㅋ ], 긍정 텍스트 확률 : 95.58%"
"[ 제 검지손가락 보이시죠??저기 부분을 당겨서 발판을 내려주면 끝...ㅋㅋ발판 양옆으로 있으니같이 당겨서 내려주시면 됩니다 ], 긍정 텍스트 확률 : 74.14%"
"[ 가죽 핸들바는 때 안 타는 검정 가죽이라일단 여기에서 무조건 합격 ㅋㅋㅋㅋㅋㅋㅋㅋ부드럽고 그립감도 좋아요.제가 손에 땀이 좀 많아서 다른색은 싫은데검정색이라 무척 마음에 들어요. ], 긍정 텍스트 확률 : 63.19%"
"[ 이제 곧 봄이 오고], 긍정 텍스트 확률 : 70.89%"
"[ 그 모든날이 아름다워보여요 ♡샛별이 미고 미니플러스 타고꽃길만 걸을 것 같은 예감. 풉 ㅋㅋㅋㅋㅋㅋㅋㅋㅋ봄이여어서오라이제 샛별이 유모차 탄다. ㅋㅋㅋㅋ ], 긍정 텍스트 확률 : 97.60%"
"[본 제품은 업체로부터 제공받아 사용 후솔직하게 작성된 후기입니다], 긍정 텍스트 확률 : 57.66%"
"[가볍고접었을때도 사이즈 훌륭. 특히 시티투어 더블은 가로폭이 센티 보자마자 이거다 싶었음. ], 긍정 텍스트 확률 : 58.79%"
"[ 지인이 분들이 저에게 돌잔치 어디에서 하는게 좋을까요?? 이런 질문을 한다면 전 당욘이 베이비엔젤을 추천하겠습니다..ㅎㅎ전화로 시간대 하고 자리있는지 여쭤보고 가서 직접 상담받고 예약했어여통화 할때도 너무 친절 하셨는데 상담 받을때도 진짜 자세히친절하게 설명해주셔서 혹 했답니다. 굿굿 스텐포드 홀로 예약했어여 홀 너무 정말 분위기 있는 조명이라서 맘에쏙들었어여 돌잔치만 하는 곳이라서 주인공유모차], 긍정 텍스트 확률 : 92.68%"
"[아기의자다 준비되어 있고 돌잔치날 주차장 짐도 올려주시다고 딴데 그런서비스까지없는거 같던데 주차장이 넓어서 그런거 같기도 ㅋㅋ 참고로 베이비엔젤은주차 타워 건물입니다.. ㅎㅎ 차근차근준비 할 수 있게카톡도 보내주시고 신경을 많이 써 주시는 거 같아서 예약하고 나서도 잘한거 같아서 기분이 좋습니다.그만큼잘 치루 수 있겠죠화팅...... ......? 본문 이미지...... ......? 본문 이미지...... ......? 본문 이미지...... ......? 본문 이미지 ★게시판 이용 전], 긍정 텍스트 확률 : 97.87%"
"[꼭 확인해주세요★카페 규정 확인 후 글 남겨주세요.. ..카페 규정 어길시 무통보삭제 및 무통보 활동정지 처리 됩니다수다방에는판매글 및 카페규정에 어긋나는 글 올릴시 삭제처리됩니다 .. ... ...? 본문 이미지 .. ... ...? 본문 이미지새창으로 열림 ], 긍정 텍스트 확률 : 95.80%"
"[유모차풋머프 호환되는 아기띠워머 추천 베이비머핀 프리미엄 아기띠 워머 ], 긍정 텍스트 확률 : 70.18%"
"[이웃님들추운겨울이 걱정되는 로민맘입니다 조금 따뜻해지는가 싶더니다시 기운이 뚝 떨어졌는데요추워진 날씨에우리 아기들 감기는 걸리지 않을까건강이 걱정되니겨울철 아이템 을하나씩 준비하게 되네요환절기], 긍정 텍스트 확률 : 81.34%"
"[겨울철 아기들과 외출할때절대로 빠질 수 없는 육아아이템아기띠워머 뿐만아니라 유모차풋머프 까지호환이 되는베이비머핀 아기띠워머 ], 긍정 텍스트 확률 : 54.24%"
"[ 아기띠워머 로 사용하다가유모차 태울때는유모차풋머프 로두루두루 사용할 수 있어서 편하더라구요내피를 탈부착할 수 있고따뜻하고 포근한융털 로 보온력까지 꽉 잡은베이비머핀 프리미엄 아기띠워머얼른 소개해드릴께요], 긍정 텍스트 확률 : 95.74%"
"[ 베이비머핀 은모던한 라이프 스타일을 지향하는프리미엄 유아브랜드에요육아를 경험하고 고객과의 소통을 통해제품의 품질을 향상시키며엄마와 아이가 모두 만족하는 제품을만드는데 노력하는베이비머핀아이를 키우면서이렇게 아이와 엄마를 생각하는유아브랜드가 참 좋더라구요 ♥ ], 긍정 텍스트 확률 : 99.52%"
"[내피탈부착형 으로고급스러운 디자인과 기능성을 더한 제품추운겨울에 보온력이 우수한융기모 내피 를 부착하여좀 더 따뜻하게 사용 할 수 있어요 레깅스 구입해보면기모레깅스보다 융털기모레깅스가보온력도 좋고 착용감도 좋은데요아기띠워머에도 융털 내피가 있으니너무 반갑더라구요 ♥ ], 긍정 텍스트 확률 : 99.98%"
"[ 외부의 찬 바람과 낮은 기온에엄마의 손은 항상 시렵잖아요 이렇게엄마의 손을 보호 해줄센스있는주머니 까지 맘에 쏙 들어요 ], 긍정 텍스트 확률 : 98.61%"
"[ 토끼귀를 포인트로 디자인해더욱 귀엽고 깜직한 모자], 긍정 텍스트 확률 : 95.29%"
"[마주보기 둘 다 사용이 가능해서 굿 ], 긍정 텍스트 확률 : 90.19%"
"[힙시트 사용시양쪽 어깨버클을 아기띠와 연결해주고 ], 긍정 텍스트 확률 : 57.28%"
"[ 아기 발을 따뜻하게 보호해 줄발주머니 포켓 이 있어서아이 발을 따뜻하게 보호해줘요생활방수기능이 있어 가벼운 비나눈], 긍정 텍스트 확률 : 99.45%"
"[오염물이 묻은 경우간편하게 닦아낼 수 있어요아이가 음료를 먹다가 쏟더라도물티슈로 살짝 닦아주면 되니 걱정 없어요 ], 긍정 텍스트 확률 : 54.26%"
"[ 유모차대부분호환 이 가능한 제품이에요 ], 긍정 텍스트 확률 : 89.55%"
"[ 레인커버 씌우는것처럼 힘들지 않고정말 간단해서초면 설치 끝 간단하고 쉬워서 넘 좋아요], 긍정 텍스트 확률 : 72.71%"
"[ 외출할때 항상블랭킷 을 들고 다니며아기를 덮어 줬었는데흘러릴까봐 항상 신경썼었거든요아기띠에 고정하고 싶은데고정할 수 없어서 한손으로 잡고흘러내리면 또 올리고 무한반복유모차에 덮어주면 아이가 집어 던지거나잠깐 사이에 아래로 흘러내리고 그런데 이젠 아기띠 워머 덕분에안정감있게 외출 할 수 있게 되었어요 ], 긍정 텍스트 확률 : 99.22%"
"[ 아기띠에 고정시켜서 사용하니엄마손도 자유롭고아이가 추워하지 않아서 더 좋고 넉넉한 사이즈라아기띠워머 로 사용하다아이가 잠들어서 눕힐때는낮잠이불 로 활용할 수 있어요 ], 긍정 텍스트 확률 : 50.05%"
"[ 외출시에 유모차에 고정시키면아이가 집어 던질 염려도 없고흘러내리지도 않아서신경쓸일이 줄어서 굿 ], 긍정 텍스트 확률 : 62.12%"
"[ 아기띠워머 하나로 유모차워머는 물론이고아기 이불대용으로 활용할 수 있어서두루두루 사용하니 가성비도 굿♪베이비머핀 역시 최고네요 최고 맘에 쏙 들어서 올 겨울 걱정 없답니당 ], 긍정 텍스트 확률 : 99.96%"
"[ 시력보호커버가 함께 기본구성이라닛. 너무 좋으네 흐흐 ], 긍정 텍스트 확률 : 98.91%"
"[ 에르고베이비 유모차기내반입유모차 라 정말 컴팩트하게 접히니공간활용하기에도 좋다먼저 손잡이 틈틈이 보호되어있는 스티로폼쿠션을 제거 ], 긍정 텍스트 확률 : 93.46%"
"[ 요렇게 셀프스탠딩도 잘되구 ], 긍정 텍스트 확률 : 56.60%"
"[ 접는방법 살펴보려 설명서 한번 들여다봤는데오잉 펴는것보다 더 간단하닷 ㅎ손잡이 레버누르면서 눌러 접어주기만하면 👌 접수완료 ], 긍정 텍스트 확률 : 91.24%"
"[ 유모차에서 곤히 잠들어있는 너.따뜻한 커피한잔.하나의 프레임안에 들어오는 이 조합이.그냥 바라만봐도 힐링이되는구나 ], 긍정 텍스트 확률 : 79.71%"
"[ 자석으로 톡톡 잘 닫히니바람에 펄럭이며 날리지도않고 고정도 👌], 긍정 텍스트 확률 : 52.74%"
"[ 등받이를 눕혀주었는데도깨지않고코코낸내 꿀잠 중 ], 긍정 텍스트 확률 : 56.13%"
"[ 넓게 펼쳐진 메쉬창은 물론 이렇게 닫아줄수도있다이역시 등받이뒤쪽의 포켓안에 쏘옥.숨어있다 ㅋ등받이포켓상단안에서 꺼내어 펼쳐준후위쪽 똑닥단추를 채우고 사이드 틈새의 벨크로까지닫아주면], 긍정 텍스트 확률 : 58.78%"
"[ 요렇게 완성 ], 긍정 텍스트 확률 : 63.14%"
"[ 흔히 디럭스유모차에 적용되는앞바퀴와 뒷바퀴 크기의 차별화로 더욱 안정감있는탑승감과 부드러운 핸들링을 느낄수가있다 ], 긍정 텍스트 확률 : 97.03%"
"[ 완전히 젖힐 수 있는 형 유모차로아기가 잠들었을때는 물론아주어린아가때부터 일찍 사용할수있어 굿받자마자 빨리 끌어보고싶어 일찍 끌고나왔는데 요즘 이것만 찾게된다묘 ㅎ실사용 넘나 만족중인 에르고베이비 휴대용유모차 이제 너로 정착하자 ㅎ다음 리뷰에선 에르고베이비의 쉬운 원핸드폴딩과이곳저곳 속속 숨은기능 자세히 들여다보기로 ], 긍정 텍스트 확률 : 99.48%"
"[휴대용 가방 안에 프레임이 들어있고 등판과 설명서가 따로 있다처음에 저 판은 뭐지? 했던 ㅋㅋ가방안에서 접힌 프레임을 꺼내고 ], 긍정 텍스트 확률 : 74.93%"
"[ 설명서에 적힌대로 차근차근 조립하다보면뚝딱 조립 된다다 조립하고 컬러팩까지 씌우면 완성에어프랑스 블루가 다른 컬러팩에 비해서 만원정도 비싼편인데디자인이 이뻐서 감수하기로 ㅋㅋㅋ휴대용은 그래도 오래 쓴다고들 하고 자주 들고 다닐거라고 생각하니 많이 아깝지 않았다 ], 긍정 텍스트 확률 : 82.79%"
"[ 조립 후 다음날 바로 슝슝 ㅋㅋ일단 핸들링 정말 굿굿너무 부드럽게 잘나간다게다가 접고 난 가벼움 ㅠㅠ 감동내가 휴대용 지르게 된 이유가 도담이 안고 디럭스 유모차 차에 싣다가 빡쳐서였는데도담이 안고 접을 수 있다 ㅋㅋㅋㅋㅋ완전 편한건 아니지만디럭스보다 훨씬 안정적임게다가 디럭스보다 훨씬 잘 누워있는 느낌최근에 디럭스에서는 잠드는걸 본적이 없고 맨날 울어제껴서결국 유모차는 장바구니로 전락하고아기띠 메고 오는 경우가 많았는데오요에서는 제법 잘잔다 ㅠ 감동안그래도 근처에 몰 생긴거 때문에 더 자주 나가게 되는데완전 적절했다역시 아쉬운거라면...나는 왜 베페 기간에 사지 않았나 ㅠㅠ돈을 얼마나 날린건가 맴찢 ㅋㅋ이글을 보는 분들은 부디 베페 기간에 구입하시길 ㅋㅋㅋㅋㅋ대부분 마치 증정품인양 말하는휴대용 가방과 레인커버는 원래 기본구성품으로상자안에 들어있다참고하여 증정품까지 꼼꼼히 챙겨서 구입하는걸 권장 ㅋ요요는 다 좋은데사악한 가격과 사악한 추가 악세사리들 ㅠㅠ아직도 더 써야한다니...부들부들그래도 가지고 다니면 넘 좋다 ㅋㅋㅋㅋ아직 신랑은 실감 안된다고 하는데주로 끌고 다니는 내가 대만족중이니 됐음 ㅋㅋㅋ .?베이비젠요요플러스베이비젠요요플러스.?요요플러스요요플러스.?베이비젠요요베이비젠요요.?에어프랑스블루에어프랑스블루.?휴대용유모차휴대용유모차.?휴대용유모차추천휴대용유모차추천 .?요요에어프랑스블루요요에어프랑스블루.?요요플러스에어프랑스블루요요플러스에어프랑스블루.?요요플러스후기요요플러스후기 ], 긍정 텍스트 확률 : 97.65%"
"[서한이는 잉글레시나 절충형유모차 지피라이트를 타고 있어요 물려받은 디럭스유모차가 너무 무겁고 차에 싣고 다니기도 힘들어 오프라인에서 구입했는데 유모차커버도 없고.. 레인커버도 없고... 달랑 컵홀더 하나만 장착되어 있었어요 ㅠ유모차커버를 사야지사야지 하면서 유모차 타기를 거부하는 서한이 핑계를 대며미루고 미루다가 너무 마음에 드는 유모차커버를 발견해서 들여보았어요], 긍정 텍스트 확률 : 73.96%"
"[ 미세먼지와 초미세먼지를 .나 차단해주는햇살망베이비 유모차커버예요. 요새 많은 문제를 야기하고 있는 미세먼지.노약자에게 더 위험하다고 하잖아요 산소통을 쓰고 다닐수도 없고 ㅠㅠ최대한 미세먼지 마시는 걸 줄이는 방법밖에 없는데 이런 신박한 아이템을 만나게 되어 얼마나 반가웠는지 몰라요 ], 긍정 텍스트 확률 : 98.22%"
"[ 전용 파우치가가 있어서 덜렁덜렁 지저분하지 않게 깔끔하게 보관할 수 있어 더 좋아요 ], 긍정 텍스트 확률 : 81.87%"
"[ 먼저 유모차를 펼친 후 브레이크 잠금장치를 하여유모차가 움직이지 않도록 고정해주어요. 지피라이트는 오른쪽 바퀴에 있는 레버를 아래로 내리면 돼요 ], 긍정 텍스트 확률 : 64.10%"
"[ 그 위에 커버의 윗부분을 유모차 햇빛가리개에 걸쳐요], 긍정 텍스트 확률 : 70.18%"
"[ 옆면에 보면 달랑거리는 자고리 개가 있는데], 긍정 텍스트 확률 : 52.46%"
"[ 산책 초반 힘이 남아돌때는 유모차 타지 않아요 ㅋㅋ힘이 쏘옥 빠지면 그때서야 유모차를 찾아오죠], 긍정 텍스트 확률 : 70.08%"
"[ 저희 친정 엄마는 예전에 옷을 만들고 수선을 하셨어서 무언가 사면 옷감이나 바느질 요런거 중점적으로 보시는데 바느질이 꼼꼼하고 커버가 단단하다며 흡족해하시더라구요국내 최고의 나노 기술을 사용 해서라고 당당히 말씀드렸어요 ㅎ그래서 더 오래 사용할 수 있는 거라고 말이죠 ], 긍정 텍스트 확률 : 78.62%"
"[ 오늘 나들이 갔던 곳이 수목원이라 벌레가 많았는데 햇살망베이비를 하니 벌레 걱정은 없고 시원하게 통기성이 좋아 봄], 긍정 텍스트 확률 : 94.03%"
"[가을에도 편하게 쓸 수 있을 것 같아요 ], 긍정 텍스트 확률 : 65.79%"
"[ 아이가 타고 내리기에도 한번에 쏙 하도 나와요 ㅎ ], 긍정 텍스트 확률 : 96.20%"
"[ 입구를 열어주었을 때는 유모차 위], 긍정 텍스트 확률 : 63.40%"
"[ 전 나들이 갈 때보다 일상적으로 산책하거나 장보러갈 때 더 유용했던 것 같아요 ], 긍정 텍스트 확률 : 70.90%"
"[ 시내에 걸어다니면 차가 정말 많이 지나다니고 공기가 더 탁한 기분인데 미세먼지 차단율이 . 나 되니까안심이 되더라구요], 긍정 텍스트 확률 : 81.09%"
"[ .폴딩이 쉬워서 이거다싶어 눈독들이고있다가.구매했어요.. ], 긍정 텍스트 확률 : 67.51%"
"[안녕하세요온리 베이비 입니다벌써크 리 스 마 스 가 다가오다니정말 시간 빠르지 않나요?], 긍정 텍스트 확률 : 82.11%"
"[ 시간이 흐르면서 쑥쑥 크는 아이들을 보고 있자면손이 가는 곳이 한두가지가 아닐텐데요그중에서도 아버님], 긍정 텍스트 확률 : 98.62%"
"[ 어머님들이쉽게 하기 어려운 유.모.차.세.탁저희온리 베이비에서 확실하게도와드리고 있으니까 언제든지 문의주세요 ], 긍정 텍스트 확률 : 74.74%"
"[ 자세히 보면 더욱 심각하죠..?아이가 쓰고 난 이후에한참동안 더 방치해두셨던터라더욱 관리가 안되고 지저분했어요.요즘 같이 추울때 아이와 외출이어려워서 유모차나 카시트를 쓰지 않을 때맡겨주시는 것이 굿 타이밍이죠 ], 긍정 텍스트 확률 : 99.82%"
"[ 위에서 보셨든 안전바는 물론], 긍정 텍스트 확률 : 73.93%"
"[ 밝은곳에서 밝게 비추어 보면더욱 심각하답니다.흙먼지나 얼룩으로만 보였던 것이곰팡이로 확인 되는 순간이죠이런 더러움... 모두 저희는천연제품으로 살균세탁 처리를 해서도와드리기 때문에때가 쏙 빠지는 것은 물론], 긍정 텍스트 확률 : 88.86%"
"[ 자칫 놓칠 수 있는 유모차 덮개부분도어떤 얼룩이 있는지 미리미리 체크를 해두어요.나중에 세탁 후 한번 더 검수할때도꼼꼼하게 체크해드리기 위해서랍니다 ], 긍정 텍스트 확률 : 52.72%"
"[ 아이가 수없이 주물렀을안전바도 흙자국 하나 없이묵은때까지 쏙 빼드렸어요마냥 박박 문지르는 것이 아니라특별한 기술과 노하우로 정관 유모차 세탁을 도와드리기 때문에제품은 상하지 않으면서도마치 새 것과 같은 깨끗함을 느끼실수 있답니다. ], 긍정 텍스트 확률 : 67.02%"
"[ 그리고 오랜시간 바닥을 굴러다녔을바퀴부분도 새롭게 목욕을 하고 왔어요완전 깨끗 속이 시원하지 않나요? 원래 누리끼리했던 색상이 다시 밝은 화이트로 돌아왔어요 ], 긍정 텍스트 확률 : 80.27%"
"[ 완벽한 세척으로 새롭게 태어났어요살균과 세탁을 마친 뒤에 혹시나 잘못 조립된 부분은 없는지다시 한번 테스트를 해본답니다. ], 긍정 텍스트 확률 : 90.83%"
"[ .그리고 디자인.좀 더 여성스럽다고 해야할까? 뭔가모르게 선이 더 곡선으로 따진듯한 느낌과 고급스런 그레이 컬러가 더 맘에 들었다.......일산베이비페어에서 구입했는데 당시 올뉴와이업지니 자체도 주문이 밀려 대기해야 했었고 특히나 그레이 컬러는 더 오래 기다려야했다.인기가 많은 듯 했다................... ], 긍정 텍스트 확률 : 59.91%"
"[ .올뉴버전은 양쪽 사이드 부분이 올라와 있어서 아기가 앉아있을때 더 안정감 있게 느껴진다................. ], 긍정 텍스트 확률 : 52.94%"
"[ .배송되어져 왔을때 모습 기스방지용 스펀지로 잘 마감되어져 왔다................ ], 긍정 텍스트 확률 : 65.01%"
"[ .그리고 요즘 인기많은 티바.티바 때문에 와이업 지니를 초이스하는 사람들도 많다..주행 시 아이들이 잡고 안정감을 스끼기도 하고 추가구매로 스낵바로 교체 할 수도 있다................... ], 긍정 텍스트 확률 : 80.24%"
"[ .티바에도 버튼이 있어앞뒤로 다 접어둘 수가 있다................... ], 긍정 텍스트 확률 : 84.52%"
"[ .옆모습등받이를 최대한 눞혀보니 완전히 눞혀진다. 굿.............. ], 긍정 텍스트 확률 : 95.39%"
"[ .차양막은 저상태에서 지퍼를 풀면 티바위까지 내려온다..햇빛차단은 완벽하게 될 것 같다................. ], 긍정 텍스트 확률 : 78.24%"
"[ .지퍼를 열면 망사부분이 있어 아이의 상태를 확인할 수 있다................ ], 긍정 텍스트 확률 : 52.88%"
"[ .뒷쪽 원단은 지퍼를 열면 망사로 되어있어 여름철에 좋겠다.벨크로로 연결되어져 있는것도 확인할 수 있다................. ], 긍정 텍스트 확률 : 75.20%"
"[ .바퀴에 브레이크.핸들링은 말하면 입아프다. 핸드링이 너무 좋고 짱짱하다................ ], 긍정 텍스트 확률 : 77.69%"
"[ .점식 벨트와점식 벨트 모두 사용 가능하다.............. ], 긍정 텍스트 확률 : 57.52%"
"[ .또한 차양막까지 넘 크고 넓어서 좋아요.그리고 차양막이 차단은물론 방수까지되서 눈], 긍정 텍스트 확률 : 88.76%"
"[ ..유모차타고 편한지 딥슬립한 울윤스👶.벨트도 점식벨드라 넘 안전해요.안전바가 바냐바냐갖고 엄청고민햇는데요.바는 아이들이좋아하지만 언젠간 빼고써야한대서.결국은바로선택햇답니다ㅎㅎㅎ ], 긍정 텍스트 확률 : 83.51%"
"[ .폴딩하는거 넘나쉽죵ㅎㅎ.밤이라 유모차컬러가잘안보이는게 아쉽네요ㅜㅜ ], 긍정 텍스트 확률 : 92.15%"
"[ .퀴드의 가장큰장점.접엇을때 초슬림하고 셀프스탠딩], 긍정 텍스트 확률 : 73.92%"
"[지인이 분들이 저에게 돌잔치 어디에서 하는게 좋을까요?? 이런 질문을 한다면 전 당욘이 베이비엔젤을 추천하겠습니다..ㅎㅎ전화로 시간대 하고 자리있는지 여쭤보고 가서 직접 상담받고 예약했어여통화 할때도 너무 친절 하셨는데 상담 받을때도 진짜 자세히친절하게 설명해주셔서 혹 했답니다. 굿굿 스텐포드 홀로 예약했어여 홀 너무 정말 분위기 있는 조명이라서 맘에쏙들었어여 돌잔치만 하는 곳이라서 주인공유모차], 긍정 텍스트 확률 : 92.68%"
"[아기의자다 준비되어 있고 돌잔치날 주차장 짐도 올려주시다고 딴데 그런서비스까지없는거 같던데 주차장이 넓어서 그런거 같기도 ㅋㅋ 참고로 베이비엔젤은주차 타워 건물입니다.. ㅎㅎ 차근차근준비 할 수 있게카톡도 보내주시고 신경을 많이 써 주시는 거 같아서 예약하고 나서도 잘한거 같아서 기분이 좋습니다.그만큼잘 치루 수 있겠죠화팅...... ......? 본문 이미지...... ......? 본문 이미지...... ......? 본문 이미지...... ......? 본문 이미지], 긍정 텍스트 확률 : 97.63%"
"[아보카도버거 맛있어요렌트투렌트카저흰 보통 티웨이만탔는데출국하는날비행출발 시간 시간전반납하면 공항에 태워다주거든요 다른 비행기는 모르겠어요 아마 해주시겠죠?다른업체는 모르겠어요 렌트는 항상 여기서해요 차도 깨끗하고친절하시고 좋아요 대여해주신 유모차는 상태는 쏘쏘했습니다기존에 다녔던 괌은거의휴양이였어서 거의 투어도 많이 안했었어요 이번여행은 부모님모시고 간 삼대여행이라 이것저것 많이 해보자싶어서 매직쇼랑 씨워커 했어요 옵션으로 추천해요 여유있으시면 박이상 추천해요 투어가 반나절을 잡아먹으니 두개씩 잡기도글코 특히 아가들있으면 좀 여유있게 다녀오시는거 추천합니다하얏트 아웃리거 웨스틴 오로라지금의 롯데게스트하우스 괌플라자 이렇게 묵었었는데게하보단 가성비비슷한 가든빌라도 좋앗어요 여긴 픽업이 되니까 돌아온지 하루지났는데 또 가고싶은건 왜죠 ㅎㅎ 년전 둘째 임신때 만삭사진겸 가족 스냅 해바포유서 찍었었는데 작가님 성당에서 우연히 다시 만나서 엄청 반가워해주셔서 감사했습니다 저희 기억안나실수도 있겠지만 여전히 친절하시고 좋으시더라구요 괌 입국때 저희첫째랑 이름같고 나이도 같았던 형제가족분들도 생각나고작년에 갔었을때 하나투어에서 갔던터라 가이드분 피쉬아이서 우연히 다시뵙고괌공항서 둘찌다 토해서 괌공항 면세점 바닥 열씨미 닦고오고첫째 살땐 괌공항면세점서 달러넘는 향수 깨먹어서 당황했는데 직원분 베이비 케어풀하면서 쿨하게 봐주신 기억예전에비함 쇼핑매리트도없어지고 음식들도 예전같진않지만 저에게 괌이란 언제든 다시가고픈 너무좋은곳이에요 언젠간 또 떠나서 괌 채워볼께요😊😊😊😊], 긍정 텍스트 확률 : 96.96%"
"[개월 첫째와 개월 둘째.연년생 자매를 키우는 사람으로써쌍둥이 유모차는 피해갈 수 없는 숙명같은 것..ㅜㅜ이미 싸이벡스프리암], 긍정 텍스트 확률 : 82.48%"
"[아리아트윈리안 트윈베이비조거 시티미니더블네가지를 놓고 혼자 음청 열심히 비교분석 하던중 새로 출시된 시티투어더블을 발견.바로 이거다 싶었으나워낙 폭이 좁게 출시된터라 한덩치하는 첫째를 안태워보고는 선뜻 살 엄두가 안나부산에서 하는 베페에서 직접 태워보고구매는 가격이 제일 저렴했던 베이비파크 화성향남점에서 ], 긍정 텍스트 확률 : 58.24%"
"[그만큼 시트폭이 좁긴 하겠지만개월 .키로🤫의 매우 우량한 첫째가 타기에도 무리는 없다. 좀 좁아보이긴 하는데 매우 잘 타고있다 ], 긍정 텍스트 확률 : 85.63%"
"[좌 개월 .키로 우 개월 .키로둘다 평균이상의 몸무게 ㅋㅋㅋ태우니 유모차가 묵직해지지만 핸들링 좋다둘이 같이 타니 너무 좋아한다 진작 사줬어야하나..표정은 저래보여도 좋아서 안내리겠다고 한참을 앉아있었다.. ], 긍정 텍스트 확률 : 53.54%"
"[ㅂ폴딩하면 또 이렇게나 작다넘나 굿굿👍🏻👍🏻👍🏻더 일찍 샀으면 좋았겠지만지금부터라도 돈 아깝지 않게 뽕뽑히게 타고 다니자더 열심히 외출해야겠노라 .?쌍둥이유모차쌍둥이유모차.?휴대용쌍둥이유모차휴대용쌍둥이유모차.?절충형쌍둥이유모차절충형쌍둥이유모차.?베이비조거베이비조거.?시티투어더블시티투어더블.?베이비파크화성향남점베이비파크화성향남점.?연년생유모차연년생유모차.?연년생유모차추천연년생유모차추천 ], 긍정 텍스트 확률 : 99.49%"
"[ 베이비머핀 프리미엄아기띠워머외출할때 유모차 풋머프로 굿 ], 긍정 텍스트 확률 : 94.84%"
"[ 외출할때 유모차 풋머프로 굿 ], 긍정 텍스트 확률 : 92.41%"
"[찬바람이 부쩍 쌀쌀해졌어요겨울이 금방이라도 올 것 같은 날씨네요올 여름도 기록적으로 더웠는데 겨울도 엄청 춥다죠?가을이 가기 전에 준비한 아기띠워머를 꺼내서외출을 했어요 ], 긍정 텍스트 확률 : 52.97%"
"[우리가 쓰는건 베이비머핀의], 긍정 텍스트 확률 : 60.83%"
"[프리미엄 엄청 따수워서 땀까지 나려고 한 율이다리부분을 쏙 감싸줘서 따듯할 수밖에 없더라구요요건 아래 다시 보여드릴께요 ], 긍정 텍스트 확률 : 93.66%"
"[모자 를 푹 씌우면 좋은데 이때 넘 숨막히진 않은지코를 엄마품에 파묻고 있진 않은지 잘 살펴야하죠 ], 긍정 텍스트 확률 : 89.79%"
"[이 아기띠워머 볼수록 매력있는게 ], 긍정 텍스트 확률 : 93.14%"
"[풋머프 로도 활용할 수 있어요발부분부터 쓰윽 씌워 올린후차로 유모차 양옆을 고정시키고], 긍정 텍스트 확률 : 58.47%"
"[ 내피로 이불삼아 덮어주었는데 부들부들하니 따숩고 좋네요 ], 긍정 텍스트 확률 : 76.85%"
"[탈부착이 가능해요 ], 긍정 텍스트 확률 : 51.21%"
"[이렇게 단추구멍이 촘촘히 있어요 ], 긍정 텍스트 확률 : 51.28%"
"[확장할 수], 긍정 텍스트 확률 : 67.34%"
"[ 있어요 ], 긍정 텍스트 확률 : 68.32%"
"[엄마아빠 손 따듯하라고 손주머니], 긍정 텍스트 확률 : 88.98%"
"[아웃도어 내장재로 쓰는 기능성 발열솜 이더군요가볍고 따듯함이 맘에 듭니다 ], 긍정 텍스트 확률 : 77.42%"
"[착용하는 방법과 디테일한 사용법은 담 후기에 또 올려볼께요 ], 긍정 텍스트 확률 : 83.64%"
"[짝퉁인 요야가 만원에 팔리고핸들링까지 똑같대서 살짝 고민타보도 핸들링이 좋은데다안전바까지 있어서 또 살짝 고민휴대용 치고 높은 가걱에 마지막으로 고민근데 결국 샀어요고민이 끝나기도 전에주세요 라고 하던 남편 ], 긍정 텍스트 확률 : 74.14%"
"[시트와 차양막은 색상 선택이 가능한데요무조건 올블랙 ], 긍정 텍스트 확률 : 75.21%"
"[아래쪽에 바구니가 있고빨간 부분은 브레이크에요 ], 긍정 텍스트 확률 : 72.01%"
"[등받이 부분엔 사신처럼벨트식으로 끈이 있는데요저걸 조였다 풀었다 하면서 등받이 각도를 조절해요이 점은 좀 아쉬워요등받이 조절이 벨트식인 점발판과 안전바가 없다는 점심지어 정품 악세사리로도 안나옴짝퉁 요야 악세사리로 구입해야 함그래서 타보랑도 고민했어요이 두가지는 맘에 안들음그래도 디자인과 기가 막힌 핸들링으로 인해 잊었어요발판과 안전바는 요야로 사면 되죠 뭐 ㅎㅎ ], 긍정 텍스트 확률 : 56.34%"
"[의자 아래쪽에 빨간 레버가 있는데유모차를 접을고 마지막에 저 쇠부분을 딸깍 소리나게 꽂아줘야 다시 펴지지 않아요반대로 유모차를 펼칠땐 저부분을 풀어주면 금방 펼쳐짐 ], 긍정 텍스트 확률 : 92.14%"
"[양옆에 저 흰색 버튼을 누르며핸들을 뒤로 꺾어주면 차 폴딩완료 ], 긍정 텍스트 확률 : 62.69%"
"[이건 기본구성으로 있는 레인커버에요매장에서 끌어봤는데저 손목도 얇고 이런거 잘 못끌어서마트가면 카트도 제가 안밀고 다니거든요근데 제가 한손으로 밀고 다녀요 ], 긍정 텍스트 확률 : 50.86%"
"[일반도로에서 한손으로는 무리가 있지만잘포장된 곳], 긍정 텍스트 확률 : 90.86%"
"[실내에서는 한손으로 무리없이 방향도 변경하면서 잘 밀고 다녀요백화점 유모차끌다 이거 끌어보니 정말 신세계유모차 첫 시승식은 동네에 약속 있어서 나가면서 해봤어요여름에 사서 사진은 한여름이네요ㅋㅋㅋㅋㅋ ], 긍정 텍스트 확률 : 77.76%"
"[차양막 내린 앞모습각도조절 안전바발판많이 고민했던게 발판하고 폴딩이 될까였는데 무리없이 잘 접히더라고요동네에서 끌어봤는데 핸들링이 정말정말 굿만난 동생도 한번 끌어보더니 정말 가법고 좋다며 놀라더라고요가볍다고 안전성에 문제있는건 아니라 더좋아요괜히 비싼건 아니겠죠ㅋㅋㅋㅋㅋㅋ ], 긍정 텍스트 확률 : 99.17%"
"[베이비젠 요요전 비싸도 만족하며 잘 쓰고 있고요정품 악세사리로 발판이 나오길 기다리고 있습니다 ㅎㅎㅎ ], 긍정 텍스트 확률 : 77.14%"
"[육아맘을 미소짓게 하는완소 육아템], 긍정 텍스트 확률 : 80.26%"
"[육아맘을 웃게 하는완전 소중 육아 아이템], 긍정 텍스트 확률 : 92.66%"
"[요새 가장 잘 샀다 싶은 육아용품], 긍정 텍스트 확률 : 66.91%"
"[허리 아픈 맘들에게 필수 ], 긍정 텍스트 확률 : 84.56%"
"[그것보다 조금만 높아도 훨씬 편하더라고요 조립은 남편이 해서 난이도가 어느 정도인지는 모르겠지만 이케아는 설명이 잘 되어있는 편이란 점 참고하세요지안니니님 아기침대 개월 대여해놓고 허리 아파서 한 달 정도 썼나? 하고 두 달은 놀리다 반납했네요.. 요런 거 있는 줄 알았음 좋았을 텐데.. 넘 편할 것 가타요강서 행운맘님 저희 아가 일인데 이거 완전 꿀템입니다♡ 이케아 아기 침대랑 시너지 뿜뿜 ㅋ찰떡님], 긍정 텍스트 확률 : 82.71%"
"[전부 이케아 제품으로기저귀 교환대 기저귀 교환대 수납통 종 기저귀 교환 매트 조합이에요 높이는 로 편안한 높이에서 기저귀를 갈 수 있고], 긍정 텍스트 확률 : 75.23%"
"[저렴한 가격이 강점기저귀 교환 매트는 딱딱한 모서리로부터 아기를 보호하기 위해 꼭 필요한데요], 긍정 텍스트 확률 : 73.53%"
"[연고 등을 넣어둘 수 있는 다용도 수납통이랍니다. 침대 아래 빈 공간에는 다른 잡동사니들을 수납할 수도 있어요 공간활용도 굿이쯤 되니 왜 맘들에게 사랑받는지 잘 알겠죠?주의사항 아기를 높은 곳에 두는 만큼 아기가 기저귀 교환대 위에 있을 때는 절대 눈도], 긍정 텍스트 확률 : 84.10%"
"[ 기저귀 관련 템들을 한 번에 보관하면서 관리할 수 있어요. ], 긍정 텍스트 확률 : 66.18%"
"[ 저는 이 카시트 겸 유모차 덕분에 생활이 바뀌었답니다. 두나를 사용한 뒤로는 유모차로 끌고 가서 층에서 카시트로 탁 접어 아기를 태운 채로 오르내리니 애도 덜 울고 대중교통도 자유롭게 탈 수 있게 됐어요.벼락이이님], 긍정 텍스트 확률 : 62.17%"
"[ 카시트 모드일 때는 접혀있다가왼쪽 뒤쪽의 버튼을 누르면 신기하게도 바퀴가 탁 펴지면서 유모차 모습으로오른쪽 변해요. ], 긍정 텍스트 확률 : 52.10%"
"[카시트 겸 유모차인데도 불구하고 무게가정도라 비교적 가벼운 편이라고 해요. 약간 힘만 쓰면 카시트 모드로 바꿔서 전철 계단을 오르내릴 수도 있고], 긍정 텍스트 확률 : 69.24%"
"[더 대박인 것은 넓은 개찰구를 찾을 필요도 없이 일반 개찰구를 통과할 수 있다는 것], 긍정 텍스트 확률 : 92.99%"
"[ 카시트를 설치할 때는 차에 따라 가지 방식이 있잖아요 와 일반 안전벨트 방식 두나 카시트 유모차는 이 두 가지 방식을 전부 사용할 수 있다고 해요.], 긍정 텍스트 확률 : 59.34%"
"[ 가격이 비싸요. ], 긍정 텍스트 확률 : 51.44%"
"[ 서스펜션이 없어서 충격흡수가 잘 되지 않는 편이에요.], 긍정 텍스트 확률 : 52.72%"
"[ 쌍둥이인 걸 알고서 제일 먼저 준비했어요. 김두식님 이거 진짜 좋은 아이템입니다 님], 긍정 텍스트 확률 : 67.98%"
"[다둥이 맘들 사이에서 유명한 아이템이랍니다. 아기를 눕히고 젖병 꽂아서 주면 아기가 스스로 잘 먹어요 머리 쪽 쿠션은 짱구베개로도 활용 가능. 외출 시 수유할 때도 유모차에서 사용하면 아주 편리한 제품.엄마를 쉬게 하는 효자 육아템 ], 긍정 텍스트 확률 : 90.14%"
"[아기가 너무 좋아해요♪ ], 긍정 텍스트 확률 : 88.72%"
"[ 개월 된 딸램이 제일 좋아하는 장난감이네요♡ 노래도 다양하고 분 이상 켜놓으면 자동으로 멈추고 밤에는 라이트를 켜서 수면등으로 활용할 수 있고], 긍정 텍스트 확률 : 86.66%"
"[스탠드로 침대에 고정시킬 수 있어서 좋아요. 뽀로롱 썽님 저에게 완소 육아용품 순위는 바로 타이니러브 모빌이었어요 누워만 있는 아기들에게 모빌의 존재가 이렇게나 크다는 걸], 긍정 텍스트 확률 : 74.13%"
"[아기도 음악에 맞춰 춤을 출 수 있다는 걸 느끼게 해준 게 바로 타이니러브 모빌이에요 뚱띠봄봄이님], 긍정 텍스트 확률 : 97.78%"
"[ 너무 귀엽죠?ㅠㅠ ], 긍정 텍스트 확률 : 97.35%"
"[타이니러브 모빌이에요.누워있는 아기에게 모빌은 엄마에게 잠깐의 휴식을 선물해주는 필수템인데요. 타이니러브 모빌은 여러 종류의 음악이 들어있어서 아기 마음을 사로잡는다고 해요. 손짓 발짓을 하며 놀다가 분쯤 지나면 자장가가 나오면서 백색 소음이 나와 스르르 잠까지 재워주는 기특한 제품. ], 긍정 텍스트 확률 : 99.90%"
"[갈수록 진화하는 육아용품들.그 중에 최근 맘스홀릭베이비 맘들의마음을 사로잡은 가지 제품을 알아봤어요.이밖에 다른 신박하고 육아의 질을 높여준완소 육아 아이템을 알고 계시다면댓글로 많이 많이추천 부탁드려요 ], 긍정 텍스트 확률 : 87.39%"
"[지금 맘스홀릭베이비 포스트를 팔로우하면 육아 잇 아이템들이 쏟아져요 맘스홀릭베이비 포스트 팔로우 이벤트참여하러 가기 .], 긍정 텍스트 확률 : 85.22%"
"[기획맘스홀릭베이비사진맘스홀릭베이비 지안니니님], 긍정 텍스트 확률 : 87.91%"
"[벼락이이님], 긍정 텍스트 확률 : 60.33%"
"[김두식님], 긍정 텍스트 확률 : 60.33%"
"[지난 제주여행에서 아주 뽕뽑게 사용한 리안레오], 긍정 텍스트 확률 : 68.28%"
"[ 베이비젠요요 두유모차예요 같이 몰고다니면서 사용했던 비교한 리얼후기 보내드려요], 긍정 텍스트 확률 : 77.84%"
"[왼쪽이 리안레오], 긍정 텍스트 확률 : 51.21%"
"[오른쪽이 베이비젠요요입니다.], 긍정 텍스트 확률 : 70.27%"
"[메쉬통풍창으로 되어 있다는 ], 긍정 텍스트 확률 : 85.89%"
"[차양막길이는 두 유모차 모두 비슷해요 ], 긍정 텍스트 확률 : 73.52%"
"[둘다 짧아요요요쓰시는분들의 가장 큰 단점으로 느끼는 ], 긍정 텍스트 확률 : 78.61%"
"[안전바는 리안레오에 있어요 ], 긍정 텍스트 확률 : 57.65%"
"[개인적인 생각으로는 요요가 더 튼튼한듯요 요요의 가장 큰 장점이기도 하지요진짜 매주 어딜그리 빨빨거리고 다니는지 겁나 몰고 다니거든요 정말 짱짱해요 승차감은 둘다 비슷한듯했는데사려니숲길 초입부분초입갔다 돌아나왔지만갔을때 요요는 덜컹거리긴해도 쭉쭉 밀고 나갈 수 있었어요 근데 리안레오는 조금 버벅버벅 많이걸려서 저희보다 많이 뒤쳐져왔어요 ], 긍정 텍스트 확률 : 99.09%"
"[접었을때 크기], 긍정 텍스트 확률 : 67.52%"
"[ 크기 외에는 리안레오가 장점이 더 많았던 것 같아요가격면에서도 리안레오가 훨씬 저렴하고 서비스 선물도 더 많이 챙겨주는 것 같아요 하지만 요요산 저는 후회없이 너무너무 잘쓰고 있어요자기합리화 ㅎㅎ저처럼 두 모델가지고 고민하신다면 허세더하면 요요로 가시고 사실 합리적인건 리안레오인 것 같아요 ㅎㅎ ], 긍정 텍스트 확률 : 94.03%"
"[우리 쌍둥이들이 이제 개월이 되간다현재 부가부동키와], 긍정 텍스트 확률 : 76.86%"
"[ 내 차량에 혼자서도 동키를 싣고 내리고하지만], 긍정 텍스트 확률 : 65.40%"
"[ 빨리 태우고싶다ㅎㅎ내돈 주고 사고 아깝지않게 잘 써보련다방풍커버도 그레이색으로 아주 굿적극추천 .?쌍둥이유모차쌍둥이유모차.?휴대용쌍둥이유모차휴대용쌍둥이유모차.?절충형쌍둥이유모차절충형쌍둥이유모차.?베이비조거베이비조거.?시티투어더블시티투어더블.?베이비플러스화곡점베이비플러스화곡점 ], 긍정 텍스트 확률 : 98.32%"
"[ 베이비머핀 아기띠워머 유모차에도 굿 ], 긍정 텍스트 확률 : 95.73%"
"[아기띠워머의 고정 버클은 유모차 지지대 양쪽에 채워주면 벗겨지지 않고 든든하게 장착할 수 있어요. 가장 긴 끈은 유모차를 감싸안듯이 채워주면 되지만 짧은끈만으로 고정은 충분할것 같아요. ], 긍정 텍스트 확률 : 64.43%"
"[의 바람막이 깃이 아기의 목을 따뜻하고 포근하게 보호해줍니다. 덕분에 답답하지않게 보온성도 함께 챙길수 있어요. ], 긍정 텍스트 확률 : 92.25%"
"[ 콩알이의 두 번째 빠방이베이비조거 절충형유모차출산 전에 사두었던 디럭스유모차를생후 일에 처음 태워 외출한 게 엊그제 같은데이제 개월 아기가 되어절충형유모차와 번갈아 사용 중이에요디럭스유모차가 안정감은 있지만부피가 커서 특히 차에 싣고 내릴 때참 번거롭더라구요그렇다고 휴대용유모차를 태우기엔아직 불안하고], 긍정 텍스트 확률 : 75.15%"
"[기내반입 가능한신생아부터 사용할 수 있는절충형유모차 ], 긍정 텍스트 확률 : 54.75%"
"[호주 등전 세계 개국에서 판매되고 있어요시티투어럭스 모델은 올해 월 출시된 신상 ], 긍정 텍스트 확률 : 74.06%"
"[한글설명서], 긍정 텍스트 확률 : 54.29%"
"[특허받은 베이비조거의 접합부는], 긍정 텍스트 확률 : 55.70%"
"[ 설명서를 보지 않아도 조립은 너무나도 쉬웠어요바퀴 브라켓에 부착된 버튼이 있어서손쉽게 탈부착할 수 있었거든요이동하고 보관할 때 부피를 최소화할 수 있어 공간활용면에서도 굿바퀴 부착하고 차양막 달아주니 조립은 끝 ], 긍정 텍스트 확률 : 99.34%"
"[ 베이비조거 시티투어럭스의 최대 장점 폴딩 ], 긍정 텍스트 확률 : 52.07%"
"[한 번의 동작으로 유모차를 접을 수 있는매우 쉽고 편리한베이비조거만의 국제 특허 기술사용해보니 정말 편해요처음 유모차 살 때도중요하게 생각했던 부분이거든요폴딩 쉽고 자리 차지 안 해서좁은 현관에 유모차를 두 대나 보관할 수 있다니사실 상상도 못했었어요디럭스 한대만으로도 꽉 차는 느낌이었는데시티투어럭스는 종잇장 수준ㅋㅋ ], 긍정 텍스트 확률 : 90.81%"
"[ 부피와 무게 때문에 유모차를 가지고여행 가기가 쉽지 않은데시티투어럭스라면 문제없겠던데요디럭스와 휴대용의 편리한 기능을 갖춘양대면 유모차로신생아부터 살까지 사용 가능하고시트의 방향에 상관없이 폴딩이 가능해요항공사마다 규정이 다르겠지만폴딩 된 상태에서 대부분의 항공사 기내반입 기준에 적합한 유모차라 넘 좋더라구요비행기탈 계획은 아직 없지만언제 기회가 생겨 여행을 가게 될지 모르니까요 ], 긍정 텍스트 확률 : 98.68%"
"[ 그레이와 차콜 두 가지 중 차콜 색상이에요디자인도 깔끔해서 완전 만족스럽고요 ], 긍정 텍스트 확률 : 97.97%"
"[ 처음부터 마주보기만 해서 그런지이게 익숙하네요앞보기 해주면 볼 게 많으니 좋아하던데제가 아기 상태 살피느라 계속 마주보기를 했거든요양대면 가능하니 필요에 따라사용해야겠어요 ], 긍정 텍스트 확률 : 77.72%"
"[ 그리고 풋브레이크가 아닌 핸드브레이크손으로 브레이크를 조작할 수 있어서간편한 느낌횡단보도에서 대기할 때 거의 브레이크를 작동해놓는 편이라간편하게 자주 사용할 수 있었어요 ], 긍정 텍스트 확률 : 85.33%"
"[ 콩알이의 승차감은 어떨까?ㅋㅋ제가 느끼기엔 꽤 편안하게 잘 타고 있는 것 같았어요 ], 긍정 텍스트 확률 : 78.68%"
"[ 프레임 진짜 튼튼해 보여요신생아부터 살까지 사용할 수 있는절충형 유모차라시트도 넉넉한 크기던데신생아가 사용할 때는유모차라이너를 착용하면 안정감도 느껴지고 더 좋을 것 같아요], 긍정 텍스트 확률 : 73.55%"
"[ 커피 마시러 카페 도착가방 둘 곳이 없어서 유모차 장바구니에 가방을 넣고 보니참 마음에 드네요절충형 유모차이지만디럭스 이상의 장바구니를 뽐내거든요 ], 긍정 텍스트 확률 : 94.06%"
"[전 왜 이렇게 푹신푹신한 게좋은지 모르겠어요 ㅎㅎ침대도 푹신푹신쇼파도 푹신푹신이불도 푹신푹신푹신푹신하면더 포근한 느낌도 들고몸도 싹 감싸주는 기분에잠도 잘 오는 것 같아요 그래서 이번에축복이의 유모차 시트도푹신푹신한 것으로교체해줬어요 베이비머핀 유모차시트로요 ], 긍정 텍스트 확률 : 99.40%"
"[베이비머핀 유모차시트는유모차시트와 목베개가 세트로들어있으니따로 구입할 필요가 없어요이럴 줄 알았으면진작 이걸로 구입했을텐데전 나비베개를 따로 구입해서사용중이었답니다 역시 육아에는정보력도 필요한 거 같아요 ], 긍정 텍스트 확률 : 65.25%"
"[또한 상자에 손잡이가 달려있어어디든 이동도 쉽고선물하기도 좋아요], 긍정 텍스트 확률 : 99.24%"
"[이불 등을사용하고 있답니다 ], 긍정 텍스트 확률 : 59.20%"
"[아이의 성장에 따라목베개의 고리위치를 변경할 수있도록 양 옆에 고리가 개 달려있어요 ], 긍정 텍스트 확률 : 73.17%"
"[머리를 가눌 수 있으면목베개를 떼어내고사용해도 될 것 같아요 ], 긍정 텍스트 확률 : 73.61%"
"[그리고 축복이를 태워주니한결 편안해 보이고안정감 또한 있어보이더라구요], 긍정 텍스트 확률 : 57.61%"
"[올해 월 회 베페 베이비페어에서처음 만난 마이크라라이트 유모차브랜드 그 당시에는 이런 브랜드가 있었나 싶었는데...오히려 저보다는 남푠님이 마이크라라이트유모차에 관심을 갖더니 첫날 유모차를 만나본결과 주말내내 고민하다가 결국에는 마지막날 다시가서 질렀답니다. ㅋㅋㅋㅋ그 당시에 구입한 마이크라라이트 슈퍼라이트 유모차는 지금까지도 잘 사용하고 있어요.나름 ], 긍정 텍스트 확률 : 78.32%"
"[그렇게 마이크라라이트 유모차 유저가 된 제가 다시금 베페에서 부스를 만나니 감회가 새롭더라구요.], 긍정 텍스트 확률 : 54.78%"
"[과연 그날이 올지는 모르겠지만요. ], 긍정 텍스트 확률 : 67.31%"
"[역시나 마이크라라이트 사장님이신 민준아빠님은 오늘도 열정적인 모습 ], 긍정 텍스트 확률 : 97.34%"
"[아놔. 베페 베이비페어에서도 민준아빠의 유모차교실을 진행하시네요. 대단하세요. 단순히 유모차 판매를 위한 내용이 아닌 유모차의 필요성과 기능에 대한 설명을 꼼꼼히 해주시기 때문에 들어보시면 참 좋답니다.], 긍정 텍스트 확률 : 88.91%"
"[끌어보는건 정말 중요하답니다], 긍정 텍스트 확률 : 77.38%"
"[. 저도 처음 설명들을 당시 생수통 넣고 베페 전시장을 쭈욱 돌았던 기억이 나네요.그물시트 때문에 고급스러워보이지 않는다. 기존 유모차와는 다르게 프레임이 예쁘지 않다 등의 의견이 있지만계적인 프레임의 느낌인건 사실], 긍정 텍스트 확률 : 69.26%"
"[하지만 오히려 왕바퀴가 저에겐 매력이였음], 긍정 텍스트 확률 : 87.86%"
"[투폴드의 가격정보예요.궁금하신 분들은 참고해주세요. 저도 슈퍼라이트 저 가격과 유사하게 구입했어요.], 긍정 텍스트 확률 : 83.38%"
"[그나저나 임팀장님은 어디갔나 했더니 맞은편의 알레린 부스에 계셨네요. 랜드스케이프 알레린은 아기이불 브랜드예요. ], 긍정 텍스트 확률 : 64.78%"
"[엄마의 메세지를 자수로 새겨준다는랜드스케이프 알레린 ], 긍정 텍스트 확률 : 84.74%"
"[정말 보들보들하고 포근한 느낌의 아기침구랍니다. 가격이 좀 쎄다는것이슬프긴 했지만 퀄리티면에서는 실속파 민준아빠님이 강추하시는 제품이기에 언젠가는 장만을 고민하는 제품이랍니다.], 긍정 텍스트 확률 : 68.14%"
"[베페 베이비페어에서 정말 많은 유모차를 만날 수 있는데요. 다소 생소한 브랜드지만마이크라라이트 부스에 들르셔서 극강의 핸들링의 유모차를 만나볼 것을 올해 월 베페에서 직접 구매하여 개월동안 사용해본 유저로서 추천합니다.], 긍정 텍스트 확률 : 95.19%"
"[ 안전한 드림베이비 유모차선풍기여름에 꼭 필요한 아기 유모차 안전선풍기 달고 룰루랄라 담이 외출 했어용 ♬ 육아 필수템 ★ ], 긍정 텍스트 확률 : 77.38%"
"[요즘같이 한낮에날씨가 푹푹 찔때면], 긍정 텍스트 확률 : 82.09%"
"[꼭 필요한 아기필수품 미니선풍기 되겠지요], 긍정 텍스트 확률 : 92.02%"
"[얼마전 미니선풍기 폭팔사건으로선풍기에 대한 불안증이 커졌잖아요 그래서 미니선풍기 선택에 굉장히 신중에 신중을 기울였는데요 검색끝에저는], 긍정 텍스트 확률 : 78.92%"
"[가볍고 더 시원한 바람을 선사해 준답니다또한], 긍정 텍스트 확률 : 71.21%"
"[색상은여러가지가 있는데저는 화이트로 받아봤습니당], 긍정 텍스트 확률 : 59.25%"
"[건전지는 제일 작은 십자도라이버로 뚜껑을 열고건전지를 끼워주면 되세요], 긍정 텍스트 확률 : 52.83%"
"[와 이쁘다 이뻐엉 ㅎㅎ우리 담이가 땀이 많고 더위를 잘타서외출할때 유모차라이너가 흠뻑 젖곤했는데요 드림베이비 선풍기 하나면이제 더위 그까이꺼거뜬히 이겨내겠어요 ㅎㅎㅎㅎㅎㅎㅎㅎㅎ ], 긍정 텍스트 확률 : 99.60%"
"[우리 담이 까꿍? ], 긍정 텍스트 확률 : 63.62%"
"[선풍기 하나로 담이 컨디션도 최고네요푹푹 찌는 더운날이었는데유모차 매트도 땀에 젖지 않고뽀송뽀송하게 나돌아 댕겼답니다. ], 긍정 텍스트 확률 : 83.66%"
"[얼굴 정면에 갖다대기 보단조금 위로 올려서 바람이 자연스럽게 가도록 해주면 좋아요 ], 긍정 텍스트 확률 : 89.41%"
"[선풍기 바람 솔솔불어주고유모차 요리조리 끌어주니금세 잠이 들었네요 우리 사랑스런 담이 ♡ ], 긍정 텍스트 확률 : 81.71%"
"[ 드림베이비 유모차 안전선풍기덕에시원하게 날수 있겠어요드림베이비 유모차안전선풍기와 함께 시원한 여름되세용굿입니다 굿], 긍정 텍스트 확률 : 99.32%"
"[솔직하게 작성한 후기입니다. ], 긍정 텍스트 확률 : 80.87%"
"[행복 그 이상의 행복], 긍정 텍스트 확률 : 75.44%"
"[그러나 베이비머핀 유모차 라이너 덕분에맘편해졌다...ㅋㅋ 떡실신하니깐 ㅎㅎ ], 긍정 텍스트 확률 : 95.56%"
"[ 너무 잘자니까 굳이 깨우지않고 현관에 둔다는.... 미안 ], 긍정 텍스트 확률 : 63.63%"
"[ 그래도 바닥이 폭신하고 베개도 베고있고 너도 잘자고있고 나도 잠시나마 자유좀 갖자 ], 긍정 텍스트 확률 : 69.05%"
"[활용도 최고 베이비머핀 유모차 라이너 ], 긍정 텍스트 확률 : 95.95%"
"[ . 그냥 편안하게 모빌보며 엄마아빠 밥먹는거 기다려주기도 하고], 긍정 텍스트 확률 : 72.48%"
"[또방으로 된 음식점 갔을때 항상 방석에담요깔고 눕혀놨었는데 갑자기 유모차 시트가 생각나서 빼서 들고 들어와 눕혀놨다울애기 뒷통수는 소중하니깐용 ], 긍정 텍스트 확률 : 85.48%"
"[ 호환성 좋은 베이비머핀 유모차라이너 ], 긍정 텍스트 확률 : 88.39%"
"[ 자꾸 미끄러지는 바운서에도 깔아보고 목베개가 안정감이 있는지 손으로 만지작만지작거린다 ㅎㅎ], 긍정 텍스트 확률 : 93.20%"
"[ 흔들림증후군 없이 안전하고 편하게 우리아이의 목을 받혀주는 목베개와 폭신한 유모차 시트가 하나로 된 베이비머핀 유모차 라이너활용도가 좋아 가성비 최고인듯 어딜가도 집어서 나갈수밖에 없는 육아템인듯 하다 굿굿 안전한 베이비머핀 유모차시트외출필수품 포스팅 끝], 긍정 텍스트 확률 : 73.91%"
"[안녕하세요.주여니입니다.요즘 날씨가 무척 쌀쌀해요.감기 조심하세요외출시 럭키가 걱정되어 구매한 제품.어쩔수없는 나도 엄마ㅠㅠ내꺼보단 럭키꺼바로], 긍정 텍스트 확률 : 99.47%"
"[박스도 예쁘네요 ], 긍정 텍스트 확률 : 86.71%"
"[짜잔컬러는 애쉬그레이 색상선택집에 포그내 아기띠가데님그레이유모차 뉴본팩이 그레이라서 비슷한 컬러로 구입 ], 긍정 텍스트 확률 : 52.89%"
"[최근 아울렛갔을때아울렛에서 개시 ], 긍정 텍스트 확률 : 54.92%"
"[짜잔동네 잠깐 나갈때아기띠에 착용해봤어요.따수운건 물론이고 아기 모자저 토끼귀까지 넘나 취향저격럭키는 아직 머리가없어서....ㅠㅠ추울까봐 모자까지 꼭 해줬어요.짱 귀엽네요. 완전 도치맘 ], 긍정 텍스트 확률 : 99.98%"
"[아기띠.힙시트.유모차 까지다되는 히팅워머넘나뤼 좋고요요즘 구스도 나오던데 저는 우선 요제품 만족이라구스는 안써봤어요럭키가 말할줄알면 따뜻한지물어보고 싶은데아직 개월이라 말못하는게 함정이네요.아기용품이야 엄빠가만족하면 굿이니까저랑 남편둘다 만족하니훌륭한 구매였다고 생각합니다이곳저곳 다른제품이랑 고민했는데베이비머핀으로 구매하길 잘한거같아요 ], 긍정 텍스트 확률 : 99.98%"
"[클라우드 큐픽스 아이소픽스 굿 ], 긍정 텍스트 확률 : 98.44%"
"[첫째 지한이때는신생아 카시트 뭐가필요하겠어?디럭스급 유모차 굳이 왜 사야해?해놓고선... ㅋㅋㅋ둘째때 왜이러는거죠?지한이.. 때다이치에서 산 다이티 퍼스트 세븐 카시트신생아때부터 사용했다가너무너무 불편해보여가지고맘이 너무 불편했었어요.그래서 둘째껀 뭘로 해줘야 하나..고민하다가..일산 현대 모터스튜디오 갔다가..자는 지한이 태우려고 대여해주는 유모차 빌렸는데그때 만난 싸이벡스 프리암의핸들링에 꽂혀가지고.. ], 긍정 텍스트 확률 : 54.71%"
"[월달에 온거니깐지한이가 개월때 인데박스크기... 엄청 크죠], 긍정 텍스트 확률 : 72.22%"
"[사진 순서대로 조립을 완성하였고그레이 컬러의시트 개봉 ], 긍정 텍스트 확률 : 50.57%"
"[레인커버도 들어있어요 ㅎ ], 긍정 텍스트 확률 : 63.22%"
"[병원에서 조리원까지차를타고 이동해야했기에드디어 카시트에 또쁨이가첫 시승하였어요. ], 긍정 텍스트 확률 : 87.25%"
"[밑 장바구니도 넓어서 유모차만 끌고 장을 봐도 좋고 하부 프레임이 곡선으로 잘빠져서 신랑이 이쁘다고 좋아하더라.사실 베이비페어가서 이 유모차를 선택한것도 신랑의 굿초이스 ], 긍정 텍스트 확률 : 63.49%"
"[경사에서 위험할 수 있으니 손목에 한번더 안전띠이런 섬세한 생각들은 제품을 구입할때 도움이 된다. ], 긍정 텍스트 확률 : 84.85%"
"[이제 유모차도 여행용으로 구입했으니 다음은 아들 여권을 만들러...구입후 한번써봤는데도 정말 잘 구입했다는 생각드는 시크 롤리팝완전 강추입니다 ], 긍정 텍스트 확률 : 94.08%"
"[서니블리예요 출산용품할인매장 화곡베이비플러스 에서 도유니 세컨유모차 베이비젠 요요 구입했어요. ], 긍정 텍스트 확률 : 51.08%"
"[출산용품을 다양하게 볼수 있어서 좋았어요유모차 카시트부터 화장품 옷 로션 등등등 ], 긍정 텍스트 확률 : 73.62%"
"[장난감들도 다양하게 있구요 ], 긍정 텍스트 확률 : 65.52%"
"[저는 베이비젠 요요를 구입미리 전화드리고 방문했어요.색상이 이렇게나 다양하더라구요저는 디럭스 유모차로 싸이벡스 블랙이 있기에], 긍정 텍스트 확률 : 52.92%"
"[요색도 넘 예쁘네요 . ], 긍정 텍스트 확률 : 90.35%"
"[버드시아 목욕 장난감도 구매도유니 목욕할때 넘 잘가지고 놀아요 ㅋㅋ ], 긍정 텍스트 확률 : 90.75%"
"[추운겨울 방한커버와 사용중], 긍정 텍스트 확률 : 76.25%"
"[베이비젠 요요 그레이색상 구입 후기였습니다.유모차 가격은 비댓으로 문의주세요유모차 선물해준 언니형부 감사해요 ♥저렴하게 출산용품 준비할 수 있는 베이비플러스 화곡점 추천해요], 긍정 텍스트 확률 : 99.60%"
"[ 디럭스유모차 킨텍스 베이비페어 에서 꼭 만나봐야해요 ], 긍정 텍스트 확률 : 93.38%"
"[외출이 잦은 우리집 놀러 다니길 좋아하는 우리집신랑이 집에 있는 날이 많은 우리집 여행가고픈 나ㅋㅋㅋㅋㅋ저희 신랑은요 교대직인지라], 긍정 텍스트 확률 : 99.17%"
"[낮 동안에 집에 있는 날이 많아요 그래서 집안일 이며], 긍정 텍스트 확률 : 77.31%"
"[육아며 많이 많이 도와줘서 제가 살만하다쥬터울이 적은 연년생인지라 신랑이 도와주지 않았다면], 긍정 텍스트 확률 : 83.40%"
"[자동으로 볼에 손 일명 이쁜짓을 해서 너무 귀여웠답니다. ], 긍정 텍스트 확률 : 94.82%"
"[요거슨 지난 국화축제 갔을 때에요국화축제를 몇번을 갔건지. 신랑과 아이들 우리가족 명이서 한번 갔다가 왔는데], 긍정 텍스트 확률 : 93.76%"
"[이날은 친정 아빠가 비니 국화축제 데리고 가고파 하셔서 또 같이 다녀 왔답니다어김없이 영혼없는 이쁜짓은 시작되었군요 하핫], 긍정 텍스트 확률 : 73.30%"
"[꽃속에서 멍때리고 있는 빈양 누가 꽃인지 알수가 없넹 ㅎㅎㅎ 나는야 도치맘입니다 푸헤헬], 긍정 텍스트 확률 : 98.22%"
"[아고 이를 어째. 디럭스유모차 너무 편안해서 일까요. 우리 빈양은 앉자마자 잠이 오는 눈빛 ㅠㅠ ㅎㅎㅎ 구경 해야 된다구우ㅎㅎ], 긍정 텍스트 확률 : 95.91%"
"[폴폴 날리는 솜사탕이 무서운지 자꾸 할비 먹으라구ㅎㅎㅎ], 긍정 텍스트 확률 : 90.12%"
"[국화축제가 열렸던 평화공원에는요 대연수목전시원도 있어요 저도 오랫동안 이 동네 살았음에도 한번도 가보지 못했었는데], 긍정 텍스트 확률 : 59.64%"
"[다녀와보니 넘 좋더라구요 정말 힐링 되는 기분 ], 긍정 텍스트 확률 : 97.35%"
"[디럭스유모차의 장점은여기서 부터 빛을 발하죠안정감 있는 바퀴 덕분에 이런 울퉁불퉁한 바닥에서도. 흔들림이 적답니다. 핸드링도 좋아서 불편하지 않아요], 긍정 텍스트 확률 : 61.40%"
"[햇살이 너무 좋은날 친정 아빠와 함께 산책을 하니], 긍정 텍스트 확률 : 95.31%"
"[ 신랑과 다닐 때와는 또 다른 느낌 이었어요 자주자주 와야 겠다는 그런데 아빠가 젊으셔서 아빠랑 같이 다니면 자꾸 나이 차이가 좀 나는 부부로 보시는건..........에레이 ㅋㅋㅋㅋㅋ], 긍정 텍스트 확률 : 97.87%"
"[따뜻하고 편안한 디럭스 유모차풋워머 또한 이렇게 아이 가슴팍까지 올려 덮을 수 있어 따뜻이날은 바람이 좀 불었는데], 긍정 텍스트 확률 : 99.94%"
"[여기서도 빈양은 아직 쿨쿨낸내 중이라는거 ㅎㅎㅎㅎ 디럭스유모차 깜은 색상도 무난하면서 세련된 네이비 색이라], 긍정 텍스트 확률 : 87.07%"
"[제가 달간 써본 결과 장점이 참으로 많은 아이였어요디럭스유모차 임에도 폴딩이 쉬워 초 만에 후다닥 접을수 있구요], 긍정 텍스트 확률 : 83.73%"
"[준중형차인 우리집 차 트렁크에도 여유 있게 들어 가서 좋았어요그리고 아까 말씀 드렸던], 긍정 텍스트 확률 : 81.47%"
"[핸드브레이크와 안정적인 바퀴], 긍정 텍스트 확률 : 71.88%"
"[ 핸드링 요 세가지 덕분에 우리 빈양 걱정없이 안전하게 태울수 있었던 것 같아요 구성품으로 카시트와], 긍정 텍스트 확률 : 97.73%"
"[기저귀가방까지 있다는건 안비밀한가지 제품으로 다양하게 변형 해서 사용 가능하니 경제적인 면에서도 굿이고], 긍정 텍스트 확률 : 96.19%"
"[활용도 면에서도 굿이였어요 다양하게 활용하는법도 전 포스팅에 있으니 한번 참고해 보세요 ], 긍정 텍스트 확률 : 98.81%"
"[요디럭스유모차는요다가오는 킨텍스 베이비페어 에서 열리는 맘앤베이비엑스포 에서 만나볼 수 있다고 해요 행사 기간..목일구매 혜택깜 르망 카시트만원 상당아기띠보니 크림 블랭킷에어펌프], 긍정 텍스트 확률 : 84.95%"
"[컵홀더깜은 이탈라아 명품 브랜드로 고가의 제품이긴 하지만 베페를 통해 특가 판매를 함으로써 합리적인 비용으로 소비자에게 제공 하고 있어요 오프 매장에서는 판매 되지 않기 때문에 베페에서 꼭 만나봐야 될 윰차.그만큼 베페 구매 혜택이 짱짱하다고 하니참고해보시면 좋을 것 같아요만족도가 높았던 그리 춥지 않은 월까지는 무난하게 외출 할 수 있을 것 같네요 앞으로도 우리 공주 잘 부탁해 ], 긍정 텍스트 확률 : 85.39%"
"[하잇울신랑이 왜 요즘 글안써.. ㅋㅋㅋ라는 말에 즉시 하나 포스팅 ㅎㅎ오늘은 혁이의 유모차 후기를 적어볼란다.이름은.?레카로이지라이프레카로이지라이프 혁이의 첫 유모차다.분류는 절충형. 바퀴가 개기내반입 가능. 혼자 접고 펴기 가능ㅎㅎ .?레카로유모차레카로유모차 를 구입하기전에 사실은 .?베이비젠요요베이비젠요요 를 사려고 구경 갔다가..음... 일단 보류를 하고 인터넷으로 유모차 공부를 하기 시작했다..디럭스를 살까.무거워서 몇개월쓰고 휴대용 산다는데.그러면 절충형 살까.절충형은 개월도 넘어서 태워야된다는데.마마스앤파파스 어보 넌 내꺼야.봄되면 사자이렇게 어보로 결정후 봄이되면 사려고 했다.ㅋㅋㅋㅋ혁이는 월생이라서신생아때를 지나고 겨울을 지나고], 긍정 텍스트 확률 : 81.28%"
"[유모차를 봄이되야 태울수있을것같은데 봄이되면 이미 혁이는 개월이 넘는다.그래서 인터넷 블로거님들의 후기를 보고 의견을 조합해서 디럭스를 사지않기로 했다. 실제로 내 주변도 돌이 지나니 맥클라렌 같은 휴대용을 다시 사더라..그래서 알게된 브랜드가.? 볼수록 음.. 견고하고 폴딩이 쉽고 괜춘했다.그래서 샀다. 블랙에디션이 마침 출시되어서 블랙이 나오자마자 구매를 뙇 ], 긍정 텍스트 확률 : 73.71%"
"[스펙은 인터넷 찾아보면 많으니개월 사용한 장단점을 적자면장점.접는거 너무쉽다.초펴는거 첨엔 안됐는데 스킬이 생기니 쉽다.펴는것은 내기준 초? ㅋㅋ 양옆부분을 잡고 휙 ㅋㅋㅋ 해야 펴진다. 힘이 아니고 스킬이 필요하다여행가서 트렁크에 싣고 빼고 싣고 빼고 굿공간도 작게 차지해서 너무좋다 ], 긍정 텍스트 확률 : 86.27%"
"[부드럽다.진짜로 핸들링이 너무좋다.나 아는 언니가 이게 뭔지 모르고 끌었다가 이거 뭔데 왜케 잘나가? 라고말했다 ㅎ단점악세서리가 비싸다안전바. 컵홀더. 방풍커버. 시트. 기타등등 공식몰에서만 살수있는데 가격이 너무하다..장바구니가 깊다고 하던데 나는 모르겠다.나한테는 좀 작다. 더컷으면 좋겠다그리고는 더없이 잘쓰고있는데치명적인 단점이 있으니턱을 잘 못지나간다 ㅋㅋㅋㅋㅋ바퀴가 쪼만해서 그런건데], 긍정 텍스트 확률 : 93.41%"
"[등등다 감수하겠지만이거는 나름 절충형이라고 했고 가격도 만원 중반 인데 턱을 못지나가는게 나한테는 너무 슬픈일이다. 첫유모차라서 더하다..디럭스가 있는데 레카로가 서브라면 모를까레카로밖에없는 나는 가끔씩은 디럭스를 살껄 하고 생각한다.처음에 사람들이 디럭스는 접고 펴고 트렁크 넣고ㅠ빼고 불편해요. 아빠가 열받아요부피가커서 얼마 못타요 라고했을땐정말 그렇구나..라고 생각을 했는데절충을 타보니 나는 생각이 좀 다르다.아기가 크니 유모차를 매일타고 나가게 되는데 마트를 가더라도 유모차를 타고나가야하니 매일 유모차를 쓸꺼라면 그냥 펴서 현관에 두면접을 필요없이 두면 되니까 폴딩이 그렇게 중요하진않을것같다. 나는 컴팩트한 폴딩사이즈때문에 레카로를 선택한건데 오히려 디럭스를 샀다면 그냥 현관에 두고 쓰면되니까..옆동친구 잉글레시나트릴로지랑 같이 매일 나가서 산책을 하다보면 약간 높은 턱을 나는멈칫하고 넘어야하고], 긍정 텍스트 확률 : 96.73%"
"[요만한 높이의 턱을 지나가지 못한다.그래서 뒷바퀴쪽을 살짝 눌러주어 앞바퀴가 들리게끔 해서 지나가야하는데], 긍정 텍스트 확률 : 56.34%"
"[ 이게 아쉽다..근데], 긍정 텍스트 확률 : 82.08%"
"[엄마를 보지않고 타서 그런지 약간 두려워 하는 눈빛이었고], 긍정 텍스트 확률 : 86.74%"
"[마트에서만 타고다녔는데 혁이가 얼마 안가 좀 무서워 하더라....아기마다 차이가 있겠지만ㅋㅋ 적응기간이 좀더 필요한거같다. 집에서좀 많이 태워주고 나올껄...싶었다], 긍정 텍스트 확률 : 87.24%"
"[요렇게 치발기를 달아주면 좀 편안해한다.그리고 요즘 혁이는 ], 긍정 텍스트 확률 : 75.09%"
"[ 하남 스타필드 아기와 함께 마리스 베이비서클 수유실 위치], 긍정 텍스트 확률 : 73.51%"
"[이래저래 많은 후기를 듣고 조금 일찍 도착 한스타필드. ], 긍정 텍스트 확률 : 64.14%"
"[층그리고 층 야외 주차장이 있다.우리는 분명 지하 및 실내 주차장은들어가는 것도 나오는 것도줄 서다 시간을 보낼 것 같아처음부터 층 야외주차장을 택했는데정말 탁월 한 선택이었다.대기 하나 없이 한 번에 주차 성공 ], 긍정 텍스트 확률 : 71.10%"
"[ 야외주차장의 모습. ], 긍정 텍스트 확률 : 60.65%"
"[ 유모차 대여소는 층 수유실과 함께 있는데스타필드에서 빌려주는 유모차는 페도라], 긍정 텍스트 확률 : 51.16%"
"[ 일단 잇토피아에 있는도우룸에서 점심을 먹고가장 기대했던마리스 베이비서클부터 들어가 보았다. ], 긍정 텍스트 확률 : 66.02%"
"[육아에 관한 토탈 솔루션], 긍정 텍스트 확률 : 76.46%"
"[아기를 위한 모든 것을 파는베이비 전문 매장이다. ], 긍정 텍스트 확률 : 81.11%"
"[ 아이를 키우면서미국의 ], 긍정 텍스트 확률 : 50.27%"
"[그리고 영국의 처럼모든 영유아 용품을 한자리에서 다 비교해 볼 수 있는 그런 편집숍이 없으니복잡한 베페만 의존해야 하는 것이가장 아쉬웠는데여긴 모], 긍정 텍스트 확률 : 73.95%"
"[ 스마포크국내에서 만나기 힘들어 직구로한국 엄마들에게 인기가 많은 수입 아동복부터엔젤비닷 같은 귀여운 국내 브랜드 옷과 악세사리 등아이 의류뿐만 아니라 ], 긍정 텍스트 확률 : 66.51%"
"[ 임부용품 및 예쁜 임부복 또한 너무 다양하다.임신했을 때에 내 몸에 잘 맞는 예쁜 임부복을찾지 못해 인터넷 쇼핑몰에만 의존했는데사진보다 너무 허접한 퀄리티 때문에아.. 임산부는 어쩔 수 없이 추레해야만 하는 건가하고 좌절했던 시간들이 떠오른다.왜 이런 게 진작에 생기지 않았을까 ], 긍정 텍스트 확률 : 65.20%"
"[ 장난감 또한 너무 다양하다.개인적으로 매우 좋아하는장난감.색깔이 늠나 촌스럽지만], 긍정 텍스트 확률 : 89.78%"
"[빙고가 늠나 좋아하는 것 ], 긍정 텍스트 확률 : 60.06%"
"[ 현존하는 거의 모든 베이비 스킨케어도다 있어서 한눈에 비교할 수 있다. ], 긍정 텍스트 확률 : 74.61%"
"[ 정말 너무나도 예쁜 파티 용품은 여기 다 있다.백일상], 긍정 텍스트 확률 : 54.61%"
"[생일상을 준비해야 한다면꼭 와야 할 곳. ], 긍정 텍스트 확률 : 80.18%"
"[ 아이를 키우다 필요했던 물건들을제작해 사업을 하기 시작 한제의 인생을 살고 있는 멋진엄마 사업가들의 제품들도여러 가지 입점되어 있다. ], 긍정 텍스트 확률 : 94.57%"
"[점퍼루 등중 대형 아기용품들도 있고 ], 긍정 텍스트 확률 : 78.89%"
"[유모차도 한눈에 모두 비교할 수 있다. ], 긍정 텍스트 확률 : 77.67%"
"[ 아기 수면에 관련된 모든 것들 ], 긍정 텍스트 확률 : 50.14%"
"[ 수유용품들과 ], 긍정 텍스트 확률 : 51.46%"
"[ 아이 간식 및 음료까지], 긍정 텍스트 확률 : 51.20%"
"[ 아이를 키우는데 필요한 모든 것은다있다. ], 긍정 텍스트 확률 : 56.83%"
"[ 몇 가지 필요했던 물건들을 사고], 긍정 텍스트 확률 : 83.89%"
"[붸리 굿 좝. ], 긍정 텍스트 확률 : 92.92%"
"[공지 베이비젠요요♡ 찰떡이], 긍정 텍스트 확률 : 51.21%"
"[생후 개월 일개월을 코앞에 둔 우리 찰떡이는신생아시절부터 줄곧 오르빗유모차를 사용해왔어요.조카 채빈이], 긍정 텍스트 확률 : 64.72%"
"[ 채윤이가 깨끗하게사용하던 디럭스 유모차를 물려받아신생아때는 집안에서 태우고], 긍정 텍스트 확률 : 54.72%"
"[ 찰떡이가 돌 무렵까지 계속 사용 할 계획이였는데요 ㅎㅎ채빈], 긍정 텍스트 확률 : 81.73%"
"[오르빗유모차도 워낙에 안정감있고], 긍정 텍스트 확률 : 70.11%"
"[수납할 곳 많아 유명하잖아요. ], 긍정 텍스트 확률 : 92.45%"
"[ 유모차 시트가 도 회전된다는게 무엇보다 큰 장점이였어요.저 도 회전 무지 좋아해요. 그래서 카시트도 싸이벡스제로나플러스 ㅎㅎ ], 긍정 텍스트 확률 : 91.71%"
"[수십번 강조해도 아깝지 않은 수납력은. 정말 최고.분리가 가능한 패니어 양쪽에 달고], 긍정 텍스트 확률 : 78.36%"
"[기본 바구니까지 달아주면기저귀가방 필요없이 어디든 다닐 수 있었어요. ], 긍정 텍스트 확률 : 97.28%"
"[ 벌레 많은 수풀도], 긍정 텍스트 확률 : 70.78%"
"[모기 많은 여름도 두렵지않고요 ㅋㅋㅋ ], 긍정 텍스트 확률 : 72.21%"
"[시트를 옆으로 돌려서찰떡이와 함께 풍경도 볼 수 있었답니다.그렇게 늘 외출시에는쭉 찰떡이와 함께 했었던오르빗 이제 안녕 ㅋㅋㅋㅋㅋ그동안 정말 고마웠어 지난 여름휴가 마지막 날], 긍정 텍스트 확률 : 65.28%"
"[새초롬한 우리 찰떡이.차만 타면 얌전해져요. ], 긍정 텍스트 확률 : 77.84%"
"[뽀뽀랑 함께하는 드라이브 ], 긍정 텍스트 확률 : 70.71%"
"[카시트도 옆보기가 가능 ㅋㅋㅋ물론 정차 된 차안에서만 해주어야해요 위험하니깐ㅋ ], 긍정 텍스트 확률 : 82.38%"
"[들른 베이비파크 원주점], 긍정 텍스트 확률 : 52.23%"
"[ 백화점은 할인이고 모고......얄짤없이 정가판매.월에 갔었을때도 만원이라고 들었던 것 같아요. ], 긍정 텍스트 확률 : 51.53%"
"[생각보다 훨씬 넓었던 베이비파크 원주점입니다.아기와 산모를 위한 용품들이 전시되어있어요. ], 긍정 텍스트 확률 : 91.37%"
"[매번 백화점가서 발품 팔아가며], 긍정 텍스트 확률 : 50.30%"
"[ 인터넷 서핑을 할때에도 오픈마켓마다 그 많은 상품들 검색해서 구경하기 힘들었구요. ], 긍정 텍스트 확률 : 76.88%"
"[베이비파크 원주지점 사장님도 친절하게 둘러보시라며 설명 잘 해주셨었구요], 긍정 텍스트 확률 : 89.87%"
"[ 베이비젠요요. 맨 오른쪽이건 선쉐이드가 타프 색상이에요. ], 긍정 텍스트 확률 : 76.32%"
"[휴대용유모차로 유명한 몇몇 제품들을 직접 볼 수 있었어요.바로 옆에는 미고유모차.타보 유모차도 있었고요.전 사실 카시트를 살 때에도 그랬고이번에 휴대용유모차를 구입할 때에도], 긍정 텍스트 확률 : 82.94%"
"[ 우왕 굿.혹시라도 오르빗만 타던 찰떡이가칭얼거리고 싫어하면 어쩌나 싶었는데], 긍정 텍스트 확률 : 53.86%"
"[ .사실 나는 답정너니깐ㅋㅋㅋㅋㅋ ], 긍정 텍스트 확률 : 72.72%"
"[베이비젠요요 유모차는 초경량으로접이식 보관이 가능해서 기내에도 탑재할 수 있어요 ㅎㅎ이 동영상이 너무 재미있어서 퍼왔네요 베이비젠요요 블랙프레임에], 긍정 텍스트 확률 : 71.57%"
"[ 월 일 쯤 받아볼 수 있다고 하더라구요.유모차와], 긍정 텍스트 확률 : 72.81%"
"[레인커버가 세트구성이고안전바는 따로 구입해야해요방풍커버도 별도 구매.컵홀더까지 함께 구매하고 왔답니다 베이비젠요요 유모차가 휴대용 치고도결코 싼 가격이 아님에도 불구하고], 긍정 텍스트 확률 : 50.81%"
"[ 제가 구입한 가격은 또 최저가 ㅋㅋㅋ저 은근 최저가 잘 찾아서 산답니다.진짜 더 최저가가 있다고 해도], 긍정 텍스트 확률 : 65.13%"
"[집에 오는 길이라 가능했습니다만요 ㅋㅋ ], 긍정 텍스트 확률 : 72.65%"
"[디럭스 유모차들도 함께 전시되어 있어서], 긍정 텍스트 확률 : 93.23%"
"[ 우리 찰떡이 태우고 또 나들이 가고싶네요곧 개봉기와 후기 올려볼게요 즐거운 하루 되세용 ♡ 뿅 ], 긍정 텍스트 확률 : 98.47%"
"[오늘월 일부터코엑스 베이비페어가 시작합니다저도 곧 있으면 조카가 태어나서 동생과 함께 디럭스유모차를 보러가기로 했어요. ], 긍정 텍스트 확률 : 66.57%"
"[예비맘이라면 다양한 육아용품을 실제로 만져보고 사용해보면서상담까지 받을 수 있기에 이 기간동안에는 많은 인파가 몰리게 되는데요.그만큼의 육아용품 브랜드가 많아서 내가 원하는 제품을 사기 위해서는미리 부스와 할인정보], 긍정 텍스트 확률 : 98.21%"
"[이번 코엑스 베이비페어 유모차행사 중에서마마스앤파파스와 마운틴버기까지코엑스 홀부스에서 만나보실 수 있는데요. ], 긍정 텍스트 확률 : 89.34%"
"[그리고 마마스앤파파스 다른 시리즈의 디럭스유모차인 어보 베이직은코엑스 베이비페어에서 할인과 더불어 미니몬 커스텀세트], 긍정 텍스트 확률 : 83.31%"
"[그리고 최대 할인율 로 저렴하게 구입할수 있는 어보 아크로 휴대용유모차.저희집은 휴대용유모차가 두대인데요.한대는집에 두고 외출시에 사용중이며 한대는 차안에 놓고꺼내서 쓰고 있는데분리해서 놓으니 편하기 편해요 할인율이 큰데 기내반입할 수 있는 가방을 증정해준다고 하는 굿 정보까지 ], 긍정 텍스트 확률 : 54.94%"
"[홈런이가 걷기 시작하면서부터 이전 어보유모차 거부를..처음엔 요야 ], 긍정 텍스트 확률 : 61.49%"
"[요요 이렇게 세가지를 두고 고민을 했다. 요야는 가격이 저렴한 장점버뜨.. 가지고다닐때 뭔가 나도모르게마음이 뜨끔할거같은? ㅎ타보는 저렴한 가격과 좋은 핸들링아직 후기가 많이 없어 고민쓰..요요 단점이 비싼.. 아무튼 세가지 고민하다 결국엔 사람들이 가장 많이 구매하는 요요플러스 유모차를 샀다. ], 긍정 텍스트 확률 : 97.90%"
"[ 역시 자기물건은 알아보나보다.. 냉큼 상자 위로 올라온다. 이렇게 박스 개가 배송이 되었다. ], 긍정 텍스트 확률 : 66.50%"
"[ 여러색이 있었는데나는 올 블랙으로 구매 질리지 않을것이여 ㅎ], 긍정 텍스트 확률 : 67.86%"
"[거기 니 소파 아니거든...? 휴지뽑을때가 아니야..택배상자 위에서 휴지찣는중], 긍정 텍스트 확률 : 57.03%"
"[전 유모차에 달린유모차고리 옮겨달았다. 움하하 요요가지고 홈런이랑 둘이부산가는 비행기 타보았는데정말 뱅기 바로 앞에서 접어서어깨에메고 혼자는 솔직히 힘들다. 아기 앉으랴 유모차 어깨에메랴.. 기내 선반에 쏘옥 앞으로 해외여행할때 유모차 걱정없이 요요만 가지고 가면 굿 ], 긍정 텍스트 확률 : 95.61%"
"[베이비조거 씨티투어더블그때 친정엄마에게 연락왔을때 바로 샀어야했는데 저는 다른 쌍둥이 유모차들과 비교분석해보느라 구매가 늦어져서 거의 한달을 기다렸네요 ㅠ다른 쌍둥이 유모차들 비교할 필요가 없어요크기며 무게며 폴딩 방법 사이즈 모두 만점마트], 긍정 텍스트 확률 : 92.51%"
"[베이비젠요요와 폴딩 비교방풍커버씌운 상태로 폴딩해서 쪼오꼼 더 커보이네요 ㅎㅎ ], 긍정 텍스트 확률 : 80.46%"
"[애기들도 좋아하고 등받이도 거의 도 가까이 눕혀져 잠들어도 걱정없어요 ㅎㅎ ], 긍정 텍스트 확률 : 65.60%"
"[베이비페어를 통해 베이비조거 시티투어더블을 알게 되었고 컴팩트하게 접히는 모습과 나란히형 중에서 가장 폭이 좁아 맘에 들어 결정하게 되었습니다. 절충형인데도 불구하고 거의 눕혀지는 각도도 굿👍폴딩해서도 컴팩트하게 접혀서 집에 있는 트립트랩과 비교해서도 작은것을 알 수 있고 여자 혼자도 충분히 들 수 있어요 .?쌍둥이유모차쌍둥이유모차.?휴대용쌍둥이유모차휴대용쌍둥이유모차.?절충형쌍둥이유모차절충형쌍둥이유모차.?베이비조거베이비조거.?시티투어더블시티투어더블.?대전맘아랑베이비페어대전맘아랑베이비페어.?시티셀렉트시티셀렉트 ], 긍정 텍스트 확률 : 100.00%"
"[ 베이비머핀 유모차라이너 바운서 시트로도 굿 ], 긍정 텍스트 확률 : 93.11%"
"[베이비머핀 유모차라이너바운서 시트로도 굿 ], 긍정 텍스트 확률 : 93.11%"
"[목베게 세트라 좋은], 긍정 텍스트 확률 : 76.59%"
"[목베게가 있어], 긍정 텍스트 확률 : 68.32%"
"[좋아서], 긍정 텍스트 확률 : 88.39%"
"[ 아주 잘 사용중이에요], 긍정 텍스트 확률 : 96.60%"
"[촉감도 좋고], 긍정 텍스트 확률 : 92.18%"
"[깔끔하고 예뻐용], 긍정 텍스트 확률 : 88.10%"
"[목베게를 같이 사용해주고 있는데요], 긍정 텍스트 확률 : 84.55%"
"[사계절 사용할 수 있어 좋네요], 긍정 텍스트 확률 : 85.74%"
"[사용중인], 긍정 텍스트 확률 : 64.69%"
"[폭신한지 아기도 좋아해요], 긍정 텍스트 확률 : 73.02%"
"[시트 위 에 목베게가 있어], 긍정 텍스트 확률 : 65.30%"
"[더 안정감 있고 편해보이고], 긍정 텍스트 확률 : 63.14%"
"[베게가 입체적인 모양이라], 긍정 텍스트 확률 : 60.66%"
"[아기 두상관리에도 도움 될 것 같아요], 긍정 텍스트 확률 : 70.02%"
"[포근하니 좋은지], 긍정 텍스트 확률 : 88.39%"
"[목베게를 자꾸 만지더라구요], 긍정 텍스트 확률 : 62.75%"
"[봄 되면 유모차라이너로], 긍정 텍스트 확률 : 75.53%"
"[폭신하고 좋네요], 긍정 텍스트 확률 : 66.99%"
"[활용도도 굿], 긍정 텍스트 확률 : 92.78%"
"[요즘 어떤 아이템이 유행인지 한 번 알아볼께요. . ▽ 할인가격 조회 ], 긍정 텍스트 확률 : 79.21%"
"[가격이 수시로 변동될 수 있으므로 쿠팡 방문으로 확인하시기 바랍니다. ], 긍정 텍스트 확률 : 50.21%"
"[ 이 포스팅은 쿠팡 파트너스 활동의 일환으로], 긍정 텍스트 확률 : 50.43%"
"[이에 따른 일정액의 수수료를 제공받고 있습니다. ], 긍정 텍스트 확률 : 68.48%"
"[할인중], 긍정 텍스트 확률 : 67.40%"
"[할인중 절충형유모차 실버팍스 캐주얼 유모차], 긍정 텍스트 확률 : 67.40%"
"[바이올렛쿠팡 세일중 ], 긍정 텍스트 확률 : 66.41%"
"[확인된 제품은 쿠팡 품목으로 일시 품절이 될 수 있습니다. ], 긍정 텍스트 확률 : 57.25%"
"[해당 포스팅은 제휴가 포함되며 광고로 일정 커미션을 지급받을 수 있습니다. ], 긍정 텍스트 확률 : 75.26%"
"[순천에서 열린 베이비페어오빠 혼자 보내버리기 ㅋㅋ ], 긍정 텍스트 확률 : 80.79%"
"[ 오이스터 디럭스 유모차 후기 ], 긍정 텍스트 확률 : 53.30%"
"[시티그레이 페퍼어떤유모차를 살지 고민에 또 고민 ㅠㅠ암만봐도 그게그거...다똑같은거 같다리안은 원터치 양방향 으로 가격대비 괜찮은거 같았는데 ..비싸면 좋겠지 싶어서 잉글레시나앱티카 보고는 마음이 변했다가 ㅎㅎㅎ마지막으로 오이스터 봤는데 젤괜찮아보여서 이걸로 결정 ㅎㅎㅎ헤링본원단에 카키그레이??색감이 이뻤다 일체형 모기장도 내장되어 잇는데 원단도 좋았다 또 다리 올릴수 있는 발판시트도 편해보이고 젤 괜찮았던건 헤드레스트와 어깨벨트 높이를 한번에 동시조절이 가능해 아이 성장에 맞게 조절할수 있고 폴딩도 쉽고 편햇다 양대면폴딩도 가능하고 폴딩후 스텐딩 되서 보관도 편해보였다핸들링도 굿굿 바퀴다 소프트 서스펜션이 적용되서 울퉁불퉁길도 문제없이 안정감 있는 주행가능 ㅎ눌러봣는데ㅎㅎ쿠셔닝 짱짱 ㅎㅎ울애기 신생아라 유모차 적응해야하는데 바퀴커버도 있어서 집에서 태우기도 짱좋음ㅎㅎ비싼돈주고 잘사서 보람있음 ㅎㅎㅎ울애기 빠방이타고 많이 나가쟈 ㅎㅎ ], 긍정 텍스트 확률 : 100.00%"
"[ .?미고미고 .?유모차유모차 .?오이스터오이스터 .?오이스터오이스터 .?엠베이비엠베이비 .?디럭스유모차디럭스유모차 ], 긍정 텍스트 확률 : 58.85%"
"[ 베이비머핀 아기띠워머 유모차 풋머프 활용도 굿 ], 긍정 텍스트 확률 : 95.26%"
"[베이비머핀 아기띠워머 유모차 풋머프 활용도 굿 ], 긍정 텍스트 확률 : 95.26%"
"[추운 겨울에는보온력이 우수한 벨보아소재의 내피를 부착해서좀 더 따뜻하게 사용을 할 수 있어요 ], 긍정 텍스트 확률 : 63.07%"
"[ 문화센터 가기 전 베이비머핀 아기띠워머 를유모차에 장착을 해 보았어요사실 장착이라고 할 것도 없는게 그냥 끼우기만하면 되는거라 너무 쉽더라고요 ], 긍정 텍스트 확률 : 75.70%"
"[ 그리고 베이비머핀 아기띠워머 숨겨진 부분바로 주머니가 따로 또 있어요그래서 아이와 외출시에 손수건이나], 긍정 텍스트 확률 : 79.40%"
"[ 그리고 외부의 찬 바람과 낮은 기온에아이의 체온을 보호해주는 아기띠워머 로 토끼귀를포인트로 디자인해서 더욱 귀여움이 한층업그레이드 되었어요보온력도 좋은데다가디자인까지 좋으니 요고 정말 좋은 육아템 인정 ], 긍정 텍스트 확률 : 99.90%"
"[ 모자 부분도 탈부착이 가능한데요지퍼 형식이라서 떼고 붙히는게 간단해요그리고 베이비머핀 아기띠워머 제품이 좋은게], 긍정 텍스트 확률 : 55.96%"
"[ 와... 오늘 바람도 바람이지만], 긍정 텍스트 확률 : 88.31%"
"[아웃도어에 사용되는 솜으로만들어졌다니 보온력 부분에서는 짱이겠죠? ], 긍정 텍스트 확률 : 56.30%"
"[ 베이비머핀 아기띠워머 제품을 유모차풋머프 로사용하고 있는데 안에 내피가 따뜻해서 그런지솜이도 추우면 안에 손을 쏙 넣더라고요올 겨울은 베이비머핀 아기띠워머 하나로우리딸 추위걱정은 덜었답니다 ], 긍정 텍스트 확률 : 50.28%"
"[안녕하세요 고객님], 긍정 텍스트 확률 : 60.33%"
"[ 원에 이용하실 수 있으세요.전화 또는 쪽지로 성함주소연락처품목을 알려주시면 접수예약해 드리겠습니다.감사합니다], 긍정 텍스트 확률 : 75.35%"
"[안녕하세요 고객님], 긍정 텍스트 확률 : 60.33%"
"[ 원이세요.좋은 주말과 연휴 보내세요], 긍정 텍스트 확률 : 96.94%"
"[안녕하세요 고객님], 긍정 텍스트 확률 : 60.33%"
"[안녕하세요 고객님], 긍정 텍스트 확률 : 60.33%"
"[어제 깜박해서 지금 세탁 비용 안내 정보를 올려드렸습니다.휴대용유모차의 까페할인 가격은 ], 긍정 텍스트 확률 : 57.84%"
"[잉글리시나 아비오 곰팡이는 없구요. 얼룩이 좀 잇는듯한데 남색이라 잘 안보여요. 구리시이고 세탁기간과 비용문의드려요], 긍정 텍스트 확률 : 75.50%"
"[안녕하세요 고객님], 긍정 텍스트 확률 : 60.33%"
"[ 원이세요구리남양주는 매주 화요일과 금요일이 수거배송요일이고], 긍정 텍스트 확률 : 59.12%"
"[ 저에게 정보좀 주세요 ㅠㅠ사고 싶은데 제값을 할지 고민되어 계속 망설여지네요.], 긍정 텍스트 확률 : 96.44%"
"[쪽지드렷어요], 긍정 텍스트 확률 : 63.12%"
"[저도 정보좀 주시면 안될까용??헤밀턴 살라고 고민중이에요..ㅋㅋ], 긍정 텍스트 확률 : 82.99%"
"[쪽지드렷어요], 긍정 텍스트 확률 : 63.12%"
"[저도 정보 좀 알려주세요계속 고민중이네요ㅠㅠ], 긍정 텍스트 확률 : 97.66%"
"[쪽지드렷어요], 긍정 텍스트 확률 : 63.12%"
"[쪽지드렷어요], 긍정 텍스트 확률 : 63.12%"
"[저도 정보좀부탁드려도 될까요ㅠㅠ??], 긍정 텍스트 확률 : 86.48%"
"[요것도 디럭스에요?? ㅎ튼튼하고 안전성있어보여요], 긍정 텍스트 확률 : 96.24%"
"[디럭스요], 긍정 텍스트 확률 : 62.08%"
"[후기 잘봤어요 디럭스예요?? 몇 키로인가요?], 긍정 텍스트 확률 : 71.93%"
"[디럭스요], 긍정 텍스트 확률 : 62.08%"
"[휴대용인가요 디럭스인가요 저도 궁금합니당 ㅎㅎㅎㅎ], 긍정 텍스트 확률 : 75.21%"
"[디럭스에요], 긍정 텍스트 확률 : 79.99%"
"[반지맘감사합니다], 긍정 텍스트 확률 : 91.36%"
"[저도 이거 사용하고 있어요 신생아부터 지금 개월 아기 좋아요ㅋㅋㅋ 추가사은품이 뭔지 모르겠지만 필요한 제품 꼭 받길 바래요ㅋㅋ], 긍정 텍스트 확률 : 98.15%"
"[ 와자세한 설명덕에 여행분위기가 머리속에 그려졌어요모레 출발이라 메모합니다저도 아이가 있어서 일정에 많이 참고되네요꿀후기감사합니다], 긍정 텍스트 확률 : 96.05%"
"[도움되셨음 좋겠어요], 긍정 텍스트 확률 : 75.41%"
"[제대로 자세히 쓰셧네요 감사드려요], 긍정 텍스트 확률 : 72.52%"
"[도움이 되셨음 다행입니당], 긍정 텍스트 확률 : 62.21%"
"[와 상세한 후기 너무 감사해요여행갈때 큰 도움이 될것 같아요], 긍정 텍스트 확률 : 93.12%"
"[도움되었음 다행이에요 여행 잘 다녀오세여], 긍정 텍스트 확률 : 93.63%"
"[온천 찾아보고 있었는데후기감사합니다저희도 대라 아쿠아플렛함 가봐야겠어요], 긍정 텍스트 확률 : 97.10%"
"[네넹 대 이벤트 누려보세여가족관계증명서 챙기시구요], 긍정 텍스트 확률 : 56.85%"
"[ 저도 베이비엔젤에서해요 전통스타일이 좋아서 매화룸에서 하지요], 긍정 텍스트 확률 : 74.86%"
"[저도 베이비엔젤 예약했어요가마입장 너무 기대됩니당 ㅎㅎ], 긍정 텍스트 확률 : 91.61%"
"[ 깔끔하고 좋네요], 긍정 텍스트 확률 : 88.39%"
"[저도 베이비엔젤에서 돌잔치하는데 전 매화룸에서요 돌잔치 준비 잘하세요], 긍정 텍스트 확률 : 89.07%"
"[저도 베이비엔젤에서 돌잔치해요 너무 좋죠?? 돌잔치 준비 잘하세요], 긍정 텍스트 확률 : 91.87%"
"[저는 곧 있을 돌잔치를 송도 쎄쎄쎄에서 할 예정이에요돌잔치 준비 화이팅하세요], 긍정 텍스트 확률 : 87.75%"
"[ 윰차사신거축하해요 새거는 항상 좋아요 ㅎㅎ], 긍정 텍스트 확률 : 97.84%"
"[정말 뽕 뽑아야지ㅋㅋ], 긍정 텍스트 확률 : 72.96%"
"[리안레오라고 네이버 치니까 나와요 요요처럼 기내반입 가능하게 삼단으로 접혀요 그런데 접는 방식이 요요보다 더 간편해요], 긍정 텍스트 확률 : 50.52%"
"[리안 레오 요요 단점 보완된 가성비 좋게나온 제품이라던데베이비플러스가서 구매하셨군용ㅎㅊㅋㅊㅋ드려용ㅋ 윗분말대로ㅓ새건 항상기분조아요], 긍정 텍스트 확률 : 89.66%"
"[네 맞아요지금까진 만족하며 쓰고있어요ㅎㅎ], 긍정 텍스트 확률 : 82.85%"
"[여기 베이비플러스 사장님 번호같은데 한번 전화해보세요ㅋㅋ 저는 타보 관심 없었어서 보지않아 잘 모르겠어요], 긍정 텍스트 확률 : 80.91%"
"[ 제꺼랑 같네용 ㅋ전 이제 애기가 커서 휴대용으로 넘어가려고요], 긍정 텍스트 확률 : 63.90%"
"[예쁘네요 제품정보 부탁드려요], 긍정 텍스트 확률 : 88.10%"
"[쪽지 드렸어용], 긍정 텍스트 확률 : 66.13%"
"[이뻐요 저도 정보좀 부탁드려요], 긍정 텍스트 확률 : 66.33%"
"[쪽지 드렸어용], 긍정 텍스트 확률 : 66.13%"
"[쪽지 드렸어용], 긍정 텍스트 확률 : 66.13%"
"[저도 리안솔로 구매하려구 보고왔네요 디럭스 만큼 튼튼하고 가격대비 좋은거같아서요 ㅎㅎㅎㅎ], 긍정 텍스트 확률 : 74.74%"
"[유모차 고르는것도 참 까다롭더라구요ㅠㅠ 보신분들 도움이 되었으면 좋겠네요ㅎㅎ], 긍정 텍스트 확률 : 97.50%"
"[ 후기감사합니당즐건여행이셨다니 다행이네요], 긍정 텍스트 확률 : 98.47%"
"[감사해요♡♡], 긍정 텍스트 확률 : 84.51%"
"[후기 감사합니다.], 긍정 텍스트 확률 : 83.19%"
"[ 둥이는사랑이지요 고생많으십니다 둥이맘님], 긍정 텍스트 확률 : 83.67%"
"[감사해요 ㅠㅠ 둥이들이 이쁘긴한데 힘들기도 하네요], 긍정 텍스트 확률 : 97.60%"
"[아직 어려서 유모차 저각도로 앉는건 무리에요], 긍정 텍스트 확률 : 89.10%"
"[네그러게요 잠깐 앉혀보고 누워서 타는걸로 각도 조절했어요], 긍정 텍스트 확률 : 64.74%"
"[카브리오픽스 태어나서부터 쓰고 있는데요 차에 밸트로 고정 시키기 편하고 아이들도 잘 앉아 있어요 신생아 라이너는 안에 끼는게 있구요 포함이에요전 그냥 포함 되어있는거 써서 다른거 따로 안 썼어요 어답터 사서 유모차랑 호환해서 쓰는데 전 만족하면서 쓰고 있어요], 긍정 텍스트 확률 : 73.03%"
"[좋아 보이네요.], 긍정 텍스트 확률 : 60.33%"
"[정보좀 주세용ㅎㅎ], 긍정 텍스트 확률 : 77.96%"
"[ 호크 많이 봣어용 디잔도 이뿌고 괜찮은것 같아요], 긍정 텍스트 확률 : 83.08%"
"[댓글 감사합니다 ], 긍정 텍스트 확률 : 78.76%"
"[ 아이들도 너무나 좋아하는 폼포라웨건이네요 앞으로도 폼포라웨건으로 편한 외출이 되셨으면 좋겠습니다.소중한 후기 남겨주셔서 감사합니다], 긍정 텍스트 확률 : 99.94%"
"[.. .. .. .. .. .. .. ..], 긍정 텍스트 확률 : 51.89%"
"[예인마밍답사후기 감사드립니다링크확인해드렸어요], 긍정 텍스트 확률 : 66.13%"
"[ 유모차 라이너 너무 귀여워요 ㅠㅠㅠ], 긍정 텍스트 확률 : 98.24%"
"[귀엽기도 하지만 소재도 너무 좋은거 같아요], 긍정 텍스트 확률 : 83.30%"
"[오귀엽구 예쁘네용축하드려요후기를 되게 야무지게쓰셧네여], 긍정 텍스트 확률 : 94.86%"
"[감사해요😍], 긍정 텍스트 확률 : 84.51%"
"[소재가 참괜찮네요 안심하고 쓸수있을거같아요 ㅎㅎ], 긍정 텍스트 확률 : 70.81%"
"[네네직접만져보니 더욱 좋더라구요🥰], 긍정 텍스트 확률 : 96.73%"
"[감사합니다], 긍정 텍스트 확률 : 84.51%"
"[후기 잘보고갑니다], 긍정 텍스트 확률 : 75.92%"
"[ 차양막은 저게 다 친거죠??], 긍정 텍스트 확률 : 51.84%"
"[강박사아..그럼 꽤 내려오네요..의자중간에 로고 말씀하시는 거 같은데..저도 휴대용이 필요해서요..감사합니다], 긍정 텍스트 확률 : 80.45%"
"[ 토이저러스 가셔서 태워보세요. 기내반입된다는 요요는 생각보다 무게가 있어서 패쓰하고 조이 에어스킵으로 구매생각 중이에요. 레카로도 괜찮았던듯], 긍정 텍스트 확률 : 93.00%"
"[고맙습니다잘 추리고 직접가서 봐야겠어요], 긍정 텍스트 확률 : 51.70%"
"[지금 지비에어 스마트 쓰는데요가벼워서 대중교통 이용할때는 좋아요. 한손 폴더도 잘 되고.근데.. 너무 가벼워서 뒤 손잡이에 걸어놓는거 있음 잘 넘어가요.그리고에어스마트만 그런거 같긴 한데 차양막이 짧은 편이네요 ㅡ.], 긍정 텍스트 확률 : 90.71%"
"[오.. 상세히 알려주셔서 감사해요가서 잠깐보고 만져보는걸론 감이 잘 안오더라구요ㅠ], 긍정 텍스트 확률 : 87.20%"
"[아하 장단점이 확 와닿아요 ㅎㅎ 고맙습니다 잘 참고할게요], 긍정 텍스트 확률 : 96.18%"
"[ 코나에도 바퀴 두 개만 빼면 적재가 가능하군요 꼼꼼하게 남겨주신 후기 너무너무 감사드립니다★ 시크포베이비 주년 이벤트가 진행 중 입니다 푸짐한 사은품이 준비되어 있으니 많이 많이 참여해주세요에서 . . 모바일에서 . .확인해주세요 ], 긍정 텍스트 확률 : 94.57%"
"[ 우리 잘 치뤄서 돌끝난맘 되요축하축하 해요], 긍정 텍스트 확률 : 94.24%"
"[저는 이번달에 베스타에서 돌잔치 하는데 여기도 정말 좋아보이네요 ㅎㅎ 특이 짐 들어주는 서비스는 정말 좋은 것 같아요 ㅎㅎ], 긍정 텍스트 확률 : 96.70%"
"[ 센스 있는 아기의자 수량], 긍정 텍스트 확률 : 68.32%"
"[ 저도 이번에 구매했는데 너무 좋아용], 긍정 텍스트 확률 : 96.31%"
"[저희는 탁월한 선택을 했어요 ㅎㅎ], 긍정 텍스트 확률 : 58.65%"
"[저 말에 공감해요 바를 아기가 좋아하더라구요], 긍정 텍스트 확률 : 60.13%"
"[쪽지 드렷어요], 긍정 텍스트 확률 : 62.08%"
"[ 베페는 사은품이 짱이에요 ㅋㅋㅋ 잘사셨네영], 긍정 텍스트 확률 : 97.36%"
"[그러게요 사은품 엄청 주더라구요 ㅎㅎ아기 들쳐매고 가길 잘한듯요.가격도 저렴한거 같고요 ㅎㅎㅎ], 긍정 텍스트 확률 : 62.40%"
"[앱티카 사용하고 있는데 무거운거 빼면 좋은거같아요ㅎㅎ], 긍정 텍스트 확률 : 93.96%"
"[그쵸?? 저 어제 애 데리고 나가려고 호기롭게 혼자서 차에 싣는데 죽는줄 알았어여 ㅎㅎㅎ진짜 젖먹던 힘까지 끌어올려서 실었는데내릴때도 또한번 죽을뻔 ㅎㅎㅎ뭐 그만큼 튼튼하겠죠 ㅎㅎㅎ], 긍정 텍스트 확률 : 67.70%"
"[저도 앱티카 구매했어요 ㅎㅎ 넘이뻐요ㅠ], 긍정 텍스트 확률 : 98.16%"
"[이쁘더라구요 ㅎ 전 회색이 이뻤는데금방 더러워 진다고 남편이 .. ㅠㅠㅠ당신이 빨래 할거 아니잖소 어차피 업체에 맡길거 ㅎㅎㅎ], 긍정 텍스트 확률 : 93.09%"
"[ 정보감사해요], 긍정 텍스트 확률 : 84.51%"
"[괌이셨다니 부럽고대단하십니다ㅎ 정보들이 넘 좋은것 같아서 좋아요 누르고가요], 긍정 텍스트 확률 : 98.17%"
"[감사해요즐거운여행되세요], 긍정 텍스트 확률 : 97.17%"
"[좋은정보 감사합니다], 긍정 텍스트 확률 : 95.26%"
"[첫괌 앞두고 있는데 괌이라니 대단하시네요 ㅎ후기 감사합니다], 긍정 텍스트 확률 : 96.51%"
"[ 양대면 호환 가능한게 맘에드네요], 긍정 텍스트 확률 : 84.86%"
"[리안도 괜찮은것 같아요], 긍정 텍스트 확률 : 87.55%"
"[리안 그램플러스 두개 사용하는데 완전 대만족이에요 ㅋㅋ], 긍정 텍스트 확률 : 94.75%"
