"[안녕하세요 잇님들 만개월 선물이 엄마 송이입니다돌 지난 지가 얼마 안 된 것 같은데 해가 바뀌면서 우리 선물이가 벌써 살이 되었어요그와 함께 엄마 나이는 선물이 나이의 배....가 되었다는충격오늘은 최근 선물이의 완전 최애 살장난감으로 등극한맥클라렌 인형유모차리뷰를 하려고 해요조금 일찍 걷기 시작한 아기라면 돌아기장난감으로도 좋은데요안그래도 키즈카페 가면 인형유모차에 관심을 보이는 선물이라서 하나 사주고 싶었는데대부분 너무 부실하고 약해보이거나 넘 유치하더라고요그런데 맥클라렌 인형유모차는 다릅니다지금부터 보여드릴게요], 긍정 텍스트 확률 : 99.99%"
"[ 혹은 외출할 때나 할머니집에 들고 갈 때 등등이렇게 폴딩하면 부피가 줄어드니 정말 편하겠죠?현재 저희집에서는 선물이가 매일같이 아침 저녁으로 밀고 다니기 때문에그냥 펼쳐둔 상태에요ㅎㅎ ], 긍정 텍스트 확률 : 60.92%"
"[살장난감으로 추천하는 이유], 긍정 텍스트 확률 : 74.01%"
"[ 프레임 튼튼한 거 보이시나요?장난감유모차라고 해서 절대 부실하지 않습니다디자인보다도 엄마 맘에 더 들었던 부분이 바로 안정감과 내구성이에요 자주 가는 키즈카페에 있던 인형유모차는 너무 힘이 없어서 아기가 살짝만 밀어도 자꾸 넘어지려 하더라구요. ], 긍정 텍스트 확률 : 88.66%"
"[ 살장난감으로 추천드리는 맥클라렌 인형유모차는 바퀴가 모두 개씩이라 더욱 안정감있고요프레임도 튼튼해서 웬만큼 와일드한 아기선물이 같은?ㅋㅋ가 막 갖고 놀아도 괜찮겠더라구요인형유모차지만 발 받침대까지 있는 디테일함ㅋㅋㅋ정말 실제 유모차를 사이즈만 축소해놓은 느낌이라 너무 귀엽고 예뻐요인스타에는 며칠 전에 먼저 올렸는데 역시 반응이 좋더라구요], 긍정 텍스트 확률 : 99.71%"
"[ 요건 사이즈 비교해보시라고 집에 있는 벤틀리 푸쉬카와 함께 한 컷 찍어봤어요그냥 유모차 사진만 보면 모양이 실제 유모차같아서 크기도 엄청 클 것 같이 보일 수 있잖아요.저도 제품 받아보기 전엔 그랬거든요숫자에 약해서인지 상세사이즈가 수치로 나와있어도 감이 잘 안 오는 엄마예요ㅠㅠㅋㅋ얼마 전 장난감 화장대 넘 작은 거 사서 충격받은 포스팅], 긍정 텍스트 확률 : 90.94%"
"[보신 분들은 아시겠죠?ㅋㅋㅋ무튼 푸쉬카랑 같이 있는 사진 보시면 아시겠지만 딱 돌아기부터 살아기들 갖고 놀기 좋게 적당한 사이즈예요따라서 실제 우리 아기들이 타기에는 작다는 점 그리고 위험할 수도 있겠죠?블로그 후기 검색하다보니 굳이 여기에 자기가 타겠다는 아가들이 있던데], 긍정 텍스트 확률 : 68.15%"
"[ 다행히 우리 딸은 아직 한 번도 그런 시도는 하지 않네요ㅋㅋ이건 처음부터 딱 아기인형꺼 이렇게 생각해서 그런가봐요ㅎㅎ ], 긍정 텍스트 확률 : 51.59%"
"[엄마가 짠 하고 보여준 깜짝선물에 어찌나 좋아하던지요그 모습을 보니 딸래미 낮잠 잘 때 같이 못 자고 택배 뜯고 사진 찍고 준비하느라 쌓인 피로가 확 풀리더라구요 아기유모차라고 아기 태워야된다며 곧장 아기인형 놔둔 곳으로 직행하던 딸얼마 전에 할부지 찬스로 옹알이 콩콩이를 사줬는데 요즘 매일 아침부터 아기 아기 하며 엄청 챙긴답니다이 모습만 보면 왠지 우리 딸은 동생이 생겨도 이렇게 예뻐해줄 것 같지만....주변 둘째 맘들을 보면 그렇진 않은 것 같고요..?ㅋㅋㅋ선물이도 그냥 인형인 거 알고 그러는 것 같아요ㅋㅋㅋ왜냐면 항상 아침마다 저한테 콩콩이 들고 와서 소리나게 스위치 켜달라고 해요ㅋㅋㅋ스위치를 켜야만 소리가 나는 걸 안다면 장난감이라고 분명히 인지하는 거겠죠? ], 긍정 텍스트 확률 : 93.03%"
"[ 여자 아기 있는 집이라면 대부분 하나쯤은 갖고 있다는 아기인형 옹알이 콩콩이에요콩콩이 태우기엔 살짝 넉넉한 사이즈선물이 애착인형인 젤리캣사이즈 정도 태우니까 딱 맞더라구요ㅎㅎ ], 긍정 텍스트 확률 : 63.84%"
"[ 인형유모차지만 햇빛가리개도 폈다 접었다 할 수 있고요], 긍정 텍스트 확률 : 84.65%"
"[ 평소엔 항상 유모차에 타기만 했었는데], 긍정 텍스트 확률 : 74.25%"
"[ 엄마가 된 것처럼 유모차에 아기인형을 태우고 자기 맘대로 밀고 다니니 재밌나봐요 따로 알려주지 않아도 혼자서 이것저것 조작하면서 잘 놀더라구요 ], 긍정 텍스트 확률 : 88.96%"
"[ 이제 본격 주행을 시작해볼까나? ], 긍정 텍스트 확률 : 55.13%"
"[ 랜덤으로 각종 옹알이를 해요맘마맘마 이러니까 선물이가 냉큼 쫓아가서는 콩콩이 젖병과 쪽쪽이를 갖고 오네요 그리곤 맘마 먹으라고 입에 대주기까지ㅎㅎㅎ자기도 애기면서... 조금 컸다고 이렇게 더 어린 아기를 돌봐주다니넘 사랑스럽고 귀엽지 않나요?아파트에 자주 만나서 같이 노는 개월 차이 동생이 있는데], 긍정 텍스트 확률 : 62.78%"
"[ 키즈카페에서도 잘 노는 걸 보고 좋아할 거라 예상은 했지만이렇게나 좋아해주다니엄마 정말 너무 뿌듯해], 긍정 텍스트 확률 : 58.35%"
"[안녕하세요오늘은 맥클라렌 인형유모차리뷰로 찾아왔어요돌아기부터 살이상의 아이들까지걸어다니기만 한다면아주아주 추천하는 장난감이랍니다.이맘때 아이들이뭔가를 끌고다니기를 정말 좋아하는데잘 걷기만 하면아주 최고의 장난감이 될거같더라구요딱 도동이가 개월이고], 긍정 텍스트 확률 : 55.79%"
"[ 도니가 개월이되었는데둘다 너무 잘가지고 놀아서당장 추천해야겠다 싶더라구요그럼 꼼꼼하게 오늘도 리뷰 시작해볼게요한창엄마따라하길 좋아하는나이대다보니엄마의 유모차까지도 관심의대상이 되더라구요특히나 우리도동이가언니가 앉아있는거라면], 긍정 텍스트 확률 : 99.94%"
"[ 박스에서 벗겨내고보니어린 아이들이 사용하기좋은사이즈와 무게감이더라구요너무 무겁지도 가볍지도않아아이들이 장애물도 거뜬하게 피할 수 도 있고미끌리듯 끌리는게 아니라 좋더라구요걸음마를 배우는 돌아기장난감으로도괜찮아보였어요 ], 긍정 텍스트 확률 : 99.64%"
"[ 박스에서 빼내고나면영롱한 핑크빔을 뿜뿜아이들이 좋아하는 화려한 컬러감이라관심집중되기딱이더라구요 ], 긍정 텍스트 확률 : 61.07%"
"[ 그리고 사용설명서가글로만 되어있지않고그림으로 되어있어이해하기도 좋더라구요 ], 긍정 텍스트 확률 : 81.68%"
"[ 옆에 이게 걸린줄모르고계속 힘으로 펼치려고했어요요걸 바깥으로 빼고 펴주면정말 손쉽게 쓱 펴지더라구요엄마힘으로도 뚝딱 만들 수 있어요 ], 긍정 텍스트 확률 : 65.29%"
"[ 어느새사용설명서에 그려진모습대로 완성되었어요그냥 간편하게 접고 펴기만하면되기때문에외출시에도 간편하게 들고다니겠더라구요 ], 긍정 텍스트 확률 : 65.58%"
"[ 사랑스러운 패턴과매력적인 쨍한 핑크컬러로화려한걸 좋아하는 아이들 시선에는더할 나위 없는 디자인이더라구요 ], 긍정 텍스트 확률 : 99.26%"
"[ 센티였던가..아무튼 센티대인데딱 저높이로 오더라구요아무래도 아이들 팔길이가짧다보니 키가커도 작아도 딱 알맞는 높이였어요 ], 긍정 텍스트 확률 : 70.26%"
"[ 그리고 휴대성이 좋아밖에 외출시에도 딱이더라구요아이들 뒷치락한다고백화점이고 뭐고 다니기 너무 빡셨는데이거하나면 아이들 따라다닐필요없이아이가따라오더라구요도동이가 딱 살들어가는데개월수론 개월..살장난감으로 딱이더라구요엄청좋아해요 ], 긍정 텍스트 확률 : 95.69%"
"[ 걷기만 잘걷는다면돌아기장난감으로도 좋을거같고특히나 개월쯔음되는아이들이 한창 활동적이잖아요ㅠㅠ그때 건내주면하루종일 가지고놀겠더라구요개월 도동이는 하루종일놀아요..ㅋㅋ ], 긍정 텍스트 확률 : 99.51%"
"[ 나름 관종템이라 많은분들이보고 귀엽다해주시기도했고], 긍정 텍스트 확률 : 90.70%"
"[ 관종끼있으면 무조건 외출시 강추.. ], 긍정 텍스트 확률 : 98.18%"
"[ 겉보기에도 일반 유모차와다른게 없는 맥클라렌 인형유모차로실감나게 만들어져아이들이 더욱 좋아하는거같았어요 ], 긍정 텍스트 확률 : 81.27%"
"[ 그리고 아이들이 사용하는제품인데내구성도 무시할 수 없잖아요특히나 프레임이 튼튼하게 설계되어있어만족도가 굳굳사놓고 얼마 못쓰는제품이 아니라가성비도 좋은거같았어요 ], 긍정 텍스트 확률 : 99.95%"
"[ 돌아기장난감부터 살장난감까지한창 역할놀이에 빠진 아이들을위한 제품으로맥클라렌 인형유모차 강력 추천해요 그리고 맘스베베에서맥클라렌 인형유모차의 할인소식까지만나볼 수 있다고하니 참고하세요 .... ], 긍정 텍스트 확률 : 59.39%"
"[ 본포스팅은 제품을 무상으로 제공받아 적은솔직한 후기입니다. ], 긍정 텍스트 확률 : 60.36%"
"[ 우리집에도 드디어 맥클라렌 인형유모차가 생겼어요세부터라고 되어있긴한데 사실 이건 무의미한거 같아요그냥 걸을 수 있을때쯤부터 갖고 놀 수 있는 돌아기장난감 인거 같아요세부터인 이유는 아마도 ? 사이즈가 조금 큰편이기때문이 아닐까 싶다는좀더 편하게 유모차를 밀 수 있으니깐요살장난감으로도 손색없지요], 긍정 텍스트 확률 : 93.29%"
"[ 설명서에요사실 설명서라고 하기엔 너무나 간단한것유모차 밀어본 엄마들이라면 너무 간단하게 할 수 있답니다저도 뚝딱 만들었으니깐요 ], 긍정 텍스트 확률 : 99.65%"
"[ 그리고 고정을 시켜주면 되는데요이것만 힘이 살짝 필요하긴 하더라구요], 긍정 텍스트 확률 : 59.33%"
"[ 그리고 마지막으로 양옆에 동그란부분을 고정시켜주면되지요실제처럼 사용할땐 펼쳐주고 사용하지 않을땐 접어서 둘 수 있어서유용한거 같아요아무래도 아이들 있는집에는 장난감이 한두개가 아니다보니 부피가 많이 차지하는건 사실 부담스러우니깐요접어둬도 되고 또], 긍정 텍스트 확률 : 90.10%"
"[ 맥클라렌 인형유모차 퀘스트치클릿 이에요영국의 윌리엄 왕자가 유년시절 애용하면서 널리 알려지면서황실유모차라는 애칭을 얻었다고 하더라구요우리 단이 윌리엄왕자랑 같은거 쓰게 되는건가요 히히히쨍한 핑크색이라서 시선을 한 몫에 받을 수 있을것 같아요안쪽에 있는 무늬랑도 너무 잘 어울리더라구요], 긍정 텍스트 확률 : 79.88%"
"[ 진짜 견고하게 잘 만들어진거 같아요돌아기장난감이긴 하지만 그 이상이랍니다솔직히 싼게비지떡이라고 아무리 싸도 잘 부서지거나 하면속상하잖아요 다시는 사주기 싫구요 그런데 이건 튼튼해서 정말 오래 쓸 수 있어요후기에도 다들 이만한 퀄리티 없으시다며 ㅋㅋㅋㅋ부서져서 여러번 사주는것보다 제대로 된거 하나가 더 좋은거니깐요], 긍정 텍스트 확률 : 66.33%"
"[ 로고도 곳곳에 있었어요 누가봐도 맥클라렌 인형유모차구나를한번에 알아볼 수 있게 땋 눈에 들어오게로고를 박아뒀더라구요 아 그리고 시트 세탁하실때는 순한비누로 닦아주고 세탁기 사용은 안되니 확인하심 될것 같아요], 긍정 텍스트 확률 : 78.71%"
"[ 실제랑 거의 같게 생겨서 그런지혼자서 엄마가 된냥 정말 열심히 가지고 논거 같아요혼자서 재잘재잘 시끄럽게 떠들더라구요], 긍정 텍스트 확률 : 75.56%"
"[ 핸드폰도 있어야 한다며톡을 보내기도 하고.... 하하하 ], 긍정 텍스트 확률 : 50.09%"
"[ 유모차에 앉아있기 싫은 아이에게는핸드폰을 건네주면서 재미있는거 보라며ㅋㅋㅋㅋㅋㅋㅋㅋㅋㅋㅋㅋㅋ뭔가 보고만 있어도 웃기기도 하고 드라마 한편 보는거 같았네요시간가는줄 모르고 보고 있었던거 같아요내 아이가 엄마가 된다면? 이라는 생각도 해봤던거 같아요사실 아주 먼 이야기일수도 있지만요즘 시간이 흘러가는 속도를 보면 곧 금방일것 같기도 하네요 ], 긍정 텍스트 확률 : 97.78%"
"[ 맥클라렌 인형유모차 덕에 너무 잘 노니 저도 편하면서도귀엽기도 하고 또 다른 느낌이었어요일반적인 돌아기장난감을 선물했을때와 다른 재미를 제가 느끼게 된것 같아요 역할놀이를 통해서 엄마의 고충도 조금은 알아줬으면 좋겠네요밖에서도 갖고 노는 친구들 보기도 했는데 날 따뜻해지면 저도 들고 휴대해서 들고 다녀봐야겠어요아마도 또래들의 워너비가 되지 않을까 싶네요], 긍정 텍스트 확률 : 87.40%"
"[오늘 하루도 다들 잘 보내셨나요? 하는거 없이 시간만 훅훅 가는게 너무 싫어요 ..ㅋㅋㅋ 오늘은 아이들 어린이집도 안가고 해서 뭘하고 놀아주면 좋을까 고민하다가 딱히 생각이 안나서 그냥 첫째랑은 자동차놀이도 하고 그림그리기도 하면서 놀았어요 첫째 빈이 같은 경우에는 첫째라는 이유만으로 장난감이 정말 많아요 박스로 몇개가 있는지 몰라요 근데 우리 꼬미 같은 경우에는 장난감이 하나도 없어요 .. 이번에 산 인형이랑 마이크 외에는 없거든요 그래서 전에 키즈카페에서 요거 끌고 다닐려고 하길래 뭔가 유심히 봤다가 집에와서 폭풍검색을 해봤죠생각보다 많은아이들이 가지고 논다고 하더라고요 특히 여자아기들 집에는 거의 필수적으로 있는 장난감인 것 같아요 그래서 저도 이참에 하나 주문했지요 울 꼬미가 지금 개월인데요 이제 아장아장 잘 걸어다니고 있어요 그래서 걷지 못했을때보다 더 재밌게 밀고 다니면서 놀수 있을 것 같더라고요 돌아기장난감 맥클라렌 인형 유모차인데요 진짜 퀄리티가 장난 없더라고요 진짜 맥클라렌 유모차랑 똑같이 생겨서 놀랬어요 저도 그 윰차는 사용해보지 못했지만 실제로 본적은 많거든요 근데 이렇게 똑같을줄은 ㅋㅋㅋㅋㅋ맥클라렌 유모차 자체가 영국의 윌리엄 왕자가 유년시절에 애용했던 것으로 널리 알려지면서 황실유모차라는 애칭을 얻게 되었다고 하더라고요 ㅋㅋ 황실유모차라니], 긍정 텍스트 확률 : 73.33%"
"[ 먼저 펼치는방법도 굉장히 쉬은데요 접혀있는 유모차를 위로 잡아 당겨주시면 저절로 펴지더라고요 그런후 고정을 해줘야 되는데요 제가 손으로 누르는 부분 보이시죠? 눌러주시면 고정장치가 연결되면서 유모차가 딱 펴지더라고요 그런후 여기서 끝이 아니라 양쪽에 고정장치가 하나 더 있어요동그라미로 된 부분사진처럼 해주시면 된답니다 접는방법은 하신 방법은 반대로 하면 접힌답니다 ], 긍정 텍스트 확률 : 86.40%"
"[ 손잡이부분도 보시면 진짜 윰차 같이 생겼더라고요 인체공학적인 핸들 구조로 편안한 그립감으로 아이가 잡아도 미끌어지지 않는다고 하더라고요 꼬미가 사용하기전에 제가 먼저 만져봤는데요 오 진짜 미끄럽지 않고 완전 좋아요], 긍정 텍스트 확률 : 96.97%"
"[ 이제 걷기시작한지 주정되 되어 가는 것 같은데요 아직 완벽하게 잘 걷지는 못해요 그래도 이제는 중심도 잘 잡는편이라서 줘봤는데요 처음에는 살짝 삐긋하더니 곧잘 잡고 걸음마 걸음마 하는거 있죠? 주자마자 콩콩이 아기가 잘 있는지 확인도 해가면서 아가아가라고 얘기도 해주고 나름 방향전환도 하는거 보고 놀랬잖아요 ㅋㅋ 처음에 요거 고를때 남편이 필요없을꺼라고 얘기했었거든요 근데 웬걸로 아주 서로 가지고 놀겠다고 난리에요 .. 그래서 쫌 피곤.. 빈이가 이거 보자마자 달려오면서 이거 내껀데?라고 뺏어가는거 있죠 ㅋㅋ 그만큼 남자여자 아이 상관없이 다 좋아하는 것 같아요 특히 꼬미같이 돌아기장난감 으로 맥클라렌 인형 유모차 다 좋은 것 같아요 ], 긍정 텍스트 확률 : 72.74%"
"[ 한번 삘 받더니 완전 열심히 밀고 다니더라고요 사실 집에 꼬미가 타고 다니는 유모차도 제가 잘 안접어두는 스타일이라서 그냥 현관앞에 두는데요 우리 꼬미 걸어가서 꼭 밀고 그러거든요 그래서 그런지 요런거 참 좋아해요 키즈카페 가서도 다다다 기어가서 딱 찜하는거 보면 어찌나 웃긴지 몰라요 아들 키우다가 딸키우니 완전 다른거 있죠장난감 부터가 달라지더라고요 콩콩이 태워서 밀어주고 밀어주고 .. 가끔은 콩콩이가 부러운지 콩콩이를 던져버리고 자기가 올라가겠다면서 어찌나 난리인지 몰라요 그래도 걷기 시작하면 있으면 좋은 살장난감이에요 ], 긍정 텍스트 확률 : 80.37%"
"[ 우리꼬미가 둘째라서 그런지 말도 여간 잘해요 엄마아빠는 기본으로 아프면 아퍼라고 얘기하구요 콩콩이에게는 아기라고 얘기해주고요 맘마부터 시작해서 까꿍이라는 단어까지 사용하고 있어요 볼때마다 너무 놀라고 상황에 맞게 말을 하는거 보면 진짜 언제 이렇게 컸나 싶은 생각이 들더라고요 오늘도 콩콩이 밀어주는데 잘 있는지 확인하면서 아가아가라고 얘기하는거 있죠? 어찌나 기특한지 몰라요 동생이 있었다면 이렇게 해줄까요?ㅋ ], 긍정 텍스트 확률 : 99.98%"
"[ 망난이 오빠에게 뺏겨버린 우리 꼬미 처음에는 꼬미가 열심히 가지고 놀고 있는데 역시 오빠답게 뺏어가네요 .. 빈이도 보자마자 엄마 이거 너무 좋아 하면서 콩콩이 태워서 가버리는거 있죠 꼬미는 허망하게 바라면 보고 있더라고요 남자인 우리 빈이도 반하게한 돌아기장난감 맥클라렌 인형 유모차 여자아이라면 정말 더 너무 좋아할꺼에요 선물을 하신다거나 혹은 살장난감 어떤걸로 살까 고민하신다면 이거 정말 괜찮은 것 같아요 빈이 같은 경우는 가끔 자동차도 태워서 끌고 다니기도 한답니다 ㅋㅋ ], 긍정 텍스트 확률 : 92.77%"
"[ 본 포스팅은 잼버스코리아로 부터 제품을 무상지급 받아 체험후 적은 후기입니다 ], 긍정 텍스트 확률 : 66.44%"
"[ ♥쇼핑핫틸 맥클라렌 테크노디럭스 유모차], 긍정 텍스트 확률 : 99.57%"
"[ 원역대가특가 할인 제품을 찾아 보았습니다.▷ 베스트 ▷제조국 중국유모차 무게 .출시년도 년형등받이 단계각도 도사용체중이하쿠팡상품번호 인기상품은 조기 품절이 되니 유의하시기 바랍니다.해당 특가정보는 년월일 수요일오후 시 분 기준 입니다.가격과 할인정보는 몇일에서 변동이 될수 있습니다.쿠팡에서 일간 최대 추가캐시적립중이에요. 꼭 받아가세요품절임박상품 구매리뷰 후기는⬇아래 링크로 확인해주세요⬇▼▼▼ .. ], 긍정 텍스트 확률 : 92.24%"
"[.펼쳤을때 .], 긍정 텍스트 확률 : 56.81%"
"[ 책임자와 전화번호], 긍정 텍스트 확률 : 62.66%"
"[ .?맥클라렌맥클라렌.?테크노테크노.?.?디럭스디럭스.?유모차유모차 이 포스팅은 제휴마케팅이 포함된 광고로 일정 커미션을 지급 받을 수 있습니다. ], 긍정 텍스트 확률 : 62.64%"
"[ 애들 데리고 여행하는건 처음이라서요후기글 보니깐 유모차 가져가야 좋다고 해서쌍둥이유모차 맥클라렌꺼 가져가려하는데너무 크고 무거울까요 ㅠㅠ?], 긍정 텍스트 확률 : 93.35%"
"[ 딸이 좋아하는 장난감 종류는 다양하게 있는데 요즘 특히나 아가인형을 너무 좋아하더라고요 선물로 받은건데 저는 실사 같아서 조금 무서워 보이기도 하는 장난감인데 좋아한답니다 애들 취향이란 엄마는 이해를 할수가 없네요 ㅋㅋㅋ 그래서 그 아가인형을 흔들흔들하면서 자장도 해주고 음식 장난감으로 먹여도 주면서 진짜 잘 놀더라고요 그래서 카트를 사줄까 유모차를 사줄까 고민을 하다가맥클라렌 인형유모차 선택을 했는데 진짜 후회가 없답니다 ], 긍정 텍스트 확률 : 98.44%"
"[ 유아장난감 배송 오다가 파손되는 경우도 진짜 많더라고요 구매를 하다 보니깐 진짜 배송 꼼꼼하게 해주는게 중요한데 혹시나 배송중에 흔들리거나 그럴경우에도 안전하게상처 없이 배송이 오도록 꼼꼼하게 포장 을 해주신답니다 그럼 어떤 모양이고 아이가 얼마나 좋아하는지 보여드릴게요 ], 긍정 텍스트 확률 : 98.25%"
"[ 우선 맥클라렌 브랜드 먼저 소개를 해드릴게요 맥클라렌은 유모차로 유명한 브랜드랍니다 육아맘님들을 아시는분들이 많으시죠? 년 가까운 세월이 흐르는 동안 개선과 혁신을 거듭한 영구 해롯백화점에서 영국의 전통 가치를 계승하는 세계명품브랜드로 선정하여 전시를 할 정도인데요 영국의 윌리엄 왕자가 유년시절 애용했던 것으로 널리 알려지면서황실유모차라는 애칭 을 가지고 있답니다], 긍정 텍스트 확률 : 62.01%"
"[ 우선 실제 아기가 타는 유모차도 그립감과 핸들링이 중요하죠? 인체공학적 핸들구조와 편안한 그립감으로 아이가 끌고 다니기 너무 좋답니다그러면서 아이가 집에서도 밖에서도 가지고 노는데 밖에서도 부드럽게 끌고 다닐수 있고층간소음없이 집에서도 끌고다닐수있어서 좋더라고요내 아이가 좋다고 해서 남에게 피해를 입히면 안되는데 소리가 나지 않고 부드러워서 좋더라고요 ], 긍정 텍스트 확률 : 67.88%"
"[ 그리고 귀여운 무늬와 핑크색감으로 딸아이인 저희딸이 더욱더 좋아했는데요 디자인은 너무 모던하지 않고밝으면서 사랑스러운 무늬라서 아이에게 더 좋겠더라고요원래 블랙이니 그레이니 엄마취향이지 아이취향은 핑크나 화사함이니깐요 ], 긍정 텍스트 확률 : 97.88%"
"[ 그리고 진짜 유모차인듯 디테일함이 너무나 좋은 유아장난감 맥클라렌 인형유모차 발 받침도 있고 안전벨트도 있답니다 그러면서 맥클라렌 로고가 들어가 있어서멋스러우면서 고급스럽더라고요그럼 이제 저희딸이 가지고 노는 모습도 한번 보여드릴게요 ], 긍정 텍스트 확률 : 66.80%"
"[ 여기서 중요한 포인트 유아장난감 놀수만 있는게 아니라 은근 교육도 가능한데요 저는 차를 타거나 유모차를 탈때 꼭 안전벨트를 해줍니다 습관이란게 중요한거니깐요 그래서 택시를 타더라도 꼭 안전벨트를 해달라고 하고 유모차를 타더라도 짧은 거리라도 벨트를 메달라고 하는 따님이에요 물론 짧은거리 갈때 해주고 풀고 하는게 제가 너무 귀찮지만 그래도 안전을 위해서 꼭 하는데요 울 딸도 그렇게 똑같이 아이에게 해주더라고요 그래서 제가 응안전하게 가기 위해서는 꼭 벨트를 해줘야지? 이러면서 한번더 교육 을 해줬답니다 ], 긍정 텍스트 확률 : 54.07%"
"[ 방에 들어갔다가 아기인형하고 티비도 보고 장난감 가지고 놀다가 다시 나오는 따님 ㅋㅋㅋ 왜 방문은 닫고 나오는건지ㅋㅋ 근대 즐겁게 나오다가 마지막에 인상쓰는거 동영상에서 보셨나요? 아이와 즐겁게 놀고 나오는데 엄마 혼자서 옥수수를 먹는걸 발견한 따님이죠.... 사실 혼자 먹은것도 아니고 먹을꺼냐고 물어봤는데 안먹는다고 해서 엄마가 먹은거뿐인데....췟 ], 긍정 텍스트 확률 : 98.97%"
"[ 진짜 요즘은 장난감 사주는 재미가 쏠쏠한 냥이네인데요 유아장난감 돌지나고 나서 무얼 사줄까 고민되신다면 맥클라렌 인형유모차 선물해줘보세요지금할인행사를 하고 있어서 할인받으며 살수있는곳은 아래에 공유 해놓을게요 진짜 좋아하고 혼자서 그리 바쁘게 움직이면서 역할놀이하면서 잘놀꺼랍니다 물론 이것도 아이마다 개인차이가 있겠지만 거의 호불호 없다고 봐야될꺼같아요 ㅋㅋㅋㅋ 그럼 저는 나중에 밖에서 끌고 다니는 모습 사진을 찍으면 그때도 리뷰를 해볼게요 그럼 저는 아이놀이방 청소하러 이만 가볼게요 뿅 ], 긍정 텍스트 확률 : 94.36%"
"[.엘레니어 키즈슬레드를 구입하고.벌써 년이 넘게 지났다.... ], 긍정 텍스트 확률 : 78.98%"
"[ ..세스토 플러스에 장착해서.둘이 태울 수 있어 너무 좋은데 부실하다며.주저리주저리 후기 썼었다...여튼 그래도 년간 거의 매일 태우며.아주 뽕 뽑도록 잘 쓴.엘레니어 키즈슬레드세스토 플러스...이제 둘째가 두돌이 지나서.세스토 플러스는 너무 큰 유모차라 처분했다.... ], 긍정 텍스트 확률 : 99.66%"
"[ ..손잡이가 굽어 있어서 그런가?.되게 안정적이고 흔들림 없음...맥클라렌의 단점이 뒤로 잘 넘어가는 거였는데.키즈 슬레드를 달아놓으니.뒤로 넘어가지도 않는다. 좋은데?..유모차 졸업할 시기에 꿀 조합 발견.흐미ㅋㅋㅋㅋㅋ. ], 긍정 텍스트 확률 : 84.29%"
"[일반적인 디럭스 유모차 시트 타입부터 구매하면 될듯 게다가 내 성향상 집에만 방콕하며 살수는 없을 것 같아서 디럭스를 사기로 했다디럭스와 절충형을 고민하는 이유중 또 하나 큰 이유는 바로 무게가 무거워서인데 그 부분은 뒤에 가서 더 자세히 설명하기로... 새 유모차를 구매하기로유모차를 물려받을데가 없어서 중고 거래 사이트에서 알아볼까 했는데 친정 부모님 찬스로동생네 물려주는 큰그림ㅋㅋ 새로 구매하기로 했다 . 키큰부부는 선택권이 적다가장 고민한 부분집 근처 목동 현대백화점을 가봤는데스토케], 긍정 텍스트 확률 : 78.79%"
"[부가부], 긍정 텍스트 확률 : 56.44%"
"[ 그래서 방문하게 된 하이베베 청담점논현점도 있는데.. 두곳 중 전화를 받은데가 청담점이라 별다른 이유없이 청담점으로 갔다 ㅎㅎ], 긍정 텍스트 확률 : 81.10%"
"[ 요게 바로 하비유모차직접 오르빗과 비교해서 한번씩 끌어보니 확실히 가볍다 안정감은 오르빗이 정말 짱인듯 ㅎㅎ부피도 엄청남..코너링은 하비가 더 괜찮았고 폴딩이 쉽고 무게가 절충형 수준이라 내가 들기에도 문제 없을 것 같았다 게다가 가격은 넘나 매력적판매하시는 분께 우리집이 언덕이 많은데 내가 끌기에 뭐가 더 낫냐고 물으니 오히려 하비를 추천해주셔서우리 아가의 첫 유모차는 하비로 결정했다], 긍정 텍스트 확률 : 82.17%"
"[ 사진을 못찍어서 이렇지 높이도 꽤 높으면서도 불안하지 않아보였다장바구니도 꽤 넓음사은품으로 이너시트사계절커버 어댑터 를 받았다 ㅎ카시트를 같이 구매하면.. 휴대용 유모차를 주신다네??귀가 팔랑해진 나와 엄마는 어차피 카시트 사야하니 그럼 이참에 다 해버리자며..ㅋㅋ원래 싸이벡스를 사려고 했는데 설명을 들으니 브라이택스가 더 안정적으로 느껴졌다 심지어 가격도 더 저렴하고], 긍정 텍스트 확률 : 58.39%"
"[ 여러 컬러중에 카시트는 좀 밝고 화사한 바이올렛 커버로 선택 유모차가 올블랙이라 약간의 보상심리가 작용한듯ㅋㅋ휴대용 유모차는 맥클라렌 걸 받았다 ㅎ예쁘진 않지만 그래도 휴대하기 좋아서 나중에 유용하게 쓰지 않을까 싶다 휴대용은 나중에 요요 로 사고싶었는데 공짜로 생겼으니 굳이 돈 더 쓸필요 없을듯ㅋㅋ ], 긍정 텍스트 확률 : 61.10%"
"[ 그레이와 민트 컬러가 있었는데 남편에게 아기띠를 선물하고 싶어서...그레이로 선택 ], 긍정 텍스트 확률 : 55.63%"
"[ 이틀 뒤 우리집에 온 어마무시한 택배 박스들과 사은품 봉다리 ㅋㅋㅋㅋ택배박스는 너무 크고 지저분해서 굳이 찍지는 않음 ], 긍정 텍스트 확률 : 70.09%"
"[힙시트도 꼭 필요해요. 하지만 종류도 많고], 긍정 텍스트 확률 : 88.83%"
"[어떤 걸 사야 할지 막막하고...무엇보다 우리 아이에게 잘 맞는지 실제로 사용해보기 전까진 알 수 없잖아요. 요즘에는 바운서나 유축기처럼 사용기간이 짧은 육아용품들은 빌리거나선뜻 사기가 망설여졌던 고가의 제품들을 미리 사용해보는 렌탈시스템이 잘 되어 있더라구요.], 긍정 텍스트 확률 : 94.67%"
"[ 지난번에도 한번 소개해드린 적이 있지만 특히 출산을 앞둔 분들이라면 렌탈샵.?묘미묘미 를 주목할 필요가 있어요. 잠깐 사용할 건 빌리고], 긍정 텍스트 확률 : 69.36%"
"[ 아직 렌탈에 대해 생소한.. 막연한 편견을 갖고 계신 분들이라면이번에.?묘미프리위크묘미프리위크 를 이용해보시는건 어떨까요?웹이나 모바일 앱을 통해 간단하게 이용이 가능하거든요. 첫주문 고객은 개의 제품을 일 원에 혹은 첫 달 렌탈료를 포인트로 페이백 받을 수 있어요.장기렌탈의 경우엔 첫 주문], 긍정 텍스트 확률 : 93.22%"
"[기존 주문 회원 상관없이 페이백 원 앱 다운받으면 만원 가입쿠폰 주는 것도 잊지 말고 함께 챙겨보시구요], 긍정 텍스트 확률 : 98.81%"
"[ 변심무죄라는 말이 너무 재밌어요 여행 갈 때 잠깐 필요한 제품이나나와 잘 맞는 제품일까?아리송하다면부담없이 일간 렌탈료없이 대여해보세요], 긍정 텍스트 확률 : 98.93%"
"[예떼등이 있구요.카시트도 보네스트베네스트], 긍정 텍스트 확률 : 72.78%"
"[브라이텍스도 준비되어 있네요.], 긍정 텍스트 확률 : 61.68%"
"[ 전 강원도 여행 때 필요한 휴대용유모차를 알아보다 평소 눈여겨봤던 예떼 지미.?유모차대여유모차대여 를했어요렌탈료없이 왕복 배송비에 대한 건만 결제하면 돼요. 일간 맘껏 써볼 생각에 신나네요 ], 긍정 텍스트 확률 : 97.86%"
"[ 아무래도 아이가 쓸 제품이다보니 렌탈제품에 대한 걱정이 있을거에요.작년 제주도 여행 갈 때 차와 카시트를 함께 빌렸는데 아저씨가 먼지 폴폴 창고에서 꺼내올 때부터 불안하더라구요. 아이가 앉는 시트부분에 때와 얼룩이 얼마나 심하던지 운전할 때 블랭킷으로 따로 깔아줬지만 찝찝ㅠㅠㅠ 그런데 묘미 대 안심케어서비스를 읽어보니 제주여행에서 느꼈던 불안함이 싹 사라지더라구요 친환경 세제로 시트의 얼룩을 제거하고], 긍정 텍스트 확률 : 80.96%"
"[ 수요일 오후에 주문해서 금요일에 받았으니 배송도 정말 빠른 편이에요. 일반 택배하고는 다르다보니 조금 더 걸릴 거라 생각했거든요.], 긍정 텍스트 확률 : 82.21%"
"[ 상자에서 꺼낸 모습인데 처음에는 새제품이 왔나? 싶을 정도로 상태가 너무 좋더라구요.시트도 깨끗하고], 긍정 텍스트 확률 : 68.97%"
"[보관 상태가 정말 좋았어요. ], 긍정 텍스트 확률 : 90.55%"
"[바퀴상태 봐도 관리를 정말 잘했구나 싶은 유모차와 카시트는 육아용품중에서도 가격이 높은 편이고.또 기능도 천차만별이거든요. 엄마들이 고를때 인터넷에서 후기도 많이 참고하고], 긍정 텍스트 확률 : 98.48%"
"[매장에 가서 직접 밀어보기도 하지만 잠깐 밀어보는 것만으로는 우리 아이와 잘 맞는지 알기가 쉽지 않더라구요. 마눌이의 경험을 잠깐 적어보자면 년전], 긍정 텍스트 확률 : 87.06%"
"[접어보고], 긍정 텍스트 확률 : 53.85%"
"[ 벗뜨 묘미 프리위크에서는 변심무죄 쓰다 마음에 안들면 렌탈 종료기간에 언제든 반환 마음에 드는 제품은 구매렌탈기간도 늘릴 수 있답니다. 평소 이용해보고 싶지만 바로 사기에는 망설였던 제품도 부담없이 주문해보아요 유모차도 이젠 대여하는 시대랍니다], 긍정 텍스트 확률 : 89.30%"
"[ 앞에서 소개한 변심무죄 이벤트와는 조금 다른 개념인데요. 개월부터 최대 개월까지 월 단위로 납부하며 사용하다 마지막 납부가 완료되면 상품이 내소유가 되는 인수형장기에요. 첫달부터 최대 개월까지 렌탈료를 .로 페이백 받는 방식이랍니다.], 긍정 텍스트 확률 : 97.16%"
"[ 어떤 제품이 있는지 살펴보니 의외로 마눌이가 넘 갖고 싶어하는 아이템이 많아서 눈이 핑핑 돌아가더라구요. 빵을 촉촉하게 구워준다는 발뮤다 토스트기. 이것도 꼭 써보고 싶었던건데 플레이스테이션와 에어팟], 긍정 텍스트 확률 : 87.97%"
"[노트북등 다소 고가의 가전제품들을 최저가로 구매할 수 있는 장점이 있어요], 긍정 텍스트 확률 : 61.19%"
"[ 월 일부터 새로운 묘미프리위크 탄 엄마들의 로망 스토케유모차부터 맥시코시 카시트], 긍정 텍스트 확률 : 89.53%"
"[ 빠른 배송으로 우리집에 도착한초경량 휴대용유모차 쿨키즈어머...이거 므야왜이리 가벼워 ], 긍정 텍스트 확률 : 52.19%"
"[칼라가 가지인데요전 차콜그레이를 선택했어요블루는 왠지 남자아이같아서 ㅎㅎㅎ ], 긍정 텍스트 확률 : 67.86%"
"[ 키로 심통양대자로 누워서 동영상시청중...저러고 한참 앉아서 있더라구요내려오라니 안내려온다며엄마 힘쓰게 만들던 심뽕양... ], 긍정 텍스트 확률 : 63.43%"
"[ 저희아기는이제막개월에접어든남자아기예요유모차는원래생각지도않다가주변에아는언니권유로늦게나마 사게된맥클라렌의실사용후기를남겨보려합니다... ...? 본문 이미지우선 넉넉한크기에 한번 반하고부드러운 핸드링에 또한번 반하고ㅋ... ...? 본문 이미지크기에비해 폴딩도 쉽고 간단하며어느길에서 안정감있어 아가가 잠들면 쉽게 깨질안네요... ...? 본문 이미지이렇게 편한 유모차를 왜이제야사서 쓰고있는건지..이상허접하지안 솔직담백한 맥클라렌사용후기였습니다], 긍정 텍스트 확률 : 96.34%"
"[ 나눔받아 잘쓰고 재나눔해 드립니다.사용감은 있구요 무거운편이지만 덜 흔들리는거 같고막쓰기엔 좋아요받았을때 상태와 크게 다르지 않습니다필요하신분 드릴께요...... ......? 본문 이미지...... ......? 본문 이미지★★★★★ 위례맘홀릭 체험단 보러가기 ★★★★★ . .★★★★★ 위례맘홀릭 이벤트 보러가기 ★★★★★ . . 나눔해요 게시판 규정절친이상 이용가능나눔받음은 절친이상이고 게시글이 개 이상인 경우만 가능나눔하시는 회원분들은 활동하시는 분에게 나눔바람.나눔받음 신청은 댓글로만 신청가능채팅이나 쪽지는 해당안됨나눔받음은 월회로 제한.릴레이 나눔할 경우 나눔받음을 계속적으로 이용가능나눔완료 후], 긍정 텍스트 확률 : 60.93%"
"[나눔완료로 말머리 변경과 나눔받은 닉네임을 제목에 작성 필수.나눔의 기본은 선착순이 아님나눔받음 후 후기필수 이웃간의 마음을 나누는 일이니 꼭 써주시기 바랍니다지속적인 후기 미작성시 활동정지될 수 있음나눔횟수에는 제한없음. 단 상품홍보로 이용할시 제한나눔받음 후 타카페에서 되파는 행위 금지적발시 영구활정★★★★★ 위례맘홀릭 체험단 보러가기 ★★★★★ . .★★★★★ 위례맘홀릭 이벤트 보러가기 ★★★★★ . .], 긍정 텍스트 확률 : 84.24%"
"[ 둘째가 태어나고 가볍고 가성비 좋은 유모차를 찾던 중], 긍정 텍스트 확률 : 58.04%"
"[ 기내 반입도 되고 핸들링도 최고라는 타보 베이직 트랩유모차를 구입하게 되었어요 ㅋㅋ와이업 올뉴지니와 타보 중 고민하다가타보 최신 년형 베이직 트랩을 구입했는데 정말 대만족이에요현재 아기 개월인데], 긍정 텍스트 확률 : 99.84%"
"[태워보니 아기가 보채지도 않고 편해하네요핸들링도 좋고 밑에 장바구니도 넓어서 기저귀 가방 및 장본 물건을 넣어두기도 좋을 것 같아요무엇보다 가벼워서 접었다 펴기도 쉽고 소형차 트렁크에도 충분히 들ㅇ가요어차피 신생아때는 외출할 일이 없고 간혹 외출할 때는 겉싸개나 아기띠로 다니게 되고 다가오는 봄쯤 되면 아기가 개월쯤 되니 그때부터 클때까지는 유모차 다른 걸로 안바꾸고 이것으로 주욱 사용할 수 있게 될 것 같아서 가성비 너무 좋은 것 같아요 ㅋㅋ휴대용 치고는 핸들링도 좋고 너무 가벼운 티도 안나고 디자인도 좋아요저는 올블랙 했는데 만족해요휴대용 유모차 고민이신분들타보베이직트랩저는 개인적으로 너무 마음에 들어 추천해요 ], 긍정 텍스트 확률 : 98.90%"
"[안녕하세요오늘은 신박한 육아아이템 소개할게요바로 에이블 아미고 트라이크유모카 입니다.구매는 이곳에서 가능합니다. ...?...? ], 긍정 텍스트 확률 : 69.89%"
"[ .?씨투엠뉴씨투엠뉴에이블아미고트라이크에이블유모카트라이크휴대용유모차국민트라이크유모카폴딩체어유모차추천접이식유모차기내반입유모차육아는장비빨맘스타그램육아소통육아육아스타그램인스타키즈 ], 긍정 텍스트 확률 : 59.28%"
"[ 에이블 아미고 트라이크의 장점을 느낄수있어요. ], 긍정 텍스트 확률 : 54.57%"
"[ 열어보니 꼼꼼하게 다시한번 비닐로 포장되어 있었어요.저는 딸아이랑 해외여행을 많이 간 편이에요 .?아기랑해외여행아기랑해외여행 을 곧 월에도 가는데요.이번에 갈땐 우리딸 개월인생에 네번째 해외여행이 되겠네요. ], 긍정 텍스트 확률 : 98.76%"
"[ 폴딩되어있는 크기는 정말 컴팩트해요제가 유모카에 관심을 갖게된건 지난 월 쿠알라룸푸르 여행때 부터 였습니다.말레이시아 쿠알라룸푸르는 큰 대도시이긴하지만 그래도 우리나라만큼 엘레베이터나 리프트가 잘 되어있지 않아요.그래서 육교를 건널때 휴대용 유모차를 접어서 들고], 긍정 텍스트 확률 : 68.19%"
"[아기도 안고 육교를 건너느라고 정말 어깨랑 팔이랑 허리가 부러지는줄 알았거든요.휴대용 유모차로는 확실히 불편함이 많았어요.쉽게 접고 펴고 할 수 있는 더 작고 가벼운 유모차 가 있었으면 좋겠다 싶었지요. ], 긍정 텍스트 확률 : 92.78%"
"[ 그래서 알아보니 씨투엠뉴 에서 에이블 아미고 트라이크를 판매하고있었어요저는 보자마자 바로 이거다], 긍정 텍스트 확률 : 67.70%"
"[ 어멋 이건 꼭 사야해 싶더라구요.아기랑 외출이 잦은 저에게 꼭 필요한 용품같았어요.육아는 장비빨이라고 하잖아요 정말 폭풍공감하는 부분이에요. ], 긍정 텍스트 확률 : 99.43%"
"[ 초간편 원터치폴딩이라초면 쉽게 접었다 펼수 있어요 ], 긍정 텍스트 확률 : 68.84%"
"[ 좌석 아래 하부에는 삼각망이 있어서간단한물품들을 보관할 수 있어요. ], 긍정 텍스트 확률 : 60.29%"
"[ 고급 우레탄 바퀴라서아기의 승차감이 편하고 좋은 것같아요. ], 긍정 텍스트 확률 : 80.69%"
"[ 씨투엠뉴에서 구매시가 보장되니깐해외직구말고 안전하게 사이트에서 사는게 좋더라구요. ], 긍정 텍스트 확률 : 84.87%"
"[ 설명서와 보증카드에요. ], 긍정 텍스트 확률 : 85.68%"
"[ 개월 우리아기가 너무 편안한지좋아해요 ], 긍정 텍스트 확률 : 93.91%"
"[ 핸들링이 너무 스무스하고부드러워요❤ ], 긍정 텍스트 확률 : 51.50%"
"[ 아기도 편안한지 방긋방긋 잘 웃고 있어요. ], 긍정 텍스트 확률 : 76.36%"
"[ 날씨가 아주 따뜻해서집앞 산책했는데요아기가 편안하게 잘 앉아있었어요. ], 긍정 텍스트 확률 : 87.39%"
"[ 에이블 아미고 트라이크 완전 강추합니다 .?씨투엠뉴씨투엠뉴에이블아미고트라이크에이블유모카트라이크휴대용유모차국민트라이크유모카폴딩체어유모차추천접이식유모차기내반입유모차육아는장비빨맘스타그램육아소통육아육아스타그램인스타키즈 ], 긍정 텍스트 확률 : 60.49%"
"[베이비플스 두 곳을 방문해보기로 결심. .매장방문 전 전화문의를 했더니 베파에서는 타보제품은 취급안하고 양대면 유모차급으로는 시크 롤리팝뿐이라고..카시트를 이곳에서 산지라 유모차도 이곳에서 사고싶었는데 직원분이 너무도 판매의욕이 없는 목소리라 알겠다하고 끊음..결국 베이비러스 별내점에서 설명도 듣고 이리저리 확인해본 후 빠르게 구입했당. 내가 원하던 딥블랙 실버가 마침 하나 남아있어서 이건 운명의 데스티니인가 했음....느낀 점..절충형과 휴대용의 차이인가..맥클라렌이 엄청 튼튼한 느낌이라 그런건가..이노스핀을 몰고 갈때 손과 손목에 자꾸 힘 들어가서 마트산책을 하고났더니 안그래도 쑤시는 손목이 아주 죽을 지경이었다..이건 뭐 내가 서툴러 그런거니 패스. 하루 더 써보고 추가.자전거전용길처럼 노면이 매끄러운 곳에서는 상당히 쉽게 몰 수 있었다. 어제는 마트 이후에 울퉁불퉁 오르락내리락하는 노후된 인도에서도 부지런히 끌고다녔다보니 손목이 더 힘들었나봄.아파트단지나 공원산책길에서는 편안히 끌고 다닐 수 있음. 어제 오늘 빡세게 다녀봤더니 바퀴가 꽤나 볼품없어져버렸다.... 타보 이노스핀과 엔픽스 브리즈 차이 물어보시는 분들 계셔서 추가해요.타보는 회전형], 긍정 텍스트 확률 : 98.44%"
"[시트를 돌려서 전환하는 방식이고 엔픽스는 탈착식인 점시트부를 들어서 다시 거꾸로 끼우는게 불편할것같았습니다. 실제로 이노스핀은 식당에서나 산책중에 아기를 태운채로 시트를 돌릴수있어서 편하긴하더라구요. 등받이 사이드부도 두모델이 달랐어요. 이노스핀이 좀더 감싸주는 느낌이라 아늑한 대신 큰애들은 갑갑해할것도 같아요. 물론 저는 아기가 어려서 이노스핀에 마음이 더 기울었습니다.핸들링은 매장에서 비교했을땐 두 모델에 차이는 크게 없었어요 마주보고 가니 안심이 되어 좋고], 긍정 텍스트 확률 : 89.13%"
"[ 접는건 익숙해져야겠지만 무튼 간편하고], 긍정 텍스트 확률 : 51.42%"
"[ . 으로 아주 건강하게 태어난 우리 도토리💕그 후 나는 꼬리뼈 통증이 너무 심해져서아직도 끙끙거리며 힘들어하고 있다ㅠㅠ그래도 우리 도토리이제는 엄재윤 유모차는 얼른 사야지 싶어서남편 회사 동기분이 추천해주신청담동에 있는하이베베 에 가게 되었다 ], 긍정 텍스트 확률 : 96.93%"
"[ 들어가자마자 아주 많은 유모차들이 반겨주었다 ], 긍정 텍스트 확률 : 55.66%"
"[ 위 사진의 시트가 정말 도로 회전이 되서옆으로 놓으면 음식점이나 아쿠아리움 같은데서너무 좋을 것 같았다그리고 시트도 완전히 뒤로 눕힐 수 있어서너무 좋아 보였다 ], 긍정 텍스트 확률 : 71.47%"
"[ 그리고 무엇보다 핸들링과 흔들림아주 중요하다고 생각했는데정말 너무 부드러운 핸들링에 놀랐고다른 유모차에 비해 흔들림이 적어서 너무 마음에들었다 ], 긍정 텍스트 확률 : 99.53%"
"[ 그 밖에 시트도 메모리폼이라 너무 편안해 보였고키작녀인 나에겐 그닥 필요하지 않은 핸들 높이 조절이지만...ㅋㅋㅋㅋ그래도 키크신 분들에겐 유용한 기능일 것 같다설명을 다 듣고.....남편이랑 아주 혹해서ㅋㅋㅋㅋㅋ다른 유모차도 쭉 봤지만 눈에 들어 오지 않았다.... ], 긍정 텍스트 확률 : 66.21%"
"[ 그리고 또 너무 매력적이었던.... ], 긍정 텍스트 확률 : 97.65%"
"[시트를 선택 할 수 있다는 점프레임은 블랙], 긍정 텍스트 확률 : 57.33%"
"[ 멜란지 타입의 시트], 긍정 텍스트 확률 : 52.07%"
"[선쉐이드를 선택하시면 좋을 것 같았다남편과 나는 직원분을 세상 귀찮게 해드리며...이것저것 프레임부터 시트], 긍정 텍스트 확률 : 66.25%"
"[ 아직 새거라 선쉐이드가 구겨져있지만펴놓으면 될것같다크으 보기만 해도 이쁜 유모차ㅠㅠㅠㅠ그리고 또 장점이ㅋㅋㅋㅋㅋㅋ자꾸자꾸 나오는 트랜스포머 유모차카시트와 호환이 된다는 점우리가 살 땐 프로모션이유모차], 긍정 텍스트 확률 : 84.01%"
"[카시트를 함께 구매할 경우 사은품으로선택 패니어양쪽추가장바구니. 카시트레인커버카시트용모기장카시트용신생아쿨시트이너시트카시트.시력보호커버유모차용악세사리종선택 배시넷이었기 때문에 카시트도 함께 구매 하게 되었다 ], 긍정 텍스트 확률 : 58.19%"
"[ 위 사진 처럼 생겨서 카시트의 시트 자체를 떼서유모차에 끼울 수 있는 신세계가ㅋㅋㅋㅋ카시트도 역시 도로 회전이 가능해서유모차처럼 이용 할 수 있다개월까지 사용 할 수 있다고 하니부지런히 다녀야 할것 같다 ], 긍정 텍스트 확률 : 94.48%"
"[ 재윤이가 남자아이라 하늘하늘한 유모차로 선택진짜 유모차 샀는데 너무 알찬 구성이라 대만족이었다ㅠㅠ그 밖에도 하이베베엔 여러 유아용품를 판매하고 있었다 ], 긍정 텍스트 확률 : 94.46%"
"[ 직원분이 너무 친절하게 설명도 잘 해주시고엄청 귀찮게 이렇게 보여주세요 저렇게 보여주세요 했는데괜찮다고 하시면서 하나하나 다 설명 해주셨어요매장에서 바로 유모차], 긍정 텍스트 확률 : 94.83%"
"[카시트 조립해주시고카시트는 바로 차에 설치 완료몇일 전 날이 좋아서몇번 유모차를 태웠는데요아주 편안하게 잘 타더라구요 ], 긍정 텍스트 확률 : 90.86%"
"[ 날이 얼른 풀려서더 많이 다니고 싶네요 ], 긍정 텍스트 확률 : 78.18%"
"[ 다음에 아기 용품 또 살게 있으면청담 하이베베로 가야겠어요 내 돈 주고 내가 직접 사서 내가 쓰는 후기였습니다.?오르빗오르빗.?유모차유모차.?유모차추천유모차추천.?청담하이베베청담하이베베.?하이베베청담점하이베베청담점디럭스유모차신생아유모차 ], 긍정 텍스트 확률 : 71.58%"
"[년에 딱 한번만 찾아오는 절호의 찬스♥ 세피앙몰 패밀리 세일 ], 긍정 텍스트 확률 : 99.57%"
"[ 월 일금부터 일수까지진행되는 세피앙몰 패밀리 세일에서놀랍도록 화끈한 가격과푸짐한 이벤트 경품까지 모두모두 챙겨가세요 ], 긍정 텍스트 확률 : 93.67%"
"[하비 구매 고객 미니버기유모차 증정 ....지금 바로 세피앙몰로 고고씽역대급 할인혜택과 경품 받아가세요 ], 긍정 텍스트 확률 : 94.03%"
"[ 트렁크에 놔두고 아기 하원해서요 .사진이없어서 죄송해요 깜빡할까봐 후기남겨요 살 첫째가 샘내서 유모차를 다 처분하는바람에살 데리고다니기 너무힘들었는데좀커서 사기도 뭐하고 어쩔까하다가.좋은드림을 받았어요감사해요], 긍정 텍스트 확률 : 74.52%"
"[유아장난감으로 추천 ], 긍정 텍스트 확률 : 77.96%"
"[개월 우리 아가 요즘 이거에 푹 빠져있는 인형유모차에요 걸으마 시작하면 보통 끌고 다니는거 엄청 좋아하는데요 사진 투척. ㅋㅋ개월때였네요. ㅋㅋ 이때부터 엄청 좋아했던 기억이.. ㅋㅋ ], 긍정 텍스트 확률 : 99.95%"
"[ 맥클라렌 인형유모차 가 있어서 바로 겟겟], 긍정 텍스트 확률 : 73.27%"
"[사이즈 대박 콤팩트], 긍정 텍스트 확률 : 89.27%"
"[그리고 가벼워여인형만 타는 유모차인데요 휴대용유모차 몇 개 써봐서 유모차 잘 아는데..인형유모차인데 디테일이 아주 좋더라고요 진짜 유모차라고 해도 믿겠어요 ㅋㅋㅋ ], 긍정 텍스트 확률 : 98.87%"
"[안 보고 대충 해서..ㅋㅋ 깜빡했어요설명서 안 보고 해도 아주 쉬워요], 긍정 텍스트 확률 : 79.78%"
"[뒷부분 다시 열고 이 부분 다시 꽂은 다음에 다시 장착. ㅋㅋㅋㅋㅋ하려는데.. 우리 딸래미 먼저 스틸 ], 긍정 텍스트 확률 : 98.41%"
"[엄마가 자기한테 한 거 그대로.ㅋㅋ아. 넘 귀여워. 엄마가 알려주지도 않았는데], 긍정 텍스트 확률 : 62.92%"
"[어쩜 다 잘 아는지.. 잠시 한눈 파는 사이에 가져다가 다시 양옆에 다시 끼우고], 긍정 텍스트 확률 : 78.56%"
"[나도 나도 할 거야 하는 거 같아요 이거 엄마가 해주는 거처럼 안전벨트도 다시 잘 묶어주고 ㅋㅋㅋ 아이 귀여워], 긍정 텍스트 확률 : 93.48%"
"[안전하게 해주는 거 같았는데 고새 꺼내서 토닥토닥 내새끠 ㅎㅎㅎㅎ 엄마가 하는 건 다 하는 우리 딸내미 ㅋㅋㅋ 세젤귀 ], 긍정 텍스트 확률 : 58.99%"
"[ 유모차가 가벼워서 아기가 끌고 다니기 어렵지 않아요 힘자랑하는 딸내미 ㅋㅋㅋㅋ ], 긍정 텍스트 확률 : 61.97%"
"[ㅋㅋㅋㅋㅋ 귀여워 장 다 봤으니깐 이제 집으로], 긍정 텍스트 확률 : 87.73%"
"[요즘은 잘 걸으니 안 걸으려고 안아달라고 하는데 인형유모차 덕분에 잘 걷는 아가가 되서 엄마가 넘 행복해 ㅎㅎ ], 긍정 텍스트 확률 : 94.95%"
"[톡톡친구 하면할인쿠폰도 있으니 아기유모차 살 때 여기 이용하세요 ], 긍정 텍스트 확률 : 89.47%"
"[상자크기보고 놀랐었어요 역시 ], 긍정 텍스트 확률 : 86.89%"
"[오픈하니 필요한 구성품이 다 들어가 있었어요.사실 오르빗 유모차 알아보면서 카시트도 같이할까했었거든요.아기가 차에서 잠들면 그 카시트채 빼서 유모차에 호환시키려구요.저는 그 부분만 생각해서 괜찮다생각했는데 유모차 상담 받으러 갈 때 남편이 따로 알아봤는데 호환되는 카시트는 신생아때쓰는 바구니카시트라 오래 못쓴다고 개월까지라하지만 실상은 그만큼 채우지는 못할거라고 어차피 카시트 주니어때 한번 바꿔야하는데 바구니 쓰면 두번 바꿔야하는 일이 생길 거라고 그럼 실용성면에서 좀 아쉽다고 하더라구요.그 얘기 들으니 이해되면서 받아들였어요.그래서 경제적이면서 괜찮은 카시트 없나 보다가 추천받은게 바로 브라이텍스 어드보케이트카시트계에서 명품이죠 ㅋㅋ아기가 어릴때는 후방으로 하잖아요.이 카시트는 앞에 막아주는 바가 하나 더 있어서 설사 앞으로 고꾸라지는 충격이 있어도 한번 더 보호해줘요.세부터 세까지 쭉 쓸 수 있도록 조절 가능해서 오히려 경제적이예요.우리나라가 세까지 카시트 의무화되어있어 중간에 주니어로 바꿔줘야하고 그럼 싸게 카시트를 산다해도 만원인데 두번이니 이잖아요. 브라이텍스는 그 금액보다 적으면서도 장기적으로 사용할 수 있어 너무 좋은거 같아요.그리고 요즘 차에는 다 아이소픽스 되어있어서 끼는 식인데 요 제품은 그것도 되고 벨트로도 고정이 가능해요매니저님이 벨트로 고정해주셨는데 대박작은 움직임도 없이 딱 고정되더라구요흔들림 없는 모습에 반했어요.ㅋㅋ 칼라는 몇칼라 보여주셨는데 카시트도 역시블랙이 진리쥬 ㅋㅋ ], 긍정 텍스트 확률 : 98.22%"
"[옆에 보면 각도 조절 몇단계로 가능해요 ], 긍정 텍스트 확률 : 54.88%"
"[이 줄을 어깨에 매면 되요뒤쪽에는 파우치도 있어서 물건 더 넣을 수 있구요 ], 긍정 텍스트 확률 : 66.00%"
"[매장에서 매니저님이 알려주신 팁인데 여름때는 시트를 다 뒤로하고 뒤에 있는 파우치랑 싹 위로 올려버리면 앞뒤 바람이 솔솔 불 수 있게 다 오픈이 되더라구요.집에서는 안해봤지만 나중에 실질적으로 해보려구요], 긍정 텍스트 확률 : 90.64%"
"[한껏 또 밀어봅니다 ㅋㅋㅋㅋㅋㅋㅋ아 청담 하이베베에선 구입 금액의 를 적립금으로 받을 수 있는데 그 적립금으로 다른 물건 또 살 수 있었어요.저희는 유팡 젖병소독기가 필요해서 사려고 했는데 여기도 있어서 적립금으로 금액을 좀 줄여서 베페나 다른 할인매장보다 훨씬 저렴하게 구입했어요 ㅋㅋㅋ유팡플러스 알아봤었는데 크기가 더 커진 것 뿐 크게 달라진 게 없다는 의견들이 가는곳마다 있었고 또 약간 냄새가 난다는 단점도 있어서 저희는 그냥 기본으로 그리고 모유수유가 목표라 기본 젖병소독하고 치발기 아기용품들 그냥 소독하기엔 저 사이즈가 나을 거 같았어요. ], 긍정 텍스트 확률 : 80.07%"
"[우리집 정수기옆에 ㅋㅋㅋ아직은 꺼내놓지 않았지만 나중에는 여기에 자리잡겠죠 ㅋㅋ유팡이 젖병소독기로 인증받았다고 해서 다른 제품은 보지도 않았어요.예전에 봤을 땐 형광핑크 그린 머 그런색이라서 촌스럽다생각했는데 그레이가 나와서 참 좋아요.이렇게 택배온 후기 엄청 남겼네요 ㅋㅋㅋㅋ이제 자잘한 물품들 사야하는데 일단은 지켜보다가 월말에 있는 코엑스 베페 가보려구요그래도 차근차근 준비해가는 재미가 있네요단풍이를 생각하며 즐겁게 하고 있답니다.저희와 비슷한 구성 생각하신다면 청담하이베베 추천해요. 여기가 직영점이라 더 좋은거 같아요.ㅋㅋ ], 긍정 텍스트 확률 : 90.00%"
"[작년 가을에 샀는데 개월 지나서 남기는 후기입니다.], 긍정 텍스트 확률 : 85.04%"
"[구입 당시 위의 이미지처럼 패드가 포함되지 않아서], 긍정 텍스트 확률 : 78.65%"
"[되어 있었다], 긍정 텍스트 확률 : 84.79%"
"[. 다행..패드 따로 구매시 불에 판매되고 있음 ], 긍정 텍스트 확률 : 72.01%"
"[공간이 넉넉해서 유모차 끌고 장 보러 갈 때 아주 유용하다핸들링 또한 정말 좋음 ], 긍정 텍스트 확률 : 93.22%"
"[유모차 접었을 때 어깨에 멜 수 있는 걸이가 있다실제로 유모차 접어서 어깨에 메고아기 앉고 마을버스 탄 적이 있는데엄청 힘들다 경량이라 하지만 절대 시도하지 마시길유모차는 어깨에 메서는 안된다. 무조건 끄는 걸로.......... ], 긍정 텍스트 확률 : 88.08%"
"[만능?유모차 커버 파는 마니또 사이트를 알아냈다 ....맥클라렌 마크에 맞는 커버가 많이 있는데그중에 방풍 커버멜란지 알파 브라운으로 선택함소셜 사이트 뒤져보다 보면 마니또 사이트 정가보다 저렴하게 구매 가능하다. ], 긍정 텍스트 확률 : 80.82%"
"[ 방향에 따라서 아기 얼굴에 빛이 들어오는 경우가 생긴다.], 긍정 텍스트 확률 : 53.23%"
"[ 그래서 겉옷을 얹혀서 볕을 막은 적 있음 빨래 널어놓듯이 ㅋㅋ], 긍정 텍스트 확률 : 69.83%"
"[ 초경량 휴대용 유모차로는 정말 괜찮은 제품이다.], 긍정 텍스트 확률 : 73.13%"
"[ 그전에 저가 제품 아발론 끌다가 바꿨더니 더없이 좋기만 함 ㅋㅋㅋ], 긍정 텍스트 확률 : 66.89%"
"[ 역시 비싼제품이 낫다], 긍정 텍스트 확률 : 53.36%"
"[ 일단 후기 끝], 긍정 텍스트 확률 : 50.85%"
"[구매해서 올린 리뷰입니다 ], 긍정 텍스트 확률 : 84.40%"
"[와.. 달라요 달라 만원짜리랑은차원이 다르대요스틸??? 저 대가 완전 튼튼해요사실 선물받은 유모차는오래 밀고다녀근가 쑥쑥이가 다니다보면고정부분이 빠지니 자꾸 접혀요그래서 계속 다시 끼워주고 끼워주고 ], 긍정 텍스트 확률 : 95.86%"
"[펴지는거 보이세요??완전 튼튼해서 적당한 힘을 줘야하고요 ], 긍정 텍스트 확률 : 50.33%"
"[바로 요 부분이 문제였어요 근데 맥클라렌 인형유모차 엄청 튼튼해서힘을 꽤 줘서 고정시켜야하는대신절대 안빠져요그런데 오른쪽 윰차는 하늘색 부분이자꾸 빠져서... 진짜 쑥쑥이가 쉽게승질내는 스탈 아니고 아들이라 글치참다참다 소리소리 질렀을것 같아요 ], 긍정 텍스트 확률 : 65.06%"
"[쑥쑥이가 크면서 자기것을분명히 기억하기도 아가때껀 어스름풋한것도 있고 엄마는 잘 알잖아요그래서 돌전 장난감은 모두 넣어둔지오래라서 별이꺼라고 꺼내줘도 괜찮더라구요그런데 인형유모차도 분명 맥클라렌새로온걸 쑥쑥이 줘도 되었겠지만은이번에 들키면서도 본인이 분명 선택한것.그러니 저는 이거 오자마자별이꺼라고 지정해줬어요둘째라고 무조건 물려쓰기만하고첫째는 무조건 다 가지는건 아니라고생각했고요], 긍정 텍스트 확률 : 81.29%"
"[진짜 너무 좋아해요아무래도 디럭스급은 아니기에 ㅎㅎ밀다가 아기들이 휘청하면은손잡이부분밀다가 고꾸라진다고해야하나간혹 그럴땐있는데 별이도 이제돌이 가까우니 잘 밀고다녀서걸음마보조기 급 되고요ㅎㅎㅎ ], 긍정 텍스트 확률 : 66.42%"
"[원래 있던거랑 비교해서 딱 한가지 아쉬운건바구니가 없네요 아 이거 진짜 중요한건데장바구니는 필수인데ㅋㅋㅋ그것말고는 디테일은 정말안전벨트까지 훌륭하고요밀다가 넘어질수 있는건 디럭스아니면어쩔수없는듯요 ㅋㅋㅋㅋㅋ요건 돌개월쯔음 장난감으로사주셔도 좋을듯요층간소음만 아니라면ㅋㅋ밤에도 막 보이면 끌고다니거든요ㅠㅠ ], 긍정 텍스트 확률 : 90.53%"
"[업체로부터 상품만을 무상제공받아서 솔직하게 쓴 후기입니다 둘째 선물 감사합니다 ], 긍정 텍스트 확률 : 86.09%"
"[파랑파랑 화려하다. ㅋㅋㅋ ], 긍정 텍스트 확률 : 60.65%"
"[ 집에서 굴려보니 우리집 더럽구나...바퀴가 금방 더러워짐 ㅋㅋㅋ유모차를 집안에 두니 점점 집이 좁아진다. ㅋㅋㅋ], 긍정 텍스트 확률 : 75.52%"
"[휴대가 용이한 유모차를 원한다면 멕클라렌의 사용을 고려해보세요. ], 긍정 텍스트 확률 : 66.90%"
"[ 유아장난감 맥클라렌 인형유모차 개월 남자아기도 좋아함 ], 긍정 텍스트 확률 : 89.01%"
"[안녕하세요복복이맘 달곰입니당집에 장난감 더이상 안들일려고 했는데....주방놀이 인형놀이에 부쩍 열을 올리는 것을 보고멕클라렌 인형유모차 데리고 왔어요 ㅋㅋㅋㅋㅋㅋㅋㅋㅋ사실 색상도 모델도 여자 아기가 밀고다니기에여아꺼라는 인식이 강한 유아장난감이라 반신반의했거든요안되면 나중에 어린이집에 가져다 주지뭐. 했었는데너무♥ 너무♥ 잘 가지고 놀아요 ], 긍정 텍스트 확률 : 98.93%"
"[원래 유모차를 타고 다녀고 뒤에서 끌고 싶어했었거든요딱 알맞은 사이즈로 축소되어 나와 너무 좋았답니다 ㅋㅋㅋㅋㅋㅋㅋㅋ 진짜 너무 잘 쓰고 있어서 사진 많음 주의 말 많음 주의 ㅋㅋㅋㅋㅋㅋㅋㅋㅋㅋㅋㅋㅋㅋㅋㅋㅋㅋㅋ ♡♡ ], 긍정 텍스트 확률 : 73.07%"
"[맥클라렌 잘 몰랐는데 유모차 브랜드로 유명하더라구요영국의 윌리엄 왕자가 유년시절 애용했던 것으로 널리 알려지면서세계명품브랜드 선정 황실유모차라는 애칭을 얻게 되었데요 ㅎㅎㅎㅎ], 긍정 텍스트 확률 : 82.84%"
"[아이들 유아장난감으로 나왔는데], 긍정 텍스트 확률 : 67.77%"
"[차양막이랑 안전벨트까지 완벽하게 ], 긍정 텍스트 확률 : 88.55%"
"[ 사이즈는세로가 한제 손이랑 비교해봤는데 완전 앙증 맞음 ㅋㅋㅋㅋㅋ 디테일보고 무겁겠지 했는데 ], 긍정 텍스트 확률 : 52.80%"
"[무게가 가벼워서 깜짝놀랐어요], 긍정 텍스트 확률 : 64.71%"
"[복복이가 막 들어서 끌고 다니는거 보니까 아이들이 들기에도 가벼운가봐요 ], 긍정 텍스트 확률 : 80.75%"
"[인형유모차 펼쳐서 옆에 고정하는 부분맬클라렌 로고가 밖으로 나오게 돌린 다음 밑으로 내려서 고정시켜주면 되요 ], 긍정 텍스트 확률 : 77.09%"
"[ㅋㅋㅋㅋㅋㅋㅋㅋㅋㅋㅋㅋㅋ진짜 너무 웃겨서 기절 할 뻔 ㅋㅋㅋㅋㅋ 앙다문 표정으로 진지하게 유모차 끄는데 ], 긍정 텍스트 확률 : 73.06%"
"[ 너무 귀여워 ], 긍정 텍스트 확률 : 96.22%"
"[개월 남자아이 취향저격 했고요성별 상관 없이 잘 가지고 놀 수 있는 유아장난감 가격대비 디테일도 진짜 대박이라 선물용으로도 추천합니당디테일 보여드리께용쨍한 핑크컬러에 귀여운 무늬가 화려하게 박혀 있어서 사실 여자아이들이 더 좋아할 것 같아요 ㅋㅋㅋㅋㅋㅋ하지만 남아에게도 어필 가능한 디자인 ], 긍정 텍스트 확률 : 99.81%"
"[뒷 모습중앙에 영국국기가 달려 있는맥클라렌 텍이 달려있어요 ], 긍정 텍스트 확률 : 56.24%"
"[손으로 앞으로 당기면 차양막 조절 할 수 있어요 ], 긍정 텍스트 확률 : 63.57%"
"[장난감 유모차 안전벨트는앞에 버클로도 조절할 수 있고 ], 긍정 텍스트 확률 : 64.36%"
"[윗 쪽에 찍찍이를 분리 시켜서쉽게 채울 수도 있어요 ㅎㅎㅎㅎㅎㅎ ], 긍정 텍스트 확률 : 63.32%"
"[바퀴도 진짜 잘 나가요아이가 끌고 다니는 거 보면 알 수 있듯정말 가볍고 잘 밀리더라구요 ], 긍정 텍스트 확률 : 72.48%"
"[ㅋㅋㅋㅋㅋㅋㅋㅋㅋㅋㅋㅋㅋ쥬스 마실 때도 옆에 ], 긍정 텍스트 확률 : 63.96%"
"[인형 태우고 역할놀이 굿이에용 ㅎㅎㅎㅎ ], 긍정 텍스트 확률 : 89.93%"
"[제가 인스타에도 후기 올렸는데], 긍정 텍스트 확률 : 80.05%"
"[ 아이가 너무 좋아해서 오래 사용할 것 같아용잼버스몰에서 할인하니까해택 챙겨보세요 ▽▽.. .. ], 긍정 텍스트 확률 : 59.11%"
"[오늘도 화이팅입니당주말 잘보내세요 ♡♡끝 ], 긍정 텍스트 확률 : 99.52%"
"[ 돌아기장난감 맥클라렌 인형유모차 남자아기 ], 긍정 텍스트 확률 : 66.10%"
"[돌아기장난감맥클라렌 인형유모차남자아기 장난감으로도 추천 ], 긍정 텍스트 확률 : 73.06%"
"[맥클라렌 인형유모차는 실제 유모차처럼 접고 펼 수 있어요펴는 방법은 유모차 바퀴쪽을 내려서 옆면과 하단의 고정장치를 눌러주는 것으로 간단접어서 보관하면 공간차지도 많이 안해요. ], 긍정 텍스트 확률 : 56.51%"
"[유모차가 십자형으로 단단히 고정되며 실제 유모차처럼 튼튼해서 아기가 갖고 놀기에 안전해요. ], 긍정 텍스트 확률 : 57.67%"
"[유모차를 펴면 이렇게 앙증맞은 유모차가 나타나요장난감 유모차지만 디테일함이 곳곳에서 보여요. ], 긍정 텍스트 확률 : 58.10%"
"[유모차 손잡이가 잡기 편하고 그립감이 좋아요.바퀴도 잘 끌리고 튼튼 ], 긍정 텍스트 확률 : 81.21%"
"[맥클라렌 로고가 여기저기 멋스럽게 디자인되어 있어요. ], 긍정 텍스트 확률 : 65.84%"
"[유모차시트도 귀여운 무늬로 되어있고 동물들이 그려져있어서 아이들이 좋아할만해요. ], 긍정 텍스트 확률 : 94.14%"
"[유모차 마음에 들어요♥ ], 긍정 텍스트 확률 : 99.78%"
"[유모차가 가벼워서 매트 위를 올라갈 때는 들어서 올라가고 자유롭게 방향전환하며 끌고 다녔어요. ], 긍정 텍스트 확률 : 51.21%"
"[처음 개시한 날 뿐만 아니라 갈수록 더 잘 갖고 놀아요유모차에 인형 태우고 예뻐하며 안아주고 역할놀이도 해요 ], 긍정 텍스트 확률 : 55.87%"
"[젤리캣 버니랑 산책가요 ], 긍정 텍스트 확률 : 51.44%"
"[며칠 갖고 놀았다고 유모차를 다양하게 갖고 놀려고 해요ㅋㅋㅋ ], 긍정 텍스트 확률 : 50.91%"
"[아기가 흥미없어해서 방치되는 아기장난감도 있는데 이건 잘 갖고 노니 참 좋아요 ], 긍정 텍스트 확률 : 51.36%"
"[재밌는지 웃으면서 한참을 이러고 놀았어요.여자아기장난감이라고 생각할 수 있지만 남자아기인데 좋아하며 잘 갖고 놀아요 ], 긍정 텍스트 확률 : 99.45%"
"[막 걷기 시작할 때 걸음마보조기처럼 밀고다니는 장난감 좋아하니 돌아기장난감으로 딱이후로도 역할놀이도 하며 놀 수 있어서 큰 아이들한테도 맥클라렌 인형유모차 괜찮아요 ], 긍정 텍스트 확률 : 98.92%"
"[맥클라렌 인형유모차 할인하고 있다고하니 관심 있으신 분들은 둘러보세요 ], 긍정 텍스트 확률 : 63.56%"
"[업체에서 물건을 지원받아 작성한 후기입니다. ], 긍정 텍스트 확률 : 64.50%"
"[ 유모차브랜드 맥클라렌 한달간 사용리얼후기 ], 긍정 텍스트 확률 : 83.48%"
"[유모차 조립에 나선 빈양 아부지 참 고생이 많수다ㅠㅠㅠ], 긍정 텍스트 확률 : 64.11%"
"[꽃무늬 패턴의 레인커버 등장 커버도 어쩜 이렇게 이뻐요 역시 북유럽풍 감성 디자인 이네요. 올라켈리는 어디 하나 빠지는 게 없다요 ], 긍정 텍스트 확률 : 59.89%"
"[비니는 이 상황이 재미 있는지 혼자 싱긋싱긋 자꾸 웃고 있더라구요 ㅋㅋㅋ히히히 재미 있나봐용 ㅎㅎㅎ 한달간 우리 빈양이 유모차브랜드로 최고 라는 이 아이를 사용해 본 결과는요], 긍정 텍스트 확률 : 99.79%"
"[기능면에서 최고네요], 긍정 텍스트 확률 : 96.58%"
"[앞에 만져 지는 맥클라렌 레인커버가 신기한지 빈양은 손을 쭉 뻗어 자꾸 커버를 만지네용 ㅎㅎ 귀엽둥이한손에는 애착인형을 안고], 긍정 텍스트 확률 : 86.36%"
"[놓아주지 않고 있네요 ㅎㅎ ], 긍정 텍스트 확률 : 66.79%"
"[물 한방울 튀지 않는 짱짱함 보소 ㅎㅎ 비오는 날에도 우리 빈양 외출 앞으로 끄덕 없겠어용], 긍정 텍스트 확률 : 82.34%"
"[비가 넘넘 많이 와서 걱정했던 오늘의 외출잘 놀고], 긍정 텍스트 확률 : 87.14%"
"[잘 먹고아무탈 없이 집으로 귀가 했답니다오늘도 맥클라렌 덕분에 우리 가족 행복한 나들이 되었답니다 ], 긍정 텍스트 확률 : 99.01%"
"[한달간 우리 빈양과 제가 써본 결과], 긍정 텍스트 확률 : 86.72%"
"[ 유모차브랜드의 명품이라는 말이 정도 딱일 정도로 만족 스러웠어요 우선 .의 경량 절충형으로 휴대성이 넘넘 좋고], 긍정 텍스트 확률 : 79.79%"
"[풋 베리어 사용까지 넘 실용적이었어요그리고], 긍정 텍스트 확률 : 88.39%"
"[우리 리예 태어나서 태워도 걱정 없겠어요앞으로도 쭈욱 우리 가족 잘 부탁할께 ], 긍정 텍스트 확률 : 94.25%"
"[ 유모차추천맥클라렌유모차 올라켈리 ], 긍정 텍스트 확률 : 79.58%"
"[권진구씨가 돌을 이틀 앞두고병원에 입원.하지만 컨디션 최고상태물론 지금은 퇴원을 했다. ], 긍정 텍스트 확률 : 89.18%"
"[유모차 추천올라켈리 유모차 ], 긍정 텍스트 확률 : 79.58%"
"[지난번에 포스팅 했듯이디자인이야 쨍하니 여전히 예쁜 유모차이고.... ], 긍정 텍스트 확률 : 70.15%"
"[지난번에 내장되어 있는줄 몰랐음맥클라렌 올라켈리는 저렇게 발이 빠져 나가지 않도록풋베리어 기능이 있음자는애들 발 떨어지면 되게 불편해 보이는데그런걸 아예 방지엄마맘을 참 잘 알고 있는듯거기다가 안티킥백...킥백이란 나도 몰랐는데유모차를 운행할때에유모차 차체와 보행간격이 좁아서유모차를 운전할때에 유모차 뒷 차축과엄마의 앞발이 부딪히는 현상을 이야기 한다는것.그런적 전혀 노노놉전혀 없는안티킥백세심한 유모차 같으니. ], 긍정 텍스트 확률 : 75.34%"
"[충격시 아이의 몸과 직결하고 있는 헤드쿠션과 숄더패드에도 푹신한 엠보싱 패턴 처리 ], 긍정 텍스트 확률 : 69.16%"
"[요건 캐노피 단빛이 쨍쨍할때엔 캐노피 뒷면의지퍼를 살짝 열어주면은단으로 변신되어서뽀얀 아기피부를 소중히 지켜줌. ], 긍정 텍스트 확률 : 62.13%"
"[타보 후기 ], 긍정 텍스트 확률 : 60.89%"
"[부끄럽지만멈출수 없는 나의 물욕은 유모차. 우리집에 탈것은 기본적인거 이외엗왠만한건 다 스쳐가는 집.참 비행기도 드론도 많은 우리집년전 가 팻기어를 탈때. 다들 뭐지? 싶었던 이동수단이었고 지금은 전동휠을 타고 출퇴근 하는 .그리고 나는 스토케], 긍정 텍스트 확률 : 94.68%"
"[그리고 이제 타보유모차까지. ], 긍정 텍스트 확률 : 86.17%"
"[디럭스 스토케 유모차는 신생아부터 둘째 개월 쯔음 까지 아주 잘 탔고 올 겨울 까지 보내려고 했지만 우리집 앞의 너무 탈 것이 많은 관계로 오늘 드디어 정리 완료. 스토케는 동네가 유모차 끌기 적당한 환경이라면 추천한다. 왠만큼 까탈스러운 아기도 스토케 타면 울음 뚝. 편안한 승차감은 육아하며 인맥 넓혀 맨날 돌아다닌 내가 지인아기들 잠시 태우며 경험했다. 개월 지난 요모도 가끔 스토케 타고 자고 싶다고 말할 정도로 그 승차감은 잊을수없나보다. 우리 요모랑 조모 잠에서 좀 예민한 편인데 스토케만 타면 딮 슬립이 가능했다다만 접고 펴기 불편해서 집앞에서 사용하는 용도로 사용했다.. 퀴니제프맥시코시 카브리오픽스 돌 전까지는 차에서는 퀴니제프카브리오픽스신생아 카시트 조합은 진심 강추 하고 싶다. 이것만 있으면 카시트에서 아이를 꺼내서 옮기지 않아도 되니 아이가 쭉 이어서 잘 수있는 장점으로 엄마의 외출이 편해져 가끔 찾아오는 우울함은 조금이나마 떨쳐버릴수있는 육아에서 중요한 커피같은 존재라고나 할까? 중고 조합 찾아보면 많이 비싸지 않으니 만원 이하로 충분히 준비 되는 아이템이다.미리 카시트 준비할 필요 없이 돌 전후로 신생아 카시트를 일반형 카시트로 바꿔주면 된다. 개월 조모 데리고 간 지난주 제주도 여행에서도 마크], 긍정 텍스트 확률 : 99.69%"
"[타보가 있음에도 선택한 유모차는 결국 낡아빠진 퀴니제프와 카브리오픽스.렌트카 빌릴때 카시트 빌리자니 아쉬워서 들고갔고 크게 번거롭진 않았다. 공항 주차장에서 바로 공항들어가서 수속할때 카브리오픽스 붙이고 도착하자마자 찾아서 렌트카 설치하고. ], 긍정 텍스트 확률 : 87.72%"
"[그 선택의 이유는 . 아직은 조모가 어리기 때문에 등받이 조절이 되는 유모차가 필요함.퀴니 제프도 등받이 조절은 불가하기에 남는 유모차 만큼은 등받이 조절이 가능했음 좋겠다. . 등받이 조절이 가능함으로써 애 둘을 잠시 같이 태울수있다는 점. 유모차 한대로 외출하는데 씽씽카 잘 타던 요모가 갑자기 걷지 않겠다고 선언할때가 있다. 그런 난감함.... 그럼 임시방편으로 둘을 태울일이 종종 생겼다. 유모차 두대가 아니더라도 급하게 태울수있다는 점이 강점. 물론 이런 방법은 위험하니 따라 하지 마세요 ], 긍정 텍스트 확률 : 94.04%"
"[휴대용 유모차까지 내 유모차 삼만리는 이제 아이들이 커가니 쫑이 나겠지? 차를 마음데로 바꿀순 없으니 유모차로 대리만족하는 나. 공개하기 부끄러운 포스팅이지만], 긍정 텍스트 확률 : 60.40%"
"[난 곧 유모차 두대만 남길꺼기에..이것도 물욕일까. 년년생 키우니 두대는 기본이라고 합리화], 긍정 텍스트 확률 : 70.74%"
"[나에게도 이런 과거가 있었음을 두고두고 반성하며 세월이 흘러 기억하려고 이제 사는거 진짜 그만해야지나이 들었는지 애 둘 챙기면서 처분하기 힘들다. ], 긍정 텍스트 확률 : 84.81%"
"[ 쌍둥이 유모차 추천], 긍정 텍스트 확률 : 79.58%"
"[디럭스와 휴대형의 장점을 가진 요물 유모차 ], 긍정 텍스트 확률 : 76.97%"
"[캐빈앤피터의 도도마마입니다. 출산 전에는 주말이 참 좋았는데 출산 후 독박육아하니 주말이 좀 힘드네요. 월요일이 기다려짐. ], 긍정 텍스트 확률 : 96.23%"
"[ 맥클라렌 인형 유모차♥ 크리스마스 살 여자아기 장난감선물로 딱], 긍정 텍스트 확률 : 99.32%"
"[요즘 엄마가 상태가 안좋아서.. 잘 놀아주지도 못하고너무 미안해 우리딸 ..ㅠㅠㅠ그래도 엄마가 선물을 준비했단다 .], 긍정 텍스트 확률 : 98.91%"
"[박스에 사진만 보고 이건 자기꺼라면서집 안까지 본인이 안고 들어오셨다 ..ㅎㅎ ], 긍정 텍스트 확률 : 61.62%"
"[ 뭐든 오픈하면 사진찍는 시간을 참아줬던 딸인데이번에는 제품 상세 사진 찍을 시간도 주지 않음ㅋㅋ아기 데려와서 앉힐거라고방에가서 평소에는 가지고 놀지도 않던 인형 데려오고 ㅎㅎ ], 긍정 텍스트 확률 : 59.67%"
"[역할놀이를 제대로 즐긴다 ㅎㅎ이제는 크리스마스라는게 뭔지 알아서 왜벌써같이 어린이집 세 엄마들에게크리스마스 선물로 인형 유모차를 추천해줬다 내가 사용하고 있는 이 유모차는 ], 긍정 텍스트 확률 : 71.90%"
"[ 접을수도 있고 펼수도 있어서 보관도 용이하다 ㅠㅠ 진짜 최고 ], 긍정 텍스트 확률 : 96.70%"
"[인형 안전밸트도 혼자서 척척 해주고 ㅎㅎ완전 푹 빠졌다. ], 긍정 텍스트 확률 : 96.33%"
"[열심히 역할놀이하더니 이번에는 본인이 탄다고 .. ], 긍정 텍스트 확률 : 55.97%"
"[ 절대 따라하면 안됩니다 ..ㅠㅠㅠㅠ정말 완전 튼튼한 인형유모차인건 맞지만그래도 장난감은 장난감이므로 나는 이때까지 설명서 읽기 전이라서..너무 탄탄해 보이길래 그래 앉아봐 한건데애기 자고 설명서 읽어보니까 절대 앉히지 말라고 ... 엄마가 미안 ㅠㅠㅠ근데..집에 온 키로 여자애도 막앉음.....튼튼하긴 정말 튼튼한듯.. . .. ], 긍정 텍스트 확률 : 63.87%"
"[침착한 마음으로 다시 리뷰용 사진 삼매경.. ㅋ하지만 맥클라렌 장난감 유모차는 실제 유모차와 매우 비슷하게 만들어져있어서유모차를 사용해 본 사람이라면설명서 없이도 쉽게 접고펼수있다육아통밥 가능ㅋㅋ ], 긍정 텍스트 확률 : 98.35%"
"[그리고 바퀴며], 긍정 텍스트 확률 : 70.21%"
"[ 맥클라렌 장난감 인형 유모차의가장 핵심적인 기능인 ], 긍정 텍스트 확률 : 67.07%"
"[뒷바퀴 아래에 있는 지지대를 접어야하는데지지대 뒷편에 누를 수 있는 버튼이 있어서그걸 강하게 눌러줘야한다아이는 혼자 접을 수 없을 것 같아서 더 안심 ㅋㅋ ], 긍정 텍스트 확률 : 87.87%"
"[완벽하게 접기 가능지금은 날이 너무 춥지만], 긍정 텍스트 확률 : 96.08%"
"[봄이 되면 아이랑 함께 외출할 때에도이렇게 접어서 가지고 다니면 좋을 것 같다 ㅎㅎ무게도 무겁지 않아서 더욱 만족 ], 긍정 텍스트 확률 : 99.79%"
"[펼때는 모여있는 손잡이를 벌려준다는 느낌으로 펴주고뒷바퀴쪽 지지대를 완전히 펴준다.그리고 오른쪽에 있는 고정장치로 사진처럼 고정해주면 끝 ], 긍정 텍스트 확률 : 63.16%"
"[움짤로 보면 요런식으로ㅋㅋ엄청 간단하당 ..], 긍정 텍스트 확률 : 82.82%"
"[마무리는 울 따님 놀이 영상으로맥클라렌 인형 유모차 하나로생각보다 섬세한 역할놀이가 가능하다ㅎㅎ울집에 놀러왔던 남자애기도 엄청 좋아하더라색도 레드레드ㅋㅋ한게..살 크리스마스 선물로 추천♡♡ 업체로부터 제품을 제공받아 사용 후 직접 작성한 후기입니다 ], 긍정 텍스트 확률 : 99.34%"
"[대는 물려받고], 긍정 텍스트 확률 : 50.53%"
"[지금 제일 열심히 쓰고있어요.이 아이도 따지고보면 절충형이긴해요.휴대용보단 무겁고], 긍정 텍스트 확률 : 58.50%"
"[집에 맥클라렌디럭스 유모차를 사용하고 있는데 .월에 해외여행이 있어 기내 반입이 되는 가벼운 시크 롤리팝 절충형 유모차를대 더 구입하게 됬습니다 .먼저 맥클라렌디럭스를 오랫동안 사용해본 경험을 바탕으로 몇일 사용해본 시크 롤리팝 절충형 유모차 후기를 써보고자 합니다 .장점.으로 엄마가 혼자 펴고 접을수 있을정도로 가볍다 .엄마보기 앞보기양대면가능하다 .등받이 조절이단계가 가능하다 . 점식 안전벨트이다 .신생아부터개월까지 사용가능하다 .의외로 핸들링이 좋다 .컴팩트 폴딩으로 폴딩이 쉽다 . . 서스펜션 기능이 있어 충격 흡수가 잘된다 . . 미세 높이 조절 핸들바 조정이 가능하다 . . 기내에 반입이 된다는점저는 이것 때문에 .. 구입 단점유모차 바퀴 실리콘 커버가 없다는점 .핸들바에 커버를 꼭 사용해야하는점 . 접어서 보관할 때 땅에 땋음주 사용해본 내용입니다 . 그래도 장점이 워낙 많아서 .. 구입을 않할 수가 없습니다 .디자인도 예쁘고 . 색감의 캐노피가 있어 다양하게 꾸밀수 있어서 정말 좋은 것 같습니다 . 월에 가족 여행 때문에 구매를 했는데 . 너무 편해서 . 외출할 때 계속 사용중입니다 .가격은 약간 비싼감이 있지만 . 쇼핑몰에서 여러 할인 및 적립금을 받으면 저렴하게 구입 가능합니다 .품질 디자인에 대만족에 적극 추천합니다 . ], 긍정 텍스트 확률 : 70.17%"
"[ 묘미 유모차클리닝 후기와 할인쿠폰 정보 ], 긍정 텍스트 확률 : 62.66%"
"[묘미 유모차클리닝 후기와 할인쿠폰 정보 ], 긍정 텍스트 확률 : 62.66%"
"[하이헬로우 해피블로그 조디입니다.이제 주 임산부가 되어가네요최근에 감사하게도 지인으로부터 유모차를 물려받았답니다맥클라렌 절충형 유모차인데 꽤나 오래된 모델이고 잘 사용하지 않아서 많이 더러워졌더라고요. ], 긍정 텍스트 확률 : 96.07%"
"[이렇게 예쁘고 튼튼하게 생긴 맥클라렌테크노 유모차인데요.신제품 가격으로는 여만원이나 하는 모델이지요.. 두둥구형이긴 하지만 제품 자체가 잘 나와서 아직까지도 잘 팔리는 모양이더라고요. ], 긍정 텍스트 확률 : 87.75%"
"[하지만 물려준 집에서도 아이가 많이 큰 집이라 유모차를 대 사용하셔서 이 유모차는 오랫동안 사용을 안 하셔서 시트가 많이 오염되어 있는 상태여서 유모차 클리닝 업체들을 열심히 알아봤는데요. 유모차 클리닝이 대부분 만원 사이더라고요.그래서 출산 전에 클리닝을 맡겨야겠다 싶었는데 마침 롯데에서 운영하는묘미 렌탈전문사이트에서], 긍정 텍스트 확률 : 66.54%"
"[우연히 인스타그램에서 여기 저기 육아 관련 이벤트를 찾아보다가 저희집에 꼭 필요한 이벤트를 발견하게 되서 신청을 했었는데 ], 긍정 텍스트 확률 : 57.31%"
"[운 좋게 당첨이 되었답니다.지금도 작은 이벤트들이 워낙 많으니 아직 묘미 인스타그램 팔로우 안 하신 분들은 어서 팔로 하셔서 혜택 받아보시길 바라고요. .... ], 긍정 텍스트 확률 : 93.90%"
"[아직 정식으로 클리닝 서비스가 시작되지 않았지만 조만간 다양한 서비스와 상품들도 추가할 것이라는 고객센터 답변을 받았네요. 유모차 외에도 이런 저러한 육아용품을 물려받았는데 집에서 클리닝 제대로 하기에는 부담스러워서 문의를 넣어봤거든요 ㅎㅎㅎ ], 긍정 텍스트 확률 : 51.95%"
"[안드로이드 모두 어플도 있어서 바로바로 핸드폰에서 렌탈 가능한 상품 체크도 가능해요 ], 긍정 텍스트 확률 : 74.33%"
"[프레임 부분에도 이런 저러한 오염이 느껴지고요. ], 긍정 텍스트 확률 : 82.65%"
"[제품상태 확인을 하고 난 뒤 케어서비스 인수증을 받았답니다.그리고 한 일주일이 안 지나서 제품을 자택으로 수령받았답니다.마침 일때문에 외출중이라 자택 앞에 놔달라고 했는데 그렇게 제품 잘 놔두고 가셔서 편하고 좋았네요 ], 긍정 텍스트 확률 : 62.18%"
"[외출중이라서 집 앞에 놔달라고 했더니 예쁘게 잘 두고 가주셨던 나의 새것이 된 유모차 ], 긍정 텍스트 확률 : 56.04%"
"[오염이 가장 심했던 바퀴 부분의 스토퍼 틈 사이에 낀 먼지와 흙도 모두 깨끗하게 제거가 되어서 깜짝 놀랐어요어쩜 이렇게 구석구석 닦아냈을까 신기했구요 ], 긍정 텍스트 확률 : 50.31%"
"[먼지와 오염물질이 엄청 많아서 회색이었던 시트도 맑은 파란색으로 바뀌었어요 ], 긍정 텍스트 확률 : 67.32%"
"[하잇울신랑이 왜 요즘 글안써.. ㅋㅋㅋ라는 말에 즉시 하나 포스팅 ㅎㅎ오늘은 혁이의 유모차 후기를 적어볼란다.이름은.?레카로이지라이프레카로이지라이프 혁이의 첫 유모차다.분류는 절충형. 바퀴가 개기내반입 가능. 혼자 접고 펴기 가능ㅎㅎ .?레카로유모차레카로유모차 를 구입하기전에 사실은 .?베이비젠요요베이비젠요요 를 사려고 구경 갔다가..음... 일단 보류를 하고 인터넷으로 유모차 공부를 하기 시작했다..디럭스를 살까.무거워서 몇개월쓰고 휴대용 산다는데.그러면 절충형 살까.절충형은 개월도 넘어서 태워야된다는데.마마스앤파파스 어보 넌 내꺼야.봄되면 사자이렇게 어보로 결정후 봄이되면 사려고 했다.ㅋㅋㅋㅋ혁이는 월생이라서신생아때를 지나고 겨울을 지나고], 긍정 텍스트 확률 : 81.28%"
"[유모차를 봄이되야 태울수있을것같은데 봄이되면 이미 혁이는 개월이 넘는다.그래서 인터넷 블로거님들의 후기를 보고 의견을 조합해서 디럭스를 사지않기로 했다. 실제로 내 주변도 돌이 지나니 맥클라렌 같은 휴대용을 다시 사더라..그래서 알게된 브랜드가.? 볼수록 음.. 견고하고 폴딩이 쉽고 괜춘했다.그래서 샀다. 블랙에디션이 마침 출시되어서 블랙이 나오자마자 구매를 뙇 ], 긍정 텍스트 확률 : 73.71%"
"[스펙은 인터넷 찾아보면 많으니개월 사용한 장단점을 적자면장점.접는거 너무쉽다.초펴는거 첨엔 안됐는데 스킬이 생기니 쉽다.펴는것은 내기준 초? ㅋㅋ 양옆부분을 잡고 휙 ㅋㅋㅋ 해야 펴진다. 힘이 아니고 스킬이 필요하다여행가서 트렁크에 싣고 빼고 싣고 빼고 굿공간도 작게 차지해서 너무좋다 ], 긍정 텍스트 확률 : 86.27%"
"[부드럽다.진짜로 핸들링이 너무좋다.나 아는 언니가 이게 뭔지 모르고 끌었다가 이거 뭔데 왜케 잘나가? 라고말했다 ㅎ단점악세서리가 비싸다안전바. 컵홀더. 방풍커버. 시트. 기타등등 공식몰에서만 살수있는데 가격이 너무하다..장바구니가 깊다고 하던데 나는 모르겠다.나한테는 좀 작다. 더컷으면 좋겠다그리고는 더없이 잘쓰고있는데치명적인 단점이 있으니턱을 잘 못지나간다 ㅋㅋㅋㅋㅋ바퀴가 쪼만해서 그런건데], 긍정 텍스트 확률 : 93.41%"
"[등등다 감수하겠지만이거는 나름 절충형이라고 했고 가격도 만원 중반 인데 턱을 못지나가는게 나한테는 너무 슬픈일이다. 첫유모차라서 더하다..디럭스가 있는데 레카로가 서브라면 모를까레카로밖에없는 나는 가끔씩은 디럭스를 살껄 하고 생각한다.처음에 사람들이 디럭스는 접고 펴고 트렁크 넣고ㅠ빼고 불편해요. 아빠가 열받아요부피가커서 얼마 못타요 라고했을땐정말 그렇구나..라고 생각을 했는데절충을 타보니 나는 생각이 좀 다르다.아기가 크니 유모차를 매일타고 나가게 되는데 마트를 가더라도 유모차를 타고나가야하니 매일 유모차를 쓸꺼라면 그냥 펴서 현관에 두면접을 필요없이 두면 되니까 폴딩이 그렇게 중요하진않을것같다. 나는 컴팩트한 폴딩사이즈때문에 레카로를 선택한건데 오히려 디럭스를 샀다면 그냥 현관에 두고 쓰면되니까..옆동친구 잉글레시나트릴로지랑 같이 매일 나가서 산책을 하다보면 약간 높은 턱을 나는멈칫하고 넘어야하고], 긍정 텍스트 확률 : 96.73%"
"[요만한 높이의 턱을 지나가지 못한다.그래서 뒷바퀴쪽을 살짝 눌러주어 앞바퀴가 들리게끔 해서 지나가야하는데], 긍정 텍스트 확률 : 56.34%"
"[ 이게 아쉽다..근데], 긍정 텍스트 확률 : 82.08%"
"[엄마를 보지않고 타서 그런지 약간 두려워 하는 눈빛이었고], 긍정 텍스트 확률 : 86.74%"
"[마트에서만 타고다녔는데 혁이가 얼마 안가 좀 무서워 하더라....아기마다 차이가 있겠지만ㅋㅋ 적응기간이 좀더 필요한거같다. 집에서좀 많이 태워주고 나올껄...싶었다], 긍정 텍스트 확률 : 87.24%"
"[요렇게 치발기를 달아주면 좀 편안해한다.그리고 요즘 혁이는 ], 긍정 텍스트 확률 : 75.09%"
"[날이 추워지고 벌써 우리 몽이도개월이 됬어요. ], 긍정 텍스트 확률 : 81.45%"
"[넘나 사랑스럽죠눈도 어쩜 저리 똥그리 뜨고잘 기어다니시는지 ㅋㅋ못 가는데 가 없어요ㅎㅎ그러다 집 밖을 나가려고 신발장까지 ], 긍정 텍스트 확률 : 86.62%"
"[그러다 우리 몽이 유모차 시트 하나장만해주려고 검색하던중알게 된 보니라이너. ], 긍정 텍스트 확률 : 50.67%"
"[콩이네는 아이스크림들이 맛있게 디자인된시트를 받았지요넘나 사랑스러운걸뽀송뽀송 쿠션감이 좋고], 긍정 텍스트 확률 : 89.37%"
"[유모차에 태웠을 때에승차감도 기대되는 데요.벨트로 되어 있어서 더 쉽게 설치되구요.머리 흔들리지 말라고 쿠션까지 일체형이라 더 안전하고도 쉽게 태울수 있네요. ], 긍정 텍스트 확률 : 89.38%"
"[고정끈 길이를 조절할수 있어요.모든 유모차에도 호환이 된다 하네요.당장 써봐야죠. ], 긍정 텍스트 확률 : 58.03%"
"[오늘의 주인공 입장♡ ], 긍정 텍스트 확률 : 58.54%"
"[타니깐 어때??? 좋아?확실히 일체형이라 뭔가 머리도 보호되고안정감 있어보여요. ], 긍정 텍스트 확률 : 84.77%"
"[아쉬운대로 집에서ㅜㅜ ], 긍정 텍스트 확률 : 68.80%"
"[그래도 씐나하는 몽이이빨두개 보이넹ㅎㅎ ], 긍정 텍스트 확률 : 56.09%"
"[다리부분도 쿠션이 있어서 따뜻하겠는 걸욧.어쩜 너의 사이즈랑 잘 맞다ㅋㅋㅋ이때 등장하는 콩이나도 태워주세요♡ ], 긍정 텍스트 확률 : 92.68%"
"[월동준비끝♡♡♡씐나게 유모차타고 달려보자구 ], 긍정 텍스트 확률 : 69.48%"
"[.초경량 기내반입용로브스또 유모차 ], 긍정 텍스트 확률 : 65.02%"
"[ㅋㅋㅋㅋㅋㅋㅋㅋ시간있으시면저 포스팅 한번 보세요웃겨죽음ㅋㅋㅋㅋㅋㅋ황당하고도 휴대용 기내반입용 초경량 유모차 에 대한 기대감 자체를 없애준 나의 첫 초초저가 유모차ㅋㅋㅋ ], 긍정 텍스트 확률 : 91.35%"
"[근데접었을때 고정해 주는 바 도 엄청 실하고 ], 긍정 텍스트 확률 : 76.78%"
"[제일 맘에 드는건 이 바퀴부분 입니다브레이크 버클도 진짜 단한번도 풀린적 없고핸들링 자체가 부드러워요쿵쿵거리는 충격음도 적은거 보면서스펜션도 좋은것 같습니다난 안타봐서ㅋㅋ 애들이 편하대요 ], 긍정 텍스트 확률 : 99.13%"
"[예전 몽트뢰 제품은이 바퀴 서스펜션 부분이 내려앉아서원하는대로 방향틀기도 어렵고 지맘대로 굴러가는 통에여행내내 팔뚝만 키웠다고ㅋㅋㅋㅋ 그랬는데요 제품은 키로 우리 큰 태태 앉히고 짐싣고 다녀도 끄떡없어요제가 오르빗베이비 실사용 했고맥클라렌콜라보 생산제품도 오래도록 썼지만핸들링이 드럽다 ㅋㅋㅋ뭐 이런생각 전혀안했어요가성비 따졌을때 오만언 짜리이정도면 진짜 훌륭해 ♥하는 수준이였지요 ], 긍정 텍스트 확률 : 99.91%"
"[옆모습도 깔끔하고예차양 도 단형태로 더 펼 수 있어서애들 잠들어도 완젼 안정적입니다어떤분들은 이런 유모차는 얼마나 하냐고가벼운데 비싸고 좋아보인다고진짜 물어들 보십니다오만언 이라하믄기절초풍들 하심요ㅋㅋㅋ ], 긍정 텍스트 확률 : 64.62%"
"[접어둔 형태 대박 컴팩트 하구요어깨에 걸 수 있는 끈도 튼튼하게 나사로 고정되어있어요반년 사용했지만 아직 멀쩡합니다집에서 출발한지 시간 만에 공항에서 끊어져 버린몽트뢰 펠리체 유모차 랑은 달랐어요 ], 긍정 텍스트 확률 : 74.33%"
"[둘다 다리아프다고 징징거리면어쩔수가 없어요큰태태 앉고 무릎위에 짝은넘 앉혀서 옵니다ㅋㅋㅋㅋ큰태 짝민그래도 굴러오고 무겁고 밀기힘들지만 괜츈요저렇게 자주 썼는데도ㅋㅋㅋㅋㅋㅋㅋㅋ 유모차가 가끔 울 뿐ㅋㅋㅋㅋ 이이이이하는 소리가 나면너네 넘 무거워서 유모차가 울잖아하면서 애미 샤우팅 할 뿐ㅋㅋㅋㅋ너무 고맙고 고마운 아이에요그정도 무게에도 바퀴가 탈출하지않고프래임 휘지않고 잘 버텨줘서 고마운 아이♥ ], 긍정 텍스트 확률 : 99.99%"
"[요 모델이 제가 구입한멜란지 블랙 제품이고예간지납니다참고로 우리애들나이 아시죠?세키로 세키로아직도 진짜 잘 타고다녀요제 키 아시죠?ㅋㅋ 구두신고 넘어도 불편하지 않을만큼높이도 낮지않습니다 ], 긍정 텍스트 확률 : 96.85%"
"[아직도 여행 갈때는 늘 가지고 다니고하다못해 집앞 마트갈때도잠시 개울가 산책 나갈때 에도어디든 애들이랑 나가면 챙기는 유모차 임애들이 먼저 챙기는 필수 아이템..엄마], 긍정 텍스트 확률 : 85.69%"
"[ 나중에 안아달라고 할것 같으니까 우리 그냥 유모차 챙겨가자 함 ㅋㅋㅋㅋ둘이서 서로 타려고 싸우고ㅋㅋㅋ휴대용 절충형 초저가 초경량 유모차로 서는 백점만점 에 가성비 최고인 백점 제품 ], 긍정 텍스트 확률 : 86.15%"
"[웰본 로브스또기내반입용. 초경량 절충형 유모차저는 다음 여행갈때 아마년 신상 로브스또 살꺼같아요ㅋㅋㅋ둘이서 하도 싸워대서ㅋㅋㅋ한대더 사야겠어요 ㅋㅋㅋㅋ혹], 긍정 텍스트 확률 : 70.83%"
"[여행용 저렴이 유모차 필요하시다면태태뭉이 강추 합니다단 꼭 가성비 는 고려하셔야 합니돠제에발요♥ ], 긍정 텍스트 확률 : 99.62%"
"[년 월 결국 추가구매했어요ㅋㅋㅋ후기 첨부드립니다 ], 긍정 텍스트 확률 : 62.87%"
"[내 돈 주고 산 리얼 후기 입니다.년 월 말이면 아들 아빠가 됩니다.우리 집은 와이프보다는 제가 이런 저런 구매에 관심이 많습니다.대부분의 살림템], 긍정 텍스트 확률 : 64.17%"
"[육아템도 다 내가 구매하고 알아보는 중네요.첫 육아템은 유모차가 되었습니다.엄마가 며느리 출산 기념으로 유모차카시트를 선물하기로 했고], 긍정 텍스트 확률 : 81.47%"
"[하비 이지워크 유모차 사진 및 사용전 감상 ], 긍정 텍스트 확률 : 59.29%"
"[유모차의 전체적인 사진입니다. 우리가 고른 색상은 콜블랙 색상으로 상당히 고급스럽습니다.휙휙 돌려봐도 손목이 상당히 편합니다. 와이프가 다른 브랜드 유모차보다 이놈이 가장 부드럽다고 하네요. 자주 끌고 다녀야 하는데 일단 끄는게 편해야겠죠.그리고 높이가 상당히 높습니다. 높이 조절 어댑터가 있어 키가 인 제가 끌기에 상당히 편합니다.아이랑 눈높이 맞추기에도 상당히 좋아 보입니다. ], 긍정 텍스트 확률 : 96.86%"
"[밑에 장바구니의 깊고 넓은 공간을 확인할 수 있습니다.봄이나 되야 우리 애기를 요놈에 탑승 시켜볼텐데요.봄에 다시 돌아오겠습니다. ], 긍정 텍스트 확률 : 96.58%"
"[ 타보 유모차 후기기내반입 가능한 휴대형 유모차 ], 긍정 텍스트 확률 : 62.60%"
"[집에 디럭스 유모차와 차에 넣고 다니던 맥클라렌 퀘스트 유모차가 있었지만...더 가벼운 휴대용 유모차가 필요하여 구입한 아프리카 매지컬에어 .의 엄청 가벼운 휴대용 유모차이지만 이쁘고 편리하여 며칠만에 폭풍만족하게 되었어요.], 긍정 텍스트 확률 : 73.32%"
"[우선 아프리카 매지컬에어 유모차에 관한 설명이예요. ], 긍정 텍스트 확률 : 82.67%"
"[다른 휴대용 유모차와 비교해봤을때 한손으로 핸들링 할 수 있고 기능성 캐노피가 있고], 긍정 텍스트 확률 : 74.34%"
"[주행이 정말 잘되는게 참 좋아요], 긍정 텍스트 확률 : 94.91%"
"[ 그리고 며칠동안 사용해본 결과 여기에 나와있는 장점 외에 또 다른 장점들이 있어요.핸들링 하는 손잡이에 기저귀 가방을 걸어도 유모차가 뒤로 넘어가지 않아요. 또 등받이 각도 조절이 어느정도 되는것도 큰 장점이예요. 아이가 밖에서 잘때 눕혀줄수 있었어요.엄청 큰 박스가 택배로 와서 개봉해보니 요러케등장유모차외에 레인커버가 같이 왔어요.], 긍정 텍스트 확률 : 98.19%"
"[전 세가지 컬러중에 보라 구입유모차를 펴니 이런 모양], 긍정 텍스트 확률 : 66.41%"
"[그리고 무엇보다 울 베베가 정말 좋아해요.요샌 디럭스 안타고 이거 타겠다고 문앞에서부터 실갱이 ㅋㅋ], 긍정 텍스트 확률 : 97.61%"
"[가벼워도 있을 껀 다 있는 아프리카 매지컬에어 전 만족하고 쓰고 있어요.단점이 있다면 동네에서 작은 턱만 있어도 윰차 바퀴를 살짝 들어줘야 하더라구요. 이건 가벼우니 어쩔수 없는듯.가격도 합리적이고 가벼운 휴대용 유모차 찾는 분들께 아프리카 매지컬에어 강추해요], 긍정 텍스트 확률 : 89.05%"
"[ 디럭스 유모차 추천 마마스앤파파스 오카로 솔직 후기], 긍정 텍스트 확률 : 64.61%"
"[안녕하세요. 벌써 우리 쑥쑥이가태어난 지 일이 지났네요. 육아라는 게 참 신기한 것 같아요. ], 긍정 텍스트 확률 : 81.95%"
"[그래서 사려고 알아보는데김포 현대 아웃렛에 갔다가 우연히마마스 앤 파파스 오카로를 보게 되었어요.오카로를 보기 전까지싸이벡스가 이렇게 완성도가 떨어지는 디자인인 줄 몰랐어요.개인차가 분명히 있다는 점 이해해 주세요.제가 메탈을 상당히 좋아해요.그리고 디테일이 중요하다고 생각해요. ], 긍정 텍스트 확률 : 89.23%"
"[쉽게 차로 비교하면싸이벡스는느낌이었어요.코너링 좋고 주행 성능 좋고마마스앤 파파스 오카로는 벤츠 느낌이에요.디테일이 고급스럽고 주행 성능은 문안하고 승차감 좋고어쨌든 마마스앤 파파스로 결정하고 디럭스 유모차 추천 포스팅을 남기려고요. ], 긍정 텍스트 확률 : 56.28%"
"[다른 글들 보시면 아시겠지만제가 느낀 그대로 솔직하게 적어요. ], 긍정 텍스트 확률 : 61.58%"
"[먼저 전체적인 디자인 느낌이에요.실제로 보면 진짜 고급스러워요.볼 때마다 너무 이뻐서혼자서 집에서 끌고 다녀요. ], 긍정 텍스트 확률 : 99.84%"
"[마마스앤 파파스는 영국 브랜드에요.영국 브랜드의 디럭스 유모차 중에서인지도 있는 제품은 영국의 황실 유모차로 유명한 실버크로스에요.그래서 그런지 디자인이 약간 비슷한 점이 많아요.그래도 디자인은 개인적으로마마스앤 파파스 오카로 가 더 맘에 들어요. ], 긍정 텍스트 확률 : 95.07%"
"[그리고 오카로를 구매하면말 워머를 주는데마마스앤 파파스 정품은 아니더라고요.수입사에서 차체 제작한 것 같더라고요.지금부터 오카로를 다른디럭스 유모차 보다 추천해 드릴 수 있는완성도가 높은 몇 가지 디테일을 보여드리겠습니다. ], 긍정 텍스트 확률 : 97.57%"
"[그리고 추가 디테일 저 손잡이는 경사가 있는 곳에서유모차를 놓칠 수도 있어서손목에 끼우는 안정 장치에요. ], 긍정 텍스트 확률 : 92.95%"
"[디테일 보이시나요?저 고급스러운 느낌사실 저는 저 손잡이 부분의 메탈이너무 맘에 들더라고요.왠지 저 각인도 고급스러운 느낌이고수입 유모차 중에서도최고급 차에만 들어다는 퀄딩그리고 옆에 부분에 있는 마마스앤 파파스 메탈 로고실제로 보시면 이런 디테일이 퀄리티가 상당해요.누가 봐도 명품 유모차 느낌 ], 긍정 텍스트 확률 : 91.13%"
"[실제로 비싸다고유명한 에그 유모차 아시나요? ], 긍정 텍스트 확률 : 54.92%"
"[이어서 폴딩 손잡이손잡이 부분도 고급스럽게 고동색 느낌의 색이에요. ], 긍정 텍스트 확률 : 87.10%"
"[디럭스 유모차 오카로의 안전벨트부분이에요. ], 긍정 텍스트 확률 : 95.43%"
"[제가 어렸을 때 취미생활로카를 해봐서 볼베어링과 서스바퀴에 달린 스프링의중요성을 상당히 중요하게 생각해요.그래서 테스트를 해봤어요. ], 긍정 텍스트 확률 : 83.45%"
"[얼마나 잘 돌아가는지이런 볼베어링 시스템이 잘 되어있어야 유모차의 주행 성능이 좋아지겠죠요즘에 나오는 디럭스 유모차를 비롯해서 모든 유모차들은볼베어링과 서스펜션이 다 잘 되어있더라고요. ], 긍정 텍스트 확률 : 87.92%"
"[제가 구매한 오카로는 네이비색인데], 긍정 텍스트 확률 : 66.31%"
"[네이비 그레이 블랙 이렇게 있어요.], 긍정 텍스트 확률 : 58.76%"
"[와서 실물로 보고 나서아 정말 네이비가 굿초이스였다고 느꼈어요.정말 디자인 갑이에요.너무 이쁩니다. ], 긍정 텍스트 확률 : 99.87%"
"[그리고 오카로의 장점 중에 가장 자랑할만한 부분이폴딩 했을 때 크기에요이점도 마마스앤 파파스 오카를 구매하게 된 결정적인 이유 중 하나에요.폴딩 후에 디럭스 유모차 답지 않게 엄청 작아져요.그리고 앞 보기 뒤보기 상관없이 그냥 접을 수 있어요.접는 것도 말도 안되게 간단해요. ], 긍정 텍스트 확률 : 99.15%"
"[쿠션이 기본 설치되어있고], 긍정 텍스트 확률 : 66.82%"
"[침대처럼 눕혀져서], 긍정 텍스트 확률 : 67.12%"
"[우리 이찬이도], 긍정 텍스트 확률 : 74.87%"
"[태울 수 있어요.], 긍정 텍스트 확률 : 61.41%"
"[울지도 않고 잘 있더라고요. ], 긍정 텍스트 확률 : 72.42%"
"[누워서 응가도 싸고편안해 보이죠?저 아래 보시면 다리받침 부분도 견고하게 메탈로 되어 있어서오랜 기간 사용할 수 있을 것 같아요.이렇게 디자인도 맘에 들고 다 좋은데솔직 후기이기 때문에 단점을 말씀드릴게요.첫 번째 스토케나 싸이벡스 프리암에 비해서 시트가 좀 낮아요.사실 요즘 트렌드가 시트 포지션이약간 높게 되어있는데폴딩을 위해서 그런지 약간 낮게 만들어 놓았더라고요.두 번째두 번째는 무게에요.], 긍정 텍스트 확률 : 96.03%"
"[마마스앤파파스 오카로는 비교적 무거운 편이지만디자인이 이쁘고핸들링이 좋고안전감이 있고폴딩이 쉽고양면 폴딩 된다디럭스 유모차를 구매하시는 분들께추천드릴만 하다. ], 긍정 텍스트 확률 : 74.44%"
"[이렇게 정리할 수 있겠네요.그럼 여기까지 쓰겠습니다.지금까지 디럭스유모차추천 마마스 앤 파파스 오카로솔직 후기였습니다. ], 긍정 텍스트 확률 : 72.56%"
"[블랙덕후 무채색덕후 허니맘이에요세상에나 마상에나간지 유모차 리안에서는 계속 간지나는 유모차만 나오네요 ], 긍정 텍스트 확률 : 97.61%"
"[하...앍또 올블랙이야유모차가 이러케 치명적이어도 되는건가치명적 매력.?리안프라임라이트리안프라임라이트 ], 긍정 텍스트 확률 : 88.81%"
"[모집인원 명..빡쎄네요....그래도 이건 꼭 가꾸싶다요후기 기깔나게 쓸 수 있는데... ], 긍정 텍스트 확률 : 78.42%"
"[게다가.?기내반입기내반입 되니 맘에 들지 않는 게 이상하지물려받아서 쓰고 있는 휴대용 유모차때문에새걸 사기도 애매하고 굴러가긴 하니 버리기도 애매한데체험단 되면 진짜 너무나 딱 좋겠는데허니맘 후기 기막히게 잘 쓸 수 있는데 말이쥬우리 잇님들도 다같이 도저언 ], 긍정 텍스트 확률 : 96.12%"
"[부럽습니다.이렇게 작게 접히는 유모차자동차없으면한발짝도? ㅋ못나가는 곳에 살고 있으니유모차가 필수입니다.가끔 버스타고 나가면시선이 조금 따갑습니다. ㅋㅋ그래서 인터넷에유모차 관련 버스이용을구글링 해보았더니아주 충격적인 뉴우스토론토와 뉴욕은대중교통 이용시에는유모차를 접어서 사용하더록 하는법이 있다고 하더라구요.네.... 그렇죠..뭐 접어서 다니는 사람은 없는것같다고 하던데...지하철이야기관사아저씨는저기 방에 들어가 계시니눈 안마주치니까괜찮은데...저는 버스타고만 다닐 수 있어서시선이 따갑습니다..상관없긴 하지만...요새 인구도 급 증가하고저희 집 앞으로 오는버스는 아주 쪼매난해서큰 유모차는 당연하고접히는 유모차맥클라렌도좀 그렇습니다...왜냐면], 긍정 텍스트 확률 : 72.10%"
"[사진상으로는 커보이지만리터짜리 우유통과 비교된 사진이중간에 있어요.그런만큼년 기네스북에가장 작게 접히는 유모차로기록이 되어있다고 합니다. ], 긍정 텍스트 확률 : 51.28%"
"[아이것이 스스로 서있는셀프스탠딩이구나아보관시에도 용이하고잡고 있더라도힘이 훨씬 덜들겠죠 ], 긍정 텍스트 확률 : 55.20%"
"[쫙 펼치면이런 비쥬얼에가격은.달러입니다.어찌 생각해보면다른 휴대용 유모차사는 것보다이것이 가격이 매력적인것 같아요.그리고 실제 사용하기에도 좋구요대중교통도 이용하기에도 좋구요요새 서울지하철 엘리베이터 공사는다 마무리가 되었겠죠?년 전에 무진장 고생했던 기억이...ㅎㄷㄷ ], 긍정 텍스트 확률 : 99.60%"
"[상품스펙단계접이식셀프스탠딩이거 보니 카페이야기 나오는데정말 아기자기 작은 카페들이나 식당에들어갈 때에도 유용하겠네요작지만 강함한손으로 밀면서 방향조절가능버클 조절가능 ], 긍정 텍스트 확률 : 78.48%"
"[가장 궁금하고중요한 부분접어서 들고다닐 때넘 무거우면 안되구우리 아이가 언제까지이용할 수 있을까 ], 긍정 텍스트 확률 : 73.54%"
"[이것은 유모차 무게.키로 입니다.무거울수도 있지만걸거치거나 길쭉하면아이 안으면서들고 다니기 엄청 힘들죠.그리고 요건백팩에 쏘옥 들어가니까이정도 괜찮은 거 같아요우리 큰딸 퀵보드도 키로 ], 긍정 텍스트 확률 : 83.04%"
"[이건사용할 수 있는 아이의최대몸무게 입니다..인데키로까지 괜찮겠죠?큰딸은 좀 마른 편이라유치원다니는데도이제 겨우 키로 넘었어요.아이들마다 무게는 다르겠지만키로까지라면여행용 유모차로도적극 추천드리고 싶어요하루종일 돌아다니려면낮잠용이라도 꼭 필요하거든요아가지고 싶다이게 있다면뭐든지 다할 수 있을 것 같은마음 ㅋㅋㅋㅋ이런 건참선물용으로도무지무지좋은 것 같아요내가 선물로 받으면 좋겠다하는마음이 있으니 그런 생각이 드네요 ㅋㅋ아마존 상품사이트 연결 ], 긍정 텍스트 확률 : 99.98%"
"[휴대성 갑이라는 베이비젠 요요도 한번 구경해주고. ], 긍정 텍스트 확률 : 59.87%"
"[내가 생각한 유모차는 일단 절충형이고], 긍정 텍스트 확률 : 70.87%"
"[양대면이 가능하고], 긍정 텍스트 확률 : 51.21%"
"[세일 ], 긍정 텍스트 확률 : 58.40%"
"[세일 절충형유모차 맥클라렌테크노유모차], 긍정 텍스트 확률 : 58.40%"
"[보신 상품은 쿠팡 물품으로 일시 품절이 될 수 있습니다. ], 긍정 텍스트 확률 : 63.68%"
"[할인 절충형유모차 맥클라렌스마트컨슈머 종합위 절충형유모차 퀘스트스포츠 블랙마제스티쿠팡 세일중 ], 긍정 텍스트 확률 : 63.82%"
"[보신 제품 정보는 쿠팡 물품으로 일시 품절이 될 수 있습니다. ], 긍정 텍스트 확률 : 67.30%"
"[이 글은 일정 커미션 광고를 지급받는 제휴 마케팅 광고로 이루어집니다. ], 긍정 텍스트 확률 : 56.43%"
"[오늘 소개해드릴 세탁후기 제품은미국에서 직구로 구입할 수 있는 ], 긍정 텍스트 확률 : 54.98%"
"[맥클라렌 트윈테크노 유모차 블랙색상 세탁후기 입니다.많은 분들이 직구 또는 해외 대행업체를 통해서많이들 구입하고 계시는 제품이지요.그래서인지 자세한 제품 설명은찾기가 매우 힘이드네요. ], 긍정 텍스트 확률 : 53.36%"
"[수거당시의 모습입니다.쌍둥이 유모차는 쌍둥이 아기들은 물론 연년생을 키우는 맘들께서 많이선호하고 계시지요. 가격이 비싸서 한번 선택하면 바꾸기 어렵고 안전과 관련된아기용품이라 더욱 중요하게 생각됩니다. ], 긍정 텍스트 확률 : 98.42%"
"[일단 ], 긍정 텍스트 확률 : 73.61%"
"[핸들링이 좋고 독립서스펜션과 ], 긍정 텍스트 확률 : 72.15%"
"[색깔도 많이 바래있고 바퀴도 약간의], 긍정 텍스트 확률 : 54.62%"
"[무엇보다 먼지와 흙으로 약간의], 긍정 텍스트 확률 : 91.85%"
"[앞서 말씀드린바와 같이 쌍둥이를키우시는 경우는 비용적으로유모차와 카시트를 구입하시는게어렵습니다.한번 구입하신 것을 얼마나 튼튼하고깨끗하고 알뜰하게 오래 사용할 수 있는 지 고민이 필요하실 겁니다. ], 긍정 텍스트 확률 : 68.79%"
"[이렇게 일년에 몇번의 세탁만으로도충분히 새것처럼 사용하실 수 있는데무슨 고민을 하시겠어요? ], 긍정 텍스트 확률 : 97.65%"
"[정기적인 세탁관리로 ], 긍정 텍스트 확률 : 57.28%"
"[우리아이에게 먼지걱정 뚝 ], 긍정 텍스트 확률 : 57.74%"
"[정성껏 내아이의 피부에 닿는 부분까지고려하며 눈에 띄지 않는 부분까지꼼꼼하게 세탁해드리고 있습니다. ], 긍정 텍스트 확률 : 54.27%"
"[맥클라렌 유모차세탁이 필요하신 분들을 위한좋은 정보가 되시길 바랍니다.맥클라렌 캐드키드슨 유모차가 세탁의뢰 들어왔고...이 빨래쟁이가 직접 수거해서 깨끗하게 세탁항균한 뒤... 다시 고객님께 배달해드렸습니다...행복한 육아의 동반자.. 빨래쟁이의 유모차세탁 이야기.. 지금 바로 확인해보시죠광교 자연앤힐스테이트 수거 빨래쟁이 맥클라렌유모차세탁 후기], 긍정 텍스트 확률 : 99.67%"
"[광교유모차세탁업체빨래쟁이지금 바로 클릭 앤 체크세탁후기.빨래쟁이. ], 긍정 텍스트 확률 : 65.76%"
"[ 수원영통유모차세탁 신나무실단지 주공아파트 수거 맥클라렌유모차세탁 후기 빨래쟁이], 긍정 텍스트 확률 : 52.19%"
"[맥클라렌유모차세탁 후기 입니다.세탁 전], 긍정 텍스트 확률 : 72.17%"
"[수원영통유모차세탁 신나무실 단지 주공아파트 수거맥클라렌유모차세탁 후기맥클라렌 유모차세탁 전 사진 ▼▼▼▼▼▼ ], 긍정 텍스트 확률 : 50.88%"
"[수원영통유모차세탁 신나무실 단지 주공아파트 수거맥클라렌유모차세탁 후기맥클라렌 유모차세탁 후 사진 ▼▼▼▼▼▼ ], 긍정 텍스트 확률 : 60.89%"
"[콩땡땡 유모차등 캐릭터 장난감 유모차는 말 그대로 장난감이니 재질이 튼튼하진 못해요 그런데 우리 아이들이 그렇게 말을 잘 들으면 아이들이 아니겠죠?위험하니 앉아있지 말라고 해도 꼭 엄마 말을 안듣는게 아이들 입니다 ㅎ ], 긍정 텍스트 확률 : 77.66%"
"[누나가 등원 때문에 치카치카 하러간 사이에미니마우스 데리고 올라 탄 둘째 태서군거실에 애들 쇼파를 가져다 줬는데도맥클라렌 유모차가 편한지 꼭 저기에 올라타네요 ㅡㅡ], 긍정 텍스트 확률 : 51.94%"
"[원래는 아기 인형들을 태우고 놀아야 하는데 우리 애들은 아기 인형은 별로 안좋아 하더라구요 그리고 검색해 보시면 아시겠지만 ], 긍정 텍스트 확률 : 74.84%"
"[최근 몇년동안 우리 나라에 맥클라렌 인형 유모차가 들어오질 못했던거 같아요제가 산 장난감 유모차의 정확한 명칭이년월에 들어온 신상“맥클라렌 퀘스트치클릿 인형유모차 ” 맥클라렌 데크노는 몇년전 버전이고 ], 긍정 텍스트 확률 : 79.32%"
"[이번 신상품 구분하기 제일 편한건 시트의 귀여운 무늬들이에요비행기 ], 긍정 텍스트 확률 : 97.76%"
"[토끼등 알록달록한 색상의 예쁜 무늬로 아이들이 엄청 좋아해요제가 사진 찍어 놓은건 없는데 실제 유모차처럼간단히 접히기도 가능해서야외 나갈 때 가지고 다니기도 편하답니다], 긍정 텍스트 확률 : 91.45%"
"[중고거래 관련 카페에 가서 본건데맥클라렌 인형 유모차 중고를 사면 캐릭터 유모차를 덤으로 준다고 올라온 글이 있더라구요 이미지 보시면 얼마나 제품 퀄리티가 다른지 바로 확연히 느낄수 있으실거에요다른 맘들도 현명한 선택 하길 바라며제가 둘째 메카드 살때부터 단골 이었던장난감 샵알려 드릴께요], 긍정 텍스트 확률 : 90.86%"
"[ 오르빗이벤트 맥클라렌 볼로 캔디바 유모차 ], 긍정 텍스트 확률 : 50.07%"
"[월 말에 오르빗를 구매했을때 알게된 이벤트 ], 긍정 텍스트 확률 : 85.78%"
"[우리아이 햇빛을 가려줄 부분ㅋㅋ무지개가 생각난다. ], 긍정 텍스트 확률 : 90.77%"
"[비행기 수화물에도 가능한듯 싶다. 그래서 네임카드도 같이 있는데 이쁘다ㅋㅋ ], 긍정 텍스트 확률 : 95.53%"
"[완전한 조립은 못했지만 간단하데 펼쳐보고다시 잘 포장해두었다 나중에 크면 타자 딸아오르빗에 모기장과 커버등 사은품 많이와서 좋았는데 만원 상당의 유모차라니 선물받은 기분이다 ], 긍정 텍스트 확률 : 70.58%"
"[ 인천 유모차세탁 맥클라렌유모차세탁 엄마손콜크리닝 ], 긍정 텍스트 확률 : 53.00%"
"[맥클라렌 유모차 세탁후기엄마손콜크리닝☎], 긍정 텍스트 확률 : 53.00%"
"[우리 아이가 사용하는 유모차깨끗함을 선물해주세요아이와 엄마가 편하기위해선유모차가 필수겠죠외출 시 자주 사용하는 유모차아무래도 외출 시 사용하기때문에생활오염이 많이 된답니다오염된 유모차엄마손이 깨끗하게 손세탁해드리겠습니다유모차 세탁 전 모습 ▼▼ ], 긍정 텍스트 확률 : 99.88%"
"[사용감이 많아 보이는 유모차였답니다 ], 긍정 텍스트 확률 : 50.17%"
"[ 원숭아 안전벨트 꼭 하자 유아장난감 맥클라렌 인형유모차 ], 긍정 텍스트 확률 : 72.40%"
"[인형유모차로 동생돌보기는 물론], 긍정 텍스트 확률 : 61.54%"
"[추석전에 갑작스러운 이사와 함께 추석], 긍정 텍스트 확률 : 73.29%"
"[그 외에 매달 구독하는 호비 교구와 교재도 동생을 돌보고 씻겨주기 옷 갈아 입혀주기], 긍정 텍스트 확률 : 59.56%"
"[그 영향으로 아들도 집에 새로 온 동생인형을 샤워할때마다 열심히 씻겨주곤 했었다.헌데 우리 집은 엄마의 부실한 체력 때문에 동생이 생기기는 힘들것 같고...우리 달콤이 애착인형이었던 원숭이인형을 동생삼아 소꿉놀이도 하고], 긍정 텍스트 확률 : 97.53%"
"[책도 함께 보고 하길래..아이가 조금 더 동생을 돌보고 배려하는 감성을 가질 수 있기를 바라며], 긍정 텍스트 확률 : 99.40%"
"[상품설명에는 개월이상부터 가지고 놀 수 있다고 되어 있지만우리 아들은 개월차부터 신나게 가지고 놀았다. 제법 사이즈와 부피를 차지하는 유아장난감이라서 사실 처음 키즈카페나 이웃집에 가서 보고는 고민스러웠으나 맥클라렌 인형유모차는 손쉽게 폴딩이 가능하기 때문에 순식간에 접어서 부피를 줄일 수 있다.], 긍정 텍스트 확률 : 96.63%"
"[ 아이가 즐겁게 인형유모차를 가지고 놀 수 있도록 평소에는 펼쳐서 사용하다가], 긍정 텍스트 확률 : 75.75%"
"[장난감이지만 그 내구성이 훌륭했다. 튼튼하게 고정할 수 있는 고정장치가 유모차 뒷부분 지지대 뿐 아니라 유모차장난감 양쪽으로도 곳이나 튼튼히 고정 시켜 둘 수 있어서 무게가 조금 나가는 인형이나 장난감 등도 올려서 이동시킬 수 있다.], 긍정 텍스트 확률 : 90.64%"
"[ 장난감 원숭이인형을 태우다가 우리 아들도 자기도 타겠다고 엉덩이를 들이 밀었던 순간이 있었는데... 아이가 앉았을때에도 튼튼 물론 이렇게 아이를 태우면 안된다고 주의사항에 적혀 있었기에], 긍정 텍스트 확률 : 91.23%"
"[얼른 내려 오라고 ㅎㅎ 달콤이는 달콤이유모차 타야지 했더니 냉큼 내려왔었다. ], 긍정 텍스트 확률 : 71.02%"
"[신나게 엄마처럼 유모차를 끌어보는 아들], 긍정 텍스트 확률 : 64.98%"
"[ 늘 유모차를 타는 입장이었던 개월 아들이 유모차를 직접 밀면서 이리저리 이동을 할 수 있다는 것이 즐거웠던 모양이다. 폴더매트를 깔아 두었는데도], 긍정 텍스트 확률 : 81.46%"
"[거부 할때가 있었는데 이럴때 교육용으로 인형유모차를 활용하기에 좋겠다는 생각이 든다. ], 긍정 텍스트 확률 : 51.67%"
"[ 엄마 내가 할께요 내가 내가 요즘 한창 스스로 해보겠다고 고집을 피우는터라], 긍정 텍스트 확률 : 74.37%"
"[유모차 장난감을 통해서 안전에 대해서도 알려 줄 수 있고], 긍정 텍스트 확률 : 88.19%"
"[ 인형을 태워 집안 여기저기를 누비며? 동생돌보기 아기 돌보기 역할놀이도 할 수 있는 유아장난감이라아이들이 한참 집안에서 소꿉놀이 하며 역할놀이에 빠져들때 쯤 하나 장만해두면 요긴하게 활용할 수 있는 아이템이라는 생각이 든다. ], 긍정 텍스트 확률 : 50.33%"
"[ 업체로부터 제품만을 제공받아 직접 체험 후 솔직하게 작성한 후기입니다. ], 긍정 텍스트 확률 : 67.56%"
"[ 맥클라렌유모차 전문가의 분석 ], 긍정 텍스트 확률 : 52.07%"
"[아래첨부된 이미지들은에서 직접 세탁한 전.후 과정사진입니다. ], 긍정 텍스트 확률 : 74.64%"
"[맥클라렌유모차는 년대에 수입유모차로는 정말 인기가 많았던 제품이죠], 긍정 텍스트 확률 : 68.18%"
"[요즘은 워낙 수입유모차가 국내유모차보다 많이 유통되고있지만], 긍정 텍스트 확률 : 89.06%"
"[그오랜시절부터 휴대용으로는 인정받은 제품인것같아요], 긍정 텍스트 확률 : 52.78%"
"[맥클라렌테크노 라인은 맥클라렌중에서는], 긍정 텍스트 확률 : 80.63%"
"[조금 무겁고 가장 디럭스사양이예요], 긍정 텍스트 확률 : 59.28%"
"[어릴적부터 태우는데는 좋구], 긍정 텍스트 확률 : 79.59%"
"[조금 커서도 이용하시기 좋은것같아요 ], 긍정 텍스트 확률 : 76.32%"
"[단순한 세탁기술은 이미 고객님들사이에 소문이 날만큼나서], 긍정 텍스트 확률 : 81.02%"
"[설명한드려도 알아서들 홍보해주시니 너무 감사할다름이구요], 긍정 텍스트 확률 : 96.44%"
"[전문가입장에서 디테일하게 정보를 드릴까해요 ], 긍정 텍스트 확률 : 61.69%"
"[안전바 탈부착이 조금 어려워서 대부분 떼놓고 사용하시는것같아요], 긍정 텍스트 확률 : 67.89%"
"[저희 직원들중에도 유저가 있어서 리얼사용후기를 듣게되는데요], 긍정 텍스트 확률 : 71.34%"
"[헌데 맥클라렌에 치명적인 단점이 있다는 사실], 긍정 텍스트 확률 : 71.03%"
"[맥클라렌 일부제품중에 손잡이 재질에 문제가 있는 제품이 있더라구요 ], 긍정 텍스트 확률 : 67.39%"
"[또 다시생겨나고는 하더라구요], 긍정 텍스트 확률 : 67.68%"
"[손잡이헹거나 가방을 걸어다니기도 하시니 괜찮을것같아요], 긍정 텍스트 확률 : 79.77%"
"[중고구입후 저희 업체통해 세탁해서 오래 사용하시는분들 많으시죠], 긍정 텍스트 확률 : 75.25%"
"[맥클라렌테크노 좋은제품이예요 ], 긍정 텍스트 확률 : 72.30%"
"[다소 디테일하면서도 냉정한 유모차해부학이었습니다.], 긍정 텍스트 확률 : 62.39%"
"[디테일하게 분석해보네요], 긍정 텍스트 확률 : 54.46%"
"[쌀쌀한 날씨 아가들 건강관리 잘해주세요], 긍정 텍스트 확률 : 52.94%"
"[내가 샀을 때가 엄청 할인할 때여서 만원대에 샀다는. 또 금토일에 구매하면 적립금이 배여서 엄청 많이 적립금이 쌓였다는 ㅋㅋㅋ ], 긍정 텍스트 확률 : 88.55%"
"[난 저걸 계속 왼쪽 사진처럼 해놨는데], 긍정 텍스트 확률 : 92.80%"
"[유모차 윗부분이 왜이렇게 헐렁할까 싶었더만 오른쪽 사진처럼 저 회색 부분을 아래로 내려서 쫙 펴줘야 되는거였다는 ㅎㅎ ], 긍정 텍스트 확률 : 96.57%"
"[그런데 나에겐 넥필로우가 있다는 ㅋㅋㅋ ], 긍정 텍스트 확률 : 81.04%"
"[바퀴에 있는 빨간건 뒷바퀴 고정이고], 긍정 텍스트 확률 : 70.50%"
"[평소 사용할땐 요렇게 저 빨간걸 내려줘서 일직선이 되도록 해줘야된다는. ], 긍정 텍스트 확률 : 57.36%"
"[등받이 각도 조절이라는. 서원이는 젤 수평으로 펼쳐지는 각도로 ㅎㅎ ], 긍정 텍스트 확률 : 58.91%"
"[겨울에 다리 시리지말라고 있는건데 다리 부분 옆에 똑딱이가 있고 저 워머에도 똑딱이가 있어서 연결해주면 된다는. ], 긍정 텍스트 확률 : 89.84%"
"[서원이의 유모차와 함께 첫 외출. 이 날 빕스를 갔다는. ], 긍정 텍스트 확률 : 72.81%"
"[아기가 앞을 보는 구조라서 아기가 잘 있는지 어쩐지 확인을 어떻게 하나 걱정했는데], 긍정 텍스트 확률 : 57.96%"
"[위에 창이 있더라는 ㅎㅎ ], 긍정 텍스트 확률 : 71.98%"
"[서원이가 울지 않을 때 눕히면 잘 있더라는.만족 만족 ♡ ], 긍정 텍스트 확률 : 89.87%"
"[한눈에 비교샷 볼까요?? ], 긍정 텍스트 확률 : 76.64%"
"[세탁전세탁후세탁의 차이를 한번 느껴보세요언제든지 문의주세요항상 최선을 다 하겠습니다 ], 긍정 텍스트 확률 : 90.05%"
"[ 맘네스트 절충형 타입 유모차 범용 방한커버할인 ], 긍정 텍스트 확률 : 73.88%"
"[ ..?할인맘네스트 절충형 타입 유모차 범용 방한커버 ], 긍정 텍스트 확률 : 73.88%"
"[에 판매되고 있습니다. ], 긍정 텍스트 확률 : 64.98%"
"[ ..?구매한 고객님들의 소중한 상품평 입니다. ], 긍정 텍스트 확률 : 79.65%"
"[ ..?잉글레시나트립 사용중입니다. 비닐로된게 너무볼품없고 방한을 위해서도 계속 찾아봤는데 일단 천자체가 구겨지지않고 그대로의 모습이라 좋고 안이 한번더 속감이대져서 따뜻하고. 벙벙하지않아 착용후 빈공간이 없어요 ], 긍정 텍스트 확률 : 92.05%"
"[진심 잘쓰고 있습니다.ㅋ ], 긍정 텍스트 확률 : 73.06%"
"[셋째아이 출생 일째 첫외출을했어요.물려받은 맥클라렌유모차 커버가 맘에안들어 후기에 공용된다는글보고 구입했는데 바람하나 안들어오니 따뜻하게 신생아데리고 다닐수있겠더라구요맥클라렌 ], 긍정 텍스트 확률 : 61.05%"
"[둘 다 잘 맞아서 너무 기분이 좋습니다 은 유모차 아기 다리 놓여지는 부분을 접은 상태로 씌우시면 되고], 긍정 텍스트 확률 : 58.68%"
"[퀘스트는 어떻게 해도 다 잘 맞습니다.리안레오에 맞을까하고 고민하다샀는데 생각보다 잘 맞네요 색상도 그레이색상이라 무난하고예뻐요 겨울내내 잘쓸것같아요많이 쓰는 비닐느낌 싫어서 이걸로 구매했어요. 잉글레시나 지피에 사용하는데 잘맞습니다. 색상이랑 디자인 넘 맘에들어요겨울 내내 잘 썼습니다. 미니버기에 딱 맞아서 어딜가든 걱정없이 다닐 수 있었습니다리안레오 유모차 사용중입니다 사이즈딱맞습니다 주변에서 따뜻해보인다고 하네요 바람을 막아주니 아이도 따뜻한듯해요 그리고 꼭 앞뒤필름을 제거해주세요 뒷면 필름은 떼기힘들게 되어있어 긴가민가했는데 떼어야만 투명해요다른 브랜드는 광택이 많고 번쩍번쩍해서 좀 저렴해 보이는데요 이제품 고급스러 보여요 그냥 일반 접이식 유모차인데요 완전 딱 맞아요 유모차 끌고 다니면 사람들이 원래 출시된 같은 브랜드 인줄 아네요 ㅎㅎ고급스럽고 좋아요 창문도 깨끗해 잘보이고 아이가 너무 좋아해서 만족합니다 어보에 아주 잘 맞아요 ], 긍정 텍스트 확률 : 99.95%"
"[ ..? .?맘네스트유모차맘네스트유모차.?유모차유모차.?타입타입.?범용범용.?방한커버방한커버.?절충형절충형.?맘네스트맘네스트], 긍정 텍스트 확률 : 83.94%"
"[ 써니입니다오늘은 네이버 스토어팜을 통해맘노코 날아라 우주선 커버를구매해주시고 구매평을 남겨주신 분들 중몇 분의 구매평들을 모아봤어요], 긍정 텍스트 확률 : 78.08%"
"[맘노코팀 모두 모여 매일매일구매평 하나 하나 읽고 댓글 달면서 정말 기쁨과 감사에 마음이 말랑말랑열심히 하자는 의지가 으샤으샤 헤헷후기 공유합니담 일단 사진 후기부터 공유해볼께염 ], 긍정 텍스트 확률 : 82.98%"
"[ 다른 고객님도 구매평을 남겨주셨어요 ], 긍정 텍스트 확률 : 72.47%"
"[고객님께서 남겨주신 구매평 입니담], 긍정 텍스트 확률 : 78.66%"
"[고민하시는 분들이 많다고 들었어요], 긍정 텍스트 확률 : 68.33%"
"[깜 유모차 사용하시는 고객님], 긍정 텍스트 확률 : 65.16%"
"[ .?예떼예떼 유모차 커버예떼 유모차 사용하시는 고객님 ], 긍정 텍스트 확률 : 65.16%"
"[그외에 너무 많은 분들이 구매평을남겨주셔서 무척 감사드리고 있습니다], 긍정 텍스트 확률 : 51.30%"
"[..코엑스 베페 마지막날 방문한 세피앙부스맥클라렌...??직구로대부분의 육아용품을 애용하는칭구가 추천했던브랜드같은데...왠지 익숙한 느낌이네...근데 순간 빠직 화려하고 세련된 디자인에 단번에 반해버린 올라켈리 올랄라...이런 유모차가 있다니딱 내스탈이였다ㅋㅋ사실 유모차는 아직 사용하려면 몇달후라 베페에서 구매할 의사가 없었는데예의상 고민 분?정도 한후에 ㅎㅎ풀버전 세트인 스타일팩으로카드 휘리릭ㅋ주일정도뒤에 풋머프], 긍정 텍스트 확률 : 89.78%"
"[드뎌 펼쳐졌다 울아가 신생아때부터 유아까지 든든하게 타고다닐수 있을듯ㅎㅎ올라켈리 버젼은 디자인도 굿이지만뭣보다도 절충형과 디럭스형의 장점을 모두 갖추고 있어 더욱 맘에 든다노면의 충격을 완화하는 탁월한 서스펜션기능으로 승차감 업유모차 천소재도 생활방수가 되서 그런지 쫀쫀하고 탄력있어 내구성 굳정말 합리적인 유모차라는 생각이 또 든다.딱하나 아쉬운점이라면 마주보기가 안된다는거...그치만 뒤에서 투명창으로 아가상태를 다 볼수 있으니까 그정도야 모 넘어가 줄수 있다호호얼릉 출산해서 아가 태우고 유모차모는 뇨자에 입문하고 싶은맘ㅎㅎ후기는 ... ], 긍정 텍스트 확률 : 92.83%"
"[ 저요 이번달 처음입니다 막드 월일입니다], 긍정 텍스트 확률 : 86.46%"
"[네챗드릴게요], 긍정 텍스트 확률 : 73.49%"
"[ 저는 여행가려고 첨에 잉글레시나 중고로 샀다가 유모차 무게가 키로라 너무 무거워서ㅠ 다시 팔고 결국 쿨키즈 사서 갔어요 아무래도 가벼운게 낫더라구요ㅠ], 긍정 텍스트 확률 : 60.97%"
"[아 ㅠㅠ], 긍정 텍스트 확률 : 77.37%"
"[저 작년에 일본여행 갈 때 맥클라렌 가지고 갔어요다소 무겁기는해도 있는게 나아요가져가세요], 긍정 텍스트 확률 : 70.22%"
"[저도 저번주 맥클라렌퀘스트 가지고 갔었어요ㅎㅎ저는 다닐만하던데요....짐걸고..ㅋ], 긍정 텍스트 확률 : 74.10%"
"[채팅드릴게요], 긍정 텍스트 확률 : 66.13%"
"[맘님 채팅 확인해주셔요], 긍정 텍스트 확률 : 90.74%"
"[제가 운전중이라 이제 확인했어요 채팅 확인하고 답변 보냈습니다], 긍정 텍스트 확률 : 79.75%"
"[불발시 줄서봐요 .월 막드림이에요], 긍정 텍스트 확률 : 88.82%"
"[ 원 입니다. 모두정도 까페 할인 적용해 드렸습니다], 긍정 텍스트 확률 : 75.02%"
"[ 담부턴 제 연락처를 바로 보내야될거같네요], 긍정 텍스트 확률 : 89.19%"
"[네알겠습니다], 긍정 텍스트 확률 : 81.70%"
"[ 판매하신다고 하면 구매하고싶네여 ㅎㅎ], 긍정 텍스트 확률 : 89.23%"
"[전 아직 출산 전이라 이게 유용하게 쓰이려면 한참 있어야 할것같아서 고민중이예요 ㅎㅎ판매하게되면 연락드릴께영 ㅎㅎ], 긍정 텍스트 확률 : 67.01%"
"[전 아직 출산 전이라 이게 유용하게 쓰이려면 한참 있어야 할것같아서 고민중이예요 ㅎㅎ], 긍정 텍스트 확률 : 72.47%"
"[돌쯤되면휴대용이 꼭 필요하기는 해요. 저라면 보관잘해서 쓸듯해요. 그런데 꼭 사고픈 브랜드 있다면 팔고 나중에 다른것 살것같아요], 긍정 텍스트 확률 : 99.47%"
"[챗드릴께요], 긍정 텍스트 확률 : 66.13%"
"[불발시 줄서요ㅎㅎ], 긍정 텍스트 확률 : 64.26%"
"[네불발되면 챗드리겠습니다], 긍정 텍스트 확률 : 65.36%"
"[ 카시트 사면 유모차가 덤이라니 유모차도 거의 카시트 가격 하는거 주네요 ], 긍정 텍스트 확률 : 68.55%"
"[세피앙몰에서 브라이텍스 카시트 사야겠네요 키드픽스도 선물주면 좋을텐데 아쉽네요], 긍정 텍스트 확률 : 96.42%"
"[브라이텍스 어드밴스픽스 사려고 알아보고 있는데 할인에 적립에 유모차증정이라니 세피앙몰 찾아봐야겠네요], 긍정 텍스트 확률 : 51.21%"
"[ 똘빵 님 후기 이벤트쿠폰 발급되셨습니다 계속해서 호야 많이 이용해주시고 후기도 많이 많이 올려주세요 감사합니다 행운번호], 긍정 텍스트 확률 : 98.18%"
"[저도 엄청난 구글링으로 이것저것 다 때려 넣어보고 찾은거라 지금 기억도 안나요. 그리고 알아도 옛날꺼라 지금 안될꺼에요구글에 알비베이비 프로모션 코드 치면 많이 나와요 유효한걸로 잘 찾아보면 있을꺼에요그리고 페이팔로 결제햇어요], 긍정 텍스트 확률 : 96.34%"
"[ 저희애도 브라이텍스 어드보케이트 잘쓰고 있어요 이제 주니어 카시트로 바꿔줘야 하는데 세피앙몰 들어가봐야겠네요 ㅎㅎ], 긍정 텍스트 확률 : 97.58%"
"[ 전 타보 추천이요..검색해보세요], 긍정 텍스트 확률 : 76.45%"
"[전 미니버기잘쓰고있는데 요즘 요요가 땡기네요ㅋ], 긍정 텍스트 확률 : 83.01%"
"[전 미니버기요저혼자 들고 다니면서 차끌고다니고 트렁크에서 꺼내서 편하게 접었다 펴고 정말 잘 썼어요아이 잠들면 백시트가 뒤로 확 눕혀져서 그것도 좋아요], 긍정 텍스트 확률 : 97.71%"
"[ 저 줄서봐도 되나요? 나눔 받은 적 없어요], 긍정 텍스트 확률 : 54.60%"
"[네. 가능하실때 챗 주셔요], 긍정 텍스트 확률 : 70.04%"
"[안녕하세요.홀릭스탭입니다. 나눔완료 후 닉네임아이디님께 나눔완료를 제목에 넣어주세요 나눔받음은 월 회 가능하며 릴레이 나눔할경우 나눔받을 아이디를 잘 확인해주셔서 나눔해주시기 바랍니다. 닉네임 변경 후 나눔받으시는분들이 계시니 아이디와 닉네임은 제목에 꼭 넣어주시기 바랍니다. 나눔은 선착순이 아닌 나눔하시는 분이 원하시는 분께 드릴 수 있습니다 나눔해주시는 아름다운 마음 감사합니다], 긍정 텍스트 확률 : 97.37%"
"[완료되었습니다], 긍정 텍스트 확률 : 69.36%"
"[ 연식 있는 유모차라 드리면서 마음에 안드실까봐 걱정 많이 했는데.. 쓰임새 있다고 해주셔서 저도 감사해요 견과주신것도 잘 먹었습니다 가정에 항상 행복이 가득하시길 바라요♡], 긍정 텍스트 확률 : 97.04%"
"[ 아직 있는지몰겟는데..전 현대서 샀어요..맥클 매장이따로 잇는데아니고 . 다른브랜드매장에서 수입해서 팔더라구요], 긍정 텍스트 확률 : 53.58%"
"[감사합니다백화점 다 돌아봐야겠어요], 긍정 텍스트 확률 : 83.86%"
"[저는 베페때 백스코에서 다 보고 샀어요], 긍정 텍스트 확률 : 71.76%"
"[베페에서 넘게 주고 휴대용 샀는데 맘에 안들어서요 ㅠㅠ맥클라렌이 답인가 싶어서 ㅠㅠ], 긍정 텍스트 확률 : 59.49%"
"[네저 다 보고 맥클라렌 절충형? 샀는데 살딸 지금도 잘써요], 긍정 텍스트 확률 : 81.31%"
"[정말 핸들링 좋아요 ], 긍정 텍스트 확률 : 94.36%"
"[넘이뻐요ㅠㅠ어디서 구입하셨요? 가격이랑 정보 공유해요ㅠㅠㅠ], 긍정 텍스트 확률 : 97.24%"
"[유세븐홈피에서 샀어요 가격은 들어가 보시면 나와요], 긍정 텍스트 확률 : 59.73%"
"[ ㅎㅎ저도 님 이야기정독했어요..곧 저도 그리해야될것갇아서요..감사합니다], 긍정 텍스트 확률 : 97.46%"
"[ㅇㅇ 너무 걱정 안하시고 계획 짜셔도 좋을것 같아요], 긍정 텍스트 확률 : 78.57%"
"[저 인천에서는 도어 투 도어로 이용햤던 기내용 유모차를 나트랑 공항에선 수화물로 붙이라는 현지 직원과 실갱이 했더니... 도어 투 도어로 보내주더라구요...인천 공항이 확실히 좋은 듯 해요... ㅎ], 긍정 텍스트 확률 : 95.26%"
"[저도 실갱이좀 했어야 됐었나봐요 ㅠㅜ 벨트 없어서 힘들었어요 ㅎ 담에 나가게된다면 벨트 하나 꼭 챙겨가려구요], 긍정 텍스트 확률 : 96.52%"
"[ 고급스럽고 좋네요 세일 구매한 곳 어딘지 알 수 있을까요?], 긍정 텍스트 확률 : 97.40%"
"[쪽지보냈습니다], 긍정 텍스트 확률 : 62.67%"
"[성민사랑감사해요♡], 긍정 텍스트 확률 : 86.71%"
"[네 드릴게요전번 쪽지 남겨주세요오늘 가능합니다], 긍정 텍스트 확률 : 89.76%"
"[불발되면 줄서봐요], 긍정 텍스트 확률 : 77.61%"
"[드림완료입니다], 긍정 텍스트 확률 : 70.45%"
"[챗드릴께요], 긍정 텍스트 확률 : 66.13%"
"[드림 응원합니당드림 완료나 불발시 제목앞에 받으신분 이름넣으시고 ○○님 완료불발이라고 써주시구요 추첨선착순인지 표기부탁드려요☆ 드림 줄서주는분들중 직전 개월 기본게시글 각한개씩 게시글이 있으셔야 벼룩글 후기글제외 월에드림받으려면 월에 게시글 있어야함 드림 받으실수 있습니다 한달에 드림받을수 있는 횟수는 월회 단 드림게시글이 올라온기준 시간동안 줄서신분이 안계시면 누구나 받으실수도 있습니다☆☆ 드림받으시는분께서는 게시글기준 주안에 드림게시글의 답글로 후기글 작성해주세요 ☆☆☆ 후기써주실때 몇월 몇회 앞에 표시 해주세요 ♤예 ..드림후기표시 드림규칙위반시 드림하시는분드림받으시는분 주동안활동정지], 긍정 텍스트 확률 : 99.30%"
"[넵 지금 오실수 있음 오셔도 상관 없구요.워낙 야행성이라 ㅎㅎ 제가 교대를 하는 직업이라 내일은 오후시 반 이후 가능수요일은 쉬는 날이라 시간 정하고 아무때나 오셔도 됩니다.], 긍정 텍스트 확률 : 81.34%"
"[두아들챗드렸어요], 긍정 텍스트 확률 : 59.72%"
"[ 안녕하세요 유모차 제가 받아도 될까요..], 긍정 텍스트 확률 : 77.35%"
"[쪽지보낼께용], 긍정 텍스트 확률 : 62.67%"
"[쪽지보낼께요], 긍정 텍스트 확률 : 62.67%"
"[ 사용감 어떠셔요?이번주 첫드림입니다], 긍정 텍스트 확률 : 68.70%"
"[챗드려요], 긍정 텍스트 확률 : 66.13%"
"[줄서봅니다이번주첫드림입니당], 긍정 텍스트 확률 : 63.22%"
"[이번달 첫 드림이에요. 아니 몇개월 된듯요. 휴대용이죠?], 긍정 텍스트 확률 : 75.31%"
"[ 저요], 긍정 텍스트 확률 : 51.92%"
"[챗드릴께요], 긍정 텍스트 확률 : 66.13%"
"[도담토담맘저도 챗 드렸어요], 긍정 텍스트 확률 : 90.58%"
"[ 유모차 드림 받고싶네요], 긍정 텍스트 확률 : 50.43%"
"[일괄안되면 샴푸의자라도 받을수 있을까요?], 긍정 텍스트 확률 : 51.05%"
"[지금 예약중이라불발시 연락드릴께요], 긍정 텍스트 확률 : 92.31%"
"[지금이순간네 감사합니다], 긍정 텍스트 확률 : 88.71%"
"[완료입니다.], 긍정 텍스트 확률 : 75.73%"
"[ 괜찮다면 제가받고싶어요막드는 오래된듯합니다아이가무척좋아할듯해요], 긍정 텍스트 확률 : 95.84%"
"[쳇드릴께요], 긍정 텍스트 확률 : 66.13%"
"[불발시 줄서보아요집에 하나있는데 자매라 싸워서요막드는 이번달 일입니다.], 긍정 텍스트 확률 : 80.17%"
"[ 살 자매가 콩콩이유모차 한 대로 싸워서 조심히 줄 서봅니다..세찌 신생이 물건까지 사야되니 가능하면 드림이나 물려받는 기회가 되면 넘 좋을꺼같아요막드.입니다], 긍정 텍스트 확률 : 93.44%"
"[절충형 이에요], 긍정 텍스트 확률 : 95.06%"
"[ ㅎㅎ 맘님 유용하게 쓰시면 좋겠어요 주신 배랑 누룽지도 잘 먹을게요], 긍정 텍스트 확률 : 98.86%"
