"[..미마자리유모차 블랙], 부정 텍스트 확률 : 66.55%"
"[ 유모차의 종류는.?디럭스형디럭스형.?절충형절충형.?휴대형이휴대형이 있습니다많이들 아시겠지만 디럭스는 무게감이 있고 승차감이 좋아 안전하다는 게 가장 큰 장점인 반면에], 부정 텍스트 확률 : 70.91%"
"[할인매장 등 비교했지만 결국 끌리는 거 선택하게 되더라고요 .?미마자리미마자리 는 흰색이 예쁜데 때가 많이 탈것 같아서 블랙으로 선택. 이제 장단점 비교 분석해볼게요 ], 부정 텍스트 확률 : 92.53%"
"[ . .?미마자리유모차미마자리유모차 는 모던하고 차별화된 가죽 느낌의 재질이특징이죠. 가죽 소재다 보니 얼룩 등 물티슈로 쓱딱을 수 있어서 관리하기 편한 반면], 부정 텍스트 확률 : 97.33%"
"[ . 디럭스 전체적으로 핸들링은 좋은 것 같아요 ], 부정 텍스트 확률 : 80.20%"
"[ .미마자리는요람형아기침대과 좌석형 시트 가지로 사용할 수가 있어요.요람형은 신생아용이고 개월이 지난 후 좌석형 시트로 변경하면 되는데 저희는 일때부터 목도 가누고 해서 요람형보다는 좌석형 시트를 사용했어요.], 부정 텍스트 확률 : 74.98%"
"[ . 양대면은 기본], 부정 텍스트 확률 : 57.91%"
"[시높낮이 단계], 부정 텍스트 확률 : 74.20%"
"[각도는 단계 가능해요 ], 부정 텍스트 확률 : 66.26%"
"[ 핸들바는 엄마나 아빠의 키에 맞춰서 단계로 조절 가능합니다 ], 부정 텍스트 확률 : 94.26%"
"[ .시트 각도가 단계라 세우면 캐노피햇빛 차단 가리개가 문제없지만 눕힌다고 가정했을 때 살짝 더 내려왔으면 좋겠어요.눕힌 상태로 백화점 갔었는데 조명이 눈 쪽을 강하게 쏘길래 수건으로 살짝 가리고 다녔답니다.. ], 부정 텍스트 확률 : 79.95%"
"[ .시력보호 레인커버], 부정 텍스트 확률 : 62.92%"
"[시력보호 보낭커버], 부정 텍스트 확률 : 53.29%"
"[ 풋머프], 부정 텍스트 확률 : 53.29%"
"[ .차로 비유하자면 외제차인 건 분명합니다. 비싼 값어치 하는 부분이 있어요. 집에 잉글레시나 절충형도 있는데미마 자리를 더 이용하는 편이고], 부정 텍스트 확률 : 56.10%"
"[ ....크림컬러라고 되어있는데 살짝 연민트 같은??... ], 부정 텍스트 확률 : 82.36%"
"[ ....조립을 시작해 봐요...전 사진을 찍고 남편이 조립을 합니다.... ], 부정 텍스트 확률 : 91.74%"
"[ ....실버프레임도 너무나 깔끄미... ], 부정 텍스트 확률 : 93.71%"
"[ ....바퀴도 튼실하구요.... ], 부정 텍스트 확률 : 70.80%"
"[ ....카멜 컬러의 손잡이... ], 부정 텍스트 확률 : 63.47%"
"[ ....우리집 냥이가 너무 타고싶어하더라구요...... ], 부정 텍스트 확률 : 54.85%"
"[ ....아기가 아직 많이 작아서 신생아시트도 따로 넣어줫어요.... ], 부정 텍스트 확률 : 91.78%"
"[ ...우리 기욤댕이들 ㅋㅋㅋㅋ.뭐가 그리 궁금해?.우린 모녀사이 .... ], 부정 텍스트 확률 : 58.48%"
"[ ....또다른 딸내미냥이 ㅋㅋㅋㅋ... ], 부정 텍스트 확률 : 75.22%"
"[ ....깔끔깔끔... ], 부정 텍스트 확률 : 71.67%"
"[ ....풋머프.... ], 부정 텍스트 확률 : 80.89%"
"[ ...손잡이도 딱 세련된 카멜컬러.... ], 부정 텍스트 확률 : 83.02%"
"[ ....방풍커버도 씌워봤어요.... ], 부정 텍스트 확률 : 72.48%"
"[ ....... ], 부정 텍스트 확률 : 53.29%"
"[ ....캬 이뻐요이뻐.에그 보니 다른 유모차는 눈에 안보이네용 ㅋㅋ... ], 부정 텍스트 확률 : 72.80%"
"[ ....달걀을 모티브로 한 에그유모차..빈틈없이 예뻐요?.. ], 부정 텍스트 확률 : 93.36%"
"[ ...... ], 부정 텍스트 확률 : 70.13%"
"[ ....미마자리와 비교하니 미마가 뭔가 촌스러워보이는...ㅋㅋㅋㅋ..둘다 이쁘지만 역시나 에그가 더 이쁘네요...둘다 밀어보니 핸들링은 에그가 좀더 부드러운 느낌이더라고요....너무나 설레서 어서 끌고 나가고싶은 우리 아기붕붕이 에그.... ], 부정 텍스트 확률 : 68.38%"
"[ 유모차 내 아이를 위한 럭셔리 세단], 부정 텍스트 확률 : 58.00%"
"[ 근데 미마지기 유모차를 악세사리가 다 별도 구매예요...돈이 줄줄 세는 소리가 나네요 아하하하하하난중에는 풋레스트도 사야겠어요.], 부정 텍스트 확률 : 90.69%"
"[ 그리고 캐노피 확장수준이 여느 유모차랑 차원이 다릅니다.다른 유모차를 햇빛이 직사광선이 내려쬘때 아기들 데리고 다니기 힘들죠.햇빛이 어떻게든 아기에게 비춰지거든요.그런데 미마지기는 확장형 캐노피라 아이가 누워있어요 햇빛을 잘 차단해줘요], 부정 텍스트 확률 : 75.27%"
"[ 힝 우리딸 좋아?일단 시트 각도조절은 단계가 있어요.], 부정 텍스트 확률 : 70.74%"
"[ ..배송이 왓는데 상당히 아기자기함에 놀람.폴딩이 되면 작아진다더니 그래서 그런건가? 하는 생각을 .하게 만들던 크기.. ], 부정 텍스트 확률 : 50.40%"
"[ ...설명서가 나오는데.안봄.걍 쉬움 폴딩도 모든게.. ], 부정 텍스트 확률 : 93.73%"
"[ ..아기자기하죠ㅠ. ], 부정 텍스트 확률 : 54.98%"
"[ ..요로케 접어서 케이스에 담겨 와써요. ], 부정 텍스트 확률 : 74.17%"
"[ ..반으로 접힌걸 피니 짜잔.벌써 완성..ㅋㅋㅋㅋㅋㅋㅋㅋ.이맛에 휴대용 휴대용 하나봐요.. ], 부정 텍스트 확률 : 91.64%"
"[ ..미드나잇블루랑 뭐할까 너무 고민했는데.챠콜도 심플하니 이쁘긴한데 뒤늦게.미드나잇블루에 아쉬움이 남네 잉잉.. ], 부정 텍스트 확률 : 93.98%"
"[ .페달 누르면 고정.올리면 움직여용...방안에서살짝 시운전했는제.이 핸들링 무슨일.... ], 부정 텍스트 확률 : 85.72%"
"[ ..레인커버인지 방풍인지 기본으로 들어있우요. ], 부정 텍스트 확률 : 89.16%"
"[ ....저는 이렇게 방풍커버 사서 씌워서.강아지랑 산책하는데 얼마나 좋게뇨?..아기도 세상구경하느라 너무 좋아하고.전 한손으로 유모차 한손은 강아지 산책한답니다..세상 꿀 너무 좋아요..미마지기 유모차 적극 추천해요...❤️..이상 내돈주고 내가 사서 쓴 리뷰랍니다? ㅎ... .?미마미마 .?미마지기미마지기.?휴대용유모차추천휴대용유모차추천 . .?휴대용유모차미마휴대용유모차미마], 부정 텍스트 확률 : 90.24%"
"[.?스토케익스플로리스토케익스플로리 를 사용했었는데 확실히 안정감은 있지만 너무 무겁다ㅠㅠ이 유모차는 이제 친정집으로 ㅎㅎㅎㅎ그래서 휴대용 유모차를 검색해보고 요요와 미마지기로 좁혀졌다가 결국은 미마지기당첨고양스타필드가서 유모차시승을 해보고 가격도 다른곳보다 싸길래 구매하려고 했는데 월 초나 되야지 유모차를 받을수 있다고 하네요 ㅠㅠ이때는 월 중순이였음보름이나 기다려야한다니.....그래서 미마지기 취급점에 다 전화를 돌려본 결과 베이비플러스 화곡점이 가격도 적당하고 일주일 안으로 받을 수 있다는 얘기를 들었습니다시댁에 가는길래 들린.?베이비플러스화곡점베이비플러스화곡점 ], 부정 텍스트 확률 : 90.70%"
"[ 왼쪽은 요요 오른쪽은 미마지기여기까지 와서도 고민했지만 결론은 미마지기다시승할때는 핸들과 발판은 있었지만 따로 구매하는 물품이였습니다핸들은 따로 사은품으로 받음 ㅎㅎㅎ ], 부정 텍스트 확률 : 90.47%"
"[ 매장에는 차콜밖에 없었는데 내가 사고 싶은건.?미드나잇블루미드나잇블루 네이비색이였습니다이미 전화로 하고 가서 알고 있었지요 ㅎㅎㅎ전국 품절이지만일주일있으면 배송된다고 하니 휴가전에는 받을 수 있었습니다하지만... 재고가 부족해서 일 걸려서 받았습니다그래도 다른 매장보다는 훨씬더 빨리 받았으니 핵이득 ], 부정 텍스트 확률 : 59.15%"
"[ 박스개봉박두유모차가 조립된 상태로 배송되기 됩니다커다란 파우치에 유모차가 담겨 있었습니다 ], 부정 텍스트 확률 : 81.05%"
"[ 미드나잇블루 색상이 너무 영록하잖아 ], 부정 텍스트 확률 : 74.30%"
"[ 짐받이는 작다는 평이 많았는데 휴대용 유모차에 뭘 바라겠습니다그리고 그물망안에는 레인커버가 동봉되어 있었습니다아직 사용해본적은 없음 ], 부정 텍스트 확률 : 86.65%"
"[ 드디어 첫 시승식디럭스유모차를 타다가 휴대용유모차를 타니 뭔가 불안한가봅니다안전바도 없고 발판도 없고.....ㅠㅠ사진 겨우찍고 바로 안아줬답니다 너무 일찍 휴대용으로 갈아탔나? ], 부정 텍스트 확률 : 99.18%"
"[ 유모차구입후기를 작성하면 본사에서 핸들을 선물로 보내줍니다하지만 둥둥 떠있는발은 여전히 불안해보입니다햇빛이 너무 쌜땐 차양막을 요렇게 내려주면 햇빛 완벽 차단하지만 아기가 답답해 할 수도.....이때는 앞보기가 적응 안됬는지 차양막 천장에 있는 그물망으로 엄마의 유무를 계속 확인했습니다귀여운녀석 ], 부정 텍스트 확률 : 98.45%"
"[ 도저히 안되겠다 발판이랑 쿨시트를 사야겠다기존에 있던 쿨시트는 유모차를 접을때마다 뒤집어져서 화딱지 일부직전ㅠㅠ심지어 유모차 펴다가 쿨시트 밟은적도 있음인터넷을 아무리 뒤져도 호환제품은 없고 그냥 정품을 구입하기로 했습니다], 부정 텍스트 확률 : 98.00%"
"[ 미마지기 악세사리는.?유세븐샵유세븐샵 에서만 팔더군요 ], 부정 텍스트 확률 : 86.16%"
"[ 바로 요거다컵홀더는 솔직히 필요 없었는데 그냥 질러버림 ㅋㅋㅋㅋㅋㅋ왠지 유세븐샵에서 컵홀더 안팔려서 끼워파는 느낌이 물신 나는건 뭘까? ], 부정 텍스트 확률 : 70.00%"
"[ 지금은 부분예약배송이라고 써있는데 저는 완전 칼배송박스개봉 ], 부정 텍스트 확률 : 92.17%"
"[ 쿨시트], 부정 텍스트 확률 : 53.29%"
"[컵홀더], 부정 텍스트 확률 : 53.29%"
"[ 먼저 발판풋레스트입니다박스에는 설치 방법이 그림으로 표현 되있습니다박스를 열어보니 랩핑되어있는 발판딱히 설치라기 보다는 끼우면 끝 ㅋㅋㅋㅋ ], 부정 텍스트 확률 : 58.28%"
"[ 잉??? 왠 기름자국이지?누군지 모를 누군가의 지문이 묻어 있었습니다ㅋㅋㅋㅋㅋㅋㅋㅋ스크레치가 아니니까 그냥 닦고 쓰겠습니다 ], 부정 텍스트 확률 : 71.61%"
"[ 별로 맘에 들지 않았던 컵홀더컵홀더를 설치하면 생각보다 많이 튀어 나와서 불편 하더라구요 ], 부정 텍스트 확률 : 67.20%"
"[ 정품 마미지기쿨시트생각보다 허접하게 생겼지만 유모차를 접었을때 쿨시트가 뒤집어 지지 않고 고정 되있는게 큰 장점이지요머리 보호쿠션이 없다는게 아쉬울 따름입니다 ], 부정 텍스트 확률 : 65.78%"
"[ 정품 쿨시트는 메이드 인 코리아 ], 부정 텍스트 확률 : 66.26%"
"[ 개월 사이에 머리카락이 많이 자란 뿜뿜이머리하러 가야겠다 ㅋㅋㅋㅋㅋㅋㅋ미마지기에 정품악세사리 장착샷처음에는 유모차를 타면 불안해 했는데 이제는 핸들바도 잡고 발판에 발도 척하니 올리고가끔은 핸들바에 발도 올리기도 합니다휴대용 유모차 치고는 가격이 조금 나가는 편이지만 완전 잘샀습니다 후회 도 없음핸들링도 좋고 디자인도 이쁘고 색상도 고급진 미마지기 완전 강추합니다대가 도 없는 미마지기후기 끝 ], 부정 텍스트 확률 : 99.76%"
"[할인할 때에 전화를 주셔서 바로 콜을 했다죠. 오자마자 정품 등록 먼저 했어요ㅎㅎㅎ 정품 등록은 유세븐 샵에서 하시면 됩니다 ], 부정 텍스트 확률 : 91.26%"
"[ 아무래도 임신하고 처음 사용하는 유모차이기 때문에], 부정 텍스트 확률 : 52.48%"
"[어떤 걸 고를까 많이 고민했었던 것 같아요 다른 유모차들도 많이 있었지만], 부정 텍스트 확률 : 77.82%"
"[고르기가 굉장히 쉽지가 않았어요.솔직히 디자인적으로 볼 때에 미마자리 디럭스가 많이 끌렸었는데], 부정 텍스트 확률 : 59.14%"
"[실용적인 측면에서는 스포츠가 훨 나은 것 같아서 이걸로 선택했어요ㅋㅋ 뭐], 부정 텍스트 확률 : 50.12%"
"[한 제품을 오래 사용하는 것을 좋아하는터라 미마자리 스포츠로 구매를 했네요ㅋㅋ ], 부정 텍스트 확률 : 75.41%"
"[ 무엇보다도 마음에 들었던 것은 캐리콧 구매했을 때에는 봄이긴 했지만], 부정 텍스트 확률 : 80.02%"
"[캐리콧을 중점으로 봤었어요.제가 햇빛 알르레기가 있어서 그런지 자외선에 대해서는 정말 예민해지더라구요. 굳이 그게 아니더라도], 부정 텍스트 확률 : 60.11%"
"[연약한 아이 피부에는 꼭 자외선이 차단될 수 있는 것으로 하고 싶었어요 미마자리 스포츠는 좋았던 점이 굳이 파라솔을 구매하지 않아도 아이 얼굴이 전부 가려지니까], 부정 텍스트 확률 : 65.80%"
"[이렇게 망 소재로 되어있어요 아무래도], 부정 텍스트 확률 : 74.57%"
"[망 소재로 되어있지 않았다면], 부정 텍스트 확률 : 75.89%"
"[정말 답답하고 여름 같은 경우 엄청 안 쪽이 찜질방 같았을텐데], 부정 텍스트 확률 : 69.09%"
"[ 공기 순환도 되고], 부정 텍스트 확률 : 78.08%"
"[ 안전바를 개폐해서 찍은 사진인데], 부정 텍스트 확률 : 89.87%"
"[정말 안쪽이 넉넉해서 여유로웠어요. 물론 신상아 때에는 신생아 시트를 넣어서 이용을 했어요. 목 받침이라던가 그런걸 해주면 좋을 것 같아서ㅎㅎ시트가 넓어서 굳이 시트를 구매하지 않더라도], 부정 텍스트 확률 : 74.80%"
"[아이 태우기도 손쉽했고], 부정 텍스트 확률 : 55.58%"
"[안쪽이 넉넉하니까 불편하지 않고], 부정 텍스트 확률 : 86.80%"
"[ 풋 레스트도 각도 조절이 가능한데], 부정 텍스트 확률 : 66.14%"
"[시트 각도 조절은 필수로 봤던 것 같아요. 그래야 저도 편하고 아이도 편하니깐요ㅎㅎ 이뿐 아니라], 부정 텍스트 확률 : 65.08%"
"[아이 안전바도 각도 조절이 손쉽게 가능하니], 부정 텍스트 확률 : 62.62%"
"[굳이 캐리콧을 확장하지 않더라도], 부정 텍스트 확률 : 66.94%"
"[알아서 캐리콧도 조절이 가능하지만], 부정 텍스트 확률 : 73.95%"
"[사용하기 정말 간단하죠? 디자인도 질리지도 않고], 부정 텍스트 확률 : 70.05%"
"[되게 이 주머니도 고급지게 만들었더라구요ㅋㅋ자석이 붙어있는지는 모르겠지만], 부정 텍스트 확률 : 73.52%"
"[탁하고 달라 붙은 느낌이랄까? 뒷 주머니는 더 짱짱하게 되어있는데], 부정 텍스트 확률 : 88.39%"
"[고무줄? 같은게 있어서 딱 밀봉할 수 있어요ㅋㅋ주머니 하나람도 허투루 만든 것 같지 않습니다ㅋㅋ 프레임도 견고하지만], 부정 텍스트 확률 : 63.51%"
"[바퀴 부분도 굉장히 튼튼해요 이 부분은 직접 헨들링을 해보셔야지 알 것 같습니다 ], 부정 텍스트 확률 : 62.28%"
"[밟기만 하면 됩니다ㅋㅋ 원터치라서 별로 브레이크가 강력하지 않을 것 같았는데], 부정 텍스트 확률 : 77.81%"
"[굉장히 잘 걸리더라구요 아무래도 바퀴도 튼튼하다 보니], 부정 텍스트 확률 : 80.56%"
"[그런 것 같았어요 확실히 휴대용 유모차에서 볼 수 없는 튼튼함인지라], 부정 텍스트 확률 : 60.47%"
"[휴모차가 흔들림도 없고], 부정 텍스트 확률 : 93.61%"
"[부드럽게 잘 밀렸어요. 서스팬션 기능이 들어있어서], 부정 텍스트 확률 : 79.16%"
"[아이가 잠 잘 때에 잘 깨지도 않고], 부정 텍스트 확률 : 95.12%"
"[ 백화점에서 구매를 해서 그런지], 부정 텍스트 확률 : 76.38%"
"[직접 와주셔서 설치를 해주셨어요 하나 하나 설명을 들으면서 너무 편리했었고], 부정 텍스트 확률 : 75.89%"
"[사용해봤을 때에 숨겨진 기능들이 실용성이 굉장히 높았어요특히 폴딩 부분에 있어서는 너무 간단해서 놀라웠었네요. 솔직히 분 안에 폴딩이 가능하고], 부정 텍스트 확률 : 77.02%"
"[시트 분리 부착도 분도 안걸려요 양대면 전환이 그만큼 손쉬운 거죠몇 개월 사용해본 결과], 부정 텍스트 확률 : 86.52%"
"[사람들이 빨리 이 유모차를 알아서 사용해 봤으면 좋겠다라는 생각 밖에 안들었고], 부정 텍스트 확률 : 83.08%"
"[안녕하세요 여러분 요즘 날씨가 너무 덥지 않나요?그래서 한동안은 집에서 방콕만 했는데요.미마 자리 스포츠 유모차 산 뒤로는 산책을 자주 나가고 있네요 ㅎㅎㅎ아이를 위한 차를 한대 뽑은 느낌이랄까..?남자들이 왜 외제차를 좋아하는지 알 것 같더라구요그래서 오늘 소개해드릴 제품은 유모차계의 명품미마 자리 스포츠에 대해서 리뷰를 남겨볼까 합니다확실히 왜 사람들이 명품 유모차라고 이야기하는지 알 것 같더라구요.산책하러 다닐 맛이 샘솟아요 ㅎㅎㅎ부가부], 부정 텍스트 확률 : 55.40%"
"[스토케], 부정 텍스트 확률 : 53.29%"
"[ 디자인은 요렇게 생겼고], 부정 텍스트 확률 : 65.42%"
"[ 아이가 만약 안에서 잠이 들면 편하게 눕힐 수 가 있어요발 받침대 같은 경우에는 아이가 클수록 사용하기가 좋은데.오래 사용하실 분이라면 각도 조절이 필수로 되는 것으로 고르는 것이 좋아요.아이가 어릴 때에는 잘 사용을 하지 않지만 유아기에 접어들어가면아이가 커도 크고 성장을 하기 때문에 발 받침대가 조절이 되지 않으면 굉장히 불편해 합니다 ], 부정 텍스트 확률 : 99.68%"
"[ 차양막 같은 경우에는 시트를 눕혔을 때에도 얼굴까지 다 가려져요이건 확장한 모습이고 안전바까지 내려와서 전부 다 가릴 수 있어요안전바도 양쪽에서 개페가 가능해서], 부정 텍스트 확률 : 98.94%"
"[이게 참 편리하더라구요. 시트도 분리가 가능하니까 아이를 굳이 깨워서 집에 들어가지 않아도 되구요.차양막을 확장을 할 수 있는데 확장하는 부분이 이렇게 모기망처럼 생겼어요그렇다고 해서 절대 흐물한 형태가 아니라 아주 짱짱합니다.저도 맨 처음에는 매쉬 소재라서 모기장 같은 질감인줄 알았는데], 부정 텍스트 확률 : 95.57%"
"[더 고급져 보여요. ], 부정 텍스트 확률 : 67.72%"
"[ 유모차 같은건 아이가 편안한 것도 중요하지만], 부정 텍스트 확률 : 74.92%"
"[안전이 제일이잖아요프레임 자체에는 서스펜션 기능이 들어있어서], 부정 텍스트 확률 : 88.70%"
"[휴대용보다는 훠어어얼씬 안전해요.오래 끌고 다녀도 허리도 아프지 않고], 부정 텍스트 확률 : 81.31%"
"[핸들링도 부드러워서 잘 밀립니다. ], 부정 텍스트 확률 : 54.84%"
"[안녕하세요 클로이입니다제가 이렇게 애기용품 후기를 쓰게 될 줄이야ㅋㅋㅋㅋㅋㅋㅋㅋㅋ유모차를 결정하기까지 징짜... 너무 고민을 많이 했어서 한번 적어봅니당..?우선 디럭스절충형 중 무엇을 사느냐였는데안정적이고... 사촌언니가 무조건 디럭스 해야된다고 해서..ㅎ...일단은 디럭스로 결정..........그다음은 어떤 브랜드를 사느냐가 문제였는데마지막까지 고민한 건 부가부 폭스와 미마자리 였어요일단 부가부폭스미마자리 장단점을 쭉 써볼게용ㅎㅎㅎ. 부가부폭스 ], 부정 텍스트 확률 : 70.08%"
"[사은품이랑 따져보니 비슷비슷하더라구용단점 한가지 걸리는 점은 너무 큰 것 같은 느낌..?디럭스니까 당연한거지만 그래듀..ㅎ... 행사를 해도 할인폭이 크지 않고], 부정 텍스트 확률 : 90.89%"
"[사은품도 별로 없음.. 흑... 악세사리를 별도로 사야함ㅠㅠ. 미마자리 ], 부정 텍스트 확률 : 95.15%"
"[ 장점 너무너무.... 예쁨ㅋㅋㅋㅋㅋ 베이비페어 기간이라 사은품이 어마어마 패키지 윈터키트컵홀더쿨시트레인커버트래블킷아기용캐리어 등 단점 부가부폭스를 먼저 끌어보고 가서 그런지 묵직하고 무거운 느낌 정도라고 함 크지 않아서 부가부폭스보다 오래 못탈 것 같은 느낌.. 게다가 탱구는 평균보다 더 클 것만 같아..ㅋㅋ ], 부정 텍스트 확률 : 54.68%"
"[ 마지막까지 예쁜 미마자리를 포기하지 못하고..ㅋㅋㅋㅋ 심지어 방동이도 실용성보다 무조건 간지가 우선이라몈ㅋㅋㅋㅋㅋㅋㅋㅋㅋㅋ계속 미마자리 사자고 하면서 결정은 저한테 하라는거에옄ㅋㅋㅋㅋㅋㅋ마지막까지 고민고민하다가 결국 부가부폭스로 결정했어요ㅠㅠ가장 결정적인 이유는... 한두푼 하는 가격도 아닌데], 부정 텍스트 확률 : 74.19%"
"[기왕이면 오래 써야 하잖아욤..?그래서 좀 더 오래 쓸 수 있는 부가부폭스로...........이미 조립까지 다 해놨지만 미마자리가 아른거리는 건 어쩔 수 없겠쥬...ㅎ사진은.. 제가 회식하고 온 날 열시미 조립중이던 방동이의 뒷모습ㅋㅋㅋㅋㅋ ], 부정 텍스트 확률 : 61.61%"
"[ 썬캐노피까지 와서 다시 찍어본 탱구 붕붕이부품별로 색상을 고를 수 있었는데 저희는 그냥 올블랙에 썬캐노피만 화이트로 했어용근데 이렇게 하고 보니 부가부폭스 사시는 분들은 대부분 이 조합으로 하는 것 같더라구염ㅋㅋㅋ역시 사람보는 눈은 다 비슷한건강.. 심플이 최고얌ㅋㅋㅋㅋ ], 부정 텍스트 확률 : 76.09%"
"[. .?미마지기미마지기. ], 부정 텍스트 확률 : 68.39%"
"[ .이벤트중인데.넘나귀찮은것.....그리고 사용전인데 어띻게 후기를 씁니까....라고 생각하는 나란 사람 매우 솔직한 사람.....안전바를 돈주고 사야한다는 충격적인......ㅡㅡ ], 부정 텍스트 확률 : 99.78%"
"[ . .?미마지기설명서미마지기설명서. ], 부정 텍스트 확률 : 66.50%"
"[ .기내 반입할때.보관가방에 넣으면 비교적 깨끗하게 쓸수있겠다 ], 부정 텍스트 확률 : 83.79%"
"[ .안전바 사야겠다.......다소 위험해보인다..기분탓인가ㅠ ], 부정 텍스트 확률 : 90.34%"
"[ .폴딩후..미마자리쓰다가..지기들었더니.너무 가볍게 느껴진다.얘도 이라 타상품보다는.무거운편인데. ], 부정 텍스트 확률 : 75.01%"
"[ .요것이 자꾸 자동으로 접혀서.이상하다했는데. ], 부정 텍스트 확률 : 87.81%"
"[ .설명서 처럼아기등받이 부분을.위로 끌어올려 고정시켜야 안접히더라는....ㅎ..아직 시승전인.시우의 세컨카..좋다 나쁘다 말할수가 없다..미마자리좋았으니 어느정도 기대를 갖고.개시날을 기다려본다.. .?절충형유모차절충형유모차. .?기내반입유모차기내반입유모차. .?유모차유모차. .?안전바안전바. .?미마미마 ], 부정 텍스트 확률 : 89.89%"
"[운좋은 기회로.?미마자리플레어미마자리플레어.?디럭스유모차디럭스유모차 를 물려받게 되어 .?유모차셀프세탁유모차셀프세탁 을 시도하게 되었습니다. ], 부정 텍스트 확률 : 62.81%"
"[ 제가 사용한 세탁용품 호는 사진 우측의.?친환경세탁세제친환경세탁세제.?맑은샘맑은샘한국유지화학에서 근 년간 유통하고 있는 세대 친환경제품 이예요 ㅎ초록마을등에서도 살 수 있는데.. 자매품?으로 주방용세제.?천연샘천연샘 그리고 친환경샴푸.?샘이랑샘이랑 등이 있습니다이 시리즈들의 장점은무향에 세탁력세정력이 매우 우수 하다는 점아무리 지성두피라도.?샘이랑샴푸샘이랑샴푸 사용하시면 머리칼이 뽀득뽀득그리고 약간 푸석해 지실 거예요 ㅎㅎㅎ저는 건성이라서 샴푸는 스킵하고.. 주방세제와 세탁세제만 사용중이네요 ㅂ.?맑은샘세제맑은샘세제 는드럼세탁기 겸용 이고.?친환경물비누친환경물비누 라서 이렇게손빨래 에 사용하기도 좋습니다 ], 부정 텍스트 확률 : 96.57%"
"[ 단계. 손세탁물빨래페브리즈 뿌리기 먼저 유모차 핸들과 안전바], 부정 텍스트 확률 : 82.98%"
"[그리고 안전바 커버를 시작으로유모차 분리작업 을 실시하였고요 분리는 뚝딱뚝딱 쉬워요. 그 중 손빨래할 수 있는 부분들만 모아서욕조에 넣고 물비누와 함께 발로 송송밟아주었습니다 ㅎ 이어서 하나씩 대야에 건져서거품 헹구고 ], 부정 텍스트 확률 : 77.25%"
"[손힘으로 돌려짜며탈수 촥촥 서방님찬스는 큰 힘이 됩니다♡ ], 부정 텍스트 확률 : 80.37%"
"[유모차에 연결하는 똑딱이 연결이불?의 상단], 부정 텍스트 확률 : 51.73%"
"[검정색 캐리콧 커버], 부정 텍스트 확률 : 53.29%"
"[ 빨래건조대의 남는 공간에안전바 핸들], 부정 텍스트 확률 : 64.49%"
"[핸들커버], 부정 텍스트 확률 : 53.29%"
"[벨트끈등도페브리즈뿌려서 옆에 놓아 함께 말려주었어요 ], 부정 텍스트 확률 : 67.29%"
"[ 그리고 유모차 등받이와 벨트부분의빈 공간에 끼우는 플라스틱 부품 은 물비누로 세척해서 따로 보관해주고요 ], 부정 텍스트 확률 : 76.61%"
"[유모차에 똑딱이버튼으로 끼워주는이불?모양의 천 재질 덮개 요것도 앞면은 인조가죽이라 물세탁 하기가 곤란해요], 부정 텍스트 확률 : 72.44%"
"[ 차양막 ], 부정 텍스트 확률 : 90.69%"
"[ 유모차 틀 안에 접혀 보관되어있던내장 캐리콧 은 빤빤하게 펴서 세워주고], 부정 텍스트 확률 : 73.17%"
"[마찬가지로 페브리즈로 초벌 항균을 해주었습니다.페브리즈 제품설명을 보면 천이 축축해질때까지 적셔줘야된다 는데...그러다보면 연결된철제부분이나 플라스틱 부분 이 좀 끈끈해질 수 있어서 이건 따로 신경써서 닦아내 주시는 게 좋아요 ], 부정 텍스트 확률 : 99.67%"
"[ 단계. 휠 세척 외부에서 끌고 다니던 유모차이다 보니 휠에 먼지가 끼는 던 당연지사.당분간 집에 보관하는데다 캐리콧을 이용할 신생아시기에는집안에서 주로 사용할 것 같아서맘먹고.?유모차휠세척유모차휠세척 시작 ], 부정 텍스트 확률 : 96.17%"
"[우측의.?휠크리너휠크리너 는 사진만휠크리너는 금속성 휠에 쓰는거고유모차 바퀴는 플라스틱성이라 카샴푸로 충분 하다하니 참고하셔요 히히 금방 뚝딱입니다 약품의힘이란 ㅋ ], 부정 텍스트 확률 : 82.17%"
"[ 분무형 이라 바퀴부분에 소랑 뿌려주시고 솔로 박박 문질러주면 간단하게 끝납니다. 물로 씻어내 주어야 하니베란다나 화장실에서 해 주셔야 겠죠 ], 부정 텍스트 확률 : 96.95%"
"[ 단계. 레자왁스생략하셔도 무방해요 .?미마자리미마자리 는 전체가 인조가죽으로 디자인되어있어 군더더기없죠사용하면서 바로바로 물티슈와 마른수건으로 때를 닦아주면관리도 간편 하다 해서 인기가 있는데요], 부정 텍스트 확률 : 97.70%"
"[아무래도 세월의 손때가 남으면표면 광택이 사라지고 빛에 비추면 얼룩덜룩 해져요 ], 부정 텍스트 확률 : 83.60%"
"[ 가죽부분에 레자왁스를 소량 분무해주고], 부정 텍스트 확률 : 63.24%"
"[ 반나절 건조후 캐리콧 프레임은 잘 말라서 매트를 뺀 채로 조립해보았어요 ], 부정 텍스트 확률 : 62.87%"
"[ 유모차 하단의 유모차 바구니 안쪽에도 페브리즈를 뿌려서덮개를 오픈해서 건조시켜주었고요 ], 부정 텍스트 확률 : 65.64%"
"[ 색상이 검정이라 티가 많이 안 나는 것도 있지만이전 사용자분이 많이 더럽게 쓰지 않으셔서 세척이 좀 더 수월했네요전문가의 손길이 필요한 수준이라면 전문업체에 맡기셔도 좋겠지만때로는 남에게 맡겨도 찜찜한 게 청소 잖아요 ㅎㅎ.?미마자리유모차세탁미마자리유모차세탁 셀프도전 함께 해 보시길 추천해봅니다 ], 부정 텍스트 확률 : 91.40%"
"[.직접 구입한 육아용품의 사용후기임을 밝힙니다..히뽀가 어느덧 개월이 되었다..휴대용 유모차를 사야지 사야지 하면서도 알아보기 귀찮아서 차일피일 미루다가 드디어 구입.신나서 후기쓰러 왔다 ㅋㅋㅋㅋ.히뽀의 새 유모차는 미마의 휴대용 유모차 미마지기로 선택했다...내가 휴대용 유모차를 고른 기준은예쁘면서], 부정 텍스트 확률 : 99.18%"
"[핸들링이 잘 되고], 부정 텍스트 확률 : 71.35%"
"[ .원래 갖고있던 유모차는 매우 실용적이었지만 디자인면에서는 자꾸만 아쉬움이 남았었다 ㅠ .물론 막 못생긴건 아니지만 그닥 예쁘지도 않은 평범한 유모차였음 ㅋㅋㅋ.사실 뭐 디자인은 안전성과도 아이의 승차감과도 관계없는 부분이나....이왕이면 다홍치마니까 ㅋㅋㅋ 이왕이면 예쁜 유모차가 다닐 때마다 기분 좋지 않을까?.그래서 휴대용을 살땐 꼭 디자인도 따져야지 생각했는데 미마지기가 내 취향을 저격했음 ㅋㅋ ], 부정 텍스트 확률 : 76.69%"
"[ .미마지기의 캐노피는 아주 긴편이다..기본캐노피에 숨겨진 부분까지 다 펴면 유모차에서 잠들어도 어둑어둑하게 잘수 있을듯 ㅋㅋㅋ.사진은 숨겨진 캐노피 반만 꺼낸 모습이다..캐노피가 짧으면 캐노피 연장하는 가림막을 추가로 사는 방법도 있긴 하지만 폴딩시에 불편하고 보기에도 그닥 좋지 않다 ㅠㅠ.자체 캐노피가 긴게 좋은듯.. ], 부정 텍스트 확률 : 80.37%"
"[ 대략 센치에 킬로정도 되는 히뽀가 타면 요런 느낌. 캐노피 있는 부분이 더 올라가므로 아이가 더 커서 앉은키가 커지더라도 넉넉히 탈 수 있을 사이즈다. 차마 무서워서 내가 앉아보진 못했지만 킬로대 성인 여성이 앉았을때도 괜찮았다는 후기도 봤음 ㅋㅋㅋ암튼 튼튼한건 맞는듯 ㅋㅋㅋㅋ휴대용 유모차는 아무래도 좀 커서도 타는거니까 크기나 수용무게도 중요한것 같다. ], 부정 텍스트 확률 : 67.63%"
"[ 미마지기는 폴딩이 쉬운데 언폴딩은 더쉬움...ㅋㅋㅋㅋ ], 부정 텍스트 확률 : 53.82%"
"[ 접으면 이런 느낌인데 그전에 타던 절충형 유모차와 비교하면 부피가 좀더 작은 느낌이다.나는 평소에 유모차를 그냥 펴놓는 편이고 뚜벅이인지라 남편차가 아니면 딱히 탈 일도 없어서 지난번에 유모차를 고를때는 폴딩은 그냥 쉬우면 좋고 아니어도 어쩔수 없는 정도의 조건이었다. 그런데 이번에 쉬운 폴딩언폴딩을 조건으로 꼽은 이유는 폴딩이나 언폴딩이 힘들면 결정적인 순간에 짜증을 유발하기 때문 ㅋㅋㅋ지금까지 유모차는 나 혼자 아이를 데리고 나갈때 쓰고], 부정 텍스트 확률 : 99.98%"
"[남편과 함께 차를 타고 외출할때는 유모차를 잘 안갖고 나갔다. 이유는 폴딩이 쉽지 않은 기존 유모차때문에 남편이 갖고 나가는 것을 꺼려했기 때문이다 ㅠ 비공식적인 방법으로 폴딩했을땐 모양이 엉성하고 부피도 크고], 부정 텍스트 확률 : 70.74%"
"[ .?미마자리유모차미마자리유모차땡큐가 자라기도 하고날씨가 추워지다보니 땡큐와 내가 입는 옷이 두꺼워져베이비뵨 아기띠가 너무 답답하게 느껴질 무렵], 부정 텍스트 확률 : 88.86%"
"[ 이후에 쓸려고 준비해둔 에르고 아기띠는 사용하기 이르고외출은 해야되는데 베이비뵨에선 울고불고라 외출 자체가 불가능..봄이 되면 휴대용유모차 괜찮을 걸 사자하고 참고 참으며 기다리고 있었는데외출이 안되다보니 안되겠다 싶어 디럭스유모차를 구입하기로..울 동네는 길도 잘 되어있는 편이라 디럭스유모차도 부담없음밖에 나가보면 디럭스유모차들을 심심찮게 볼 수 있어서 디럭스 유모차로 결정함.베이비페어에 가서 몇가지 유모차를 살펴봤는데합리적인 소비를 하고 싶었으나..미마자리는 이쁜쓰레기라는 별명을 가지고 있는 것도 알고 있었으나설명해주시는 분이 너무 설명을 잘 해주시다보니 둘다 훅 넘어가버렸다.무슨 색을 살지가 고민이었는데흰색은 이쁘긴한데 백퍼 때가 탈거라서 안될 것 같고평소의 나라면 검정색을 선택했을텐데창준을 따라 카멜색으로 결정했다. ], 부정 텍스트 확률 : 97.41%"
"[ 프레임도 이번에 새로나온 그레이같은 색무게가 가볍진 않은 편인 것 같다.하지만 핸들링이 좋다보니 무거운건 커버가 된다.들지 않는다는 것을 전제하면사기전에 설명해주시는 분이 미마자리는 캐리콧이 내장되어 있다고 했다.개월까지는 캐리콧으로 사용하는 것이 좋다고 했는데뒤집을 수 있게 된 이후로는 캐리콧 사용은 어렵다고 봐야할 듯가능할 수도 있지만 땡큐는 캐리콧 안에서 일어나려는 시도를 계속해서 그냥 시트로 바꿔줬다. ], 부정 텍스트 확률 : 86.32%"
"[ 기본으로 제공해주는 바람막이인지 레인커버인지 기억이 나지 않지만너무 구겨져있어 아이 시력에 안 좋을 것 같아서방풍커버를 구입하기 전 회 정도만 사용하고 치워둠.냄새도 많이 나는 편 ], 부정 텍스트 확률 : 87.90%"
"[ .백조가 알려드리는 커버하는 ..커버하실 때 처음엔 굴곡진 부분은 벨크로 때문에 주름이 생기거나 .예쁘게 커버가 안됩니다..자주자주 손으로 꾹꾹 눌러주시거나 매만져주시면.벨크로 부분이 길이 들어서 더 예쁘게 장착이 될 거예요..참고해주세요...모든 원단은 다른 유모차 기종에도 적용됩니다. ... ★★★★.세탁..세탁하실 때 벨크로 분리하지 마시고 .부착상태로 세탁기 망에 넣어서 세탁하시면.더 오래 모양 유지하며 사용하실 수 있어요..벨크로도 덜 망가지고요.참고해주세요.. ★★★★ .. 주문방법 안내입니다 ... 유모차기종 .. 주문상품 .손잡이커버], 부정 텍스트 확률 : 99.88%"
"[ 안전띠커버], 부정 텍스트 확률 : 53.29%"
"[안녕하세요겸블리네입니다아기 있는 집에는무조건꼭필수로 있는육아템이 유모차죠?? ㅋㅋ겸블리.?유모차유모차 는 .?미마자리미마자리 유모차 에요유모차는 겸블리 태어난 뒤 첫베이비페어 가서 친구 부부그당시 만삭 와 함께 샀어요유모차는 이거 사야지 하는건 따로 없었고베이비페어가서 이것저것 따져보고 사야지했는데미마자리 보자마자 입이 떡너무너무 이뻐서 단점은 보이지도 않더라구요 ㅋㅋㅋㅋ그래서 친구 부부랑 같이 샀는데비싼 유모차 두대를 사도서비스는 고작 컵홀더...ㅋㅋㅋㅋㅋㅋㅋㅋㅋㅋ뭐 그게 어딘가요 컵홀더도 미마자리 정품 달고 있으니 비싸더라구요 ㅋㅋㅋ그리고 심지어 유모차는 월초에 받아볼수 있데요.....저희 애는 월일생구입한 날은 월일이었어요 어쩌겠어요그래도 샀죠 ㅋㅋㅋㅋ제가 생각하는 미마자리 유모차 의 제일 큰 장점이 요람형시트형 두가지로 나뉘는거라 생각해요그래서 신생아때부터 개월까지는 요람형에 태울수 있고신생아때는 외출이 힘드니까미마자리 요람버전으로 해서 집안에서 태우시는 분들도 많다하더라구요저희 겸블리가 등센서가 심한 아이라 집안에서 태울생각이었는데족히 한달은 걸린다길래 멈칫했지만 그래도 기다린다했어요 ㅋㅋ ], 부정 텍스트 확률 : 87.21%"
"[시력보호커버], 부정 텍스트 확률 : 53.29%"
"[레인커버], 부정 텍스트 확률 : 53.29%"
"[풋머프 네요 구매하면서 제일 고민됬던건 바로 색상... .?미마자리색상미마자리색상 ], 부정 텍스트 확률 : 57.15%"
"[ 조립방법은 동영상 참고하시면 편해요소요시간은 한 분...?? 좀 넘게 걸린거같아요그리고 유모차 하단에 있는시리얼넘버로.?미마자리정품등록미마자리정품등록 꼭 하세요 ], 부정 텍스트 확률 : 86.06%"
"[ 왜우니....돈이 얼마짜린데 울면 어쩌니??? 엄마속도 모르고 ㅋㅋㅋㅋㅋ ], 부정 텍스트 확률 : 69.55%"
"[ 유모차 생기니괜히 나들이 가고 싶은 주말ㅋㅋㅋ그 주 주말에 백화점 쇼핑갔어요 ], 부정 텍스트 확률 : 84.83%"
"[ 코코낸내 .?미마자리요람미마자리요람 은 이렇게 아기침대처럼완전 누워있기때문에아기가 자도 허리아픔목꺾임 전혀 없어요 ], 부정 텍스트 확률 : 98.22%"
"[ ㅋㅋㅋㅋㅋㅋㅋㅋㅋ사랑둥이 ], 부정 텍스트 확률 : 60.17%"
"[ 여기까지가미마자리 유모차.?요람형버전요람형버전 사진이구요이제 저희아기 개월 들어오면서 .?시트버전시트버전 으로 바꿨어요 ], 부정 텍스트 확률 : 81.82%"
"[ 엄마 밥먹으러 가는길ㅋㅋㅋㅋㅋ ], 부정 텍스트 확률 : 53.85%"
"[ 편하게 밥먹게 해줘서고마워......진심이야 ], 부정 텍스트 확률 : 56.91%"
"[ 옆에서 본 미마자리 유모차 ], 부정 텍스트 확률 : 67.23%"
"[ 여기서도 꿀잠 주무시는 아드님 ], 부정 텍스트 확률 : 53.29%"
"[ 요즘에는 좀 컸다고 세상구경을 하기 시작했어요 ㅋㅋㅋ아기띠해도 안자고 구경하기 바빠서유모차로 재워요 유모차로 아파트 몇바퀴 움직이면 금방 자더라구요 ㅋㅋㅋ .?효자아이템효자아이템 ], 부정 텍스트 확률 : 81.49%"
"[ 시트 뒤쪽에 툭 튀어나온 부분을 힘껏 당겨서 조절 가능해요생각보다 쎄게 당겨야 되요 ㅋㅋ .?미마자리미마자리 폴딩 방법 ], 부정 텍스트 확률 : 58.56%"
"[ 요람형은 시트떼고 폴딩해야되구요시트형도 마주보기일때는 시트떼고 폴딩해야되요 ], 부정 텍스트 확률 : 64.19%"
"[ 미마자리 유모차 장점너무 이쁨핸드링이 좋음디럭스형이지만 한번에 폴딩가능요람은 안되요시스템요람형시트형브레이크 원터치가죽시트물티슈로 슥슥신생아부터 사용가능시트 높낮이 조절등받이 조절 가능미마자리 유모차 단점엄마혼자 들기엔 무거움짐 넣는 칸이 작음개지만 둘다 작아요쓰다보니 단점이 많이 없긴하네요근데 무겁다는 단점 진짜 치명적이에요...뭐 다른 디럭스 유모차도 다 무겁긴 하지만ㅋㅋㅋ무거우니까 귀찮아서 잘 안들고 나가게 되더라구요..ㅠㅠ엄마가 게을러서 그런것도 있지만무겁긴 진짜 무거워요그리고 짐넣는 칸이 작아서가방걸이 따로 사서 달아놨어요 ㅋㅋ가방걸이에 가방 걸고 하니까 짐칸에는 사실 뭐 안넣게 되네요 ], 부정 텍스트 확률 : 68.96%"
"[ 혹시 미마자리 하시는 분은 연락처 여기로 전화하세요 .?미마자리미마자리상담시간시시내 아이를 위한 첫번째 유럽피언 럭셔리 세단], 부정 텍스트 확률 : 50.84%"
"[안전성], 부정 텍스트 확률 : 53.29%"
"[ .생활때.부분 부분 세탁하면 .할일 많다 ], 부정 텍스트 확률 : 61.00%"
"[ ... ], 부정 텍스트 확률 : 75.40%"
"[ .세탁후 모습.. ], 부정 텍스트 확률 : 57.00%"
"[ .마지막 사진 드라이패드 넣고.사진 하나 찍고..완성 입니다. ], 부정 텍스트 확률 : 52.07%"
"[ 오늘은 디럭스 유모차를 어떤걸 살지 비교해본것과 후기를 들고왔어용찰떡이 낳기전부터 유모차는 뭘로할지카시트는 뭘로할지 엄청 고민하고엑셀로 정리하면서 비교했었거든요 ], 부정 텍스트 확률 : 95.59%"
"[ 카시트는 안전때문에 제일 많이 고민했었고유모차는 아무래도 엄마들의 로망아닐까여ㅋㄷㅋㄷㅋㄷㅋㄷ일단 저는 유모차 고를때디럭스를 제외한 모델은 아예 보지를 않았어요왜냐면 일 쯤부터 외출 할 예정이었기때문이지요흔들림증후군도 무서웠고 많이 걸어다닐 예정이었거든요그래서 무조건 튼튼한 디럭스로먼저 저의 후보에 있던 디럭스 유모차 아이들입니다 ], 부정 텍스트 확률 : 89.59%"
"[ 제일먼저 스토케익스플로리 에슬레저 그린 색상이예요이건 다른색은 절대 싫었고 꼭에슬레저 그린 색상만 후보에 있었어요 ㅋㅋ프레임은 블랙으로 하고싶었는데전국 품절이라 못구했어요 ㅠㅠ나오자마자 사려고 했는데 찰떡이일 되기전에 나갈거라서태어나고 일쯤에 구매했거든요 ㅠㅠ스토케 익스플로리 가장 좋은점은 눈높이를 맞출 수 있다는점다른 디럭스들은 .. 뒤보기 하고 걸을때아가 얼굴이 너무 아래쪽에 있더라구요그리고 얼마전에 나왔어용프리미엄 라인신상조하ㅏㅏㅏㅏㅏㅏㅏ ], 부정 텍스트 확률 : 59.20%"
"[ 이건 스토케 트레일즈 노르딕유모차입니다스토케 시리즈중 가장 튼튼하고바구니도 크고 디자인도 예뻤어요이건 정말 튼튼해서 흔들림이 정말로적다고 하네요그치만 저는 스토케 익스플로리 에슬레저 그린색상에 꽂혀버려서그 색상이 아니면 싫었어요 ㅋㅋㅋㅋㅋㅋ이 디자인에 그 색상이 있었으면 바로 샀을텐데... ], 부정 텍스트 확률 : 80.76%"
"[ 미마자리도 있었어요전 임신하기 전부터무조건 유모차는 이걸로 사야지라고 생각 했었는데요일단 외출 전까지는 유모차를 집안에둬야하는데 저희 고영희님들께서🐱가죽시트를 가만히 둘리없고요?바구니가 생각보다 너무 작았어요그리고 후기를 보니까 시간지나면가죽이 벗겨진다고 하더라구요제가 고민하던 유모차들 백화점 가서 다 봤는데모든 유모차들이 디럭스라서 그런가그립감이나 승차감?같은건 다 비슷해보였어요 ], 부정 텍스트 확률 : 78.48%"
"[ 에그 유모차는 관심도 없다가막판에 눈에 들어왔는데 아무래도스토케 익스플로리 에슬레저 그린색상을 뛰어넘진 못했다고 합니다..일단 크림색이라는 거에서칠칠이는 울었지요 ㅋㅋㅋ 난 왜 칠칠맞을까분명히 이거나 미마자리 하얀거 샀으면김치국물 분명히 튀기겠지 ], 부정 텍스트 확률 : 80.53%"
"[ 부가부 폭스도 노란색깔 이거 보자마자예뻤는데 분명 질릴것이 뻔했어요ㅋㅋㅋㅋㅋㅋㅋㅋㅋ분명히 질릴거에요 분명해요진짜 분명해괜히 사고싶었는데 아쉬워서 화냄 ], 부정 텍스트 확률 : 51.62%"
"[ 아니 그런데 생각해보니까박스샷이랑 조립샷이 없네..시무룩분명 찍었던거 같은데 🧐이때도 난 택배기사님께 죄송스러웠지 ], 부정 텍스트 확률 : 91.68%"
"[ 햇빛가리는 선캡?도 엄청 길어서쭉 내릴수있으니얼마나 좋게요? ], 부정 텍스트 확률 : 83.81%"
"[ 지금은 컵홀더도 구매내년 여름엔 모기장 구매해야지 ㅋㅋㅋ아무래도 제 돈 주고 사는게 아니라서옵션은 다 빼고 샀어요 ㅋㅋㅋ그래도 만원..스토케 전용컵홀더 구매했는데 컵홀더주제에 만원ㅋㅋㅋㅋ ], 부정 텍스트 확률 : 88.19%"
"[ 첫 탑승잘때 몰래 내려놓음ㅋㅋㅋㅋ안깨고 잘자요 ], 부정 텍스트 확률 : 92.96%"
"[ 외출해서도 꿀템 ], 부정 텍스트 확률 : 66.90%"
"[ 장난감도 달아줬어요이건 다음에 포스팅해야징 ], 부정 텍스트 확률 : 89.52%"
"[ 아기용품 준비하는것중제일 오래 고민하고 고른스토케 익스플로리 유모차 포스팅 끗], 부정 텍스트 확률 : 72.70%"
"[ 저희집은 유모차를 두 대 사용하고 있어요. 가볍게 쓰는 산책용 부가부 그리고 외출용 미마 자리 에요.우선은 미마자리부터 후기를 써보려고 해요. ], 부정 텍스트 확률 : 79.89%"
"[ 처음에 외출용 유모차를 고를때 굉장히 고민을 많이했어요.부가부], 부정 텍스트 확률 : 70.06%"
"[스토케], 부정 텍스트 확률 : 53.29%"
"[미마 세 브랜드 중에 고민했는데결국 미마자리로 마음을 굳힌 이유는?제일 예뻐서 ], 부정 텍스트 확률 : 51.56%"
"[ 아담하니 예뻐서 꽂혀버렸습니다.뭔가 좀 고전틱? 한 유모차 같아보이기도 하고전 스토케], 부정 텍스트 확률 : 97.11%"
"[부가부보다 몸통이 높아서 마음에 들더라구요. 좀 견고해 보이기도 했구요. ], 부정 텍스트 확률 : 79.87%"
"[ 날도 춥고해서 최근에 윈터키트를 설치했어요.털이 복실복실하니 참 이뻐요. ], 부정 텍스트 확률 : 65.05%"
"[스토케 모두 써봤는데유모차도 어느정도 수준을 넘으니 다 좋더라구요.그래서 다른 유모차들과 비교해 이렇다 할 좋은 장점은 없지만소소하게 이런장점들이 있습니다.일단승차감? 이 아주 좋아요.물론 제가 안타봐서 모르지만 자동차용으로 쇼바가 좋다고 해야하나울퉁불퉁한 길을 가도 유모차가 크게 흔들리지 않아요.그리고예뻐요.너무예쁘네요 이게 장점입니다. ㅋㅋ그리고 쓰다보면 역시 장점보다 단점이 더 크게 느껴지죠.일단수납공간이 너무 작아요. ], 부정 텍스트 확률 : 73.19%"
"[ 아래쪽에 수납공간이 두개가 있는데요.앞쪽이고 뒤쪽이고 할거없이너무 좁아서 도저히 뭘 넣을수가 없어요.기껏해야 봉지 한두개정도? ], 부정 텍스트 확률 : 99.69%"
"[ 가방을 겨우 얹어 다니고 있습니다. ㅠㅠ아끼띠나 포대기 겨우 쑤셔넣거나기저귀 몇개 넣는 용도로 밖에 쓸 수가 없어요.물론 가방은 손잡이쪽에 걸 수는 있어요. ], 부정 텍스트 확률 : 61.07%"
"[ 이렇게 손잡이를 설치하면 가방을 걸수 있긴한데윈터키트를 설치해서 너무 불편 ], 부정 텍스트 확률 : 93.39%"
"[ 그리고 털 덮개를 살짝 벗겼는데요.이 단 덮개부분이 좀 많이 부실합니다.견고하게 따다닥 되면 좋지 않았을까 한데윈터키트 조립하다보면 느낀건데 너무 할랑할랑해요그래도 부서지진 않으니 괜찮아요. ], 부정 텍스트 확률 : 62.33%"
"[ 미마자리도 좋긴한데 막상 엠마는 이걸 갖고싶어하네요.써보니 튼튼하고], 부정 텍스트 확률 : 96.53%"
"[ .?미마자리유모차미마자리유모차], 부정 텍스트 확률 : 55.26%"
"[ .?부가부비부가부비], 부정 텍스트 확률 : 53.29%"
"[ .?스토케크루시스토케크루시], 부정 텍스트 확률 : 74.20%"
"[ .?유모차후기유모차후기 ], 부정 텍스트 확률 : 53.29%"
"[휴대용], 부정 텍스트 확률 : 89.07%"
"[절충형 중 고민을 많이 하실 거에요저렴하고 간편한 휴대용과 좋게 말하면 양 쪽의 장점을 섞었지만 나쁘게 말하면 어중간한 절충형], 부정 텍스트 확률 : 50.50%"
"[ 미마자리의 디자인은 고급 럭셔리 자동차의 가죽 인테리어에서 모티브를 얻었다고 하네요확실히 디자인에서 전체적으로 고급스러운 느낌이 들죠?색상은 블랙], 부정 텍스트 확률 : 80.22%"
"[ 바퀴랑 프레임이 정말 튼튼해 보이죠?디럭스의 장점인 안전성과 미마에서 유모차를 만드는데 얼마나 신경을 썼을지 느껴지더라고요아 그리고 신생아를 태우기 위해서 필요한 캐리콧을 따로 구매할 필요가 없게 내장시켜 놨어요시트를 분리해서 간단하게 조작하면 시트가 아기침대로 변신해서요람형 유모차가 돼요. ], 부정 텍스트 확률 : 97.90%"
"[ 아기 침대로도 사용이 가능한데], 부정 텍스트 확률 : 66.00%"
"[이 부분은 참 실용적이더라구요. 미마 자리처럼 명품 유모차들은나중에 중고로도 팔 수가 있어서 새 제품으로 구매했는데 캐리콧이 내장되어 있어서 집 안에서도사용할 수 있다는 점이 너무 마음에 듭니다. 뽕은 뽑은 것 같아요 흔들림이 전혀 없다 보니집에서 아기 침대로 사용하기 정말 좋았어요.스토케 같은 경우에는 흔들림이 있다고 해서 뭔가 조금 겁이 났었어요. 크기도 커서 나중에들고 다니기에도 불편할 것 같았는데 미마 자리를 선택하길 정말 잘한 것 같습니다.바퀴나 프레임에 서스팬션 기능과 볼베어링 시스템이 있어서 충격을 완화시켜 준다고하네요. 미마 자리를 끌고 나갈 때에 흔들림은 전혀 느껴지지 않는 것 같습니다. 부담없이 끌고 다닐 수가 있어서 동네로 외출 할 때에 꼭 끌고 나가게 되요미마 자리가 핸들링이 정말 좋은데 친구가 부가부라서 밀어봤지만 확실히 핸들링은 미마 자리가더 좋았어요. 특히 보도 블록이나 골목에서 핸들을 꺾어야 하는 상황에서는 미마 자리가 더부드럽게 느껴졌습니다. 솔직히 백화점에서 핸들링을 해 봤자 평평한 길이라서 거기서 거기처럼느껴졌었는데], 부정 텍스트 확률 : 83.22%"
"[ 무엇보다 미마 자리는 접는 방식이 정말 간단해서 시간도 얼마 안 걸립니다. 익숙해지면 한 초면 접는 것 같아요. 스토케만 해도 폴딩하려면 시트를 분리해서 프레임을 접어야 하는데미마 자리는 시트를 부착한 상태에서도 유모차를 접을 수가 있어요. 남편 없이 저 혼자서 폴딩을 할 수 있어서 너무 편리합니다 ], 부정 텍스트 확률 : 99.76%"
"[ 화이트 구입했는데], 부정 텍스트 확률 : 66.90%"
"[실사용 후기 궁금해요.몇개월까지 쓰셨는지요?], 부정 텍스트 확률 : 87.24%"
"[안녕하세요], 부정 텍스트 확률 : 53.29%"
"[굿라이프입니다.드디어 얼마전에 블프 찬스로 주문했던 미마자리가 왔습니다 개봉부터 조립까지 한큐에 포스팅해보겠습니다.개봉후기에 앞서 유모차의 종류는 뭐가 있고], 부정 텍스트 확률 : 51.04%"
"[절충형], 부정 텍스트 확률 : 53.29%"
"[휴대용으로 나뉩니다. ], 부정 텍스트 확률 : 81.71%"
"[미마미마자리], 부정 텍스트 확률 : 57.46%"
"[미마지기], 부정 텍스트 확률 : 90.78%"
"[리안그램플러스 등 ], 부정 텍스트 확률 : 71.36%"
"[ 서론이 길어졌는데요. 바로 미마자리 개봉기로 고고하겠습니다.저희는 유모차를 보다가 기능은 다 비슷하고 어려워서 외관이 가장 맘에 들었던 미마자리로 선택했습니다.미마보고나서 다른게 눈에 안들어오더라고요. 디럭스 유모차 가격대는 비싼반면에 외관은 다들 비슷비슷해서 선택하기 어려웠는데 요고는 눈에 딱 들어와서 그랬던 것 같아요.솔직히 부담가는 가격이라 순풍이 나오면 살까 하다가 이번 블랙프라이데이 세일이 떠서 질러버렸습니다.ㅋㅋ미마자리 배송이 오면 박스가 개가 옵니다. ], 부정 텍스트 확률 : 99.42%"
"[ 번 박스는 시트케이스가. ], 부정 텍스트 확률 : 78.33%"
"[ 번 박스는 시트가 들어있습니다. ], 부정 텍스트 확률 : 79.20%"
"[ 다음은 바퀴입니다.버튼 눌러가지고 끼우면 똑 소리납니다. 참 쉽죠잉 ], 부정 텍스트 확률 : 66.58%"
"[ 바퀴까지 끝내시면 바구니 덮개를 씌워줍니다. 미마자리에서 유일한 단점으로 지적받는 바구니... 좁다고 하는데 한번 써보고 말씀드릴께요.제 팔다리가 있으니까요. 괜찮습니다 ㅋㅋㅋㅋ ], 부정 텍스트 확률 : 60.11%"
"[ 그리고 손잡이의 가죽을 씌워줍니다. 쭈글쭈글 해지지 않게 쫙펴서 넣어주세요.생각보다 빡빡하진 않습니다. ], 부정 텍스트 확률 : 64.76%"
"[ 시트 빼서 양쪽에 세울 수 있는 플라스틱이 있는데 올려주시면 벽이 고정됩니다.이게 엄청 빡빡한데 바로 위로 올리시지 말고 옆으로 해서 올려주시면 쉽습니다.처음에 완전 도로 세우려다가 손톱한개 부서졌습니다... 고정만 되면 됩니다. ], 부정 텍스트 확률 : 96.03%"
"[ 그리고 프레임에 침대를 꽂으면 됩니다. 옆에 둥그런거 누르고 쑥 넣으면 딸깍 합니다. ], 부정 텍스트 확률 : 84.73%"
"[ 프레임에 고정하면 저렇게 되고 시트붙여줍니다. ], 부정 텍스트 확률 : 63.94%"
"[ 덮개 까지 씌워주면 짜자장 ], 부정 텍스트 확률 : 70.15%"
"[ 언능 순풍이를 만나서 태우고 다닐 생각에 들떠서 그만.... ], 부정 텍스트 확률 : 98.56%"
"[안녕하세요 오늘은 친척동생이 산 유모차 후기를 리얼하게 적어봤어요 ], 부정 텍스트 확률 : 60.38%"
"[스토케], 부정 텍스트 확률 : 53.29%"
"[ 절충형 유모차지만 디럭스급이라 그런지 핸들링이 정말 부드러웠고시트가 넉넉해서 이것 저것 꾸밀 수가 있더라구요아이 장난감도 넣을 수 있고 도톰한 유모차 라이너도 깔아줄 수 있을 것 같아요. ], 부정 텍스트 확률 : 88.20%"
"[해제할 때도 그냥 한번 눌러주기만 하면 되는거죠올렸다 내렸다 하는 건 너무 불편한데 이 부분이 정말 편했어요], 부정 텍스트 확률 : 89.62%"
"[ 폴딩하는 방법도 너무 간단하더라구요?크기가 좀 큰편이라서 폴딩 방법이 불편하거나폴딩을 해도 클거라고 생각했는데 이건 방법도 쉽고 폴딩해두면 크기도 작아서보관도 정말 편하더라구요사진처럼 풋레스트까지 접으면 정말 완벽하게 폴딩이되죠?자리 차지하지 않아서 보관도 쉽고 트렁크에도 가뿐하게 들어가요], 부정 텍스트 확률 : 89.62%"
"[ 시트 분리도 쉬워서 양대면 전환도 편하더라구요풋레스트 조절이 안되서 오래 사용하지 못하는 디럭스 유모차가 많던데이건 오래오래 쓸 수 있겠어요], 부정 텍스트 확률 : 68.98%"
"[안녕하세요 짱짱엄마에요 이번 여름 휴가에서 유모차의 필요성을 절실하게 느끼고 온 인입니다 ㅎㅎㅎ휴대용을 살까 하다가 휴대용은 안전 부분에서 너무 떨어진다고 해서이번에 디럭스와 휴대용의 장점을 합쳐서 나온 절충형 유모차로 구매를 했어요.스토케랑 미마 자리 스포츠랑 고민을 하다가 미마로 선택을 했답니다저희 가족이 놀러 다니는 것을 좋아하는데 저희 차가 트렁크가 좀 작은 편이거든요.그런데 스토케는 무겁기도하고 폴딩 후에 크기도 커서 차에 싣고 다니기가 불편할 것 같더라구요.아니나 다를까 후기들도 불편하다고 해서 미마 자리 스포츠를 선택했죠살 때 엄청 고민했는데 막상 사고 나니까 너무 잘 사용하고 있어서 뿌듯해하고 있어요. ], 부정 텍스트 확률 : 99.68%"
"[ 미마 자리 스포츠 바퀴가 크고 튼튼해서 넘어질 걱정도 없었구요. 앞 바퀴에는 잠금 장치가 있어서 고르지 못한 지면에서도 바퀴가 돌아가거나 그러지 않고 잘 굴러갔어요. 저희가 여행 다니는 것을 좋아해서 폴딩도 간단했어야 했는데 미마 자리 스포츠는 확실히 폴딩이 간단했어요. 시트가 쉽게 분리되어서 따로 보관도 가능하고 부착한 상태에서 폴딩이 가능하니까 그런 점에서 더 저희 부부에게는 딱 인 유모차였네요.휴대하기가 불편하면 그만큼 들고 다니기도 불편한데 미마 자리 스포츠는 폴딩 했을 때 부피도 많이 줄어서 저희 차에 넉넉하게 들었어요. ], 부정 텍스트 확률 : 87.44%"
"[ 미마의 장점은 액세서리가 다양하다는 점인데], 부정 텍스트 확률 : 69.62%"
"[더 튼튼하면서 안전한 유모차를 가지고 싶었죠하지만 알아보니], 부정 텍스트 확률 : 77.41%"
"[각자의 장단점이 있어서 어떤 유모차를 선택해야 되는지 굉장히 고민했었던 것 같아요 다 같은 디럭스 유모차라고 할지라도], 부정 텍스트 확률 : 53.20%"
"[그만큼 실용성은 포기해야 되는 것이 대다수더라구요. 출산은 임박해 오는데], 부정 텍스트 확률 : 64.98%"
"[ 그래서 고르고 골라서 구매한 것이 미마자리 스포츠 유모차에요 디자인보다는 기능 쪽으로 많이 보려고 했었는데], 부정 텍스트 확률 : 69.61%"
"[애초에 미마자리 자체가 명품 유모차로 유명한 브랜드이기 때문에], 부정 텍스트 확률 : 83.61%"
"[딱히 걱정은 없었던 것 같아요단지], 부정 텍스트 확률 : 65.78%"
"[백화점으로 갔었는데], 부정 텍스트 확률 : 71.67%"
"[배가 불러온 상태에서 유모차를 주행했어도], 부정 텍스트 확률 : 75.00%"
"[손목도 아프지 않고], 부정 텍스트 확률 : 62.39%"
"[솔직히 기대를 하지 않았는데], 부정 텍스트 확률 : 83.44%"
"[저는 기대 이상이였어요 ], 부정 텍스트 확률 : 61.26%"
"[ 프레임도 특수 공법으로 서스펜션 기능을 고려해서 만들어졌다고 해요 그만큼 아이한테 충격이 가지 않는다는 이야기인 것이죠 흔들림과 충격을 흡수시켜줘서], 부정 텍스트 확률 : 85.42%"
"[ 바퀴도 굉장히 크고 단단해 보이지 않나요? 바퀴에는 볼베어링 시스템이 들어있어서 그래서 부드러운 핸들링이 나오는 것이래요 이런 시스템들은 미세한 움직임들도 잡아주고], 부정 텍스트 확률 : 71.91%"
"[아이에게 소음이 들리지 않아서 유모차 안에서도 깨지도 않고], 부정 텍스트 확률 : 80.11%"
"[산책하는 용도뿐 아니라 아이를 재우는 용도로도 사용하고 있어요ㅋㅋ], 부정 텍스트 확률 : 66.98%"
"[안전 벨트도 딱 맞고], 부정 텍스트 확률 : 91.11%"
"[시트를 추가하거나], 부정 텍스트 확률 : 58.51%"
"[이번에 여름에는 아이가 시원하게 쓸 수 있도록 쿨 시트도 하나 주문을 했거든요 굉장히 많은 제품들을 추가해도], 부정 텍스트 확률 : 52.65%"
"[넉넉하게 쓸 수 있는 점이 좋았어요 ], 부정 텍스트 확률 : 63.98%"
"[소음도 없기 때문에], 부정 텍스트 확률 : 87.02%"
"[디럭스 유모차랑 정말 동일해요. 딱], 부정 텍스트 확률 : 65.31%"
"[핸들링은 어떤지], 부정 텍스트 확률 : 52.14%"
"[기능면은 어떤지가 더 중요하기 때문에], 부정 텍스트 확률 : 78.18%"
"[잘 접히기 때문에 따로 분리해서 폴딩을 하는 것이 아니라], 부정 텍스트 확률 : 60.85%"
"[ 미마자리 스포츠를 사용해 봤을 때에 장점 중에 하나가], 부정 텍스트 확률 : 85.24%"
"[다 방면으로 각도 조절이 됬었어요.아이한테 좋았던 것은 시트와 풋레스트 각도 조절인데], 부정 텍스트 확률 : 60.09%"
"[아이 키에 맞게 조절이 가능해서], 부정 텍스트 확률 : 57.26%"
"[ 정말 살 때까지 사용할 수 있을 것 같아요 이것뿐 아니라], 부정 텍스트 확률 : 60.10%"
"[부모들이 잡는 핸들], 부정 텍스트 확률 : 74.30%"
"[아이가 잡는 안전바도 각도 조절이 됩니당ㅋㅋ 핸들 같은 경우에는], 부정 텍스트 확률 : 85.07%"
"[손목도 편안하고], 부정 텍스트 확률 : 61.06%"
"[언제 어디서 위험한 것들이 나타날지 모르기 때문에], 부정 텍스트 확률 : 56.70%"
"[순식간에 브레이크를 걸 수 있어서 너무 편리했습니당ㅎㅎ 저는 사용해 보면서], 부정 텍스트 확률 : 56.88%"
"[디럭스 유모차에 대한 편견이 깨졌었어요 아이는 안전하지만], 부정 텍스트 확률 : 55.41%"
"[부모들은 불편함을 감수했어야 하는데], 부정 텍스트 확률 : 62.35%"
"[여태까지 사용해 보면서 불편하거나], 부정 텍스트 확률 : 89.27%"
"[하나못해 물티슈 하나까지람도 성분도 꼼꼼히 보고 구매하는지라], 부정 텍스트 확률 : 54.46%"
"[ 디자인이 너무 이쁘지 않나요? 색상은 화이트], 부정 텍스트 확률 : 86.87%"
"[카멜 이렇게 세 종류로 있는데], 부정 텍스트 확률 : 70.35%"
"[저는 카멜을 선택했어요 물론 가죽 제질이 때가 타거나 이물질 등이 흡수되는 제질은 아니지만], 부정 텍스트 확률 : 92.15%"
"[ 산책을 나가보니까 핸들링이 너무 좋아서 저렇게 굴곡있는 길이나], 부정 텍스트 확률 : 67.45%"
"[이건 브레이크를 해제하던 안하던 밟으면 되더라구요 아이에게 신경쓰다보면], 부정 텍스트 확률 : 83.33%"
"[ 남편이 없으면 유모차를 접거나 들고다니기 불편했는데], 부정 텍스트 확률 : 70.33%"
"[이번에 미마 브랜드의 휴대용 유모차], 부정 텍스트 확률 : 92.04%"
"[ 미마지기를베이비플러스 화곡점 에서 구입했어요처음부터 미마지기를 구입하고 싶었는데], 부정 텍스트 확률 : 82.46%"
"[ 베페 가보니 와이업 올뉴지니도 괜찮더라구요가격도 미마지기에 비해 저렴하고], 부정 텍스트 확률 : 56.66%"
"[미마지기로 구입했습니다ㅋㅋ ], 부정 텍스트 확률 : 74.58%"
"[ 미마지기 는 미마자리], 부정 텍스트 확률 : 90.69%"
"[올리브 그린], 부정 텍스트 확률 : 53.29%"
"[ 폴딩한 모습이에요딱 컴팩트 하게 접히죠? 셀프스탠딩도 가능해요.알아서 착 서있어요.핸들이 땅에 닿아서 때타진 않을까 걱정했는데손잡이 위로 거치대? 같이 있어서심한 때탐은 없을 듯 해요.기내반입도 가능하다고 하는데], 부정 텍스트 확률 : 66.59%"
"[ 폴딩은 너무 간편해요핸들을 가장 아래로 내려주고], 부정 텍스트 확률 : 56.55%"
"[ 등받이는 요 레버를 바깥쪽으로 잡아당기게 되면단으로 젖혀집니다.요요는 끈으로 조절이라], 부정 텍스트 확률 : 80.47%"
"[고민도 없이 미마로 ], 부정 텍스트 확률 : 85.61%"
"[ 안에 숨겨져 있는 차양막까지 쫙 펼치면], 부정 텍스트 확률 : 71.11%"
"[풀로 펼쳐져요사진은 따로 안 찍었네요ㅠㅠ..숨어있는 차양막 펼치는 건 아래 동영상에서 보실 수 있어요 ], 부정 텍스트 확률 : 74.88%"
"[ 차양막을 펼치면 이렇게 아기를 확인할 수 있도록매쉬부분이 있어요.자고 있는지], 부정 텍스트 확률 : 56.96%"
"[ 가장 중요한 안전벨트각각 끼우고 미마라고 적혀있는 버튼을 누르면 딸깍 하고 동시에 풀립니다.플라스틱이지만 견고해요부러질 걱정은 없는 듯 해요 ], 부정 텍스트 확률 : 78.74%"
"[ 장바구니가 독특해요덮개가 있어서 덮개를 펼치면숨겨져있는 안 쪽 공간이 보입니다.휴대용인데도 꽤나 넓직한 장바구니가덮개 안 쪽으로는 주머니가 있어요빠질 염려가 있는 것들은 여기에 살짝 보관하면 될 듯 해요. ], 부정 텍스트 확률 : 62.52%"
"[ 핸들 길이 조절], 부정 텍스트 확률 : 53.29%"
"[등받이 조절], 부정 텍스트 확률 : 67.17%"
"[차양막], 부정 텍스트 확률 : 90.69%"
"[언폴딩 을 영상으로 담아봤어요. ], 부정 텍스트 확률 : 64.15%"
"[ 아직 애기가 개월 되어가는 개월차이지만디럭스는 너무 무거워서마트나 백화점용으로 미리 휴대용을 구입했는데요너무너무너무 만족스러워요어차피 차가 있어서 근처 다닐 때는 유모차를 안 끌고마트나 백화점에서만 유모차를 사용하는데그 때마다 트렁크에서 유모차를 내리고], 부정 텍스트 확률 : 96.81%"
"[폴딩하고], 부정 텍스트 확률 : 54.49%"
"[올리고ㅠㅠ대략정도 되는 유모차를 사용하려니 너무 힘들었었거든요.근데], 부정 텍스트 확률 : 55.09%"
"[이렇게 가벼운 유모차를 사용하니], 부정 텍스트 확률 : 87.07%"
"[다시 방문할 듯 합니다 ], 부정 텍스트 확률 : 72.76%"
"[싸이백스보다 훨씬 나아서 선택을 하게 되었어요. 그럼 미마 자리 스포츠를 만나러 가보실까요? ], 부정 텍스트 확률 : 93.07%"
"[ 미마 자리 스포츠는 질리지도 않는 디자인과 색상이라서 좋았던 것 같아요.바퀴가 정말 부드럽게 잘 밀려요. 어느 정도냐 하면 집 안에서도 사용할 수 있을 정도?한 번 유모차 안에서 잠들면 잘 일어나지도 않을뿐더러 몇 바퀴 돌면 이미 자고 있어서아이 재우는 용도로도 많이 사용하고 있어요. 바퀴가 부드러우니 핸들링도 당연히 손쉽게 밀리구요. 유모차에서 많이 보는 것 중에서 하나가 바로 이 핸들링이어서 미마 자리 스포츠를 선택한 이유도 있습니다. ], 부정 텍스트 확률 : 88.79%"
"[ 바퀴 아래 쪽에 원터치 브레이크가 있어서 발로 한 번만 밟기만 하면 브레이크가 잘 걸려요. 아무래도 유모차들은 무게가 있다 보니 브레이크도 굉장히 쉽게 잘 걸려야 하는데 이 제품은 브레이크 사용법도 간단하고 정말 잘 걸립니다. 브레이크 걸기에도 쉽고 내리막 길이나 오르막 길에서도 잘 걸리니까 안심하고 사용할 수가 있었어요..미마 자리 스포츠는 시트가 굉장히 크고 넓은데 그냥 프레임만 튼튼한 것이 아니라 시트까지 튼튼하게 잘 받쳐줍니다.각도 조절도 자유 자재로 가능하고 사용 연령은 개월부터 개월까지 사용할 수 있다고 하니정말 실용성이 높은 것 같아요. 제가 체력이 되는 한 미마 자리 스포츠는 계속 태울 것 같네요. ], 부정 텍스트 확률 : 95.77%"
"[ 안전바가 양쪽에서 개폐가 가능해서 아이 태울 때에 편리했고], 부정 텍스트 확률 : 57.18%"
"[시트가 넓어서 여러 가지 꾸미기에도 괜찮더라구요. 시트도 다양한 디자인으로 사용할 수 있어서 좋았어요.다른 유모차특히 부가부보다 미마는 다양한 액세서리들이 있는데이번 여름에 산 컵 홀더는 정말 유용하게 잘 사용했었습니다 아이 발 받침대 각도 조절은 시트보다 더 섬세하게 가능해서 나중에 사용할 때에 자주 사용하지 않을까 해요. 스토케 같은 경우에는 풋레스트가 시트랑 일체형이라서 미마 자리 스포츠처럼 섬세하게 각도 조절이 되지 않아서 아쉬웠었는데 마침 딱 미마 자리 스포츠가 각도 조절이 여러 단계로 가능해서 마음에 들었던 기능 중에 하나입니다. ], 부정 텍스트 확률 : 52.52%"
"[미마 자리 스포츠는 그런 것이 하나도 없이 시트를 부착한 상태에서도 폴딩이 가능했어요. 폴딩이 간편하니까 집에서 사용하기에도 편하고 집에 둬도 자리 차지를 많이 하지 않아서 딱 좋습니다 ], 부정 텍스트 확률 : 95.31%"
"[ 여름 내내 잘 사용했던 기능 중에 하나는 바로 햇빛 가리개에요. 자외선은 계절 내내 있어서 햇빛 가리개가 조절이 가능한 것을 구매하는 것이 좋은데], 부정 텍스트 확률 : 68.73%"
"[카멜저는 카멜을 골랐어요 가장 무난하고 사용하기 편할 것 같아서 구입했어요 ], 부정 텍스트 확률 : 77.77%"
"[ 미마자리유모차 는 다른제품과는 달리 디자인이 특이했어요유모차하면은 보통은 천 재질이잖아요?미마자리 디럭스유모차는 자동차 가죽시트 재질로 만들어져서 쉽게 닦아낼 수가 있어요물티슈나 부드러운 수건으로 닦아주면 되요가죽재질이니깐 뭔가 더 빛나보이고 고급스러워 보여요멀리서도 저 디자인은 미마자리라는 걸 알 수 있어요ㅋㅋ가장 오염되기 쉬운 시트패드는 가죽재질이 아니라 천 재질의 쿠션인데시트패드는 따로 떼서 세탁할 수가 있어서 자주 세탁할 수 있어요역시 육아용품은 세탁 편한 게 최고에요 ], 부정 텍스트 확률 : 91.18%"
"[ 미마자리는 시트가 부착된 상태에서도 폴딩이 가능해요미마자리 말고 다른제품을 보니깐 시트가 분리된 상태에서만 폴딩이 가능하더라구요분리해서 폴딩하면 분리한 시트가 공간을 차지하기도 하고 걸리적거리고 복잡하고...이래저래 불편한점이 있다고 해요하지만 미마자리는 시트가 부착된 상태에서 폴딩할 수 있어서폴딩도 쉽게 할 수 있고 시트가 부착되어 있으니깐 공간도 많이 차지 않아서 좋아요트렁크에 실을 때 시트가 부착된 상태로 접어서 트렁크에 넣으면 되니깐 훨씬 수월했어요 ], 부정 텍스트 확률 : 85.98%"
"[ 디럭스유모차 보통은 신생아때부터 태울려고 구입하죠신생아는 몸을 못 가누고 앉지를 못하니깐 요람이 꼭 필요해요근데 요람 가격이 만만치 않다는 사실... 저도 디럭스유모차 구입하면서 알게 된 사실이네요..ㅋㅋ근데 미마자리는 요람이 안에 있어서별도로 구입하지 않아도 되요솔직히 캐리콧 신생아때만 쓸고 말거니깐..캐리콧은 유모차 시트지퍼를 열면 있어서시트에서 프레임을 분리해서 캐리콧으로 바꿔 끼우면 신생아유모차로 사용할 수 있어요아이가 크면 요람 떼서 사용하면 되요 양대면전환도 가능해서 요람 설치하고 마주보기해서 가면 되요요람이 아니고 일반 시트일 때도 가능해요또 차양막도 분리해서 사용할 수 있어요 아이가 커서 머리에 차양막이 닿으면 떼서 사용해도 되요 ], 부정 텍스트 확률 : 59.03%"
"[ 시트높낮이], 부정 텍스트 확률 : 53.29%"
"[시트각도], 부정 텍스트 확률 : 53.29%"
"[핸들바 높이도 모두 조절이 가능해요시트높낮이는 단계], 부정 텍스트 확률 : 51.72%"
"[싸이벡스], 부정 텍스트 확률 : 53.29%"
"[미마 중에 고민을 하다가미마 자리 스포츠 유모차로 결정했어요미마 자체가 명품 유모차라고 유명해서 엄마들 사이에서 갖고 싶은 유모차 중에 하나거든요거기다 미마 자리 스포츠는 올해 신상이라고 하길래 더더욱 탐이 났어요 ㅎㅎㅎ그리고 후기들을 보니까 디럭스 유모차의 단점들은 보완하고여러 가능들을 추가해서 실용성이 높다는 평이 많더라구요.그래서 미마 자리 스포츠로 결정했죠확실히 사용해보니까 미마 유모차가 왜 유명한지 알겠더라구요. ], 부정 텍스트 확률 : 66.27%"
"[ 시트 안쪽이 넉넉해서 쿨라이너를 깔아주고 아이가 좋아하는 인형을 넣어주고도 아이가 편하게 앉을 수 있었어요.유모차를 오래 사용하기 위해서는 풋레스트 각도가 조절되는지 확인해보는게 좋다고 해요풋레스트의 각도를 조절할 수 있어야 아이의 월령에 맞게 오래 쓸 수 있다고 하더라구요. ], 부정 텍스트 확률 : 56.04%"
"[ 캐노피를 확장하지 않아도 넓게 가려지긴 하는데확장하면 안전바 근처까지 가려져서 요즘 같은 날씨에 정말 딱이에요.너무 푹 가려져서 아이가 답답하진 않을까 걱정했는데확장 부분이 매쉬 소재라서 공기 순환은 잘되는데 벌레는 막아줘서아이도 좋아하면서 쓰고 있어요. ], 부정 텍스트 확률 : 77.76%"
"[사실 미마자리 하면 명품 유모차 중의 ], 부정 텍스트 확률 : 53.73%"
"[ 위를 다투는 모델이기도 하죠 스토케와는 다르게 폴디이 너무 쉬워서 더욱더 편리한 디럭스 유모차 중의 하나의 미마자리플레어 디럭스유모차랍니다 사실 스토케 부가부 등 고민 많이 했는데], 부정 텍스트 확률 : 62.90%"
"[핸들바 높이 조절 당연 가능하구요 시트가 기존의 천이나 플라스틱과 다른 수공예로 만든 가죽느낌의 시트인 미마자리플레어 ], 부정 텍스트 확률 : 91.18%"
"[ 요 시트 뒷부분을 당기면 단계로 각도조절까지 가능하기 때문에 아기가 잠을 잘때도 바로 눕힐 수 있고 야외나가서 유모차 안에서도 편하게 바깥구경도 시켜줄 수 있도록 되어있어요], 부정 텍스트 확률 : 65.84%"
"[ 미마자리유모차 컵홀더도 비싼ㅋㅋㅋㅋㅋㅋㅋㅋㅋㅋㅋㅋㅋ..미마자리 유세븐몰에서 옵션으로 살수 있지만], 부정 텍스트 확률 : 78.63%"
"[ 볼베어링 시스템으로 주행시 부드러운 핸들링과 안정감이 있기때문에 아기에게 편안함도 제공하는 미마자리유모차 ], 부정 텍스트 확률 : 89.17%"
"[ 버튼 한번만 밟으면 작동되고 해제되는 원터치 브레이크 시스템 덕에], 부정 텍스트 확률 : 93.38%"
"[사실 수납이 스토케에 비해 작긴 하지만 양쪽으로 다 있기 때문에 문제 치 않습니당 ], 부정 텍스트 확률 : 62.53%"
"[참고하세요], 부정 텍스트 확률 : 95.64%"
"[핸들링 미마자리유모차단점은 가격이겠죠 ], 부정 텍스트 확률 : 58.15%"
"[ .?미마미마.?미마자리미마자리.?디럭스유모차디럭스유모차 ], 부정 텍스트 확률 : 54.00%"
"[.요즘은 자외선이 정말 강력한 것 같아요ㅠㅠ .저녁엔 그나마 낫지만 낮에는 정말 햇빛이 쨍쨍합니다. .안그래도 햇빛 알르레기가 있는 저로서는 .아이에게 자외선이 신경 쓰일 수 밖에 없더라구요. .그래서 지인 추천으로 구매하게 된 미마자리 스포츠 유모차.미마자리 자체가 럭셔리 유모차라서 갖고 싶었던 .브랜드 중에 하나긴 했는데 .이렇게 실용적으로 나온 스포츠 유모차가 있길래 .덥석 구매를 해버렸죠... ], 부정 텍스트 확률 : 86.49%"
"[ .시트 각도 조절이 단계로 조절이 가능해서 참 편리했는데 .저기 미마라고 써있는 부분을 잡아 당기면 .쉽게 각도 조절이 가능해요ㅎㅎ .각도 조절은 시트뿐만 아니라 풋레스트], 부정 텍스트 확률 : 93.52%"
"[울지도 않고], 부정 텍스트 확률 : 61.42%"
"[본인도 편한지 유모차 안에서 잘 잤었어요.사용연령이 살까지 사용이 가능하지만], 부정 텍스트 확률 : 65.97%"
"[.이렇게 넉넉하지 않는다면], 부정 텍스트 확률 : 69.38%"
"[아이가 컸을 때에 .굉장히 불편해 할 것 같아요 .아이 체형에 맞게 각도 조절도 되니까], 부정 텍스트 확률 : 85.42%"
"[이정도 크기라면], 부정 텍스트 확률 : 53.87%"
"[.다른 시트도 호환이 가능할 것 같아요.안쪽이 넓어서 쿠션이라던가], 부정 텍스트 확률 : 51.85%"
"[급할 때 사용하면 좋았어요.수납 공간도 주머니 형식이라서 생각보다 짐이 많이 들어갔어요.저는 기저귀 가방이 있어서 유모차에 걸고 다니지만 오히려 기저귀는 여기에 넣어서 다니고 .기저귀 가방은 제 개인 물품을 넣고 다니네요ㅋㅋㅋ .깔끔하고 위생적이게 보관할 수 있으니까 그런 점이 참 좋은 것 같아요 .앞 부분에도 수납 공간이 있는데 망 소재로 되어 있어요... ], 부정 텍스트 확률 : 99.19%"
"[ .지인에게 추천 받고 나서 홈페이지 후기도 찾아보고 가까운 매장가서 직접 밀어도 봤어요..아무리 추천을 해줬어도 제 마음에 가장 들어야 하니깐요.그래서 백화점가서 핸들링을 해보는데 저한테 밀기엔 편했었어요 .유모차는 무게보다는 핸들링이 중요하다고 들어서 절충형임에도 불구하고 .디럭스 못지 않게 핸들링이 아주 부드럽더라구요..디럭스 유모차에 가까운 절충형 유모차라고 할까나? .아이도 편하고 저도 주행하기도 편한 그런 유모차네요ㅎㅎ.엄마와 아이 둘 다 편하게 사용할 수 있는 유모차라서.다른 유모차와 비교해도 절대 뒤지지 않는 유모차라고 생각해서.유모차 필요하신 분들에게 추천해요. ], 부정 텍스트 확률 : 98.80%"
"[안녕하세요 중고유모차], 부정 텍스트 확률 : 53.29%"
"[ 카시트 전문매입업체지니베베입니다 ], 부정 텍스트 확률 : 58.17%"
"[연예인유모차로 유명하미마자리 유모차 매입후기입니다 ], 부정 텍스트 확률 : 57.20%"
"[ 늘 그랬듯이매입양식부터 문자드린 후맞게주시면 상태], 부정 텍스트 확률 : 94.11%"
"[ 연식], 부정 텍스트 확률 : 53.29%"
"[ 견적이 맘에 드셔서 매입진행했구요.저희 사업장이랑 가까운거리에 위치해있으셔서저희가 직접 픽업해드리기로했습니다괜찮으신 일정을 잡은후방문드렸구요. ], 부정 텍스트 확률 : 93.42%"
"[ 제품 픽업전 견적에 맞게입금처리해드렸습니다.저희 지니베베는 동종 다른 업체들처럼거리], 부정 텍스트 확률 : 67.45%"
"[ 시간이 맞으면 퀵서비스매입 외에방문매입도 하고 있긴하지만사진상의 견적 그대로 매입합니다.타업체들처럼 방문매입시이것저것 트집을 잡으며 매입가를줄이는 양치같은 매입 절대 혐오하구요.견적드린 그대로 매입합니다.꼭 알아주세용ㅎㅎ중고나라보다 편한중고 유모차], 부정 텍스트 확률 : 71.57%"
"[ 카시트 처분하는방법지니베베 ], 부정 텍스트 확률 : 66.90%"
"[ .미마자리만 타면 꿀잠 주무시는 우리따님 ], 부정 텍스트 확률 : 92.65%"
"[신세계다 휴대용이 좋은건지 미마지기가 좋은건지 여튼 이번 육아템 너무 잘산듯하다 개월이 막지나 이제 개월된 울애기는 휴대용을 탈수 있다고는 하지만 아직 잘 앉지도 못하고 어리기도해서 너무 가벼운휴대용은 싫었는데 많이 무겁지도 않지만 픽 하고 쓰러질거같은 가벼운 유모차도 아닌 미마지기휴대용유모차 너무 만족스럽다. 거기다 또 비싸보이기도 하고], 부정 텍스트 확률 : 88.14%"
"[ ㅋㅋㅋ 미마는 간지가 ], 부정 텍스트 확률 : 80.86%"
"[ .울애기도 너무 좋은가보다 .바로 다음날 카페에도 가져갔다. 아기띠하고 혼자서 유모차를 폈다 접었다 하는데 전혀 불편함도 없었고], 부정 텍스트 확률 : 97.71%"
"[승용차 뒷자리에도 실리기때문에 엄마랑 아기랑 둘이서만 다닐때도 너무 편했다. ], 부정 텍스트 확률 : 69.61%"
"[ .아유 미마지기 유모차 참이쁘다. .유모차 완전 추천... .?미마지기미마지기.?미마지기유모차미마지기유모차.?휴대용유모차휴대용유모차.?미마자리미마자리.?유모차추천유모차추천.?휴대용유모차추천휴대용유모차추천.?미마미마.?미마휴대용미마휴대용 ], 부정 텍스트 확률 : 97.59%"
"[ ...월 출산인데 미마지기 휴대용 유모차 좋은가격 핫딜 떴길래 미리 구매하였다😁..너무 일찍인가ㅋㅋ ], 부정 텍스트 확률 : 72.61%"
"[ ..네이비 컬러도 끌렸지만 프라다 특유의 나일론 소재 싫어서 차콜 겓겓👌.. ], 부정 텍스트 확률 : 87.04%"
"[ ....택배 상자를 열고 파우치를 걷고... ], 부정 텍스트 확률 : 55.80%"
"[ ..... ], 부정 텍스트 확률 : 78.69%"
"[ ... .?출산용품출산용품.?미마지기미마지기.?휴대용유모차휴대용유모차.?미마미마 . .?예비맘예비맘.?내돈주고산후기내돈주고산후기 ], 부정 텍스트 확률 : 99.25%"
"[정말 고민 많이 했던 .?휴대용유모차휴대용유모차요요랑 미마지기두어 달은 고민한 것 같다는...결국 선택은 무게감은 있지만안전하고 실용성 있는.?미마지기미마지기 로 구매 ], 부정 텍스트 확률 : 86.81%"
"[ 컬러는 세 가지나는 차콜로 구매 ], 부정 텍스트 확률 : 78.11%"
"[ 구성품 매뉴얼], 부정 텍스트 확률 : 53.29%"
"[ 요걸로 핸들바 높이 조절 가능 👌🏻 ], 부정 텍스트 확률 : 66.91%"
"[ 등받이 레버당기면 단계로 각도 조절이 가능하다 ], 부정 텍스트 확률 : 82.85%"
"[.?미마지기서스펜션미마지기서스펜션투명 바퀴 휠 🖤 ], 부정 텍스트 확률 : 60.55%"
"[ 시트 각도도 눕는 것도 가능해서 아기 잘 때 좋음점식 안전벨트로 안전하게 아기 체형에 맞게 조절도 가능하고], 부정 텍스트 확률 : 80.62%"
"[ 갤 아기도 편하게 잘 탄다는 💜안전바는 후기 이벤트 중이라서 후기 작성하면 배송해준다는 ], 부정 텍스트 확률 : 58.97%"
"[.?미마지기정품등록미마지기정품등록미마지기 정품 등록은 요기서 정품 등록해야 다른 액세서리 구입 가능함], 부정 텍스트 확률 : 90.15%"
"[막연히 디럭스나 절충형 쓰다가 좀 지나면 휴대용 유모차 사야지], 부정 텍스트 확률 : 67.23%"
"[휴대용 유모차는 좋은거 사야지], 부정 텍스트 확률 : 88.94%"
"[ 일단 유모차를 받아봤을때 드는 느낌은 엄청 깔끔하다는거였어요군더더기 없는 디자인그리고 무게가 있지만 그 무게가 안정감을 더해줘서 핸들링이 정말 좋았어요 ], 부정 텍스트 확률 : 82.98%"
"[장바구니 덮게 안쪽에는 레인커버도 들어있구요 ], 부정 텍스트 확률 : 83.62%"
"[전혀 은갈치 스럽지 않고 고급진 가죽느낌에 톤다운된 은색..약간 크레파스 은색이라고 하시면 아시려나요. 사진에는 빛이 반사되어서 엄청 빤딱빤딱한 은갈치 느낌으로 표현되는데 실제로 받아보면 은은한 빛이라 고급스러워 보이고 전혀 부담스럽지 않더라구요 그리고 차양막이 접었다 폈다 다양하게 연출 가능한 부분도 정말 마음에 들었고], 부정 텍스트 확률 : 60.04%"
"[ 태워보니 아이도 잘 있었어요발올리기 좋아하는 아기라 안전바랑 발받침 추가 고민하고 있습니다미마의 장점은 디테일이 살아있고], 부정 텍스트 확률 : 69.58%"
"[접고펴는게 쉽다], 부정 텍스트 확률 : 78.99%"
"[기내반입 가능], 부정 텍스트 확률 : 53.29%"
"[그리고 차양막도 위로 올려져서 아기 좀 커도 쓸수 있을거 같아 좋았구요아쉬웠던 점은가격이건 할인할때 사서 극복무게어차피 유모차는 끌고다니는거지 들고다는게 아니기 때문에 전 만족], 부정 텍스트 확률 : 89.68%"
"[게다가 어차피 전 운전을 못해서 거의 외출할땐 남편과 함께이거나 혼자외출시엔 택시를 이용하고 아기띠를 하기때문에 그냥 괜찮았어요. 무엇보다 아이 승차감이..너무 가벼운건 안좋고 더 걱정되는건 안전성도 무시 못하겠더라구요], 부정 텍스트 확률 : 70.76%"
"[내가 아무리 조심해도 차가 치고갈수도 있고 하니까요.양대면 안됨이게 전 제일 아쉬워요. 아이가 아직 돌 전이라 양대면 되면 둘째도 신생아때부터 쓸수 있을거 같은데 그게 아쉬워요. 하지만 이제 아이도 몇달뒤면 돌이고 워낙 호기심 많은 아기라 큰 문제가 될것 같진 않아요재질은 차콜은 패브릭 느낌이었고], 부정 텍스트 확률 : 76.87%"
"[블루랑 카키는 롱샴가방이나 프라다 가방 재질이라고 하면 아시려나요. 뭔가 방수되고 대신 통기성 별로 안좋을거 같은 그런 재질이었어요. 그래서 전 무난하기도 하지만 아기 통기성 중시해서 차콜로 픽했구요.무게랑 가격], 부정 텍스트 확률 : 94.30%"
"[ ..택배가 왔어요.넘넘 설레이면서 박스를 뜯었구요. ], 부정 텍스트 확률 : 50.79%"
"[ ..설치도 쉽구요.폅다 접었다가 편해요. ], 부정 텍스트 확률 : 50.61%"
"[ ..이렇게 유모차 타고 좋아하는 모습은 첨 인것같아요.편안한걸 아나봐요 ], 부정 텍스트 확률 : 91.69%"
"[ .. ], 부정 텍스트 확률 : 57.07%"
"[ ..미마지기 유모차에 앉아 편안해 하는걸 보니 역시 잘 구입했구나 싶어요.참 잘했어요.별다섯개 ], 부정 텍스트 확률 : 96.92%"
"[ ..미마지기 설치전 꼭 읽어보세요.네이버 검색창에 유세븐샵을 검색해서.정품등록코드로 접속해야하구요. ], 부정 텍스트 확률 : 69.32%"
"[ 지기 시트버전사용시 개월 미만은 적합하구요는 최대 미만의 유아까지사용가능하구요의 바스켓은 최대 의 무게까지 사용 가능해요], 부정 텍스트 확률 : 74.37%"
"[콩딱이가 어느덧 개월이 되어 외출이 잦다 보니 유모차를 차에 싣고 다니는 날이 많아졌다.간간이 휴대용 유모차를 보러 다녔는데 그중 베이비젠 요요], 부정 텍스트 확률 : 63.61%"
"[요요와 비슷한 가격으로 딜이 뜬 것이다.이런 좋은 기회를 놓칠 수 없어 바로 구매이전 버전인 이지만 무게를 제외하고는 와 동일하고 무엇보다 중요한 안정성이 뛰어나다는 후기들을 보고 구매하기로 결정하였다.무게야 지금 자기고 있는 트릴로지와 비슷한 것 같으나 차에 두고 사용하려고 하기 때문에 무게는 크게 중요하지 않았다. 색상은차콜과 미드나잇 블루 중 블루를 선택하였는데 너무 잘 한 선택산뜻하니 고급 져 발랄한 느낌이라 좋다.폴딩도 쉬우나 한 손으로는 못한다는 점이 아쉽다. 아직 익숙하지 못해서 그런 걸 수도.콩딱이를 태워보니 너무 편하게 앉아 있는다. 역시 사질 잘 했어동네 한 바퀴 돌아보니 핸들링도 너무 좋고 장바구니도 크고 부드럽게 움직이는 게 맘에 쏙 들었다.조금 크면 발판이 필요할 것 같아 이건 추가로 구매할 예정이다.오랫동안 사용할 제품으로 구매하였는데 잘 한 선택 같다. ], 부정 텍스트 확률 : 69.40%"
"[디럭스는 트렁크에 들어가지도 않으꺼같구절충형을 찾아보았다휴대용을 살지안살진모르겠지만아기가 아직 어리니까최대한 오래쓰는 유모차로 알아봄항상 그렇듯아기키우는게 처음이라 아무것도 모르는데육아용품은 진짜 너무나 많고 비싸다 ㅠㅜ후기찾아봐도 별 도움이 안되는게다 자기가 쓰는게 최고라고 생각하여자기가 쓰는거 아님 다 후진거라고 생각하는사람도 많은거같다아기한테만 잘맞음 싸던 비싸던 성공한 쇼핑이라 할수있을듯진짜 뽑기잘못하여 욕하는것빼고는 어지간하면 좋은거같다결론은 부모의 만족인듯ㅋㅋ폴딩이 한번에 되는 유모차도 탐났지만애기가 타구있는데 접히면 어쩌냐는 말도안되는 신랑의 얘기로 갑자기 찝찝..정말 말도안되는데 ㅠㅜ원래는 바구니카시트와 연동되는 유모차를 사려 핫딜을 기다리구있었는데신랑이 친구에게 추천받아 구매하게되었다입소문과 지인환경이 제일인듯ㅋㅋ아무래도 첫아기라 그런지디럭스형 유모차가 안전할꺼같아미마자리스포츠로 구매하였다 ], 부정 텍스트 확률 : 76.91%"
"[ 내가 조립하진 않았지만신랑이 애기침대보다 금방한거봄 간단하게 조립가능한듯하다완성후 폴딩하는거 애기각도조절양대면하는방법 브레이크사용등 해봤는데 혼자하기 무리가 없다다음날 공원으로 첫시승을 갔다 ], 부정 텍스트 확률 : 63.38%"
"[ 미리 바구니시트를 타버릇해 그런지이게뭔짓이여 하는표정이었지만 한바퀴 돌때가지 얌전히있었다바퀴가 커서 마음도놓이구..장바구니들어가는게 다른유모차보단 작긴하지만나는 가방만 들어감될거같아 별로안불편한듯공식홈페이지에가면 사용연령은 개월부터 세이하까지 가능하다고 써있는데신생아시트까지 있어 더 일찍사용할수 있다아이가 안탄다고 거부만 안한다면 꿀템이될듯ㅋㅋ장점을 정리하자면 양대면 가능없는 유모차도 많았음 원터치브레이크 다른유모차보다 넓은시트 핸드링 정면], 부정 텍스트 확률 : 98.51%"
"[ .?미마지기미마지기.?유세븐샵유세븐샵.?휴대용유모차휴대용유모차.?기내반입유모차기내반입유모차 .?비행기비행기.?여행여행안녕하세요 이번 포스팅할 제품은 휴대용 유모차 미마지기입니다이제 우리 똑똑이가 개월이 지나고 외출을 할 일이 많이생겼습니다.디럭스와], 부정 텍스트 확률 : 93.39%"
"[와이프가 백화점을 가거나 혼자 차를 운전하고 다닐때디럭스와 절출형 유모차는 크기가 너무 크고 무거웠습니다.그리하여 휴대용 유모차를 알아본 결과가질 정도로 좁혀졌는데요.후보로는 베이비젠 요요], 부정 텍스트 확률 : 95.43%"
"[해밀턴 ], 부정 텍스트 확률 : 53.29%"
"[미마 지기였습니다.요요는 너무 흔하고해밀턴은 오토폴딩이 너무 좋아보였지만], 부정 텍스트 확률 : 66.61%"
"[디자인이 너무 싼티나고부가부 앤트는 디자인과 휴대용유모차로써 있기 힘든 양대면 기능으로마지막 까지 고민이였지만], 부정 텍스트 확률 : 51.33%"
"[크기가 작아 오래못탄다는 얘기가 많았습니다.마지막으로 선택하게된 미마지기디자인], 부정 텍스트 확률 : 54.10%"
"[프레인 안정성], 부정 텍스트 확률 : 76.50%"
"[차양막 길이 다 만족하고무게만 조금 마음에 걸렸지만에서 로 바뀌면서가까이 무게가 줄게 되어서 선택하는데크게 문제가 되지는 않았습니다.먼저 택배를 받은 박스 사진입니다], 부정 텍스트 확률 : 99.10%"
"[ 박스를 개봉해보니 미마지기 전용 가방가방 과 설명서 등이 동봉되어있습니다 ], 부정 텍스트 확률 : 93.03%"
"[ 옆에서도 찍어보았습니다 ], 부정 텍스트 확률 : 91.49%"
"[ 이번 주말 단풍 놀이를 갈 예정인데 똑똑이를 태우고 가보아야 겠네요 이상 휴대용 유모차미마지기 구입후기 였습니다 ], 부정 텍스트 확률 : 96.21%"
"[ .색상은 기존 유모차가 차콜이라 휴대용은 블루가 더 맘에들어서 요걸로햇어요.포인트색상에 고급스럽기까지.첨엔 주문했었는데 랑 무게감말고는 큰차이없는것같아서 로 변경햇네요ㅎ.미마지기 강추합니당♡♡. ], 부정 텍스트 확률 : 77.65%"
"[이제 슬슬 아기방 꾸밀 구상도하고가구 서칭도하고 아기침대 및 유모차를 알아보고 있었어요👶🏻🍼 ], 부정 텍스트 확률 : 54.90%"
"[ 바로 어제 핫딜로.?미마자리유모차미마자리유모차 가 떠서 바로 결제 완료 했답니다], 부정 텍스트 확률 : 88.15%"
"[ 태교랄것는 따로 없지만 영어로 수업하고있으니까 그걸로 위안을 삼구요🥂✨ ], 부정 텍스트 확률 : 75.79%"
"[ 어제 제가 자주들어가는 카페.?시크먼트시크먼트 에서.?디럭스유모차디럭스유모차 중에 제가 찾는.?미마자리유모차미마자리유모차 핫딜 떳다고바로 소식을 듣고 접속해 보았어요‼️ ], 부정 텍스트 확률 : 89.96%"
"[ 네... 저도 압니다 ㅋㅋㅋ미마자리 유모차는 장점이 디자인 빼곤 아무것도 없다는것....누가 미마자리는 예쁜 쓰레기라고 하더라구요], 부정 텍스트 확률 : 99.18%"
"[ 처치 곤란이라고 ㅋㅋㅋㅋ그돈주고 살바에는 스토케가 훨 낫다는데 저는 이미 미마에 꽃혀서 다른것이 눈에 안들어 왔어요.왠지 핸들 그립감과 안정감이 있어서 좋을것 같고], 부정 텍스트 확률 : 94.18%"
"[ 만원짜리를 만원 핫딜 가격], 부정 텍스트 확률 : 74.05%"
"[ 아주 싼가격에 파는거를 보고 분도 안되어바로 결제했어요 제가 원하는 색상은스노우 화이트에 블랙 시트였는데], 부정 텍스트 확률 : 87.15%"
"[ 이걸로 바로 결제해써요 오예 ㅋㅋㅋㅋ오늘 체크해보니 카멜 색상이 솔드아웃이더라구요한정수량이라 서둘러 결제 했는데], 부정 텍스트 확률 : 51.03%"
"[ 거기다가 이번 이벤트는 미마자리 풋머프 만 천원 상당을 증정하고], 부정 텍스트 확률 : 94.90%"
"[ 후기 이벤트로 미마자리 썬스크림 만 천원 추가 증정까지 한데요], 부정 텍스트 확률 : 92.64%"
"[ 그래서 풀패키지는 아니지만], 부정 텍스트 확률 : 89.66%"
"[맘노코 써니 입니다어느새 월도 마지막을 향해 달려가고 있습니다.이제 곧 겨울도 오려나봐용오늘의 주인공은 바로바로 미마지기 휴대용 유모차 휴대용 유모차를 위한 예쁜 커버를 찾기 힘들다며 연락주시는 분들이 정말 많이 계신데요 실제로 고민하다가 연락주시고 구매하셨는데], 부정 텍스트 확률 : 92.04%"
"[미마지기 유모차맘노코 방풍커버멜란지 그레이 색상을 만나볼까요? ], 부정 텍스트 확률 : 92.11%"
"[ 짜잔. 어떠신가요?아기가 성장할수록 유모차와 함께 외출할 일은 많은데], 부정 텍스트 확률 : 65.12%"
"[우리아기 답답함없는 유모차커버. 짜잔 ], 부정 텍스트 확률 : 98.88%"
"[ 이번에는 블랙 방풍이에용블랙은 신제품인데요블랙을 착용해도 예쁜 미마지기맘노코 ], 부정 텍스트 확률 : 76.93%"
"[ 어떠셨나요?미마지기 방풍커버 방한커버 찾고계신 분들께 도움이 되었기를 소망해봅니다.고맙습니다], 부정 텍스트 확률 : 52.59%"
"[친한 동생이 유모차 때문에 한참 고민을 하다가 드디어 기다리고 기다리던 미마 자리가 도착을 했다는 연락이 왔드라구요저랑 같이백화점 가서 일일이 보고 구매를 해서 빨리 받아보고 싶었는데 이제야 도착을 했다고동생은 다른 분들 보다는 좀 더 빨리 구매를 한편인데요 다른 후기들을 읽어 보니까 집 안에서도 사용할 수 있다고 해서 아기 침대용으로사용도 할 겸 빨리 구매를 한다고 하드라구요.지금은 너무 너무 잘 사용 중이라고스토케랑 미마 자리 둘 중에서 고민을 많이 하긴 했는데 결국 디자인이 더 예쁜 미마 자리로 결정 스토케는 뭐랄까집에서 사용하기엔 부피 차지가 꾀 있을 것 같아서 미마 자리로 구매를 했는데 너무 만족 중이라고 합니다.저희때는 스토케가독보적이였는데 말이죠 ], 부정 텍스트 확률 : 66.61%"
"[ 일단 디자인이 너무 예쁘지 않나요? 저는 미마 자리 실물을 봤을 땐 너무 예뻐서 사람들이 왜미마 자리를 사용하는지 알겠더라구요. 물론 동생도 구매를 했지만 저희는 화이트로 결정을 했습니다. 워낙 화이트를 좋아하기도 하고 이제 겨울이라서 제 눈에는 화이트가 젤 예뻤어요. 동생 남편도 화이트가 젤 깔끔하고 보여서 좋다고 하네요ㅎㅎ ], 부정 텍스트 확률 : 99.85%"
"[곰팡이 핀 미마자리 유모차세탁후기수원 광교 중흥클래스 수거빨래쟁이 .빨래쟁이..빨래쟁이. ], 부정 텍스트 확률 : 62.71%"
"[ 카카오톡 플러스 친구추가하고 세탁비 할인쿠폰 받으러 가기 .... ], 부정 텍스트 확률 : 85.54%"
"[ 수원 광교 중흥클래스 아파트 수거 곰팡이 핀 미마자리유모차세탁항균 전 사진], 부정 텍스트 확률 : 73.25%"
"[ 곰팡이 핀 미마자리 유모차세탁후기수원 광교 중흥클래스 수거빨래쟁이 .빨래쟁이..빨래쟁이. ], 부정 텍스트 확률 : 62.71%"
"[ 카카오톡 플러스 친구추가하고 세탁비 할인쿠폰 받으러 가기 .... ], 부정 텍스트 확률 : 85.54%"
"[ 수원 광교 중흥클래스 아파트 수거 곰팡이 핀 미마자리유모차세탁항균 후사진], 부정 텍스트 확률 : 72.51%"
"[점점 출산이 임박해오기 시작하는데], 부정 텍스트 확률 : 77.78%"
"[유모차 선물을 해줬어요. 솔직히 기대도 전혀 안했었는데], 부정 텍스트 확률 : 80.48%"
"[본인한테 잘하라고 하더라구요ㅋㅋ미마를 사줬는데], 부정 텍스트 확률 : 56.52%"
"[구매하고 싶었지만], 부정 텍스트 확률 : 72.95%"
"[배가 불러온 관계로... 본인 스스로가 인터넷을 많이 뒤져보고 산 것 같더라구요ㅎㅎㅎ ], 부정 텍스트 확률 : 82.74%"
"[동생이 이거 사려고 결정하고 혼자 베이비페어가서 일일이 설명을 듣고 왔다고 해요ㅎㅎ이게 미마자리랑 바디는 똑같고], 부정 텍스트 확률 : 59.76%"
"[시트부분만 더 넓고 깊고 한거 같아요.가격은 좀 더 착한데], 부정 텍스트 확률 : 63.67%"
"[훨 오래쓸것 같은 느낌이예요약간 마른체형의 동생이 앉으니 엉덩이가 들어가더라는.ㅎㅎㅎ 사진에서 보이는 것은 유모차의 주머니 부분인데요 앞뒤로 나뉘어져있어서 생각보다 실용적으로 쓸수 있을 것 같아요신생아 시트가 있는데 그것도 받아서 아기 태어나서는 그거 끼워서 쓰면 된다고 하니.. 나중에 따로 휴대용 살 필요 없겠다생각하고 있어요], 부정 텍스트 확률 : 89.43%"
"[ 뒤에 바구니에는 기저귀 가방 넣고 다니거나], 부정 텍스트 확률 : 88.62%"
"[자주쓰는 물건을 넣으면 될것같아요아.. 기저귀 같은 경우에는 세균이나 벌레들이 서식하기에 딱 좋은 장소라고 해요.그렇기 때문에 기저귀 같은 경우에는 항상 지퍼백 같은 곳에 밀봉된 상태에서 휴대를 하셔야 합니다ㅎㅎ ], 부정 텍스트 확률 : 91.65%"
"[해제가 됩니당ㅋㅋ 안쪽에 있기 때문에 아이가 눌러서 빼는 일은 없을 것 같아요유모차 같은 경우에는], 부정 텍스트 확률 : 76.81%"
"[양대면 전환을 하지 않는 이상], 부정 텍스트 확률 : 76.71%"
"[브레이크를 해제작동할 때에 한 번만 밟아주시면 되네요 순간적으로 브레이크를 걸어야하는 상황에서 유용하게 사용하는 기능이지 않을까 합니다.브레이크는 어찌보면], 부정 텍스트 확률 : 52.31%"
"[안전바], 부정 텍스트 확률 : 82.95%"
"[풋레스트까지 구석구석 각도 조절이 가능해서 아이가 좀 크고 나서도 쓰기 편할 것 같아요핸들링도 너무 편하고], 부정 텍스트 확률 : 94.45%"
"[폴딩 또한 너무 간단했어요. 시트를 따로 분리하지 않고도 폴딩이 가능한 점이 미마 유모차의 큰 장점이지 않을까 해요여자 혼자서도 가능해서], 부정 텍스트 확률 : 94.99%"
"[실물로 직접 보면서 고민 끝에 결정한 유모차에요 아무래도 디럭스 유모차 같은 경우에는 안전하지만 무게가 상당히 나가기 때문에], 부정 텍스트 확률 : 87.11%"
"[절충형으로 알아보다가], 부정 텍스트 확률 : 66.91%"
"[ 년 미마자리 신상이라서 그런지], 부정 텍스트 확률 : 85.34%"
"[후기가 별로 없었어요 뭐], 부정 텍스트 확률 : 96.06%"
"[이미 명품 유모차라고 잘 알려진 유모차라서 미마자리 스포차 사는데 문제는 없었던 것 같아요 색상은 차콜 색상 밖에 없지만], 부정 텍스트 확률 : 94.65%"
"[개월까지 사용해야 되다 보니], 부정 텍스트 확률 : 61.24%"
"[따로 분리해서 사용이 가능하다고 해요. 그렇기 때문에 너무 넓어서 아이 다칠 걱정은 노노 솔직히 태우다 보면], 부정 텍스트 확률 : 85.65%"
"[실용성을 따지면 절충형 유모차가 더 좋은 것 같아요 또 미마자리 스포츠가 신상품이다 보니], 부정 텍스트 확률 : 55.97%"
"[미리 유모차를 구매하지 않았던 것이 참 다행이라고 생각합니다. ], 부정 텍스트 확률 : 71.43%"
"[먼지도 차단을 해주는 기능이 들어있다고 해요 솔직히 요즘 미세먼지가 너무 심하다 보니까], 부정 텍스트 확률 : 86.60%"
"[산책하는데 있어서 어려움이 있었는데], 부정 텍스트 확률 : 52.68%"
"[캐노비에 이런 기능이 있는건 처음 본 것 같아요 심지어 지퍼로 캐노비를 확장할 수도 있고], 부정 텍스트 확률 : 50.91%"
"[지퍼 사이로], 부정 텍스트 확률 : 64.02%"
"[자외선 때문에 걱정이 많이 있었는데], 부정 텍스트 확률 : 74.18%"
"[아이에게 안정감을 주겠죠? 확실히 단점은 많이 낮춘 유모차이지 않을까 싶어요 시트 위쪽에 라고 적혀진 부분을 당기면 각도 조절은 쉽게 가능합니다ㅎㅎ 시트 각도는 단계로 조절이 가능해요시트뿐 아니라], 부정 텍스트 확률 : 63.31%"
"[ 보시는 것처럼 풋레스트 부분 각도 조절이 가능해요 아무래도 신생아때부터 살까지 사용이 가능하기 때문에], 부정 텍스트 확률 : 74.30%"
"[이러한 아이 발을 내려놓을 수 있는 부분은 필수라고 생각합니다 아이의 성장에 따라 각도 조절을 해줘야], 부정 텍스트 확률 : 54.90%"
"[ 미마자리 스포츠는 디럭스 유모차의 장점은 살리고 단점은 내렸는데], 부정 텍스트 확률 : 57.57%"
"[특히 절충형 유모차의 단점까지라도 줄였더라구요. 절충형 유모차 같은 경우에는 양대면 전환이 안되는 것들이 많이 있는데], 부정 텍스트 확률 : 89.94%"
"[손쉽습니다. 물론 시트가 마주보기가 되어있는 상태에서는 폴딩을 하지 못해요 폴딩하는데까지 걸린 시간은 길어봤자 분? 처음만 해매지], 부정 텍스트 확률 : 98.56%"
"[그리고 딱 맞게 조절이 가능한지는 정말 꼭 확인해야 하죠 어깨부터 잡아주는 안전벨트라서 안심하고 사용할 수 있었어요 뭐], 부정 텍스트 확률 : 83.50%"
"[문제가 생기면 캐리콧에서 확인을 하면 되니까], 부정 텍스트 확률 : 75.47%"
"[문제도 없구요ㅎㅎ미마자리 스포츠를 써본 결과], 부정 텍스트 확률 : 73.15%"
"[오히려 미마자리를 사시는 분들이라면 이 스포츠를 선택하라고 할 정도입니다 안전성], 부정 텍스트 확률 : 91.32%"
"[별로 없었던 후기를 꼼꼼히 읽어보며], 부정 텍스트 확률 : 96.91%"
"[미마자리 스포츠를 산 것 같아요많은 분들이 실용성도 좋고], 부정 텍스트 확률 : 57.46%"
"[과연 실용성이 있을까 싶었지만], 부정 텍스트 확률 : 59.90%"
"[절충형이 더 마음에 들어서 구매한 것이거든요. 미마 스포츠가 신생아부터 개월까지 사용할 수 있어요 실용성 하나는 정말 디럭스 유모차보다 훨 나은 것 같습니다 오히려 절충형 유모차를 선택하길 너무 잘 한 것 같아요 ], 부정 텍스트 확률 : 59.49%"
"[ 시트 안쪽이 굉장히 여유로웠어요 솔직히 개월 이상도 쓸 수 있을 것 같더라구요.한 유모차로 신생아부터 쭈욱 쓸 수 있기 때문에], 부정 텍스트 확률 : 68.08%"
"[자잘한 기능들이 오히려 사용할 때에 편리했었어요 아이 안전바도 사진처럼 탈부착이 가능하기 때문에 아이가 잠들 때에 사용하기 좋더라구요. 굳이 아이가 컸을 때에 휴대용 유모차를 사지 않아도 되니까 유모차를 구매하실 분들이 계신다면 미마자리 스포츠를 추천해드리고 싶네요 ], 부정 텍스트 확률 : 71.62%"
"[ 벨트는 이렇게 있어요 뭐], 부정 텍스트 확률 : 55.95%"
"[저는 그런 걱정은 별로 없었달까? 유모차 구매하시는 분들은 무조건 직접 주행해보시고], 부정 텍스트 확률 : 62.01%"
"[기능들도 꼼꼼히 확인 후에 구매하세요 요런 절충형의 경우 오래 사용하기 때문에], 부정 텍스트 확률 : 62.73%"
"[ 시트 각도 조절이 가능해서 너무 편리했어요 아무리 신생아 때부터 사용한다고 해도], 부정 텍스트 확률 : 82.31%"
"[정서적인 교류를 해야하는 것도 필수이기도 하지만], 부정 텍스트 확률 : 58.13%"
"[아이 입장에서 뒤로 간다는 것이기 때문에 달팽이관이라던가], 부정 텍스트 확률 : 90.37%"
"[육체적으로는 좋지 않거든요. 절충형 유모차 같은 경우], 부정 텍스트 확률 : 61.74%"
"[양대면 전환이 안되는 것도 있을 수 있어서], 부정 텍스트 확률 : 57.91%"
"[아이의 성장에 따라서 발판 각도를 조절 할 수 있어서 좋았어요 지금은 물론 이 각도를 엄청 신경 쓰는 것은 아니지만], 부정 텍스트 확률 : 83.42%"
"[아이가 살이 된다면 유용하게 잘 쓸 것 같더라구요. 아이는 저도 모르게 성장하기 때문에], 부정 텍스트 확률 : 78.90%"
"[장 기간 사용하는 유모차일수록], 부정 텍스트 확률 : 66.90%"
"[아이한테 딱 맞는 각도 조절이 가능했어요 ], 부정 텍스트 확률 : 90.99%"
"[딱 주행했을 때에 안정감이 있어서 아이도 부모도 편한 유모차이지 싶습니다.], 부정 텍스트 확률 : 67.95%"
"[ 캐리콧햇빛 가래개을 다 확장한 모습인데요 아이 손까지 다 가려졌어요 이제 여름이라서 자외선을 가장 많이 신경 쓰고 있었던 부분이라서 캐리콧이 어디까지 가려지는지가 제일 중요했어요 물론 굳이 확장하지 않아도 얼굴 전체를 다 가려주긴 하지만], 부정 텍스트 확률 : 73.03%"
"[파라솔도 살까 고민중이네요ㅋㅋ 캐리콧 중앙에도 확인창이라고 해서 아이가 답답하지 않도록 공기 순환도 되면서], 부정 텍스트 확률 : 59.75%"
"[정말 너무 편리했던게], 부정 텍스트 확률 : 50.56%"
"[발로 한 번 밟기만 하면 되니깐요], 부정 텍스트 확률 : 90.76%"
"[ 디럭스], 부정 텍스트 확률 : 53.29%"
"[휴대용 유모차보다 절충형을 선택한 이유 중에 하나가], 부정 텍스트 확률 : 97.32%"
"[아이의 안전성과 실용성이 두루 갖춰져 있어서였어요 아무래도 디럭스는 안전하긴 하지만], 부정 텍스트 확률 : 51.97%"
"[그만큼 안전성은 떨어지거든요. 미마자리 스포츠를 선택한 이유는 디럭스의 안전성은 그대로 가져가되], 부정 텍스트 확률 : 86.11%"
"[폴딩도 간단하고], 부정 텍스트 확률 : 61.06%"
"[양대면 전환도 쉬워서 그만큼 휴대하기도 나쁘지 않더라구요. 크기도 그렇게 크지도 않고], 부정 텍스트 확률 : 81.89%"
"[안녕하세요 여러분 드디어 유모차를 구매했습니다 아이가 아직 신생아라서 더 꼼꼼히비교하고 직접 핸들링도 해보면서 구매를 했던 것 같아요. 후기들도 읽어보면서 대부분의 사람들이 직접 사용했을 때에 장점들이 더 많다고 해서 미마 자리 스포츠로 선택을 했습니다.스토케와 미마 자리 스포츠 둘 중에서 고민을 했었는데], 부정 텍스트 확률 : 60.37%"
"[스토케 같은 경우에는 흔들림이 있다고 해서 좀 쓰기가 불안하다고 느껴졌었어요. 둘 다 시트가 높게 있어서 맘에 들긴 했지만제일 중요한 것은 아이의 안전이잖아요 그래서 미마 자리 스포츠를 선택했답니다. ], 부정 텍스트 확률 : 78.09%"
"[시간이 많이 단축 돼서 전 좋았던 것 같아요. ], 부정 텍스트 확률 : 76.74%"
"[미마 자리나 스토케나 엄마들 사이에서는 유모차 계의 밴츠라고 불러질 만큼 유명하기도하잖아요 하지만 미마 자리 스포츠는 미마라는 브랜드일 뿐만 아니라 실용성도 함께추가가 되었기 때문에 안 살 이유가 없었던 것 같습니다. 유모차 끄는 사람도 생각한기능들도 많이 있어요. ], 부정 텍스트 확률 : 98.77%"
"[ 제가 키가 좀 큰 편이라서 시트가 높은 것 위주로 본 것이라 스토케랑 미마 자리 스포츠로봤었어요. 장시간 유모차를 끌어도 허리도 안 아프고 무엇보다 핸들 각도가 단계까지 조절이가능하니까 상황이나 끄는 사람에 따라서 조절이 가능해요. 그래서 유모차를 사용하는데 있어서불편한 점은 없었던 것 같습니다. ], 부정 텍스트 확률 : 99.60%"
"[요즘 같이 더운 날에는 유모차 안으로 바람이 통해서유모차 안이 덜 후끈 후끈 하더라구요. ], 부정 텍스트 확률 : 70.86%"
"[ 미마 자리 스포츠를 내내 사용하고 있지만], 부정 텍스트 확률 : 80.16%"
"[저도 본격적으로 유모차를 찾으면서 알게 되었네요..ㅋㅋㅋ 후기들도 많이 없고], 부정 텍스트 확률 : 86.40%"
"[정보들도 많이 없어서 이것 저것 더 알아보게 된 것 같아요 색상은 차콜 색상 밖에 없고], 부정 텍스트 확률 : 96.41%"
"[ 디럭스], 부정 텍스트 확률 : 53.29%"
"[사용해본 결과 디럭스에 가까운 느낌이였어요 음], 부정 텍스트 확률 : 50.09%"
"[그만큼 실용성이 굉장히 높다고 느껴지지 않나요?많은 분들이 아이가 크면서 디럭스 유모차는 불편해서 휴대용으로 갈아탄다고 하시더라구요.핸들링도 굉장히 편하고], 부정 텍스트 확률 : 91.70%"
"[폴딩만 해도 굉장히 간단하기 때문에], 부정 텍스트 확률 : 81.44%"
"[저희는 쭉 사용할 것 같아요 ], 부정 텍스트 확률 : 71.62%"
"[ 디럭스를 살까 절충형을 살까 고민이신 분들은 미마자리 스포츠 유모차가 딱인 것 같아요프레임만 봐도 디럭스보다 더 단단하고 튼튼해 보였어요. 실제로 핸들링을 해봤을 때에도 절충형이라고 이야기하면 모를만큼 부드럽고], 부정 텍스트 확률 : 56.82%"
"[ 시트가 이렇게 넓은 줄은 생각도 안하고 있었는데], 부정 텍스트 확률 : 89.08%"
"[공간도 넓고 발 받침대도 있기 때문에], 부정 텍스트 확률 : 86.17%"
"[쑥쑥 빨리 크는 우리 아이들에게 딱 적당하달까? 디럭스 같은 경우에는 태울 수 있는 아이 무게가 한정적이다 보니], 부정 텍스트 확률 : 75.75%"
"[미마 스포츠 유모차가 양대면 전환이 손쉽기는 하지만], 부정 텍스트 확률 : 62.61%"
"[안좋다고 하네요 ], 부정 텍스트 확률 : 66.90%"
"[덤으로 벌레나 먼지 같은 것도 막아주니깐요 너무 일석이조의 차양막이 아닌가용?ㅎㅎ 인터넷으로 찾아보니까], 부정 텍스트 확률 : 89.33%"
"[ 아까도 말했던폴딩 기능디럭스 유모차의 단점 중 하나가 무겁고 폴딩이 매우 힘들고 어렵다는 것이였는데], 부정 텍스트 확률 : 99.07%"
"[너무 간단했어요 알아보니까], 부정 텍스트 확률 : 62.94%"
"[미마 디럭스 유모차도 폴딩이 굉장히 간단하다고 하더라구요. 부모들이 어떤 면에서 힘들어하는지를 아는 것 같았어요폴딩 기능이 간단하니까], 부정 텍스트 확률 : 55.34%"
"[어디 유모차를 들고 나가기도 부담되지 않고], 부정 텍스트 확률 : 63.50%"
"[너무 편리했습니다ㅎㅎ 더 익숙해지면 더 빨리 접을 수 있을 것 같아요 ], 부정 텍스트 확률 : 55.13%"
"[ 바퀴 부분도 솔직히 제일 중요한데], 부정 텍스트 확률 : 59.59%"
"[휴대용 유모차의 경우], 부정 텍스트 확률 : 88.61%"
"[바퀴가 많이 연약해서 사기가 왠지 꺼려졌었어요. 가볍고 간편하긴 하지만], 부정 텍스트 확률 : 58.61%"
"[아이의 안전성을 보장할 수 없는 느낌?미마 스포츠 유모차 바퀴에는 서스팬션 기능이 들어있다고 합니당ㅎㅎ 마치 자동차를 보는 느낌처럼], 부정 텍스트 확률 : 82.77%"
"[ 사진 상으로는 나오지 않았지만], 부정 텍스트 확률 : 64.38%"
"[바퀴 부분에 두 개의 수납 공간이 있어서 깔끔하게 보관이 가능해요 부족하면 어떡하지라는 생각도 하긴 했었는데], 부정 텍스트 확률 : 80.88%"
"[막상 사용해보니], 부정 텍스트 확률 : 70.25%"
"[부족하다고 생각든적은 없었어요 컵 홀더도 사서 부착을 하니까], 부정 텍스트 확률 : 77.51%"
"[거기에 가방을 걸면 딱이더라구요 앞 바퀴에도 장금 장치가 되어있으니까], 부정 텍스트 확률 : 67.68%"
"[한 쪽으로 기울거나], 부정 텍스트 확률 : 70.74%"
"[바퀴가 돌아가거나 한 적은 한 번도 없었어요 오히려 부드럽게 잘 밀어져서 너무 만족스러웠었네요ㅎㅎ ], 부정 텍스트 확률 : 58.66%"
"[ 시트 각도도 조절이 가능하고], 부정 텍스트 확률 : 66.14%"
"[아이 발 받침대도 단계까지 조절이 가능해요그렇기 때문에아이의 성장에 따라서 각도를 조절 해줄 수 있으니까], 부정 텍스트 확률 : 53.71%"
"[더 아이가 편하게 사용이 가능하고], 부정 텍스트 확률 : 68.57%"
"[제가 미는 핸들 부분도 각도 조절이 가능해서 오르막길이나], 부정 텍스트 확률 : 66.41%"
"[저도 편리한 기능들이 많아서 너무 마음에 들었었네요 미마자리 스포츠 유모차를 써 봤던 결과 저는 유모차 선물 사줄 일이 있으면], 부정 텍스트 확률 : 81.33%"
"[ 유모차비교유모차구입후기미마자리], 부정 텍스트 확률 : 67.11%"
"[스토케 비교 육아일기], 부정 텍스트 확률 : 83.74%"
"[기동성], 부정 텍스트 확률 : 57.31%"
"[그리고 수납력을 꼽았어요 아래에서 설명드릴게요 일단은 저는 디럭스 유모차를 구입하고자 했어요 간단하게 유모차는 디럭스형], 부정 텍스트 확률 : 74.66%"
"[절충형], 부정 텍스트 확률 : 53.29%"
"[휴대형], 부정 텍스트 확률 : 53.29%"
"[쌍둥이형], 부정 텍스트 확률 : 53.29%"
"[웨건형 등이 있는데요 ], 부정 텍스트 확률 : 55.26%"
"[먼저 ], 부정 텍스트 확률 : 53.29%"
"[ 디럭스형], 부정 텍스트 확률 : 53.29%"
"[적정시기는 개월이후], 부정 텍스트 확률 : 60.75%"
"[라고 하네요], 부정 텍스트 확률 : 74.20%"
"[타 유모차에 비해서 ], 부정 텍스트 확률 : 69.82%"
"[ 절충형], 부정 텍스트 확률 : 53.29%"
"[ 개월이상부터 사용], 부정 텍스트 확률 : 75.09%"
"[을 권하구요 ], 부정 텍스트 확률 : 60.64%"
"[이러면 휴대형을 알아봐야겠죠? ], 부정 텍스트 확률 : 94.30%"
"[ 휴대형], 부정 텍스트 확률 : 53.29%"
"[도 말그대로 휴대용인데요 ], 부정 텍스트 확률 : 65.52%"
"[보통 마트나 백화점 혹은 기내용으로도 많이 사용하시더라구요 ], 부정 텍스트 확률 : 95.07%"
"[암튼 그런 것에 비하면 엄청 ], 부정 텍스트 확률 : 86.12%"
"[폴딩도 훨씬 쉽고 차에 휴대하기도 간편하구요], 부정 텍스트 확률 : 55.67%"
"[ 시기로 보자면], 부정 텍스트 확률 : 58.54%"
"[ 디럭스형은 생후개월 ], 부정 텍스트 확률 : 52.97%"
"[ 세 승차감과 안전성 우선순위 ], 부정 텍스트 확률 : 75.17%"
"[ 절충형은 생후 개월 ], 부정 텍스트 확률 : 52.97%"
"[ 휴대형은 생후 개월 전후 ], 부정 텍스트 확률 : 52.97%"
"[ 세 가볍고 편리], 부정 텍스트 확률 : 70.70%"
"[휴대 이동 편리 ], 부정 텍스트 확률 : 53.29%"
"[ 더 상세한 점은], 부정 텍스트 확률 : 76.97%"
"[ 아래 링크 클릭..], 부정 텍스트 확률 : 57.07%"
"[ .. ], 부정 텍스트 확률 : 57.07%"
"[ ..], 부정 텍스트 확률 : 57.07%"
"[ .. ], 부정 텍스트 확률 : 57.07%"
"[그 외에 쌍둥이형], 부정 텍스트 확률 : 64.07%"
"[웨건형...이까지 보셨으면 대충 감은 오실거에요 자 이 시점에서 고려해야할 점 뭘까요? 엄마빠가 중점적으로 보고자하는 부분과 탈 시기를 따져보셔야겠죠? 저는 위에도 말씀드렸다시피 안전이 제일이고 수납력도 봤어요 그래서 저는 디럭스로 결정 제지인중에서는 유모차를 죽어라 안타는 아이도 있거든요? ㅋ 엄마빠가 엄청 힘들어하더라구요 항상 안아줘야하니까 ㅠㅠ 그래서 전 꼭 미리 유모차 사서 집안에서 태우자 연습하자 다짐을 했었어요 그럼으로 꼭 디럭스 ㅋ 아주 어릴때부터 태우려면 디럭스형이 가장 안정적이더라구요제가 일단은 디럭스만 고려했기때문에 지금부터는 디럭스형 유모차를 보시게될거에요 양해바랍니다 이번에도 역시나 울 열무찡 기준], 부정 텍스트 확률 : 73.33%"
"[스토케 열무찡 태어나기전부터 의류나 자잘한 소모품들은 오래 쓸게 아니고 중요하지 않으니 대강 하더라도 카시트나 유모차 등등 아이의 안전과 관련된 육아템들에는 돈을 아끼지말자 주의였어요], 부정 텍스트 확률 : 76.82%"
"[제 지인들 이야기를 종합해보면 .미마자리], 부정 텍스트 확률 : 69.35%"
"[가격이 많이들 부담스럽다고 하시더라구요 제 지인중에는 국내구매], 부정 텍스트 확률 : 83.85%"
"[해외직구해서 미마자리 사용하는 분들 몇분 있어서 물어보니장점이쁘다 이뻐서 이쁘니까 ㅋㅋㅋㅋㅋㅋㅋㅋㅋㅋㅋㅋ 나름 핸들링도 좋고 신생아에게는 굉장히 안정적인 유모차라고 하대요 단점추가로 구입해야할 부속품들이 가성비가 나쁘대요 컵홀더 같은 경우도 타 브랜드에비해서 실용적이지 못하고 불편한데 비싸고], 부정 텍스트 확률 : 62.69%"
"[해외구매같은 경우는 꽤 오래 걸린대요 길게는 두달? 헐... ], 부정 텍스트 확률 : 64.43%"
"[그리고 정품 등록이 안되므로문제 ], 부정 텍스트 확률 : 86.75%"
"[길게 사용은 못한다고 하더라구요 아이가 금방 크니까 ], 부정 텍스트 확률 : 94.54%"
"[가죽이라서 어지간한 생활얼룩은 가죽 클리너로 닦아내면 된다고 하는데 ], 부정 텍스트 확률 : 80.56%"
"[보온물병], 부정 텍스트 확률 : 53.29%"
"[기저귀패드], 부정 텍스트 확률 : 53.29%"
"[손수건], 부정 텍스트 확률 : 53.29%"
"[치발기], 부정 텍스트 확률 : 53.29%"
"[공갈젖꼭지], 부정 텍스트 확률 : 53.29%"
"[아기장난감 등등근데 그걸 다 넣을 공간이 넘 부족하대요 기자귀가방 따로 들고다녀봤는데 넘 힘들었대요 궁금하신 분들은 사이트로 이동.. .. ], 부정 텍스트 확률 : 84.52%"
"[ 두번째로 본게 부가부 .부가부 ], 부정 텍스트 확률 : 62.59%"
"[대부분의 디럭스 유모차들의 무게는 키로단점 ], 부정 텍스트 확률 : 74.59%"
"[ 좀 큼직하게 보이는... 크기가 큰게 아닌데 그냥 커보였어요 뭔가투박하게 생긴 느낌], 부정 텍스트 확률 : 95.20%"
"[부가부는 스토케에 비해서 좀 낮은 느낌 ], 부정 텍스트 확률 : 67.51%"
"[사실 신생아 눕힐 캐리콧은 얼마나 쓰겠어요 ㅠㅠ 한두달 쓰면 많이 쓰는거고 ], 부정 텍스트 확률 : 91.11%"
"[저는 사실 미마자리는 진즉에 빠이빠이했고... 물론 이뻐서 땡기긴 했는데... 이쁘다는 이유로 다른 모든 단점들을 모른 척 할 수는 없었어요... 물론 개인적인.. 지극히 개인적인 제 지인들 의견이구요 미마자리 잘 사용하시는 지인도 있어요 참고만바랍니다 스토케랑 부가부랑 고민 엄청 했어요 둘다 나쁘지않은 스펙이라 .스토케 스토케는 올해초에 새로 익스플로리 모델이 출시가 되어서 혹했던... 예약판매하고 있었거든요], 부정 텍스트 확률 : 77.70%"
"[장점확실히 스토케가 아이 시트부분이 높고 높낮이조절 되구요 키 큰 엄마들이 스토케 선호한대요.. 저는 키가 크지않지만 ㅋㅋ 맘에 들었어요 핸들링은 말할 것도 없구요 남편님보기엔 스토케가 젤 짱짱해보인다고 가장 중요한건 양대면 ], 부정 텍스트 확률 : 74.30%"
"[안전성], 부정 텍스트 확률 : 53.29%"
"[그리고 또 혹한건 어떤 유모차를 구입하건 다양한 부속품들을 구입해야 하는데 이때 스토케 익스플로리예약 판매라서 만원 상당의 부속품을 사은품으로 주더라구요 유모차파라솔과 스토케 기저귀가방 체인징백], 부정 텍스트 확률 : 95.11%"
"[컵홀더까지 ], 부정 텍스트 확률 : 54.97%"
"[저희는 그냥 스토케로 했어요 그리고 스토케 유모차 컴포트 시트 추가로 하나 구입하구요 신생아 캐리콧은 패쓰], 부정 텍스트 확률 : 95.28%"
"[이렇게 놓고보니 열무찡 얼굴 많이 바뀐것같네요 ㅋ 저때랑 지금이랑 ㅋㅋ 애들은 백번도 더 바뀐다더니.. 맞나보다며 ㅋㅋ 진짜 유모차 겁나 잘타는 유아 ㅋ 밥먹을때도 식탁옆에 놓고 먹으면서 말시키고 밀고 당기고 설거지], 부정 텍스트 확률 : 57.49%"
"[청소... 등등 전부 유모차에 앉혀놓고 볼일 봤어요 진짜 편하고 막 유모차한테 고맙고 막 ㅋㅋㅋㅋ 쨌든 익스플로리 는 최신 모델이라 저희같은 경우에는 매장에서 잠깐 본게 다였거든요후기도 없었구요 ㅋ 한번 보여드릴게요 요렇게 생긴 스토케 익스플로리 ], 부정 텍스트 확률 : 97.12%"
"[일단 간단히 보구 가시구요 담번에 좀 더 상세하게 스토케 익스플로리 에 대해서 꼼꼼히 한번 살펴볼 기회 만들어볼게요 ], 부정 텍스트 확률 : 63.45%"
"[자세히 밖에서 사진찍어서 보여드리려고 했는데.. 급 비가와서 ㅋㅋㅋㅋㅋㅋㅋㅋㅋ요즘 비소식이 잦아서 날짜잡기가 참 힘드네요조금만 기다려주시고 요 포스팅 참고해주셔요 이상 달달새댁이였습니다], 부정 텍스트 확률 : 94.19%"
"[ 미마자리 유모차 리얼후기 ], 부정 텍스트 확률 : 57.46%"
"[ 정말 사이즈가 많이커서남편은 가끔 과해보인다고 하지만단둘이 백화점을 갈때나집근처를 나갈때도 너무 유용해요큰만큼 튼튼하고바퀴가 경사 턱등에 너무 강하거든요 ], 부정 텍스트 확률 : 71.52%"
"[ 엄마가 번호판 바꾸러 구청갔을때도 잘자요 ], 부정 텍스트 확률 : 62.09%"
"[ 저희부부도 엘베에 비춘 모습으로 한컷 ], 부정 텍스트 확률 : 94.22%"
"[ 이건 사랑이 일 차이나는 친구와 데이트때 찍은건데 친구도 제가 좋다고해서미마자리 겟했어요 둘이 컬러만 달라서넘 웃겨요 히히 ], 부정 텍스트 확률 : 87.61%"
"[ 항상 누워있으니 인형같다고 해주고미마자리가 아가 칭찬에 한몫하는듯해요구매는 여기저기에서 가능하지만정품등록후 필요한 소품 부품은 유세븐샵에서 가능하구요....?....? ], 부정 텍스트 확률 : 60.09%"
"[ ...... ], 부정 텍스트 확률 : 70.13%"
"[ 미마자리 유모차 방풍커버맘노코 ], 부정 텍스트 확률 : 57.46%"
"[미마자리 유모차 살때 받았던 방풍커버? 레인커버?? 금이가 걷지 않을때 매우 잘 썼는데 이제 걷기 시작하니 유모차도 앞보기로 하고 신발신고 걷다보니 자주 타고내리기를 반복.그럴때마다 기존커버는 입구가 좁아 넘나 불편..이제 키로 육박하는 금이를 들어서 앉히기도 버거워서 폭풍검색마니또와 맘노코가 미마자리에 잘 맞는다고 하여 맘노코로 구매할인받아 원. 배송료 원 별도 ], 부정 텍스트 확률 : 96.96%"
"[설명서대로 설치는 매우 간단걍 두개를 각각 씌우고 지퍼로 연결], 부정 텍스트 확률 : 74.34%"
"[그리고 사이즈에 맞게 벨트 쪼여주면 끝 ], 부정 텍스트 확률 : 81.14%"
"[개인적인 후기는미마자리에 잘 맞는다. 몬가 헝겊때기 씌워놓은거 같아 그리 썩 이쁘진 않지만 그렇다고 보기싫지도 않은 정도???그리고 애기 태우고 내릴때 너무 편함. 좋음젤 좋은점이다. 전혀 불편하지 않음시력보호창?? 도 앞면 옆면 모두 시원시원하게 나 있어 애기가 답답해하지 않음뒷면에 몰 수납할 수 있게 했다지만 거의 안쓸 것 같고 암튼 결론은 만족함 ], 부정 텍스트 확률 : 99.22%"
"[ 미마자리 유모차 구입 후기 ], 부정 텍스트 확률 : 57.46%"
"[주 일유모차는 출산 후 일 뒤 쯤의 일이라고 손 놓고 있던.. 초보 엄마 베이비페어 갔다가 유모차가 신생아 시절 바운서 말고도 쇼파에 앉아 아이를 눕혀놓고 달랠 때 유용하게 쓸 수 있다는 걸 알게되고...유모차의 늪에 빠져버렸다 유모차에 대해 아는 것이 전무.그냥 스토케가 좋은 유모차라는 것만 알았다그러다가 직접 맞닥드리니 디럭스], 부정 텍스트 확률 : 62.54%"
"[절충형], 부정 텍스트 확률 : 53.29%"
"[휴대형으로 유모차가 나뉜다는 걸 알게 되었고각각 그 중에서도 브랜드별로 급이 나뉜다는 것.신생아일까진 우리 두방이는 월 출생 예정이기 때문에 거의 유모차를 타고 나갈 일이 없다고 생각해신생아때 유용한 디럭스 유모차는 재끼려고 했다.베이비페어 다녀와서 검색하다가 절충형인 부가부 비를 알게되고 이걸로 해야겠다 생각했고나의 생각은 나의 생각만으로......예상을 완전히 벗어나버렸다ㅋㅋㅋㅋㅋㅋㅋㅋㅋㅋㅋㅋㅋㅋㅋㅋ ], 부정 텍스트 확률 : 65.76%"
"[ 미마자리 유모차가 우리 집에 왔네 ], 부정 텍스트 확률 : 59.42%"
"[ 분명 베이비페어에서 미마를 지나가면서 미마자리를 보고저건 차로 치면], 부정 텍스트 확률 : 87.54%"
"[페라리 람보르기니인가보다예쁨미는 폭발하지만 실용성이 너무 떨어지네 라고 하며 지나갔는데김서방이.그 유모차를 집으로 들여왔다내가 무의식 중에 베이비페어에서 예쁘다를 연발하는 걸 보고 그냥 질렀다고 한다우리집이 주상복합이니 겨울에도 저 간지나는 유모차를 끌고 내려가서 스벅에서 흔들고 있으라고 한다.. ], 부정 텍스트 확률 : 87.27%"
"[아..아닛...기대도 안했던 미마자리 유모차를 졸지에 두방이의 첫 차로 들이게 되었다는거실용성을 생각해 디럭스를 산다면 스토케 트레일즈 ], 부정 텍스트 확률 : 67.14%"
"[절충형을 산다면 부가부 비 로 무조건 생각했었는데뜻밖의 두방아범의 서프라이즈로 두방이는 미마자리를 타게 되었다남자니까 올블랙이라 한다..], 부정 텍스트 확률 : 55.44%"
"[ 외관 ], 부정 텍스트 확률 : 53.29%"
"[음. 유모차 외관에 단점이 있을까그냥 예쁘다 저건 시트형으로 조립했을 때], 부정 텍스트 확률 : 60.18%"
"[ 신생아는 처음에 요람형으로 타게 된다고], 부정 텍스트 확률 : 67.05%"
"[ 베이비페어에서 미마자리를 단숨에 재낀 이유], 부정 텍스트 확률 : 89.37%"
"[수납공간..여기에 장을 볼건 아니지만 유모차를 끌고 백화점이나 쇼핑몰], 부정 텍스트 확률 : 66.94%"
"[마트에만 가도 기본 아기짐에 쇼핑백 몇개가 들려진다 생각하면 이 수납 공간으로는 택도 없다손잡이에 걸이를 걸어놓고 달면 된다고 하지만 솔직히 걸리적 거리고 안 예쁘다], 부정 텍스트 확률 : 85.70%"
"[샤넬 쇼핑백이 아니라면? ], 부정 텍스트 확률 : 70.53%"
"[ 손잡이 옆에 컵홀더나 다른 악세사리 장착이 가능한데], 부정 텍스트 확률 : 64.06%"
"[컵홀더 기준 ], 부정 텍스트 확률 : 53.29%"
"[ 미마자리 유모차의 특징], 부정 텍스트 확률 : 67.81%"
"[레자 재질인조가죽의 차양막과 시트.. 차양막은 보기엔 예쁘지만 펼칠 때 ], 부정 텍스트 확률 : 77.50%"
"[접을 때 퐈포파 소리가 난다가운데 부분을 힘으로 당기면 펼쳐지고 접힌다숨겨져있는 히든 차양막 따위는 없으며 끝까지 덮히지 않아 파라솔을 별도 판매한다파라솔도 그냥 간지 역할이고 딱히 정확히 햇빛을 막아주지 못해서다들 그냥 유모차담요로 덮어서 자외선을 차단하는 편. ], 부정 텍스트 확률 : 99.94%"
"[ 시트의 탈착. 시트를 장착한 채로 접을 수도 있지만부피가 일단 너무 크고 굉장히 무겁다..미마자리 유모차 접기가 편하다는 분들도 있지만 스토케 트레일즈나 잉글레시나 트릴로지를 접어본 나로써는이 유모차는 나에게 감당하기 힘든 유모차다], 부정 텍스트 확률 : 93.45%"
"[허리 나갈 것 같다.그래서 접는건 시트를 빼고 접어봤다], 부정 텍스트 확률 : 92.36%"
"[ 시트형에서 요람형으로 만들 때], 부정 텍스트 확률 : 58.81%"
"[ 두방이는 조리원에서 오자마자 요람형으로 집에서 태워줄 예정이다유모차를 펴거나 접거나], 부정 텍스트 확률 : 62.33%"
"[시트를 분리하거나 요람형으로 바꿔주거나 뭔가 변형을 줄 때 무조건여러분 댁의 내편들에게 부탁하시길 바란다.. 너무 무겁다 허리가 빠질 것 처럼 ], 부정 텍스트 확률 : 51.65%"
"[미마자리 유모차의 장], 부정 텍스트 확률 : 67.81%"
"[ 단점 ], 부정 텍스트 확률 : 53.29%"
"[바퀴 서스펜션], 부정 텍스트 확률 : 53.29%"
"[레자가죽이라 물티슈로 쓱 닦아주면 된다단점디럭스 유모차들의 특징무겁다], 부정 텍스트 확률 : 76.87%"
"[폴딩해도 부피가 크다], 부정 텍스트 확률 : 50.59%"
"[ 수납공간 ], 부정 텍스트 확률 : 53.29%"
"[차양막이 반토막 ], 부정 텍스트 확률 : 82.63%"
"[ .두방아], 부정 텍스트 확률 : 77.61%"
"[ 명품유모차미마자리 유모차 미마자리 실사용후기 디럭스유모차 추천부제영역은 지식백과에서만 사용되지만 포스트 엔드에 마크업은 잔존하게 됩니다 기본적으로요소는 입니다 ], 부정 텍스트 확률 : 88.28%"
"[명품유모차 미마자리 유모차 년 실사용 후기 ], 부정 텍스트 확률 : 67.88%"
"[아인이가 뱃속에 있었던시절 육아용품중 고민하고 고민했던 품목이 유모차였어요.출산준비물 리스트인 육아용품을 준비하기 이른시기인 주 정도부터 유모차브랜드 순위를 보며 알아보기 시작했었네요.ㅎㅎㅎ유모차 대여도 있긴한데 아인이는 첫아기라 사주기로 했고요.디럭스 유모차 브랜드 순위중에 유명한건미마자리 유모차], 부정 텍스트 확률 : 74.01%"
"[ 스토케익스플로리], 부정 텍스트 확률 : 53.29%"
"[스토케익스플로리 였어요임신때 베이비페어베페 구경가서 한눈에 반했던 미마 유모차 스토케 유모차는 유모차의 높이가 높아 엄마와 눈맞춤을 하기에 좋다고 해서 괜찮은것 같았고미마자리 유모차는 너무 이뻐서 ㅎㅎㅎㅎㅎㅎㅎㅎㅎ명품유모차라는 수식어가 괜히 따라오는게 아니지 ㅎㅎㅎ ], 부정 텍스트 확률 : 57.12%"
"[사실 디럭스 유모차의 기능은 왠만한 브랜드는 비슷할꺼라고 생각했었고요.미마자리 유모차는 신생아 요람이 있어서 더 좋을꺼란 생각에아인이의 첫 유모차는 미마자리로 결정했었답니다. ], 부정 텍스트 확률 : 81.13%"
"[ 백화점], 부정 텍스트 확률 : 53.29%"
"[ 유아용품 멀티샵], 부정 텍스트 확률 : 53.29%"
"[흙길도 안돌아 다녔어요 ㅎㅎㅎㅎ동네마실], 부정 텍스트 확률 : 82.63%"
"[ 백화점 나들이 정도로 돌아다녔는데 때도 거의 안탔어요. ], 부정 텍스트 확률 : 71.47%"
"[고급스러운 디자인의 끝판왕명품유모차 미마자리 유모차], 부정 텍스트 확률 : 67.81%"
"[거짓말 안하고 미마자리 유모차를 끌고 나가면 사람들이 쳐다보는 시선이 느껴졌었어요 ㅎㅎㅎ재수없는 표현인가요???ㅎㅎㅎㅎㅎㅎㅎㅎㅎㅎㅎ그냥 전 그렇게 느꼈고요 ㅎㅎ 고급스러움은 미마자리를 따라갈 유모차가 없는것 같아요. ], 부정 텍스트 확률 : 51.12%"
"[ 손잡이커버도 주문해서 씌웠구요. ], 부정 텍스트 확률 : 58.48%"
"[차양막을 내리면 고급스러움이 하늘을 치솟네요. ], 부정 텍스트 확률 : 92.60%"
"[ 가을], 부정 텍스트 확률 : 53.29%"
"[ 겨울에 쓰고 구멍이 송송 뚫려있는 부분은 여름에 유용하게 잘 썼어요 ], 부정 텍스트 확률 : 91.43%"
"[미마자리 유모차 단점 ], 부정 텍스트 확률 : 57.46%"
"[솔직히 미마자리 유모차의 단점으로 꼽을껀 없는데구지 뽑아라 하면장바구니 수납공간이였어요.아가때는 분유통이며], 부정 텍스트 확률 : 60.92%"
"[ 기저귀며], 부정 텍스트 확률 : 53.29%"
"[ 여분옷이며], 부정 텍스트 확률 : 53.29%"
"[ 짐이 많아서 장바구니 공간이 다른유모차에 비해선 크지 않더라구요. ], 부정 텍스트 확률 : 89.93%"
"[하지만 이렇게 앞 뒤로 장바구니 수납공간이 있어서큰 불편함은 못느끼고 살았었어요 ], 부정 텍스트 확률 : 60.02%"
"[유모차 타고 나가면 불편해서 내려달라고 하고], 부정 텍스트 확률 : 93.50%"
"[ 부가부 비 절충형 유모차 ], 부정 텍스트 확률 : 76.84%"
"[미마자리 디럭스 유모차 ], 부정 텍스트 확률 : 57.46%"
"[유모차 시트자체 높이 조절가능해요전 키가작아서 젤 낮게 사용했어요그래도 타 유모차에 비하면 조금 높이가 있어용 ], 부정 텍스트 확률 : 81.02%"
"[유모차 손잡이 각도가 조절가능하기 때문에키 인 신랑도 불편함없이사용했구요 ], 부정 텍스트 확률 : 90.33%"
"[ 킨텍스 베페가서 울신동이 유모차 구매했어요], 부정 텍스트 확률 : 60.77%"
"[킨텍스에서 코베 베페가 열린다는 소식을 듣고 신랑이랑 아침일찍부터 일산으로 출발했어요사람 붐비는 시간을 좀 피해보자며 오픈시간에 맞춰서 갔는데도 사람들이 정말 많더라구요? ㅎ ㅎ 이것이 베페의 위력인가보다 실감하고왔네요베페에 가서 꼭 사야겠다 생각하고 갔던 품목은. 유모차. 카시트 였어요우선 미리 염두해두고 갔던 유모차는 미마자리. 스토케. 잉글레시나 이렇게 였어요유모차계의 명품 미마자리 한눈에봐도 넘고급스럽고 예쁘더라구요 베페에서 워낙 할인도 많이해줘서그런지 솔직히 인터넷에서 보았던 가격에비해 너무 저렴해서 엄청 솔깃했지만디럭스 유모차중에서도 무게가 어마무시하더라구요 이것이 미마자리의 결정적 탈락요인 제개인적인 생각으로는 여자 혼자 절대 접었다폈다 해서 차트렁크에 싣고내리고 불가능해보였어요신랑이랑 함께 외출하는 시간보다 저혼자 외출하는횟수가 훨씬 많을것같은데 도저히 들지도 못하겠더라구요 저 힘굉장히 쎈편인데도 너무 무거웠어요핸들링이 제일좋다고 칭찬자자했던 스토케 우선 외관은 일반적인 형태의 유모차보다 심플? 하고 차체자체가 높은편이여서 엄마가 아가를 케어하기 편하고 좋아보였어요하지만 반대로 저는 차체가 너무높아서 좀 불안정해보이더라구요 짐싣는 공간도 좀 부족해보이고발판부분이 기장여유분이 별로없어서 아가가 좀 크면 이용이 어려워보이더라구요이래서 스토케도 탈락가성비갑이라는 잉글레시나 가격대비 성능도 좋고 핸들링등등 만족스럽다고 지인후기가 많았던 제품이었어요그래서인지 많은분들이 부스에서 관심가지고 보시더라구요제가 체험해본결과 접었다폈다하기 제일 쉬웠고 접었을때 부피가 작은 제품은 잉글레시나였어요하지만 제눈엔 뭔가모르게 고급스러움이 좀 부족해보이더라구요 고민고민. . .영국 프리미엄 유모차 오이스터사실 베페와서 첨 접하게된 브랜드였어요부스지나가다가 고급스런 외관에 반해서 관심갖고 봤던 제품인데 영국에서 유모차 판매위하는 제품이라고 하더라구요 영국에서 위라는 말에 괜스레 믿음이 갔다는 ㅋ ㅋ디럭스 제품인데도 불구하고 폴딩이 쉬운편이더라구요 폴딩후 부피도 작은편이고 제가 젤중요하게 생각한 부분이에요핸들링도 부드럽고 올블랙리미티드에디션이 넘나 제취향이더라구요프레임부분 번쩍번쩍한 느낌별로였는데 블랙 무광으로 처리되어있어서 딱 제 스타일 딸이라 좀 알록달록한 색상을 구매해야되나 잠시 고민했지만 오래사용해도 덜 질릴것같은건 역시나 블랙 차향막도 끝까지 많이 내려와서 자외전차단 잘되보이고 발판밑쪽으로는 디테일하게 모기장도 내장되어있더라구요 굿 양대면으로 변형하기도 편리하고 손잡이부분도 탈착이 되어서 아가를 태우고 내리기가 편해보였어요베페에서 구매하면 사은품으로 올뉴미니 미고 휴대용 유모차], 부정 텍스트 확률 : 95.90%"
"[오가닉 이너시트], 부정 텍스트 확률 : 64.91%"
"[바퀴커버], 부정 텍스트 확률 : 53.29%"
"[레인커버], 부정 텍스트 확률 : 53.29%"
"[컵홀더 까지 주더라구요완전 계탄 기분이거다싶더라구요 그래서 신동이 첫 빠방은 오이스터 올블랙에디션으로 결정 겨울용 풋머프는 추가로 구매했어요요게 집으로 배송받은 유모차 모습이에요튼튼해보이면서도 투박하지않고 고급스러워보이네요 ], 부정 텍스트 확률 : 50.53%"
"[사은품으로 받은 휴대용 유모차 올뉴미니 미고 원래 밝은 그레이색상으로 주문했는데 품절이라고 연락이와서 멜란지차콜로 색상변경해서 받았는데 얘도 색상 예쁘네요], 부정 텍스트 확률 : 89.15%"
"[아직 신동이가 태어나기 전이라 실제로 사용해보진못했지만 배송받아보니 넘 만족스런 구매를 한것같아 뿌듯하네요실사용 후기는 담번에 남겨보도록 할게요 .?오이스터오이스터.?디럭스유모차디럭스유모차.?유모차유모차 엠베이비.? ], 부정 텍스트 확률 : 80.44%"
"[ 보니 에어라이너미마자리 유모차 쿨시트로 딱 좋아 ], 부정 텍스트 확률 : 57.38%"
"[보니 에어라이너 ], 부정 텍스트 확률 : 65.83%"
"[ 디럭스유모차 실버크로스 서프헨리 스페셜에디션 구매후기], 부정 텍스트 확률 : 53.29%"
"[토리가 생기고 나서 부터 가장 관심있게 찾아 본 물품이 유모차였다. 마지막까지 비교 대상에는 부가부미마자리실버크로스 세 브랜드 중에 고민했다. 부가부], 부정 텍스트 확률 : 55.15%"
"[미마자리에 대한 개인적인 평은 엄마들 개취에 따라 차이가 있으므로 패스하고], 부정 텍스트 확률 : 63.33%"
"[실버크로스 서프 스페셜에디션인 헨리], 부정 텍스트 확률 : 67.43%"
"[ 로 결정했다. ], 부정 텍스트 확률 : 64.54%"
"[실버크로스 서프 스페셜에디션 헨리 ], 부정 텍스트 확률 : 53.29%"
"[영국 전통 승마복에서 영감을 얻은 새로운 스페셜 에디션실버크로스 헨리], 부정 텍스트 확률 : 54.59%"
"[실버크로스 서프 헨리 구성품 ], 부정 텍스트 확률 : 53.29%"
"[ 배송을 받아 포장을 푸르고 한 눈에 보일 수 있게 나열 해 보았다. 찍어둔 지 좀 되어서 하나하나 자세하게 이름이 기억이 나지는 않지만], 부정 텍스트 확률 : 76.24%"
"[실버크로스를 택한 이유 중 하나였던 풍부한 구성품들], 부정 텍스트 확률 : 80.26%"
"[ 사은품은 구매처에 따라 각자 다를 수 있다는 점은 주의. ], 부정 텍스트 확률 : 50.99%"
"[ 구성품 디테일 사진 ], 부정 텍스트 확률 : 53.29%"
"[ 위뒷 바퀴아래앞 바퀴 ], 부정 텍스트 확률 : 67.60%"
"[ 기저귀 갈이대], 부정 텍스트 확률 : 55.40%"
"[보온병 커버?도 들어있는 유용한 마마백 ], 부정 텍스트 확률 : 71.39%"
"[ 좌차양막 앞을 확장하여 펼친 모습 ], 부정 텍스트 확률 : 86.20%"
"[ 우 확장 한 부분을 접어서 넣은 모습 ], 부정 텍스트 확률 : 92.15%"
"[실버크로스 서프헨리 조립하기 ], 부정 텍스트 확률 : 66.90%"
"[프레임에 장착하기 ], 부정 텍스트 확률 : 59.00%"
"[딸깍 ], 부정 텍스트 확률 : 88.33%"
"[그리고 접철 잠금 장치를 해제한 후 핸들을 허리높이로 들어주면 된다. 프레임도 역시 완벽히 펼쳐지면 딸깍 소리가 난다. 핸들 가운데 있는 버튼은 핸들 높낮이 버튼이므로 신체에 맞게 조절하면 끝. ], 부정 텍스트 확률 : 68.67%"
"[ 쇼핑 바스켓 장착하기 ], 부정 텍스트 확률 : 53.29%"
"[ 사진 중앙에 보이는 부분에 바구니 놓고 딸깍 끼우기 너무너무 간단 ], 부정 텍스트 확률 : 97.99%"
"[ 서프시트 및 캐리코트 설치하기기본 서프시트와 신생아 요람 용 캐리코트 중 사용할 시트에 차양을 먼저 달아주고 설치 한다.차양은 서프시트와 캐리코트에 각 각 있는 것이 아니고 지퍼형 탈 부착으로 필요한 시트에 부착하여 사용하는 방식. ], 부정 텍스트 확률 : 76.31%"
"[먼저 캐리코트에 차양막을 설치 하는 모습 ], 부정 텍스트 확률 : 80.79%"
"[캐리코트 까지 장착 한 모습], 부정 텍스트 확률 : 72.97%"
"[ 안전바범퍼바 체결 하기 ], 부정 텍스트 확률 : 66.90%"
"[쉽다. 지퍼형 탈부착으로 연결해주고 끼워야 할 곳에 끼우기만 하면 끝 ], 부정 텍스트 확률 : 58.49%"
"[ 실버크로스 서프헨리 상세정보 및 기능 · 사용연령개월개월· 중량.· 타입디럭스 양대면 유모차 ], 부정 텍스트 확률 : 53.29%"
"[˚ 회전하는 안전 바 ], 부정 텍스트 확률 : 67.24%"
"[ 안전바를 모두 분리하지 않고 한 쪽만 탈거하여 회전이 가능하므로 간편 승], 부정 텍스트 확률 : 68.20%"
"[ 바퀴에는 자동차 베어링이 있어 어떤 지형이든 자유롭고 부드러운 드라이빙이 가능하다. 실제로도 미세하고 좁은 길], 부정 텍스트 확률 : 51.14%"
"[ 한.손.핸.들.링.가.능. 자외선 차단생활방수 패브릭 ], 부정 텍스트 확률 : 51.14%"
"[ 뒤보기 가능한 양방향 시트기능실버크로스 카시트를 유모차에 호환하는 기능단계 시트 각도조절 기능등이 있다. ], 부정 텍스트 확률 : 80.79%"
"[크롬 핸들 및 단 조절기능 ], 부정 텍스트 확률 : 53.29%"
"[실버크로스 헨리의 가죽 핸들은 숙련된 전문가들이 손으로 직접 짠수공예 작품입니다.어디에서도 볼 수 없는 가죽과 크로읨 조합으로 보나 나은 디테일을자랑합니다.], 부정 텍스트 확률 : 53.25%"
"[고급스러운 뱃지에 영국 국기를 사용함으로써 긴세월동안 이어온 영국전통의 느낌이 고스란히 녹아들어 있습니다 ], 부정 텍스트 확률 : 55.13%"
"[도비방식 디자인을 활용하여 고급염색], 부정 텍스트 확률 : 68.33%"
"[색감을 만들어 냈습니다], 부정 텍스트 확률 : 66.52%"
"[전용양산], 부정 텍스트 확률 : 53.29%"
"[마마백 ], 부정 텍스트 확률 : 53.29%"
"[실버크로스 서프헨리 서프시트 장착한 풀 샷 ], 부정 텍스트 확률 : 53.29%"
"[실버크로스 서프헨리 캐리코트신생아요람장착한 풀 샷 ], 부정 텍스트 확률 : 53.29%"
"[ 컵홀더], 부정 텍스트 확률 : 53.29%"
"[ 자체소비 후기이며 홍보글이 아님을 밝힙니다.], 부정 텍스트 확률 : 83.16%"
"[폴딩 영상 ], 부정 텍스트 확률 : 53.63%"
"[ 디럭스유모차 미마자리 사용후기 ], 부정 텍스트 확률 : 57.46%"
"[지하니 용품 중 가장 비싸게 산 것은바로 디럭스 유모차], 부정 텍스트 확률 : 61.22%"
"[디럭스유모차 미마자리 ], 부정 텍스트 확률 : 57.46%"
"[디자인에 반하고 색깔에 두번 반했다저렴한것이 아니기에 이것저것 비교를 하고결정하였다미마자리와 고민했던 것은 스토케], 부정 텍스트 확률 : 87.25%"
"[ ?그렇다고해서 미마자리가 작은건 아니지만 미마자리 공식 홈페이지에서 카멜색상으로 구매했다기본적인 기능은 다들 아실것 같아서실제 사용하고 느낀점 위주로 작성해볼께요 ], 부정 텍스트 확률 : 91.25%"
"[처음엔 요람형으로 먼저 쓴다허리에 힘이없는 신생아 시절이라누워만 있는 아기폭신한 라이너를 깔아줬더니 혼자 스르륵 잠들기도 하구], 부정 텍스트 확률 : 78.30%"
"[ 대신 혼자 데리고 다닐때잠에서 깨서 안으라고 난리치면 답이없다이건 휴대용이나 절충형이나 모두 똑같겠지만 ], 부정 텍스트 확률 : 92.64%"
"[안전바에 유모차인형보다라마즈 딸랑이를 붙혀두면 더 좋아했다요람형을 쓸때 제일 좋았건 건기저귀를 갈아줄 때백화점이 아니고서는 기저귀 교환대가없는 곳이 대부분이다게다가 신생아일때에는 기저귀를 더 자주갈아줘야 한다는 것그때], 부정 텍스트 확률 : 93.85%"
"[이 요람형 침대에서 뚜껑?을 뜯고침대위에서 처럼 갈아줄수가 있다친구들과 카페에 갔는데 기저귀 갈아줄곳이없었는데 너무 유용하게 잘 썼다 위에 사진을 보면 똑딱이로 되어있는 뚜껑? 덮개?를 뜯은 상태에요], 부정 텍스트 확률 : 87.85%"
"[또 단점 하나는 짧은 차양막으로 인해잠이들때에는 이렇게 블랭킷으로덮어줘야한다블랭킷은 외출 필수품이라불편할 정도는 아니지만 그래도 아쉬운 점], 부정 텍스트 확률 : 99.17%"
"[미마자리는 고급진 느낌?가죽이라 그런 느낌을 주나보다 ㅋㅋㅋㅋ인조가죽이지만 .때가 묻으면 슥슥 닦으면 되서관리하기도 훨씬 수월하다], 부정 텍스트 확률 : 82.97%"
"[일이 지나고 허리에 조금씩 힘이 생기기 시작하면서 일반시트로 바꿔줬다역시나 디럭스는 안정감이 있다게다가 혼자서 스르륵 잠도 잘 잔다한번씩 낮잠시간에 유모차에 태워서마실나가면 여기저기 구경하다가 혼자 잠든다낮잠재우기 위해서 나갈때도 있다는 .휴대용 유모차에 넣으면 주르르륵지한이도 불편한지 찡찡거리고 절대 잠들지 않는다 그리고 유모차는 어릴때부터 태워줘야적응하고 잘탄다고들 한다다행히 나는 워낙 자주 나가서 지한이는 카시트와 유모차에는 완벽하게 적응하였다], 부정 텍스트 확률 : 79.03%"
"[다리 올리니까 편하지?왠만해서는 유모차에서 우는 일은 없다안전벨트도 길이 조절이 너무 수월하다뭐든 불편하면 하기가 싫은데앉혀놓은 상태에서도 슥슥 하기가 간편하닷], 부정 텍스트 확률 : 97.75%"
"[저기 저 튀어나온부분으로각도 조절이 단계로 가능해서지한이가 잠이 들면 눕혀주고], 부정 텍스트 확률 : 79.42%"
"[ 놀 때에는 이것저것 구경하라고 세워주고], 부정 텍스트 확률 : 95.63%"
"[ 각도 조절도 너무 쉽고 편하게 한손으로 쓱쓱 가능하다], 부정 텍스트 확률 : 57.73%"
"[짐칸이 좁다는 말이있는데다른 디럭스에 비해서 작기는 하지만왠만한 짐들은 다 들어간다생각보다 넓어서 아기띠넣고잡다한 물품들을 다 넣고다닌다장바구니의 불편한 점은 하나도 없어용], 부정 텍스트 확률 : 72.56%"
"[ 큰 키인 나에게 너무나도 만족스러운 높이 손잡이도 단계 조절이 가능해서손잡이를 높혀남편도 편하게 끌수 있고키가 작다 하더라도 손잡이를 낮춰서 아이컨택을 하면서 끌수있을 것 같다 ], 부정 텍스트 확률 : 72.35%"
"[ 미마자리 유모차 설치 방법 및 후기 ], 부정 텍스트 확률 : 57.46%"
"[조립에는 소질이 없어 보기만 해도걱정부터 앞서는데요마음을 가다듬으며 비닐을 뜯고설명서와 동영상을 동시에 참고 했습니다 ], 부정 텍스트 확률 : 97.33%"
"[가장 먼저 바퀴먼저 끼워 넣어줬는데요], 부정 텍스트 확률 : 82.75%"
"[해당되는 바퀴를 가운데를 지긋이 눌러주며가볍게 끼워넣어주면 됩니다 ], 부정 텍스트 확률 : 81.94%"
"[핸들바 부분만 잡고 위로 올려주면본체가 형체를 갖추게 되는데요수납바스켓 설치를 위해똑딱이를 맞춰서 끼워만 주면 됩니다 ], 부정 텍스트 확률 : 97.04%"
"[브레이크 부분의 수납 바스켓도지퍼만 맞춰서 가죽을 조립해주면어렵지 않게 설치 완료 ], 부정 텍스트 확률 : 94.73%"
"[안에 있는 아기침대 바구니의 모양을 잡아 줍니다위 사진처럼 프레임안으로넣어줘야 바구니 모양틀이 잡힙니다 ], 부정 텍스트 확률 : 73.91%"
"[손잡이를 홈에 맞게 끼워주고가죽시트 똑딱이만 연결하면 아기침대 바구니 완료 ], 부정 텍스트 확률 : 59.65%"
"[아직 아기가 앉을 순 없지만 미리 시트도 완성해뒀습니다시트는 별도로 리뷰 하겠습니다 ], 부정 텍스트 확률 : 78.27%"
"[몸체와 아기침대가 연결된 상태에서동그라미 부분을 당겨주면 시트의 각도도 조절 가능합니다처음엔 설명서만 보다가나중에 동영상을 참고해가며 조립했는데요이런데 재주가 없어 대략 시간 이상 걸렸습니다그래도 해놓고보니 뭔가 뿌듯하고유모차도 고급스럽네요다음엔 직접 아기를 태우고사용해본 후 사용 후기도올리도록 하겠습니다 ], 부정 텍스트 확률 : 56.87%"
"[ 휴대용 유모차 미마지기 차콜컬러 구입후기], 부정 텍스트 확률 : 91.81%"
"[미마지기차콜컬러 구입후기 ], 부정 텍스트 확률 : 57.31%"
"[ 얼마전 블락프라이데이에 구매한 미마지기가 드디어 왔어요], 부정 텍스트 확률 : 70.51%"
"[ 차양막을 반만 걷은 모습이에요중간에 있는 은색차양막은 사진처럼 펼수도 있고 뒤집어서 양면으로 사용가능해요딱히 기능은 없는 그냥 간지용?같음..ㅋㅋㅋㅋㅋ ], 부정 텍스트 확률 : 83.80%"
"[ 차양막 윗쪽엔 통풍도 가능하고 아이도 확인할 수 있는 확인창이 매쉬소재로 되어있어요 ], 부정 텍스트 확률 : 80.46%"
"[ 뒷모습은 요렇게 생김 ], 부정 텍스트 확률 : 65.42%"
"[ 중간엔 브레이크가 있는데 아주 쉽게 딸깍딸깍 한발로 사용 가능해요ㅎㅎ ], 부정 텍스트 확률 : 71.09%"
"[키에 맞게 더 길게 조절도 가능해요 ], 부정 텍스트 확률 : 96.71%"
"[ 그리고 신랑이 제일 간지난다고 했던ㅋㅋㅋㅋ투명 휠 ], 부정 텍스트 확률 : 72.17%"
"[ 혹시나 쉽게 깨지면 어떡하지 했는데 받아보니 너무 튼튼해보여서 망치로 내려치지 않는 한 그럴일은 없을것 같네요?ㅎㅎㅎ ], 부정 텍스트 확률 : 94.96%"
"[ 미마지기의 단점은 휴대용 같지않은 무게감인데키로], 부정 텍스트 확률 : 96.59%"
"[ 미마지기 휴대용유모차 실구매후기 대만족 ], 부정 텍스트 확률 : 94.90%"
"[ .?미마미마.?미마지기미마지기.?미마휴대용미마휴대용.?휴대용유모차휴대용유모차 ], 부정 텍스트 확률 : 83.32%"
"[ 서우의 두번째 유모차미마지기휴대용유모차 ], 부정 텍스트 확률 : 84.64%"
"[두어달을 휴대용 유모차 고민으로 보내다가미마지기로 결정을 해서월 롯데백화점 행사로 미마아기캐리어도 받고 후기작성으로 안전바도 받았어요일단 이런 조건들때문에 선택한건 아니에요제가 워낙 체구가 작고 힘이 없어 잉글레시나 절충 유모차도 벅차더라구요아가도 좀 컸디만 안전하면서 가볍고 폴딩 쉽고 편한 휴대용을 찾아 써야겠다는 생각에 베이비파크나 백화점 등등 실물을 볼 수 있는 곳 마다 가서 추천받는 유모차는 다 만저 봤었어요안정감과 폴딩 기내반입 가능 등등 모든 면에서 너무 만족이라 선택한게 미마지기에요 ], 부정 텍스트 확률 : 61.99%"
"[ 펼칠때 누르는거 없이 접힌 등받이를 스르르 올리면 끝], 부정 텍스트 확률 : 51.52%"
"[ 접을땐 시트의 고리를 당기고], 부정 텍스트 확률 : 68.40%"
"[ 서우 재우기 위해 종종 저녁에 유모차 외출도 하고 있어요 워낙 편하니 자주 나가게 되여 ], 부정 텍스트 확률 : 70.62%"
"[ 서우도 편한지 유모차를 너무 바로 적응하더락 요 ], 부정 텍스트 확률 : 52.04%"
"[.?휴대용유모차휴대용유모차 .?미마지기유모차미마지기유모차 .?미마유모차미마유모차 .?기내반입유모차기내반입유모차 .?미마휴대용유모차미마휴대용유모차 ], 부정 텍스트 확률 : 86.07%"
"[ 미마 지기 휴대용 유모차 구입 후기 ], 부정 텍스트 확률 : 89.62%"
"[ .?미마미마.?미마지기미마지기.?미마휴대용미마휴대용.?휴대용유모차휴대용유모차 ], 부정 텍스트 확률 : 83.32%"
"[ 미마지기 휴대용 유모차 후기입니다. ], 부정 텍스트 확률 : 83.15%"
"[안녕하세용], 부정 텍스트 확률 : 53.29%"
"[미마지기와 요요로 머리아프신 분들을 위한 솔직후기 작성합니다.], 부정 텍스트 확률 : 75.36%"
"[요요는 아가용품 준비하러 베페 다닐적부터], 부정 텍스트 확률 : 83.60%"
"[멀리서도 가까이서도 매우 많이 접할 수 있는 브랜드였어요.], 부정 텍스트 확률 : 78.11%"
"[캐노피 색상이 다양하고 디자인이 깔끔하게 떨어져서], 부정 텍스트 확률 : 83.02%"
"[또 워낙에 휴대용유모차는 요요가 압도적으로 승], 부정 텍스트 확률 : 70.27%"
"[아 디럭스는 이렇게 고민해서 사지만 휴대용은 그냥 요요 사면 되겠구나 했었어요.], 부정 텍스트 확률 : 96.82%"
"[근데 막상 디럭스를 사용해보니], 부정 텍스트 확률 : 57.73%"
"[디럭스는 안정감 때문에 조립의 불편함을 감수하지만], 부정 텍스트 확률 : 72.78%"
"[휴대용 유모차가 조립이 불편하면 손이 잘 안가겠구나 싶었고], 부정 텍스트 확률 : 92.47%"
"[이 정도는 아니여도 어느정도의 핸들링이 뒷받침 되야 끌고 다니겠거니 했어요.], 부정 텍스트 확률 : 70.05%"
"[또 유모차에 가방이며 아가용품이며 중간중간 뭔가를 사게되면 주렁주렁 걸게 되다보니], 부정 텍스트 확률 : 61.30%"
"[무게가 너무 가볍거나 너무 많이 접히게 된다면 그만큼 안정성에 지장이 있을 수 있겠구나 라는 생각이 들었어요.], 부정 텍스트 확률 : 69.86%"
"[무거우면 유모차가 뒤로 넘어가더라구요], 부정 텍스트 확률 : 85.70%"
"[자 이제 요요와 미마휴대용 비교분석 합니다.], 부정 텍스트 확률 : 55.69%"
"[딱 떨어집니다. 옆에서봐도 가까이서 봐도 예뻐요.], 부정 텍스트 확률 : 78.19%"
"[미마는 블루와 카키색은 좀 더 두툼한 원단이였고 그레이 색상이 통기성이 좀 더 좋은 원단이였어요.], 부정 텍스트 확률 : 84.32%"
"[무게는 들었을 때 요요가 좀 더 가볍습니다만], 부정 텍스트 확률 : 82.74%"
"[근력운동안한 여자가 들기에는 요요나 미마지기나 같아요.], 부정 텍스트 확률 : 98.21%"
"[이런 요요의 장점을 무시하고 제가 미마지기를 구입하게 된 이유는요], 부정 텍스트 확률 : 60.23%"
"[정말 딱 하나 사용하기 편리하겠구나였어요.], 부정 텍스트 확률 : 67.97%"
"[우선 폴딩이 정말 쉽습니다. 한손으로 가능하구요], 부정 텍스트 확률 : 51.70%"
"[핸들링 요요만큼은 아니여도 한손 핸들링 가능합니다.], 부정 텍스트 확률 : 85.82%"
"[미마 휴대용 유모차 구입 후기였습니다. 도움되길 ], 부정 텍스트 확률 : 86.78%"
"[ 미마지기 휴대용 유모차구입했어요 ], 부정 텍스트 확률 : 92.61%"
"[곧 휴대용유모차가 필요해서 코엑스 베이비페에서], 부정 텍스트 확률 : 52.91%"
"[ 미마자리 유모차 실사용후기 울아들의 첫 차ㅋㅋ ], 부정 텍스트 확률 : 64.43%"
"[울아들의 첫 차 ㅋ유모차는 바로 미마자리플레어예요유모차 포스팅은 따로 하긴처음인데 많은 포스팅에 등장해서아시는분들은 아실거예요 미마자리유모차는 가죽시트라고급스럽고 넘 예뻐서 울하루가 뱃속에서꼬물거릴때부터 찜 해놨던 출산용품 순위 ], 부정 텍스트 확률 : 84.69%"
"[번박스엔 미마 유모차 프레임번박스엔 미마 유모차 캐리콧번박스엔 미마 악세사리 ], 부정 텍스트 확률 : 77.74%"
"[박스에서 주욱 꺼내놓으니 한짐ㅋㅋ저 실은 카키색 사고팠는데없어서 카멜샀는데무난하고 때안타고 넘 만족해요♡카멜색상도 넘 고급지자나요❤ ], 부정 텍스트 확률 : 56.60%"
"[신랑이랑 데이트빌딩에 미마자리유모차 끌고 나갔는데ㅋ 유모차랑 배경이랑 잘어울려서 도촬울신랑은 아기띠 안하고 힘들어도 그냥 안는남자인데미마자리유모차는 항상 밀어줌ㅋㅋ ], 부정 텍스트 확률 : 83.24%"
"[단계로 각도 조절이 되는데울아들 개월되어서는 단계로], 부정 텍스트 확률 : 81.50%"
"[ 미마디럭스유모차 미마자리 사용후기 ], 부정 텍스트 확률 : 55.26%"
"[내아이를 위한 첫번째 유럽피언 럭셔리세단], 부정 텍스트 확률 : 74.57%"
"[스노우화이트], 부정 텍스트 확률 : 53.29%"
"[스톤화이트], 부정 텍스트 확률 : 53.29%"
"[코랄레드], 부정 텍스트 확률 : 53.29%"
"[데님블루 다양하게 있어요저는 무난하게 유모차 색상은 카멜에 시트 색깔은 블랙으로 해서 구입했어요], 부정 텍스트 확률 : 67.79%"
"[미마자리 유모차시스템 정말 좋았어요이 시스템은 시트에 신생아를 위한 캐리콧아기침대이 내장되어 있으며 분 안에 시트형 유모차를 아기 침대형 유모차로 변형이 가능한 시스템이예요디럭스유모차 가격 만만치 않은데 캐리콧까지 사면 ㅠㅠ ....하지만 미마자리 유모차는 캐리콧이 내장되어 있어서 부담을 덜어줬어요 ], 부정 텍스트 확률 : 98.58%"
"[원터치 브레이크 시스템 간편했어요브레이크라고 하면 한번 누르면 작동되고 해제할때는 보통 올려서 해제 하잖아요?근데 미마자리 유모차는 버튼 한번만 누르면 작동되고 해제할 때도 누르면 되요조작법이 간단해서 쉽게 할 수 있었어요 ], 부정 텍스트 확률 : 86.64%"
"[미마자리는 원 폴딩 가능 했어요폴딩하려고 하면 시트분리해서 폴딩해야되는 유모차가 있었어요바쁜 와중에 시트까지 분리하고 폴딩하면 시간도 많이 들고], 부정 텍스트 확률 : 95.43%"
"[힘도 많이 들잖아요미마자리는 시트분리 하지 않고도 폴딩이 가능해서 완전 편했어요 ], 부정 텍스트 확률 : 60.92%"
"[그리고 디자인이 큰 몫을 했어요 ㅋㅋ디자인이 진짜 독특하지 않나요? 너무 예뻐요..디자인이 세련되게 나와서 밖에 가지고 나가면 유모차 다들 이쁘다고 해주시네요가죽 느낌의 재질이 고급스러움을 한층 더 시키네요가죽 느낌의 재질이라서 액체류나 오염물질이 스며들지 않아서 쉽게 제거할 수 있었어요시트패드는 분리가 가능해서 분리해서 세척해주면 되요 ], 부정 텍스트 확률 : 97.34%"
"[ 부드러운 핸들링 디럭스유모차미마자리 사용후기], 부정 텍스트 확률 : 57.46%"
"[싸이벡스], 부정 텍스트 확률 : 53.29%"
"[부가부 등등 진짜 많이 추천받았거든요 그래도 저는 미마자리 유모차로 했지요미마자리 유모차로 한 이유는총 두가지가 있어요첫번째는 시트 분리없이 폴딩이 가능해서차에 실을 때 간편했어요디럭스유모차 승차감은 좋은데 가지고 다니면서접기가 너무 힘들었잖아요..ㅠㅠ 근데 미마자리 유모차는시트 분리하지 않고 바로 폴딩할 수 있어서 좋았어요 ], 부정 텍스트 확률 : 65.52%"
"[또 미마자리 유모차는 캐리콧이 내장되어 있어요저는 캐리콧을 진짜 유용하게 썼어요집에서 계속 태워서 끌어주니 유모차 적응하는데도 도움되고], 부정 텍스트 확률 : 72.34%"
"[ 아늑해서인지 가끔 잠을 자기도 하고요.. 설명서에는 개월정도 후에 바꾸는걸 추천하는 것 같았는데], 부정 텍스트 확률 : 92.08%"
"[원터치 브레이크 시스템이라 버튼 한번만 밟으면작동되고 해제되는 시스템이라서 편했어요한번만 누르면 멈추고 해제 되니깐 간단했어용유모차에서 가장 중요하다고 할 수 있는 바퀴미마자리는 바퀴재질까지도 고급재질이라서승차감이나 핸들링 느낌이 진짜 부드러웠어요고르지 못한 땅에서도 부드럽게 잘 나가더라구요또], 부정 텍스트 확률 : 94.25%"
"[시트높낮이나 각도조절도 가능해요아이마다 편안해하는 각도나 높낮이가 다 다르더라구요아이한테 맞게 바꿔주면 될 것 같아요시트 높낮이는 단계], 부정 텍스트 확률 : 97.11%"
"[ 미마자리유모차 개봉 후기 우리아들 첫 붕붕이♡], 부정 텍스트 확률 : 62.42%"
"[우리 아들 잉잉이 아기용품 준비하면서 가장 고민한 유모차그래서 준비한 유모차 첫 개봉후기 리뷰 입니다.ㅇ제가 중요하게 여겼던 순위는 바로], 부정 텍스트 확률 : 76.60%"
"[ 안전과], 부정 텍스트 확률 : 57.06%"
"[ 편안함 ], 부정 텍스트 확률 : 53.29%"
"[최고급 럭셔리 세단 미마자리 ], 부정 텍스트 확률 : 57.46%"
"[스노우화이트], 부정 텍스트 확률 : 53.29%"
"[ 꺅 소리나게 이쁘죠? ], 부정 텍스트 확률 : 62.53%"
"[ 현대적인 감각의 모던한 디자인과 가죽느낌 재질의 클래식함], 부정 텍스트 확률 : 68.17%"
"[제가 선택한 유모차는 바로 ], 부정 텍스트 확률 : 60.57%"
"[ 미마자리 플레어], 부정 텍스트 확률 : 57.46%"
"[ 카멜 ], 부정 텍스트 확률 : 53.29%"
"[ ㅎ 여러가지 이유로 머리싸매고 선택했습니다 ], 부정 텍스트 확률 : 78.38%"
"[ 다들 개월 쯤.. 사거나], 부정 텍스트 확률 : 76.62%"
"[낳아서 구입하는것 같지만], 부정 텍스트 확률 : 83.80%"
"[눈에 아른거려서 바로 구입하였습니다 ], 부정 텍스트 확률 : 74.61%"
"[ 박스 하단에 보시면], 부정 텍스트 확률 : 64.70%"
"[동그라미안에 구성품이 표시되어있고], 부정 텍스트 확률 : 76.43%"
"[ 조립방법도 생각보다 간단합니다. ], 부정 텍스트 확률 : 60.33%"
"[ 도착하자마자], 부정 텍스트 확률 : 54.59%"
"[ 짜짠 신생아부터 사용가능한 미마자리 플레어시스템 개봉박두 ], 부정 텍스트 확률 : 96.10%"
"[ 카멜로 결정하기 잘한거 같고], 부정 텍스트 확률 : 61.67%"
"[ 조개껍질을 연상 시키는 차양막은 ], 부정 텍스트 확률 : 70.87%"
"[ 자동차 가죽시트 재질로 만들어져서], 부정 텍스트 확률 : 73.71%"
"[쉽게 닦아 낼 수가 있어요], 부정 텍스트 확률 : 63.31%"
"[ 안에 시트도 고급자체], 부정 텍스트 확률 : 84.49%"
"[ 유모차시트에서 캐리콧아기침대를 꺼내 유모차 프레임에 장착하면 ], 부정 텍스트 확률 : 76.09%"
"[ 손쉽게 신생아 유모차로 변형이 가능합니다. ], 부정 텍스트 확률 : 77.98%"
"[ 미마자리 유모차가 좋은점이 ], 부정 텍스트 확률 : 53.45%"
"[안전하고 호호호 ], 부정 텍스트 확률 : 53.29%"
"[ 유일하게 지적되는 좁은 장바구니함이라는데 ], 부정 텍스트 확률 : 74.57%"
"[ 앞부분과 뒷부분에 군데가 있고], 부정 텍스트 확률 : 63.75%"
"[ 각각], 부정 텍스트 확률 : 53.29%"
"[까지 수납이 가능하다고 하니], 부정 텍스트 확률 : 63.15%"
"[ 시트캐리콧아기침대 높낮이 조절이 단계로 가능하구], 부정 텍스트 확률 : 66.53%"
"[ 시트가 장착된 상태에서도 유모차를 쉽게 접고 펼수있어요 ], 부정 텍스트 확률 : 84.13%"
"[ 너무나도 간편하죠? ], 부정 텍스트 확률 : 74.41%"
"[ 바구니형부터 시트형으로 바꿔서 안전하고 오래 사용할수있는], 부정 텍스트 확률 : 81.80%"
"[ 디럭스유모차미마자리 블랙앤화이트 스페셜에디션 ], 부정 텍스트 확률 : 57.46%"
"[ ..? ], 부정 텍스트 확률 : 53.29%"
"[내 아이를 위한 첫번째 럭셔리 세단], 부정 텍스트 확률 : 58.00%"
"[미마.], 부정 텍스트 확률 : 64.89%"
"[유모차를 알아보면서 정말 많이 고민했던 디럭스냐 절충형이냐], 부정 텍스트 확률 : 97.83%"
"[집에서 끌고다니면 되고 친정집에서 끌고다니기에도 널널하니까 그냥 디럭스로 ], 부정 텍스트 확률 : 79.10%"
"[이제 스토케냐 ], 부정 텍스트 확률 : 95.32%"
"[부가부냐 ], 부정 텍스트 확률 : 53.29%"
"[스토케 블루랑 미마자리에서 고민하다가 현대에서 가장 많이 보이는 유모차도 미마자리고], 부정 텍스트 확률 : 65.31%"
"[현대백화점과 이번 베이비페어에서 가격비교하다가 그냥 베이비페어에서 질러버렸어요 ], 부정 텍스트 확률 : 73.64%"
"[친정엄마찬스], 부정 텍스트 확률 : 53.29%"
"[베이비페어 첫날 구매한 상큼이의 첫 빠방이 미마자리플레어 유모차블랙], 부정 텍스트 확률 : 58.70%"
"[ 카멜], 부정 텍스트 확률 : 53.29%"
"[미마자리측에서 배송 전에 전화가 와서직접 와서 설치해주시고 설명해주신대서 손꼽아 기다림 비가 정말 많이 오는 날이였는데현관에서 낑낑 열심히 설치해주셨다], 부정 텍스트 확률 : 69.55%"
"[짜잔신생아부터 개월까지 사용할 수 있는 요람형유모차이것이 디럭스유모차의 큰 장점태어나고 집에 오자마자부터 미리 태워주기 시작하면 유모차에 대한 거부감이 없어진다고한다주변에서 후기를 들어보면 신생아 때 낮잠침대로 요긴하게 썼다며 ㅋㅋ 개월 후엔 이 요람형을 시트 안에 넣어서 사용하면 된다이 조금 넘는 제품], 부정 텍스트 확률 : 66.97%"
"[나중에 시트를 세우게되면 시트 그대로 폴딩이 가능하여 접고 피기 정말 편리해요 ], 부정 텍스트 확률 : 60.98%"
"[미마자리의 단점은 장바구니나 수납이 아닐까..싶어요하지만 직접 운전해서 다니니까 그렇게 무거운 짐을 싣고다닐 일은 없겠죠?두개의 장바구니가 준비되어 있는데 각각 까지 수납이 가능한 제품이라고 합니다], 부정 텍스트 확률 : 82.35%"
"[천 등의 가벼운 재질이 아닌 수공예로 작업한 가죽재질이라 흘렸을 때엔 물티슈로 슥 닦아주면 되어요미마자리 하면 아 그 수공예? 가죽? 이라고들 많이 언급하시더라구요], 부정 텍스트 확률 : 66.77%"
"[베이비페어에서 구매해서 오빠가 싸바싸바해서 사은품을 업그레이드해서 받았는데요일단 레인커버와 쿨시트를 받았구요 요 컵홀더요즘 라떼파파가 유행인 것 아시쥬? 유모차 끌며 한 손에는 라떼를 들고있는 빠빠들 비록 라떼 대신 두유를 많이 드시는 아빠지만 꼭 사진 한 방 남겨줘야겠어요], 부정 텍스트 확률 : 92.96%"
"[ 미마자리 디럭스유모차 구입 ], 부정 텍스트 확률 : 57.46%"
"[미마자리 디럭스유모차 구입 ], 부정 텍스트 확률 : 57.46%"
"[휴대용유모차는이미집에있지만... 핸들링별로이구바퀴도너무약해서울퉁불퉁한길 ], 부정 텍스트 확률 : 93.64%"
"[디럭스유모차하면가지고다니기너무힘들지 ], 부정 텍스트 확률 : 88.18%"
"[않아?라는생각이들수있어요 하지만], 부정 텍스트 확률 : 76.26%"
"[접어야되서넘불편하다라는후기를많이봤는데 ], 부정 텍스트 확률 : 89.19%"
"[미마자리유모차는시트가부착된상태에서 ], 부정 텍스트 확률 : 76.75%"
"[폴딩하면끝 완전 간단하죠? ], 부정 텍스트 확률 : 94.12%"
"[차에넣거나보관할때간편하게할수있어요 ], 부정 텍스트 확률 : 84.34%"
"[그리구미마자리유모차는“시스템”이라구 ], 부정 텍스트 확률 : 94.77%"
"[캐리콧이내장되어있어서별도로구매할 ], 부정 텍스트 확률 : 86.33%"
"[들었어요], 부정 텍스트 확률 : 81.69%"
"[근데미마자리는캐리콧이비싸게 ], 부정 텍스트 확률 : 57.71%"
"[하지만], 부정 텍스트 확률 : 57.50%"
"[ 청소하기도편해요 손쉽게유모차의먼지나오염물질을을세척할수 ], 부정 텍스트 확률 : 80.12%"
"[시트재질도기존의천이나플라스틱 ], 부정 텍스트 확률 : 90.10%"
"[재질로만들어진시트가아니라 수공예로만든가죽느낌의시트라구하는데 ], 부정 텍스트 확률 : 77.07%"
"[분리해서세탁할수있어요 ], 부정 텍스트 확률 : 66.90%"
"[미마자리디럭스유모차는프레임자체에그리구], 부정 텍스트 확률 : 89.34%"
"[양대면전환도가능해서아이랑마주보면서], 부정 텍스트 확률 : 65.83%"
"[갈수있어요 양대면전환할때는시트분리해서], 부정 텍스트 확률 : 61.26%"
"[조작방법이어렵지않아서], 부정 텍스트 확률 : 88.10%"
"[시트높낮이], 부정 텍스트 확률 : 53.29%"
"[ 각도], 부정 텍스트 확률 : 53.29%"
"[ 핸들바높이조절모두가능했어요 시트높낮이는단계로시트및캐리콧높이조절이], 부정 텍스트 확률 : 67.13%"
"[가능하구 시트각도는단계롤가능했어요 아이가편안해하는각도나높이에맞게조절하면되용 핸들바는높이조절이가능해서사용자의키에], 부정 텍스트 확률 : 92.58%"
"[유모차에태우고내릴수있었어요 아는언니가사용하는디럭스유모차는안전바가], 부정 텍스트 확률 : 58.99%"
"[잘안열려서고생하는걸봤거든요ㅜㅜ 미마자리유모차는간단하게할수있어서좋았어요], 부정 텍스트 확률 : 60.84%"
"[작동되고해제되는시스템이에요 브레이크해제할때올려서보통은하잖아요? 근데미마자리는밟아서해지하면되니깐간편했어요], 부정 텍스트 확률 : 92.21%"
"[미마자리수납공간이적어서아쉽다는글을봤는데], 부정 텍스트 확률 : 66.78%"
"[완전넉넉하던데요? 수납바스켓이개나있어요앞뒤로있어요 뒷바스켓은스트링을이용한주머니여서깔끔하구], 부정 텍스트 확률 : 69.11%"
"[넉넉하게수납할수있었어요 가방이랑외투충분히넣을수있게넉넉했어요ㅋㅋ미마자리유모차디럭스유모차로딱이에요ㅎㅎ 미마자리로살까말까고민을왜했나정도로], 부정 텍스트 확률 : 84.50%"
"[ 미마자리유모차세탁후기..유모차세탁 깨끗하게 이용하세요. ], 부정 텍스트 확률 : 63.52%"
"[부산에서 미마자리유모차세탁가 접수 되었습니다..?부산유모차세탁부산유모차세탁이번에는 하얀색.?미마자리유모차미마자리유모차 가 들어왔 습니다. ], 부정 텍스트 확률 : 92.45%"
"[분해 후 하나 하나 세탁 들어갑니다.미마자리유모차세탁 시에는 주의해야 합니다.외피가 레자가죽이라 작업하기가 쉬워보일 수도 있지만 아주 민감한 소재라 잘 다뤄야합니다. ], 부정 텍스트 확률 : 69.02%"
"[많은 상처들이 보입니다.벗겨지고 닳은 부분은 복원이 어렵습니다. ], 부정 텍스트 확률 : 81.26%"
"[천에는 이물질이 보이네요. ], 부정 텍스트 확률 : 65.82%"
"[미마자리유모차 시트는 폭신폭신합니다. ], 부정 텍스트 확률 : 71.68%"
"[바퀴도 세척 후에는 깨끗해집니다. ], 부정 텍스트 확률 : 70.34%"
"[천연세제를 풀어 놓은 물에서 아주 세밀하게 다루며 세탁합니다. ], 부정 텍스트 확률 : 92.44%"
"[시트 오염부위도 깨끗해졌습니다. ], 부정 텍스트 확률 : 69.09%"
"[바퀴도 깨끗하게 ], 부정 텍스트 확률 : 61.06%"
"[장바구니수납함도 깨끗해졌습니다. ], 부정 텍스트 확률 : 72.30%"
"[ .?치코유모차세탁치코유모차세탁 ], 부정 텍스트 확률 : 53.29%"
"[ .?키디유모차세탁키디유모차세탁.?클릭앤무브유모차세탁클릭앤무브유모차세탁 ], 부정 텍스트 확률 : 53.29%"
"[ .?맥클라렌유모차세탁맥클라렌유모차세탁 ], 부정 텍스트 확률 : 53.29%"
"[ .?퀴니유모차세탁퀴니유모차세탁.?퀴니제프세탁퀴니제프세탁 ], 부정 텍스트 확률 : 53.29%"
"[ .?유모차세탁전문업체유모차세탁전문업체.?부산유모차세탁부산유모차세탁.?울산유모차세탁울산유모차세탁.?울산카시트세탁울산카시트세탁.?부산카시트세탁부산카시트세탁.?양산유모차세탁양산유모차세탁.?양산카시트세탁양산카시트세탁.?포항유모차세탁포항유모차세탁.?포항카시트세탁포항카시트세탁유모차세탁 및 카시트세탁 절차입니다.접수예약➡무료수거➡분해➡세탁천연세제사용산욕처리➡항균세탁본체스팀살균➡건조자외선살균건조실➡피톤치드시공자연항균], 부정 텍스트 확률 : 79.45%"
"[ 살균작용 및 정화➡프레임클리링천연알콜사용➡조립➡포장➡배송서비스지역은 울산], 부정 텍스트 확률 : 52.97%"
"[ 부산], 부정 텍스트 확률 : 53.29%"
"[ 양산], 부정 텍스트 확률 : 53.29%"
"[ 육아템후기 미마 휴대용유모차 미마지기 사용 후기 ], 부정 텍스트 확률 : 94.05%"
"[내 돈 주고 직접 산 미마지기 사용 후기 .아기가 개월이 되면서 휴대용유모차를 알아보던 중이전에 디럭스로 미마자리를 넘 나 만족스럽게 사용했어서 미마의 휴대용유모차 출시에 관심이 생겨 알아보는데 도통 후기가 너무 없어서 ㅠㅠㅠㅠ제가 직접 사서 후기를 공유해요미마자리를 디럭스로 끌었던 엄마로서 미마지기의 지극히 주관적인 장점을 알려드릴게용♥️♥️ ], 부정 텍스트 확률 : 64.09%"
"[먼저 저는 무엇보다도 미마자리의 악세서리컵홀더], 부정 텍스트 확률 : 76.67%"
"[파라솔 등을 공유해서 쓸 수 있다는 점이 좋았어요 ], 부정 텍스트 확률 : 70.64%"
"[넘 나 비쌋던 악세서리들 재탕가능그리고 두번째론미마자리 처음 조립할때 조립에 둘다 재능이 없기에.. 부부싸움 날 뻔 했는데... 조립이 다 되어서 와서 좋았어용 뚝딱뚝딱 잘 만드는 육아맘 대디님들은 해당사항이 없으실수도... 헤헤그리구 세번째론 핸들링 너무 좋아요.강추강추♥️♥️♥️ 미마자리 끌다가 휴대용 끌어서 아기가 불편해할까 걱정했는데 그렇지도 않나 봐요.아기는 여전히 윰차만 타면 꿀잠 모드...그리고 사용법이라고 할 것도 없이 간단하지만 미마자리랑 사용법도 비슷해서 더 편하고 친숙하게 느껴지는 것 같아요 ], 부정 텍스트 확률 : 97.06%"
"[꿀잠 모드 들어가신 우래기 . 차양막이 미마자리때 좀 짧아서 불편했는데 지기는 길어서 넘나 편해요 ], 부정 텍스트 확률 : 84.13%"
"[고정장치도 발로 딸깍 아 미마자리랑방향이 반대에요], 부정 텍스트 확률 : 95.87%"
"[ .?유모차추천유모차추천 .?미마자리유모차미마자리유모차 .?미마자리플레어미마자리플레어 .?안미미블로그안미미블로그 .?아론맘아론맘 ], 부정 텍스트 확률 : 90.72%"
"[알겠는데그런데 왜 제 눈에는 미마자리만 눈에 들어오는 걸까요ㅋㅋㅋㅋㅋㅋㅋㅋㅋㅋㅋㅋㅋㅋㅋㅋㅋㅋ미마자리는 핸들링도 불편하고 밑에 짐 넣는 부분도 불편하다고육아맘들이 비추했던 것인데 오로지 디자인만 보고 샀습니다], 부정 텍스트 확률 : 97.69%"
"[ .?미마자리미마자리 플레어 풀패키지로 구매했구요], 부정 텍스트 확률 : 70.56%"
"[트렌디백], 부정 텍스트 확률 : 53.29%"
"[파라솔], 부정 텍스트 확률 : 53.29%"
"[컵홀더], 부정 텍스트 확률 : 53.29%"
"[ 그리고 핸들링이 불편하다고 그러는데 저는 스토케랑 많이 다른점 솔직히 잘 모르겠구요아래 짐칸은 불편해요], 부정 텍스트 확률 : 91.18%"
"[일단 공간도 작고 똑딱이에 참불편하게 되어 있어요한번도 짐을 넣어본적이 없는...사진에는 컵홀더랑 기저귀가방트렌디 백이 안찍혔는데정말 유용하게 잘 쓰고 있습니다컵홀더 특히 저는 핸드폰 꽂아놓고다녀요ㅋㅋㅋㅋㅋㅋㅋㅋㅋㅋㅋㅋㅋㅋㅋㅋㅋㅋ기저귀 가방도 아직 별도로 구매 안할 만큼 편하게 잘 쓰고 있습니다 파라솔은 저는 키가 작아서 그런가 안미미난쟁이파라솔 피면 앞에 시야가 가려지는 거 같아서 답답하더라구요제 키를 탓하는 겁니다요], 부정 텍스트 확률 : 84.59%"
"[블랙 ], 부정 텍스트 확률 : 53.29%"
"[화이트 ], 부정 텍스트 확률 : 53.29%"
"[블랙엔 화이트 다 있었는데저희는 브라운을 구매했어요], 부정 텍스트 확률 : 52.07%"
"[ 사진으로 봤을 때는 블랙화이트가 블랙간지가 넘처흘렀지만막상 실제로 보면 브라운칼라가 너무 이쁘더라구요 그리고 차 트렁크에 넣고빼고 자주 할 것 같아서 화이트 칼라가 들어간 유모차는뭔가 자신이 없었어요], 부정 텍스트 확률 : 98.92%"
"[ 접었다 피기가 처음에는 어려웠는데 하다보면 편하구요], 부정 텍스트 확률 : 72.24%"
"[ 미마자리 플레어 스노우화이트 구입후기디럭스유모차미마자리 ], 부정 텍스트 확률 : 55.26%"
"[ 미마자리유모차 블랙앤화이트 베이비페어 구입후기 부제영역은 지식백과에서만 사용되지만 포스트 엔드에 마크업은 잔존하게 됩니다 기본적으로요소는 입니다 ], 부정 텍스트 확률 : 93.24%"
"[짜잔 ], 부정 텍스트 확률 : 73.99%"
"[이것은 숄더백인데원래 사은품에 없었었는데배송이너무 늦어져서 죄송하다고 주시더라구요찾아보니 가격이 만원...ㄷㄷㄷㄷ미마자리는 수납공간이 많이 부족하기때문에이 숄더백 정말 필요한 것 같아요 ], 부정 텍스트 확률 : 98.43%"
"[이것은 웜워머?사은품으로 받았지용아직 써보진 못했어요 ], 부정 텍스트 확률 : 96.82%"
"[미마자리 유모차의 가장 중요한 부분을 차지하는 파라솔ㅋㅋ ], 부정 텍스트 확률 : 54.19%"
"[쑥 펴주기만 하면 끝 ], 부정 텍스트 확률 : 83.29%"
"[이건 쭈니가 좀 커서 사용할 부분 ], 부정 텍스트 확률 : 87.30%"
"[스트라이프 무늬 너무 이쁘죠?이게 블랙앤화이트의 매력인거 같아요검은색은 좀 무난하고화이트는 때타고...가격은 좀 더 비쌌지만 후회 안해요 ㅎㅎ ], 부정 텍스트 확률 : 53.86%"
"[무겁긴하지만 조작방법이어렵진 않아요 ], 부정 텍스트 확률 : 82.70%"
"[처음 딱 조립했을 때 찍은 사진 ], 부정 텍스트 확률 : 83.63%"
"[다행히도 애기가 어찌나 잘 자주는지맘껏 누렸어요 ], 부정 텍스트 확률 : 88.47%"
"[간지나는 미마자리 ], 부정 텍스트 확률 : 57.46%"
"[자꾸자꾸 끌고 싶어진다는 ], 부정 텍스트 확률 : 69.02%"
"[ 유모차 너무 크지 않고 좋아보이네요], 부정 텍스트 확률 : 55.31%"
"[유세븐샵에서 할인할때 구입햇는데 만원대인가], 부정 텍스트 확률 : 78.59%"
"[발받침대?가 따로 없고 별도 구매해야되더라구요], 부정 텍스트 확률 : 88.60%"
"[불편할꺼 같아 따로 사려햇는데 막상 사용해보니 안사도 되겟더라구요], 부정 텍스트 확률 : 79.89%"
"[오 미마자리만 알았는데 미마지기도 있군요.잘봤어용], 부정 텍스트 확률 : 70.80%"
"[ 이쁘네요저도 미마자리 너무 사고싶은데..미마자리는 디럭스면 미마지기는 절충형?인건가요??], 부정 텍스트 확률 : 76.38%"
"[저도 잘 모르고 사서 ㅎㅎ 미마자리는 말씀대로 디럭스 같구 미마지기는 휴대용이라는데 약간 절충형 느낌의 휴대용인 거 같아요], 부정 텍스트 확률 : 67.99%"
"[뮤갱예쁘구 기호에맞는 걸로 득템하세요], 부정 텍스트 확률 : 85.10%"
"[ 출산 전 유모차 알아보고있는데 어렵네요. 유모차 많이 써보셨다고하니 유모차 추천 좀 부탁드릴게요], 부정 텍스트 확률 : 76.42%"
"[제가 급하게 휴대용 유모차 알아보고있는대여사진으로 보기엔 넘 넘 이뿐데유모차 의자가 좀 낮아보이는데 실제론 어떤가요? 그리고 전 잉글레시나 트릴로지 플러스 쓰고 있는데 미마지기가 휴대용치고 좀 큰편인지 궁금해요요요랑 비교했을때 많이 큰가여?실물로 못봐서 ㅋㅋ 궁금한게 많아요 ㅋㅋ신랑은 와이업 사자는데 전 앤트랑 미마지기 만눈에 들어오네요 ㅋ], 부정 텍스트 확률 : 83.67%"
"[어머나 정말 좋아보이네영], 부정 텍스트 확률 : 59.55%"
"[ 미미자리만 알았지 휴대용 지기도 있군요], 부정 텍스트 확률 : 85.86%"
"[ 얼마에구입하셨어요?], 부정 텍스트 확률 : 70.85%"
"[아 방을잘못찾았네요], 부정 텍스트 확률 : 86.88%"
"[ 후기 링크 두개 달아주세요], 부정 텍스트 확률 : 90.12%"
"[ 가격좀 알수있을까요?], 부정 텍스트 확률 : 61.86%"
"[핫딜로 에 샀어요 는 까지하는거 봤어요], 부정 텍스트 확률 : 76.39%"
"[다른 질문인데 바닥 따로 시공하신거에요?], 부정 텍스트 확률 : 80.92%"
"[네네 바닥 시공했어요], 부정 텍스트 확률 : 66.90%"
"[쭈를르시공 정보 알수있을까요?], 부정 텍스트 확률 : 69.99%"
"[섬새댁맘만족스럽지 못해서 비추예여...], 부정 텍스트 확률 : 90.85%"
"[라서 키로대고 는 키로좀 넘더라구요], 부정 텍스트 확률 : 60.27%"
"[ 네이버블로그 ... ... ... ...네이버카페 ... ... ... ...인스타그램 ..? ..? ..? ..? ..? ..?], 부정 텍스트 확률 : 68.70%"
