"[ ❤이벤트 리뷰 타보 베이직 스텝 휴대용 유모차], 부정 텍스트 확률 : 74.67%"
"[ 원 ], 부정 텍스트 확률 : 53.29%"
"[ 원 ➨ 할인판매가격 ], 부정 텍스트 확률 : 53.29%"
"[ 필수 표기정보 ], 부정 텍스트 확률 : 53.29%"
"[품명 및 모델명], 부정 텍스트 확률 : 53.29%"
"[.타보 베이직 스텝 기내반입 휴대용유모차], 부정 텍스트 확률 : 78.88%"
"[딥블랙 ], 부정 텍스트 확률 : 53.29%"
"[ 인증 필 유무], 부정 텍스트 확률 : 53.29%"
"[.컨텐츠 참조], 부정 텍스트 확률 : 62.92%"
"[.딥블랙], 부정 텍스트 확률 : 62.92%"
"[.컨텐츠 참조], 부정 텍스트 확률 : 62.92%"
"[사용연령 또는 체중범위], 부정 텍스트 확률 : 53.29%"
"[.컨텐츠 참조], 부정 텍스트 확률 : 62.92%"
"[동일모델의 출시년월], 부정 텍스트 확률 : 65.67%"
"[.년월], 부정 텍스트 확률 : 62.92%"
"[제조자수입자], 부정 텍스트 확률 : 61.97%"
"[ .주보브코리아], 부정 텍스트 확률 : 62.92%"
"[제조국], 부정 텍스트 확률 : 61.97%"
"[.중국], 부정 텍스트 확률 : 85.73%"
"[취급방법 및 취급시 주의사항], 부정 텍스트 확률 : 53.29%"
"[안전표시], 부정 텍스트 확률 : 53.29%"
"[.컨텐츠 참조], 부정 텍스트 확률 : 62.92%"
"[품질보증기준], 부정 텍스트 확률 : 53.29%"
"[.제품 이상 시 공정거래위원회 고시 소비자분쟁해결기준에 의거 보상합니다.], 부정 텍스트 확률 : 72.71%"
"[.쿠팡고객센터 ], 부정 텍스트 확률 : 62.92%"
"[ 품절임박 ＼], 부정 텍스트 확률 : 53.29%"
"[ 개 상품평 보기는⬇아래 링크로 확인해주세요⬇▼▼▼ .. ], 부정 텍스트 확률 : 62.82%"
"[ .?타보타보.?베이직베이직.?스텝스텝.?휴대용휴대용.?유모차유모차.? 이 포스팅은 제휴마케팅이 포함된 광고로 일정 커미션을 지급 받을 수 있습니다. ], 부정 텍스트 확률 : 61.56%"
"[ 원 ▷ 할인판매가격 ], 부정 텍스트 확률 : 53.29%"
"[ 필수 표기정보 ], 부정 텍스트 확률 : 53.29%"
"[품명 및 모델명], 부정 텍스트 확률 : 53.29%"
"[.타보 베이직 스텝 기내반입 휴대용유모차], 부정 텍스트 확률 : 78.88%"
"[딥블랙 ], 부정 텍스트 확률 : 53.29%"
"[ 인증 필 유무], 부정 텍스트 확률 : 53.29%"
"[.컨텐츠 참조], 부정 텍스트 확률 : 62.92%"
"[.딥블랙], 부정 텍스트 확률 : 62.92%"
"[.컨텐츠 참조], 부정 텍스트 확률 : 62.92%"
"[사용연령 또는 체중범위], 부정 텍스트 확률 : 53.29%"
"[.컨텐츠 참조], 부정 텍스트 확률 : 62.92%"
"[동일모델의 출시년월], 부정 텍스트 확률 : 65.67%"
"[.년월], 부정 텍스트 확률 : 62.92%"
"[제조자수입자], 부정 텍스트 확률 : 61.97%"
"[ .주보브코리아], 부정 텍스트 확률 : 62.92%"
"[제조국], 부정 텍스트 확률 : 61.97%"
"[.중국], 부정 텍스트 확률 : 85.73%"
"[취급방법 및 취급시 주의사항], 부정 텍스트 확률 : 53.29%"
"[안전표시], 부정 텍스트 확률 : 53.29%"
"[.컨텐츠 참조], 부정 텍스트 확률 : 62.92%"
"[품질보증기준], 부정 텍스트 확률 : 53.29%"
"[.제품 이상 시 공정거래위원회 고시 소비자분쟁해결기준에 의거 보상합니다.], 부정 텍스트 확률 : 72.71%"
"[.쿠팡고객센터 ], 부정 텍스트 확률 : 62.92%"
"[ 품절임박], 부정 텍스트 확률 : 53.29%"
"[ 개 상품평 보기는⬇아래 링크로 확인해주세요⬇▼▼▼ .. ], 부정 텍스트 확률 : 62.82%"
"[ .?타보타보.?베이직베이직.?스텝스텝.?휴대용휴대용.?유모차유모차.? 이 포스팅은 제휴마케팅이 포함된 광고로 일정 커미션을 지급 받을 수 있습니다. ], 부정 텍스트 확률 : 61.56%"
"[ 홈페이지에사진찍은거 후기글올려서 이벤트신청해야한다는데 어디다올림되나요?보브코리아인가요? ], 부정 텍스트 확률 : 91.40%"
"[안녕하세요], 부정 텍스트 확률 : 53.29%"
"[ 처음에 블로그 쓸때 빼고 인사하기는 처음이네요 ], 부정 텍스트 확률 : 89.12%"
"[ 누가 보겠노 싶어 혼자 기록이나 하자 싶어 글을 썼는데비밀 댓글로 많이들 물어보셔서올릴께요비밀댓글하셔서 댓글남겨드렸는데..댓글보시고는 바로 삭제하시더라구요? 너무해.. ], 부정 텍스트 확률 : 98.51%"
"[ 타보이벤트해서 뭐받지? 궁금하시면▼ ], 부정 텍스트 확률 : 89.13%"
"[ 필수 표기정보 ], 부정 텍스트 확률 : 53.29%"
"[품명 및 모델명], 부정 텍스트 확률 : 53.29%"
"[.레보 프라임 유모차], 부정 텍스트 확률 : 62.92%"
"[ 인증 필 유무], 부정 텍스트 확률 : 53.29%"
"[.컨텐츠 참조], 부정 텍스트 확률 : 62.92%"
"[.컨텐츠 참조], 부정 텍스트 확률 : 62.92%"
"[.컨텐츠 참조], 부정 텍스트 확률 : 62.92%"
"[.컨텐츠 참조], 부정 텍스트 확률 : 62.92%"
"[사용연령 또는 체중범위], 부정 텍스트 확률 : 53.29%"
"[.컨텐츠 참조], 부정 텍스트 확률 : 62.92%"
"[동일모델의 출시년월], 부정 텍스트 확률 : 65.67%"
"[제조자수입자], 부정 텍스트 확률 : 61.97%"
"[..주보브코리아], 부정 텍스트 확률 : 57.07%"
"[제조국], 부정 텍스트 확률 : 61.97%"
"[.중국], 부정 텍스트 확률 : 85.73%"
"[취급방법 및 취급시 주의사항], 부정 텍스트 확률 : 53.29%"
"[안전표시], 부정 텍스트 확률 : 53.29%"
"[.컨텐츠 참조], 부정 텍스트 확률 : 62.92%"
"[품질보증기준], 부정 텍스트 확률 : 53.29%"
"[.제품 이상 시 공정거래위원회 고시 소비자분쟁해결기준에 의거 보상합니다.], 부정 텍스트 확률 : 72.71%"
"[.쿠팡 고객센터 ], 부정 텍스트 확률 : 62.92%"
"[ 품절임박 상품평 보기는⬇아래 링크로 확인해주세요⬇▼▼▼ .. ], 부정 텍스트 확률 : 62.38%"
"[ 원 정상가격할인▼판매가격 ], 부정 텍스트 확률 : 53.29%"
"[ 필수 표기정보 ], 부정 텍스트 확률 : 53.29%"
"[품명 및 모델명], 부정 텍스트 확률 : 53.29%"
"[.타보 베이직 스텝 기내반입 휴대용유모차], 부정 텍스트 확률 : 78.88%"
"[네오블랙 ], 부정 텍스트 확률 : 53.29%"
"[ 인증 필 유무], 부정 텍스트 확률 : 53.29%"
"[.컨텐츠 참조], 부정 텍스트 확률 : 62.92%"
"[.네오블랙], 부정 텍스트 확률 : 62.92%"
"[.컨텐츠 참조], 부정 텍스트 확률 : 62.92%"
"[사용연령 또는 체중범위], 부정 텍스트 확률 : 53.29%"
"[.컨텐츠 참조], 부정 텍스트 확률 : 62.92%"
"[동일모델의 출시년월], 부정 텍스트 확률 : 65.67%"
"[.년월], 부정 텍스트 확률 : 62.92%"
"[제조자수입자], 부정 텍스트 확률 : 61.97%"
"[ .주보브코리아], 부정 텍스트 확률 : 62.92%"
"[제조국], 부정 텍스트 확률 : 61.97%"
"[.중국], 부정 텍스트 확률 : 85.73%"
"[취급방법 및 취급시 주의사항], 부정 텍스트 확률 : 53.29%"
"[안전표시], 부정 텍스트 확률 : 53.29%"
"[.컨텐츠 참조], 부정 텍스트 확률 : 62.92%"
"[품질보증기준], 부정 텍스트 확률 : 53.29%"
"[.제품 이상 시 공정거래위원회 고시 소비자분쟁해결기준에 의거 보상합니다.], 부정 텍스트 확률 : 72.71%"
"[.쿠팡고객센터 ], 부정 텍스트 확률 : 62.92%"
"[ 품절임박 ☆⌒ゝ。∂], 부정 텍스트 확률 : 53.29%"
"[ 개 상품평 보기는⬇아래 링크로 확인해주세요⬇▼▼▼ .. ], 부정 텍스트 확률 : 62.82%"
"[ .?타보타보.?베이직베이직.?스텝스텝.?휴대용휴대용.?유모차유모차.? 이 포스팅은 제휴마케팅이 포함된 광고로 일정 커미션을 지급 받을 수 있습니다. ], 부정 텍스트 확률 : 61.56%"
"[ ..이벤트 참여하기에 앞서 일단 이거 먼저 짚고 넘어가기로 해요..타보베이직 스텝의 버켓형 시트란? .엉덩이부 시트가 깊고 뒷쪽이 낮은 구조로 슬라이딩 현상이 없고 우리 아가들 척추 피로감을 줄여주는 시트를 버켓형 시트라고 합니다. ], 부정 텍스트 확률 : 86.29%"
"[ ..유모차의 중요한 선택 기준인 버켓형 시트 기사를 소문내고 셀라 유모차와 세디아 하이체어를 받을 수 있는 이벤트에 함께 참여해 보자구요 ], 부정 텍스트 확률 : 61.52%"
"[ ...★ 당첨 확률 높이는 . 기사 내용을 단순 링크가 아닌 정성스럽게 포스팅 해주시면. 당첨 확률이 높아져요 . .★ 본 이벤트는 버켓형 시트 기사를 소문내는 이벤트로. 본 페이지를 단순 링크한 내용은 참여로 인정되지 않습니다. ..★ 이벤트 경품 당첨 시 상품 포토 후기는 필수입니다 ..크라잉베베아기 울음분석기.크라잉베베 설치.... ], 부정 텍스트 확률 : 96.34%"
"[ .... .?.?타보타보.?베이직스텝베이직스텝.?타보베이직스텝타보베이직스텝.?휴대용유모차휴대용유모차.?기내반입유모차기내반입유모차.?타보버켓형시트타보버켓형시트.?버켓형시트유모차버켓형시트유모차.?타보유모차타보유모차.?타보셀라유모차타보셀라유모차.?세디아하이체어세디아하이체어.?타보이벤트타보이벤트.?버켓형시트버켓형시트.?초슬림폴딩방식초슬림폴딩방식.?폴딩유모차폴딩유모차.?접이식유모차접이식유모차.?신생아유모차신생아유모차.?유모차추천유모차추천.?티지유모차티지유모차.?경차수납유모차경차수납유모차.?버킷형시트버킷형시트.?버킷형시트유모차버킷형시트유모차.?타보버킷형시트타보버킷형시트.?타보버킷형시트유모차타보버킷형시트유모차.?타보베이직스텝버켓형시트타보베이직스텝버켓형시트.?타보베이직스텝버킷형시트타보베이직스텝버킷형시트.?티지베이직스텝티지베이직스텝.?티지베이직스텝유모차티지베이직스텝유모차.?보브코리아보브코리아 ], 부정 텍스트 확률 : 72.65%"
"[. ..], 부정 텍스트 확률 : 55.73%"
"[ ...자 이제 본격적으로], 부정 텍스트 확률 : 87.43%"
"[ .. 안녕하세요.요즘 휴대용유모차많이들 사용 하시죠?원래는 디럭스], 부정 텍스트 확률 : 78.21%"
"[ 절충형], 부정 텍스트 확률 : 53.29%"
"[ 휴대용 이렇게 가지 중에서 휴대용은 대충 잘 접히는저렴이들 많이 사용하시잖아요? 저렴이라함은 그냥 쇼핑에서 검색해서아무거나나오는 가격대비 꽤 괜찮은약 만원짜리 휴대용 ㅋㅋㅋ잘 접히고 그냥 막 쓰기좋은 ㅎㅎ그렇지만 그렇게 막쓰기좋은 휴대용유모차 말고도각도조절에 아이가 혼자 올라갈수 있는 유모차를 소개해 드리려고 해요 ㅎㅎ 이름하야], 부정 텍스트 확률 : 56.16%"
"[색깔이 참 다양하죠 ?너무 예뻐요게다가 년형이아닌년형베이직 트랩], 부정 텍스트 확률 : 76.25%"
"[그래서 모델이 어린 여자아이가 옆에 서있네요휴대용 유모차는 거의 디럭스 유모차와 절충형 유모차를 졸업 할 때 쯤 타잖아요 ? 그렇다보니 아이가 어느정도 큰 상태에서 이용하게 되고 아이가 혼자 올라가서 탈수 있다는 것은부모님의 손을 일일이 타도 되지 않다는 뜻이므로 아이도], 부정 텍스트 확률 : 97.07%"
"[부모님에게도 너무 편리한 것 같아요], 부정 텍스트 확률 : 92.50%"
"[작은 차에 속하는경차에도 심지어 대나 들어갈수 있다는 사실에 깜짝 놀랐어요 유모차를 다이어트를 시킨것도아니고디자인도 예쁜데말이에요 차양막도 디자인 예쁘게 만들어졌네요고급지게. 그런데 이 차양막은 저희가 알고있는 것보다더 높게 더 크게 만들었다고 합니다. 아기가 머리 위를 올려다보아도 공간이 충분 하기때문에 더 편할 것 같아요. 아기배려 위주로 만들어진 칭찬할만한 유모차네용 이 차양막 장점은.예쁘다. 아이의 시야확보를 고려해 만들어 졌다.. 내부공간이 넓고 높다.이 유모차가 왜이냐면 ? 년형보다 더 차양막높이가 높고 커졌기 때문이죠. 타보 홈페이지에 가보시면베이직스텝이라고 나오는데 그거랑 다른거에요 ], 부정 텍스트 확률 : 99.53%"
"[ 이렇게 단계로 조절 가능하네요상황에 따라 조절 하면 되겠죠 ?], 부정 텍스트 확률 : 96.74%"
"[ .안전벨트도 자율 조절이 가능 타 제품 안전벨트 자율조절 기능 없어서아기 크면 유모차 안전벨트 못함.. 굉장히 위험해요. 아기가 주변에 호기심을 많이 가질 시기라 몸을 앞으로 쭉내밀고 이것저것 만지려할텐데 앞으로 넘어지기라도하면.. ㅜ이기능 넘좋네요. 어깨패드가 길고 쿠션감이 좋음. 보풀 방지용 특수 코팅처리된 베이직트랩 시트 ], 부정 텍스트 확률 : 81.54%"
"[이 베어링 뭔지 아시나요 ? 이 볼 베어링이 좋아야 굴러갈때 핸들링이 좋은데요 이거 넣는게 기술이에요. 이 볼 베어링은 치과에서쓰는 이 갈릴때 미세한 기구 있잖아요? 위이이이잉 소리나는 ], 부정 텍스트 확률 : 63.18%"
"[ 아까 기내에 반입되어있는 폴딩되어있는 모습 보셨죠? 이렇게 단접이로 하면 들고다니기도 트렁크에 넣기도기내반입하기도 좋은 크기가 될것같아요], 부정 텍스트 확률 : 54.06%"
"[화살표 그어놓은 곳을 잘 봐주세요.아이를 뒤로도 확인해야하니 뒷부분이 뚫려있죠? 이부분으로 봄이나 여름에는 서늘한 바람도들어가고 또 아이의 안전을 위해서도 만들어진것 같아요 ], 부정 텍스트 확률 : 60.72%"
"[어때요 ?적극 추천 할만 하죠 ? ], 부정 텍스트 확률 : 64.12%"
"[또한 이 타보는 해외브랜드가 아니래요국내기술로 만들어진 국내브랜드 랍니다. 공장만 중국에 있는거래요 하지만 까지도 책임으로 해주신다고하니], 부정 텍스트 확률 : 63.67%"
"[정말믿음직 스럽네요 ], 부정 텍스트 확률 : 76.26%"
"[ 체험단 신청하기는 크라잉베베로 고고씽 ...?...? ], 부정 텍스트 확률 : 77.65%"
"[ ♥♥체험단정보 읽어보세요♥♥ ], 부정 텍스트 확률 : 68.10%"
"[ 타보베이직 트랩의 혼자 타기 영상을 공유해주세요추첨을 통해 푸짐한 경품을 드립니다이벤트 정보이벤트 기간년 월 일월 일당첨자 발표월 일 목당첨자 경품총 명레보프라임 유모차 명], 부정 텍스트 확률 : 58.70%"
"[세디아 하이체어 명유모차 고리 명], 부정 텍스트 확률 : 76.58%"
"[유모차 컵홀더 명참여 방법 하단 링크의 타보트랩 유모차 혼자타기영상을 블로그나 ], 부정 텍스트 확률 : 68.55%"
"[진심특가 티지타보 유모차 전용 보낭커버 일반형 타보트랩], 부정 텍스트 확률 : 83.34%"
"[ 타보베이직], 부정 텍스트 확률 : 53.29%"
"[ 셀라커버], 부정 텍스트 확률 : 53.29%"
"[♡베스트], 부정 텍스트 확률 : 53.29%"
"[ 원더원스토리 초경량침대형 휴대용유모차절충형유모차사은품], 부정 텍스트 확률 : 94.63%"
"[ 색상 레드], 부정 텍스트 확률 : 53.29%"
"[ 블루그린], 부정 텍스트 확률 : 53.29%"
"[ 레드], 부정 텍스트 확률 : 53.29%"
"[ 블루], 부정 텍스트 확률 : 53.29%"
"[ 그린레드], 부정 텍스트 확률 : 53.29%"
"[ 퍼플재질 써클], 부정 텍스트 확률 : 53.29%"
"[ 바니], 부정 텍스트 확률 : 53.29%"
"[ 해피스틸파이프], 부정 텍스트 확률 : 53.29%"
"[ 합성수지], 부정 텍스트 확률 : 53.29%"
"[ 폴리에스터], 부정 텍스트 확률 : 53.29%"
"[ 면해피강철파이프], 부정 텍스트 확률 : 83.74%"
"[ 합성수지], 부정 텍스트 확률 : 53.29%"
"[ 폴리에스터동일모델의출시년월 상세페이지참조제조국 중국제조자수입자 중모토이플러스.], 부정 텍스트 확률 : 61.79%"
"[ 주보브코리아중량 써클.], 부정 텍스트 확률 : 62.92%"
"[ 바니], 부정 텍스트 확률 : 53.29%"
"[ 해피.], 부정 텍스트 확률 : 62.92%"
"[ ㎜㎜㎜해피], 부정 텍스트 확률 : 53.29%"
"[ 사용연령또는체중범위 개월약], 부정 텍스트 확률 : 53.29%"
"[ 세품명및모델명 델리엔벨리써클휴대용유모차바니휴대용유모차해피휴대용유모차해피휴대용유모차취급방법및취급시주의사항], 부정 텍스트 확률 : 95.77%"
"[ 바니], 부정 텍스트 확률 : 53.29%"
"[ 해피.], 부정 텍스트 확률 : 62.92%"
"[ ㎜㎜㎜해피], 부정 텍스트 확률 : 53.29%"
"[ 품질보증기준 공정거래위원회고시소비자분쟁해결기준에의거하여보상해드립니다. ], 부정 텍스트 확률 : 83.88%"
"[ 판매 가격 ], 부정 텍스트 확률 : 53.29%"
"[ 원특가 할인인기 제품을 소개해드렸습니다. ], 부정 텍스트 확률 : 69.49%"
"[베스트 ▷ ], 부정 텍스트 확률 : 53.29%"
"[ 쿠팡에서 구매하기 ], 부정 텍스트 확률 : 80.54%"
"[ 제품 구매리뷰 및 후기는아래 링크로 확인해주세요.▽▽▽ ], 부정 텍스트 확률 : 72.56%"
"[.. ], 부정 텍스트 확률 : 57.07%"
"[ 블루그린], 부정 텍스트 확률 : 53.29%"
"[ 레드], 부정 텍스트 확률 : 53.29%"
"[ 블루], 부정 텍스트 확률 : 53.29%"
"[ 그린레드], 부정 텍스트 확률 : 53.29%"
"[ 퍼플], 부정 텍스트 확률 : 53.29%"
"[ 바니], 부정 텍스트 확률 : 53.29%"
"[ 해피스틸파이프], 부정 텍스트 확률 : 53.29%"
"[ 합성수지], 부정 텍스트 확률 : 53.29%"
"[ 폴리에스터], 부정 텍스트 확률 : 53.29%"
"[ 면해피강철파이프], 부정 텍스트 확률 : 83.74%"
"[ 합성수지], 부정 텍스트 확률 : 53.29%"
"[ 폴리에스터], 부정 텍스트 확률 : 53.29%"
"[동일모델의출시년월], 부정 텍스트 확률 : 65.67%"
"[상세페이지참조], 부정 텍스트 확률 : 53.29%"
"[제조국], 부정 텍스트 확률 : 61.97%"
"[제조자수입자], 부정 텍스트 확률 : 61.97%"
"[중모토이플러스.], 부정 텍스트 확률 : 62.92%"
"[ 주보브코리아], 부정 텍스트 확률 : 53.29%"
"[써클.], 부정 텍스트 확률 : 62.92%"
"[ 바니], 부정 텍스트 확률 : 53.29%"
"[ 해피.], 부정 텍스트 확률 : 62.92%"
"[ ㎜㎜㎜해피], 부정 텍스트 확률 : 53.29%"
"[사용연령또는체중범위], 부정 텍스트 확률 : 53.29%"
"[개월약], 부정 텍스트 확률 : 53.29%"
"[품명및모델명], 부정 텍스트 확률 : 53.29%"
"[델리엔벨리써클휴대용유모차바니휴대용유모차해피휴대용유모차해피휴대용유모차], 부정 텍스트 확률 : 93.78%"
"[취급방법및취급시주의사항], 부정 텍스트 확률 : 74.20%"
"[ 안전표시], 부정 텍스트 확률 : 53.29%"
"[인증필유무], 부정 텍스트 확률 : 53.29%"
"[★★★★], 부정 텍스트 확률 : 53.29%"
"[써클.], 부정 텍스트 확률 : 62.92%"
"[ 바니], 부정 텍스트 확률 : 53.29%"
"[ 해피.], 부정 텍스트 확률 : 62.92%"
"[ ㎜㎜㎜해피], 부정 텍스트 확률 : 53.29%"
"[품질보증기준], 부정 텍스트 확률 : 53.29%"
"[공정거래위원회고시소비자분쟁해결기준에의거하여보상해드립니다.], 부정 텍스트 확률 : 83.88%"
"[상품평], 부정 텍스트 확률 : 50.51%"
"[보통 ], 부정 텍스트 확률 : 53.29%"
"[별로 ], 부정 텍스트 확률 : 97.84%"
"[나쁨 ], 부정 텍스트 확률 : 68.60%"
"[.. ], 부정 텍스트 확률 : 57.07%"
"[한정특가 티지타보 유모차 전용 패딩형 보낭커버 타보스텝], 부정 텍스트 확률 : 66.92%"
"[ 타보베이직], 부정 텍스트 확률 : 53.29%"
"[ 셀라커버], 부정 텍스트 확률 : 53.29%"
"[역대특가 티지타보 유모차 전용 보낭커버 일반형 타보스텝], 부정 텍스트 확률 : 66.92%"
"[ 타보베이직], 부정 텍스트 확률 : 53.29%"
"[ 셀라커버], 부정 텍스트 확률 : 53.29%"
"[최대특가 티지타보 베이직 스텝 사은품 증정 기내반입형 휴대용 유모차원원 즉시할인가깜짝역대 할인 상품을 열심히 찾아서 리스팅해보았어요특가상품 인기상품은 금방 품절되니 유의하세요해당 특가정보는 년 월 일 수요일 후 시 분 기준입니다. 품 구매 상세정보와 리뷰후기를 확인하시려면 아래 링크주소로 들어가세요 ▼▼▼.. ], 부정 텍스트 확률 : 56.63%"
"[선셰이드], 부정 텍스트 확률 : 53.29%"
"[...... ..?.... 본문 이미지언능 서취서취 결국..마니또 선셰이드를 구입 ㅋㅋㅋ ], 부정 텍스트 확률 : 86.78%"
"[오랜만에 왔어요오늘은 구매한지 년도 안 되어서 프레임이 부러져버린타보 유모차받은 이야기를 해볼게요. ], 부정 텍스트 확률 : 82.25%"
"[년 월에 싱가포르 가기 직전에 구매했어요.정말로 출국 하루 전날 배송받아서심장이 쫄깃쫄깃 ], 부정 텍스트 확률 : 61.33%"
"[그렇게 구입한 타고 유모차는싱가포르에서 정말 열일했습니다.하루에 평균 시간 반씩 뜨거운 아스팔트를 오갔죠.프레임 부러지기 전까진 정말 하루도 빼놓지고 않고 탄 것 같아요.비가 와도 보통은 하루 종일 내리지 않으니까비 그치면 또 유모차 타고 외출하고.. ], 부정 텍스트 확률 : 50.40%"
"[그렇게 열심히 굴렸더니프레임이 부러졌습니다 ], 부정 텍스트 확률 : 63.63%"
"[ 방법을 알아보니카톡으로 보브 코리아 친구 추가하고 상담받을 수 있는간단한 방법이 있더라구요.오 넘나 편한 것.보통은 문의하면 바로 공장에서 전화가 오는데저는 외국이라서 계속 카톡으로 상담받았어요.년이 아직 안 됐지만...일단 유상으로 고칠 수 있다고 하더라구요.저도 뭐 무상으로 고치기엔 좀 너무한 거 같다는 생각을 해서 ㅎㅎㅎ그만큼 많이 굴렸으니까그렇게 월에 한국에 돌아와서다시 상담받고신청하니공장에 반품 접수로 택배사에 연락을 해서 기사님 보내주십니다.박스 포장해서 보내야 하는데원래 유모차 박스는 이미 버렸기 때문에쿠팡 박스사랑해요 쿠팡로 딱 맞게 좀 잘라서 포장해 보냈어요. ], 부정 텍스트 확률 : 95.67%"
"[단으로 폴딩 된 유모차가처음 구입 때와 마찬가지로 비닐에 쌓여서박스 안에 들어있었어요.왠지 새 제품 받는 기분 ], 부정 텍스트 확률 : 89.35%"
"[프레임이 바뀌니 차양막까지 새것이 된 느낌적인 느낌 ], 부정 텍스트 확률 : 71.45%"
"[ 세종시 육아용품점 분노의 유모차 구입기 ], 부정 텍스트 확률 : 92.77%"
"[업체측에서.?명예훼손명예훼손 으로 고소하신대요 진짜 어이없고 화가나서 남겨보는내돈주고산 유모차구매후기.세종시 육아용품점에서 타보엣지 휴대용구모차를 구입함.만천원에 피셔프라이스 유모차고리인터넷최저가 원선 하나 사은품으로 받음.매장에서 월일 금요일 오후시쯤 구입했고박스채 주길래 그대로 가져왔음.저녁시쯤 신랑 퇴근후 차에서 꺼내와서 개봉했는데 손잡이 스펀지부분에 우둘두둘하게 불량같은 느낌에다 결정적으로 이미 찍혀있는게 선명함.저부분은 원래도 하얀색 보호스펀지로 쌓여서 포장되는부분인데 박스안에서 눌렸을리도없고 기능상의 하자는 아니지만 보기싫다 나는매장에 좀 봐달라고 전화했는데 매장에선 불량여부는 모르고 본사확인없이는 교환 환불 불가하다고함], 부정 텍스트 확률 : 98.45%"
"[개봉후에는 제품본사에 얘기하세요], 부정 텍스트 확률 : 89.81%"
"[새상품 구매한건데 구매당일 박스개봉하며 발견한 건데도 받으라니??????이럴거면 나 왜 매장가서 구매했음?????개봉한 상품에 대해서는 불량이든뭐든지간에 일단 본사로 보내고 불량판정받아야만 환불이든 교환이든 가능한체계라고함.단순변심 역시 박스개봉후에는 절대 교환반품불가.근데 이런체계인거 왜 말안해줬냐하니원래 다그렇다고.. ㅡㅡ....그럼 매장에서 좀 해결해달라하니매장거치면 더 오래걸리니까 직접하시라고 ㅡㅡ...결국 언쟁이있었고 매장에 갖다놓고오긴했지만타보본사에 연락하고 제품을 보내서 불량판정을 받아야 교환이든 환불이든 해주겠다고 함. 빨리 해결하려면 내가 직접 타보에 전화해서 매장에서 구매한 유모차가 불량같은데 내가 거기다 유모차를 두고왔으니 그쪽으로 택배접수 해주시고 본사에서 불량확인후에 환불해주세요 라고 해야하는상황세종시육아용품판매점에서는구입한 물건이 불량인지아닌지 판단할수없고개봉했다는 이유로 환불이나 교환을 해주지 않습니다각 제품의 본사에 해당 물건을 보내서 불량여부를 확인받아야만 환불이나 교환받을수있으니 이점 참고하시어 구매하시기 바랍니다. 그나저나.박스를 열어보지않고그게 불량품인지 아닌지 어떻게알수있는지?그냥 나는 드럽게도 운이없나보다 ㅡㅡ..다음부터는 박스열어서 이상유무 확인후에 계산을 해야겠네 ??? ], 부정 텍스트 확률 : 99.98%"
"[이런곳인줄 몰랐음....... 새제품인데 열어만본건데도 교환조차 안되는곳.앞으로 절대로 아기물건 매장가서 안사야지.인터넷이 더 싸고 교환반품도 편하다는거. 구입일째 주말지나고 타보 본사에 전화해서 상황설명드리니 그럴리가없다고.미사용제품의경우 교환반품은 자유의사에 따른다고.타보 고객센터 엄청친절하네.내가구입한곳은 유명한 육아용품판매점의 대리점이아니고 이름만 같은 개인이하는매장인듯? 본사에전화하니 관할매장이 아니라서 조치해줄수없다고함.여튼 타보본사에서 사진만으로 확인해줬고 매장측에 환불해주라고 말해줘서 이따가 환불받으러가야됨 .. 아놔 거길또가야되네..일째 타보에 다시확인 손잡이 스펀지부분은 단폴딩 완제품 포장이라 박스내부에서 눌려있을수있다고.. 불량은 아니고 사용하다보면 펴진다고함.근데 왜 매장에선 이런얘기안해주지?내가 다짜고짜 불량이니 환불해달란것도 아니었고 이상하니 좀 봐주세요였는데 ㅡㅡ?박스개봉했으니 고객센터에 문의하여 직접 해결하라는데서 빡친거임.무튼 거기 세번째 가서 그쪽 사장이랑 얘기했는데 역시나 불량여부는 본사에 확인을...내 두번다시 가나봐라.그냥 순수 후기임.불쾌했다 정도의 후기. .?세종시육아용품판매점세종시육아용품판매점 .?세종시육아용품구입세종시육아용품구입 .?세종시육아용품세종시육아용품 .?세종시타보엣지세종시타보엣지 .?세종시타보유모차세종시타보유모차일 시분 사장님피셜 추가 작년월부터 지금까지 인터넷최저가로 오프매장에서 판매해왔다고하십니다. 제가 인터넷이 더 싸다고말한건 신용카드할인 및 쿠폰에 적립금 등등 사용할경우이거나 레인커버], 부정 텍스트 확률 : 99.73%"
"[금요일에 구입하고 매장에서 조치받지못하고 매장에 두고와서 월요일에 본사로 직접 연락한 내용입니다.시분 보브코리아에 전화하니 점심시간시분 업체분께 전화와서 문자로 내용 회신드림시분 매장에서 환불받으러오라고 전화옴갑질한적없습니다매장에서 직접안된다기에결제한 매장에서 카드취소는 당연한거니까 일단 새제품이고 포장훼손안됐을때 놓고오는게 좋을것같아 두고왔구요. 포장까지도 곱게싸놓고왔습니다. 마지막에 박스에 테잎 두르는것만 좀 부탁드리고왔네요.월요일에 연락해서 본사통해 매장으로 환불연락이 갔고 그렇게 환불받게된 사연입니다.매장에서도 본사에 연락했다고하는데 몇시에한건지. 본사에선 내용 모르고계셨습니다.전 분명히 제가 직접 타보에 연락해서 환불요청드렸습니다. ], 부정 텍스트 확률 : 99.89%"
"[여튼 저는 여기까지만 할게요.직접 매장명으로 댓글 다셨고.갑질한적없으니 스스로 을이라고 칭하지마시길 바랍니다. ], 부정 텍스트 확률 : 73.91%"
"[타보 타보 셀라 초경량 기내반입형 휴대용 유모차 경차수납 휴대용유모차], 부정 텍스트 확률 : 80.10%"
"[그레이 세일제품휴대용유모차 ], 부정 텍스트 확률 : 88.51%"
"[세일제품 휴대용유모차 타보 타보 셀라 초경량 기내반입형 휴대용 유모차 경차수납 휴대용유모차], 부정 텍스트 확률 : 88.93%"
"[ ▼ ], 부정 텍스트 확률 : 53.29%"
"[ . ], 부정 텍스트 확률 : 62.92%"
"[ .제품 리얼후기 더보기 ∇ ], 부정 텍스트 확률 : 73.73%"
"[상품정보 ], 부정 텍스트 확률 : 53.29%"
"[ . ], 부정 텍스트 확률 : 62.92%"
"[ .상품정보 더보기 ∇ ], 부정 텍스트 확률 : 73.73%"
"[ .?셀라셀라.?휴대용유모차휴대용유모차 ], 부정 텍스트 확률 : 91.72%"
"[ .?경차수납경차수납.?그레이그레이 ], 부정 텍스트 확률 : 53.29%"
"[ .?유모차유모차.?웨건웨건 ], 부정 텍스트 확률 : 53.29%"
"[ .?기내반입형기내반입형.?휴대용휴대용 ], 부정 텍스트 확률 : 91.27%"
"[ 타보 베이직 유모차네오블랙 부제영역은 지식백과에서만 사용되지만 포스트 엔드에 마크업은 잔존하게 됩니다 기본적으로요소는 입니다 ], 부정 텍스트 확률 : 70.74%"
"[그동안 조카가 쓰던 스토케를 열심히 잘 끌고 다녔는데 조만간 비행기 탈 일이 있어 휴대용 유모차를 열심히 검색해봤다.그러다 뭔 유모차 종류가 이렇게 많은지 골치아팠는데 아는 친구가 타보를 샀다는 말을 듣고 급 타보 검색 만족한다는 후기가 대부분이라 맘에 점점 들다 오프라인 매장에서 직접보고 그냥 바로 구입함 ㅎㅎ사실은 딥브라운 사고 싶어서 그걸 주문하고 택배 예약하고 왔는데 왠걸 집에 배달온 건 네오블랙...네오블랙 품절이라 예약주문만 받는다더니 뭐니...전화해서 바꿔달랠까 잠깐 고민하다 그냥 쓰기로...귀찮음...네오블랙도 그냥 나쁘지 않고 신랑도 첨에 사고 싶어했던 게 이거라...그리고 당장 다음날 놀러갈꺼라 들고 가고파서...ㅋ박일 들고 갔다와서 남기는 후기], 부정 텍스트 확률 : 55.00%"
"[ 휴대용유모차 에코다 웨이로드 샀다그램 ], 부정 텍스트 확률 : 84.01%"
"[오사카여행을 다녀오고 휴대용유모차의 필요성을 느꼈어요.있으면 좋겠다 싶어서 예전부터 체험단을 그렇게 신청했는데 하나도 안됨. ], 부정 텍스트 확률 : 96.01%"
"[그래서 그냥 삼 ㅋㅋㅋㅋ 내돈주고 삼.엄청나게 검색을했는데 블로그하는사람이 블로그를 못믿음ㅋㅋㅋㅋㅋㅋㅋ일단 휴대용으로 내게 필요한 것들이. 풀차양막. 장바구니. 간단한 수납주머니. 손쉬운 폴딩. 가벼움. 손잡이가 이어져 있을것. 발 받침대. 가격만원 안쪽이거 외에 아기 확인창도 있으면 좋겠구], 부정 텍스트 확률 : 94.18%"
"[소재가 비닐이 아니었으면 좋겠구그렇다고 때 많이타거나 싼티나는 천도 아니었으면 좋겠고휴대용 핸들링은 거기서 거기인거 같아서 크게 신경 안썼고 등등등오사카 갈때 디럭스 들고가긴 힘드니까 동네 언니한테 콤를 빌려가서 썼는데 콤의 장점이 가볍고 쉬운 폴딩인데 그거 외에는 불편한게 많더라구요.근데 가격은 비싸고 ㅋㅋㅋㅋㅋㅋ 그래서 콤는 일찌감치 제외하고 콤랑 비교해서 제품을 골랐던거 같아요.주 넘게 검색을 하고 또 검색을 하고 하고 또 하고 해서 결국 고른게 보브코리아의 에코다 웨이로드후기 개도 없음 ㅋㅋㅋㅋㅋㅋㅋㅋㅋㅋㅋ내가 살땐그래서 보브코리아의 다른 제품들 후기 타보], 부정 텍스트 확률 : 98.70%"
"[에코다플럼 등등을 읽고 구매했어요. ], 부정 텍스트 확률 : 58.55%"
"[밸트는 안전하게 점식이고 끝에 다치지 않게 싸여있어요.솔이는 어깨끈까지 하면 답답해해서 점식으로 사용하고 있어서 어깨끈을 빼 놓았어요. ], 부정 텍스트 확률 : 85.07%"
"[폴딩은 한손으로 가능해요.펴는것도 접는것도 가능해서 아주 편리.손잡이 부분에 회색 버튼을 왼쪾으로 땡기고 아랫부분 버튼을 눌러서 아래쪽으로 내려주면 접히고같은방법으로 해서 위쪽으로 올려주면 펼쳐쳐요. ], 부정 텍스트 확률 : 95.84%"
"[접으면 이러한 모습완전 접히는 다른 휴대용보다 부피는 조금 큰대 그래도 어디 가지고 다닐떄 불편할 정도는 아니에요. ], 부정 텍스트 확률 : 87.78%"
"[지갑등을 넣어서 다닐 수 있어요.디럭스에 이게 있어서 휴대용에 없으면 불편할거 같아서 조건으로 넣었는데넣길 잘한듯 ㅋㅋㅋㅋㅋㅋ 지갑하고 핸드폰 딱 들어가서 가까운데 나갈때는 가방 없이 나가도 되요. ], 부정 텍스트 확률 : 89.04%"
"[장바구니도 넉넉해서하루 장볼거리정도는 다 넣어서 올 수 있어요.물건 꺼내기 쉽게 뒤부분이 좀 낮아서 물건이 나오진 않을까 싶었는데막 튀어나오고 그러지 않더라구요.솔이 기저귀가방도 들어가요 ㅋㅋㅋ ], 부정 텍스트 확률 : 90.12%"
"[등받이는 양쪽 버튼을 눌러서 끈으로 조절하는건대 이게 조금 불편해요.잠들었을 때는 눌러서 쭉 내려주면 되는데다시 올릴때는 아기가 타 있으면 아기 등을 세우고 올려야되요.발 하나로는 유모차를 앞으로 안밀리기 고정시키고 ㅋㅋㅋ저는 이부분이 제일 불편한거 같아요. ], 부정 텍스트 확률 : 79.44%"
"[이번 추석연휴때 시댁 가면서 에코다 웨이로드 휴대용 유모차도 가지고 내려가서나들이도 하고 바닷가도 갔다오고 그랬어요.사서 정말 유용하게 사용하고 있어요 ㅋㅋㅋㅋㅋㅋ차에 실어놓고 퇴근하자마자 어디 가야할때 꺼내서 바로 솔이 태우고 마실나가고ㅋㅋ ], 부정 텍스트 확률 : 91.60%"
"[솔이 태우면 이런모습발 받침대가 없는 콤는 애기가 유모차에서 잠들면 무릎이 꺽여서 되게 불편할거 같았는데에코다 웨이로드는 발받침이 있어서 줗아요.지금 솔이 사이즈에 딱 맞아서 더 좋음 ㅋㅋㅋㅋㅋㅋ그리고 높이가 적당해서 인 솔이 애비도 불편함 없이 끌고 다녀요.휴대용은 낮아서 불편하다는 얘기도 많이 들었는데 다행. ], 부정 텍스트 확률 : 56.54%"
"[차양막이 잘 접히고 잘 펴져서 솔이가 자꾸 장난쳐....ㅋㅋㅋㅋㅋㅋㅋ ], 부정 텍스트 확률 : 88.16%"
"[핸들링 많이 궁금해하실거 같은데 그냥 무난 합니다.바퀴가 작아서 낮은 턱에도 걸리고 하수구 구멍에 빠지고 하는데 그건 어느 휴대용 유모차나 그렇다고 하더라구요그래도 오카사 여행가서 쓴 콤보다 핸들링 좋습니다 ㅋㅋㅋㅋㅋㅋㅋㅋㅋ 자꾸 콤랑 비교하게 되는데 제가써본게 그것뿐이라 그런거지콤에게는 아무런 감정이 없습네다.가볍고 한손으로도도 운전 가능해서 한손으로는 핸드폰도 만질 수 있어요.턱은 조심조심.대체적으로 만족하며 쓰고 있고], 부정 텍스트 확률 : 50.17%"
"[이거 사고는 디럭스 안태우네용 ㅋㅋㅋㅋㅋㅋㅋ가볍고 예뻐서 자주 사용하게 될거 같아요.열심히 고르고 골라 구매한 에코다 웨이로드 휴대용 유모차 잘한거 같아요.별 네개반등받이 올리는거 힘드니까솔이맘윤여사], 부정 텍스트 확률 : 51.77%"
"[ 타보휴대용유모차 브라운 개봉기 ], 부정 텍스트 확률 : 71.55%"
"[보니렌 보니], 부정 텍스트 확률 : 65.83%"
"[마루스 안단테], 부정 텍스트 확률 : 53.29%"
"[ 우리 쪼꼬미가 딴짓?하다가도 발견하면 빙그레 미소짓는 에듀테이블 등장 타보 휴ㅐ용유모차랑 비교해보면 대충 크기가 가늠되시나요?? ], 부정 텍스트 확률 : 95.97%"
"[ 자 형태의 안전가드 는 아가들의 발 받침대 역할도 하고 위로 올리면 안전가드 역할도 한다고 해요 ], 부정 텍스트 확률 : 79.86%"
"[ 유모차 시트에는 타보 로고가 새겨져 있군요], 부정 텍스트 확률 : 51.49%"
"[타보베이직엣지 출시 기념 종 사은품 증정. 타보베이직 전용 수납], 부정 텍스트 확률 : 62.92%"
"[보관 가방기내 반입실내 보관용. 타보베이직 전용 안전가드내 아이를 위한 최소한의 안전장치. 타보베이직 전용 컵 홀더타 모델과 호환불가 ], 부정 텍스트 확률 : 84.90%"
"[타보페이직 포토후기 이벤트유모차 구매 후기를 육아카페], 부정 텍스트 확률 : 54.66%"
"[블로그], 부정 텍스트 확률 : 53.29%"
"[카카오스토리], 부정 텍스트 확률 : 53.29%"
"[인스타그램], 부정 텍스트 확률 : 53.29%"
"[페이스북], 부정 텍스트 확률 : 53.29%"
"[휴대의 편리성비행기], 부정 텍스트 확률 : 67.60%"
"[대중교통], 부정 텍스트 확률 : 53.29%"
"[안전벨트는 영아에게는 점식으로 사용해 주시고], 부정 텍스트 확률 : 63.23%"
"[아이가 어깨끈을 힘들어하거나], 부정 텍스트 확률 : 76.99%"
"[ 체스트르], 부정 텍스트 확률 : 53.29%"
"[ 보호빈티지], 부정 텍스트 확률 : 57.75%"
"[ 피프티피프티], 부정 텍스트 확률 : 63.46%"
"[ 스타보브스키극장], 부정 텍스트 확률 : 79.68%"
"[ 오페라], 부정 텍스트 확률 : 53.29%"
"[ 우말레호글레나 ], 부정 텍스트 확률 : 53.29%"
"[이제 내일이면 현실로...으헝헝인정하고 싶쥐 않악 ], 부정 텍스트 확률 : 94.18%"
"[하..일단 맛없는 조식땜시롱 물만 세컵마시고우린 맥날로 ], 부정 텍스트 확률 : 92.35%"
"[ 하지만 날씨가 죠아서 기부니가 전환 됨 ], 부정 텍스트 확률 : 54.28%"
"[ 냐하 ], 부정 텍스트 확률 : 97.39%"
"[요걸로 일단 배를 채우고젤라또 머그러 꼬꼬 ], 부정 텍스트 확률 : 95.79%"
"[언니...언제 오픈해요...?너무 먹고 싶은뒈욥? ], 부정 텍스트 확률 : 86.99%"
"[내가 주문쓰레기통 치워줘....거리가 이쁘니까걍 가게 창밖은 다 그림이다..부럽다 ], 부정 텍스트 확률 : 70.99%"
"[눈부셔ㅋㅋㅋㅋㅋㅋ ], 부정 텍스트 확률 : 60.17%"
"[요건 왠지 느낌있어보여서...ㅋㅋㅋㅋㅋㅋㅋㅋㅋ쿠쿠느낌ㄱㄱ? ], 부정 텍스트 확률 : 66.47%"
"[젤라또 가게 입성. ], 부정 텍스트 확률 : 62.92%"
"[ㅋㅋㅋㅋㅋㅋ자동반사찍고 찍힌다ㅋㅋㅋㅋㅋㅋ ], 부정 텍스트 확률 : 76.05%"
"[유리 화장실 간 사이에요롷고롬ㅋㅋㅋㅋㅋㅋ여기와서 화장실 찾기도 힘들뿐더러 돈을 내야 하니까화장실 있는 가게 들어오면생각이 없어도 무조건 가게 된다ㅋㅋㅋㅋㅋㅋㅋㅋㅋ그리고 심지어 무서워서 물도 맘대로 못먹음내가 아침에 물 세컵 연달아 원샷때리니까 유리가 니 어쩌려고 그러노 화장실도 없는데ㅋㅋㅋㅋㅋㅋㅋㅋㅋ라고 걱정ㅋㅋㅋㅋㅋㅋㅋㅋ ], 부정 텍스트 확률 : 99.16%"
"[젤라또 찡구샷 ], 부정 텍스트 확률 : 53.29%"
"[단독샷 ], 부정 텍스트 확률 : 53.29%"
"[그렇게 또 까를교를 건너건너오전 팁투어를 들으러 고고숙소가 까를교 밑이니까 매일매일 까를교를 볼 수 있어서 참 좋았다 ], 부정 텍스트 확률 : 69.69%"
"[구글맵에 오전 팁투어 장소 오베츠니 둠 찍고열심히 걸어가는 중한 분정도 늦었다ㅋㅋㅋ ], 부정 텍스트 확률 : 66.60%"
"[요기는 까를대학교우리나라에 세종대왕이 있다면체코에는 까를세님이 계신다ㅋㅋㅋㅋㅋㅋㅋㅋㅋㅋㅋㅋ이게 가장 기억에 남음ㅋㅋㅋㅋㅋㅋㅋㅋㅋㅋㅋ요기서 듣는데 진짜 추워서 미취고 팔쫙 뛰는 줄...아....진짜 햇빛없는 그늘에서 들어서 그런지북극온 줄 알았따ㅋㅋㅋㅋㅋㅋㅋㅋㅋㅋㅋㅋ코에는 콧물이 달리고...얼굴에 소름돋고...유리가 내 얼굴보고 니 진짜 하얗게 질렸다며괜찮냐고.. 어떡할래], 부정 텍스트 확률 : 60.93%"
"[ ? 라고 물었다근데 팁투어 너무 재밌어서 포기못함.ㅋㅋㅋㅋㅋㅋㅋㅋㅋㅋ우린 그대로 고 하기로 한다...그리고 모짜르트가 초연했다는 극장앞에서설명듣는데ㅋㅋㅋㅋㅋㅋㅋㅋㅋㅋ진짜 유리가 이대로는 안되겠다며 두리번 거리더니 옆에 있는 약간올리브영 삘 나는 곳으로 냅다 뛰어 들어감ㅋㅋㅋㅋㅋㅋㅋㅋㅋㅋㅋ야 같이가 ], 부정 텍스트 확률 : 66.29%"
"[ㅋㅋㅋㅋㅋㅋㅋㅋㅋ..ㅋㅋㅋㅋㅋㅋㅋㅋㅋㅋㅋㅋㅋㅋㅋ ], 부정 텍스트 확률 : 74.78%"
"[ㅋㅋㅋㅋㅋㅋㅋㅋㅋㅋㅋㅋㅋㅋㅋ진짜 무슨 재난영화에서 갑자기 마트 터는 사람들처럼그렇게 가격도 뭐도 안보고 걍 집어들고카운터로 감ㅋㅋㅋㅋㅋㅋㅋㅋㅋ수면양말과 이상한 목도리 하나 사서다시 선생님께로 ], 부정 텍스트 확률 : 99.57%"
"[당 충전 ], 부정 텍스트 확률 : 53.29%"
"[역시나 이쁜 꽃어쩜 저렇게 깔끔하게 관리가 잘 될까?신기방기동방신기 ], 부정 텍스트 확률 : 54.02%"
"[이거난 이게 너무너무 맛있었는데...병원샘들 맛 보여 주려고 들고가서진짜 반강제로ㅋㅋㅋㅋㅋㅋㅋㅋㅋㅋ다들 입에 집어넣음샘 이거이거 먹어봐요 이거ㅋㅋㅋㅋㅋㅋㅋㅋㅋㅋㅋ맛있죠?맛있죠?근데 당직샘이 하하 ㅋㅋㅋㅋㅋ웃으며 호불호 갈릴 맛 이랬다.........예무룩... ], 부정 텍스트 확률 : 88.68%"
"[어떻게 이게 불호가 있을 수 있지???ㅋㅋㅋㅋㅋㅋㅋㅋㅋㅋㅋㅋㅋ흑흑 ], 부정 텍스트 확률 : 53.14%"
"[다음은 천문시계탑정각인가..암튼 몇시에 천문시계 쇼?ㅋㅋㅋㅋㅋㅋㅋㅋㅋ아 뭐였지ㅋㅋㅋㅋㅋㅋㅋㅋㅋㅋㅋㅋ암튼 그것때문에 사람들이 진 짜 많았다자나깨나 소지품 조심하지만 난 코트안에 에코백이 있기땜시롱걱정없지롱ㅋㅋㅋㅋㅋㅋㅋㅋ ], 부정 텍스트 확률 : 77.51%"
"[명 코루나 ], 부정 텍스트 확률 : 56.23%"
"[가서 통유리로 된 엘베타고 올라가면 나옴ㅋㅋㅋㅋㅋㅋㅋㅋㅋ걍 막 사람들 따라가거나아니면 감으로 가면 됨ㅋㅋㅋㅋㅋㅋㅋㅋ ], 부정 텍스트 확률 : 95.28%"
"[혹시..엽서..?ㅋㅋㅋㅋㅋㅋㅋㅋㅋㅋㅋㅋㅋㅋㅋ내가 찍었지만 넘나 잘 찍은 것ㅋㅋㅋㅋㅋㅋㅋㅋ 쿠쿠 ], 부정 텍스트 확률 : 84.10%"
"[이게 내 프사인데해영샘이 나보고귀신이냐고ㅋㅋㅋㅋㅋㅋㅋㅋㅋㅋㅋㅋㅋㅋ귀신아니고 느낌샷인데여....헤...ㅋㅋㅋㅋㅋㅌ ], 부정 텍스트 확률 : 80.12%"
"[그리고 우린 파스타 좀 먹고 싶어서서치서치ㅋㅋㅋㅋ그 중 한곳 당첨되어 가려는데어디라고?아 거기 천문화약탑 옆에ㅋㅋㅋㅋㅋㅋㅋㅋㅋ터짐ㅋㅋㅋ천문화약탑 같은건 없ㅋ음ㅋ천문시계탑과 화약탑이 합쳐져 텨나옴ㅋㅋㅋ근데 또 아거기?어느 누구하나 정정해주는 자 없다ㅋㅋㅋㅋㅋ공부를 안하면 이렇게 된다며ㅋㅋㅋㅋㅋㅋ ], 부정 텍스트 확률 : 73.98%"
"[내려가니 웨딩촬영중인예신 예랑님이 계셨다ㅋㅋㅋㅋㅋㅋㅋㅋㅋㅋㅋㅋㅋㅋ여기는 걍 아무데서나 찍어도 스튜디오 일 듯.. ], 부정 텍스트 확률 : 79.89%"
"[나왔다 ], 부정 텍스트 확률 : 52.20%"
"[체스트르 ], 부정 텍스트 확률 : 53.29%"
"[펼치니 소 등장ㅋㅋㅋㅋㅋㅋㅋㅋㅋㅋㅋ처음으로 정말 머리 굴려서 스스로 주문했다ㅋㅋㅋㅋㅋㅋㅋㅋㅋㅋ내가 원하는 부위를 골라 암튼 뭐 엄청 머리 굴려야 함ㅋㅋㅋㅋㅋㅋㅋㅋㅋㅋ어찌어찌 주문 완료 ], 부정 텍스트 확률 : 91.21%"
"[제대로 현지인 맛집인듯....관광객보다는 전부 다 현지인 같아 보였다 ], 부정 텍스트 확률 : 65.20%"
"[맛있었다....소는 당연히 맛있겠지만요건 진짜 좀 맛있었움고기 먹다가 좀 상큼한거 먹고 싶어서토마토 샐러드를 시키기로 함직원님께토마...아. 퉈메이뤄샐뤄드ㅋㅋㅋㅋㅋㅋㅋㅋㅋㅋㅋㅋㅋㅋ그니까 바로 알아들어주심만약 내가 토마토라 했으면못알아들었겠지], 부정 텍스트 확률 : 66.16%"
"[ ?ㅋㅋㅋㅋㅋㅋㅋ쩝 ], 부정 텍스트 확률 : 64.97%"
"[진짜 하나도 안남기고 싹 비웠다배 뚜둥 ], 부정 텍스트 확률 : 55.30%"
"[너무 감격스러워서 찍었다저렇게 먹었는데 만원......말이 됨.....?여기서 먹었다면 만원 훌쩍 넘겼을텐데...토마토샐에 감튀에 맥주 두잔에 스테이크 두개....인데....진짜 대박을 외침심지어 맛도 훌륭...아 걍 핵 대 박기분좋게 먹었으니 이제 그렇게ㅋㅋㅋㅋㅋㅋㅋㅋㅋㅋㅋㅋㅋ우리가 꼭 가야만 한다던빈티지샵을 구글맵에 찍고 또 걷기 시작 ], 부정 텍스트 확률 : 56.02%"
"[빈티지 샵인데 퀄리티 굿..엄청 졸려했던 유리가여기 들어오자마자야..잠이 깬다..라고 했다ㅋㅋㅋㅋㅋㅋㅋ ], 부정 텍스트 확률 : 59.14%"
"[여기는 옷이 진짜 많았다유리가 들어오자마자예지.. 여기는 진짜 뭐 있을 것 같다여기 성공할 것 같다며ㅋㅋㅋㅋㅋㅋㅋㅋㅋㅋㅋㅋㅋㅋ현지인 손님들도 많았음근데 좁은 공간에 다 옷이다 보니..특유의 냄새와 정말 탁한 공기...ㅋㅋㅋㅋㅋㅋㅋㅋㅋㅋㅋㅋㅋ숨 쉬기 힘듦 ], 부정 텍스트 확률 : 67.42%"
"[그래도 놓칠 수 없지ㅋㅋㅋㅋㅋㅋㅋㅋㅋㅋㅋㅋ난 역시나 옷들이 넘나 크고ㅠㅠ아오 유리는 여기서 치마를 겟아니 근데 유리 다른 치마 피팅하러 들어갔다가ㅋㅋㅋㅋㅋㅋㅋㅋㅋㅋ사이즈 안맞아서 피팅룸 안에서오 쒯ㅋㅋㅋㅋㅋㅋㅋㅋㅋㅋㅋㅋㅋㅋㅋㅋㅋ했는데 밖에 현지인 여자 둘이 터짐ㅋㅋㅋㅋㅋㅋㅋㅋㅋㅋㅋㅋ아 웃겨내가 왜 영어로 욕했냐고 차라리 한국어로 욕하면 알아듣지나 못하지ㅋㅋㅋㅋㅋㅋㅋㅋㅋㅋㅋ자기도 모르게 나왔단다걔들 입장에선 외국인이 ㅅㅂ 한거 아니냐며ㅋㅋㅋㅋㅋㅋㅋㅋㅋ ], 부정 텍스트 확률 : 91.49%"
"[그땐 그냥 막 찍었는데다시 보니 너무 좋다...ㅠㅠ ], 부정 텍스트 확률 : 58.03%"
"[나는 꽃너는 해쿠쿠다음 우리 스케쥴은 고대하던 오페라팁투어 들을때 가이드님께서여기 사람들은 오페라를 좀 특별하게 생각해서갖춰입고온다 하시길래우리도 있는 옷 중에 그나마 좀 갖춰입고 가려고ㅋㅋㅋㅋㅋㅋㅋㅋㅋㅋㅋㅋㅋ숙소에 들려 좀 쉬고 옷도 갈아입는걸로 ], 부정 텍스트 확률 : 83.69%"
"[다시 신나쩌요ㅋㅋㅋㅋㅋㅋㅋㅋㅋㅋ여기서 오페라 볼 생각에 들뜸이것도 그냥 떠나기 하루 전날유리한테야 우리 오페라 볼래? 해서 그럴까? 걍 거기가서 예매하면 될 듯ㅋㅋㅋㅋㅋㅋㅋㅋㅋㅋ이렇게 급결정그래서 후기도 뭐도 하나도 안찾아본지라 더 기대 ], 부정 텍스트 확률 : 89.19%"
"[스타보브스키극장구글맵에 찍고 도착하니아니..여기는.....오늘 오전팁투어때 모짜르트가 초연했다고 배운 그 극장??????????대박...ㅋㅋㅋㅋㅋㅋㅋㅋㅋㅋㅋㅋㅋ내가 그럼 그 극장에서 오페라를 본다고???대...박...ㅋㅋㅋㅋㅋㅋㅋ ], 부정 텍스트 확률 : 94.91%"
"[문을 열고 들어가면 저 이모가 표를 확인하고 어디로 가라고 안내해준다귀 쫑긋 ], 부정 텍스트 확률 : 78.62%"
"[아 신기해..ㅋㅋㅋㅋㅋㅋㅋㅋㅋ ], 부정 텍스트 확률 : 73.96%"
"[올라가니 막 사람들이와인잔 들고 있었음...ㅋㅋㅋㅋㅋㅋㅋㅋㅋㅋㅋㅋㅋㅋ ], 부정 텍스트 확률 : 91.08%"
"[근데 대체 여긴 어디?왠 방문?ㅋㅋㅋㅋㅋㅋㅋㅋ 우린 대체 어디로 가야함?공연장 어떻게 가는거?ㅠㅠㅠㅠ ], 부정 텍스트 확률 : 74.96%"
"[두리번 두리번ㅋㅋㅋㅋㅋㅋㅋㅋ옆에는 이태리에서 오신 할아부지께서 앉아계셨다ㅋㅋㅋㅋㅋㅋ동양인 여자 애 두명이 들어오니 적잖이 놀라신듯우리가 우와우와하면서 사진찍고하니 할부지께서 본인 몸 안나오게 하려고 막 벽에 딱 붙으시고ㅋㅋㅋㅋㅋㅋㅋㅋㅋ완전 배려왕...ㅋㅋㅋㅋㅋㅋㅋㅋ그러더니 우리 둘이 같이 사진 찍어주신다 함헤헤 ], 부정 텍스트 확률 : 99.16%"
"[사람들이 점점 들어오기 시작했고정말 차려입고들 와서 우린 놀랠노자....진짜 어떤 여자는 이 추운 날 완전 오프숄더 드레스 비슷한거에남자들도 나비넥타이 한 사람도 있고거의 다 정장에..ㅋㅋㅋㅋㅋㅋㅋㅋㅋㅋ진짜 다들 쫌만 더 입었다간시상식 갈 분위기..ㅋㅋㅋㅋㅋㅋ유리랑 나랑 야 우리 옷 안갈아입고 왔으면 까인거 아니가농담으로 막 그랬는데ㅋㅋㅋㅋㅋ내가 인스타에 올렸더니어떤 여자분 정말 가벼운 차림으로 갔다가 까였다함ㅋㅋㅋㅋㅋㅋㅋㅋㅋㅋㅋ대박], 부정 텍스트 확률 : 96.56%"
"[부가 끝났고 ], 부정 텍스트 확률 : 79.08%"
"[사람들은 또 나와서 와인을 마신다ㅋㅋㅋㅋㅋㅋㅋㅋㅋㅋㅋㅋ우린 첨에 끝난 줄 알고ㅋㅋㅋㅋㅋㅋㅋㅋㅋㅋ나옴ㅋㅋㅋㅋㅋㅋ근데 생각해보니 인사를 안한거ㅋㅋㅋㅋㅋ그래서 정신차리고 다시 들어가니이태리 아저씨가 낫피니쉬ㅋㅋㅋㅋㅋㅋㅋ예아예아ㅋㅋㅋㅋㅋㅋㅋㅋㅋㅋㅋㅋㅋㅋ ], 부정 텍스트 확률 : 77.66%"
"[ㅋㅋㅋㅋㅋㅋㅋㅋ그리고 우린 벨벳맥주 머그러ㅋㅋㅋㅋㅋㅋ피곤하다하다 해도또 뭐 하면서 힐링하고 기운찾고ㅋㅋㅋㅋㅋㅋㅋㅋ그러다 보니 할꺼 다 하게 됨여행하다 쌓인 피로 또 여행하며 품 ㅋㅋㅋㅋㅋㅋㅋㅋㅋ ], 부정 텍스트 확률 : 93.43%"
"[ 타보유모차 후기쓰고 선물 받았어요유모차 가방], 부정 텍스트 확률 : 60.32%"
"[손잡이커버 ], 부정 텍스트 확률 : 53.29%"
"[위에는 가방이구요 ..거의 안쓸거 같긴 한데 .. ㅎ밑에는 손잡이커버예요 ], 부정 텍스트 확률 : 78.55%"
"[타보유모차 손잡이는 ..스펀지 재질로 된 ..그런 손잡이예요 땀이 나거나 하면 바로 흡수될것 같은 ..빨지도 못하는데 ..세균도 막 득실득실 할것 같고 ..], 부정 텍스트 확률 : 93.13%"
"[바깥에서도 한컷지갑홍보 아님 .....ㅋ ], 부정 텍스트 확률 : 75.36%"
"[ 타보베이직 유모차 구매 후기 ], 부정 텍스트 확률 : 53.29%"
"[서하가 더 애기였을때는 휴대용에 태울 생각은 하지도 않았었다무겁디 무건 디럭스 유모차를 굳이 오르락내리락거리면서 열심히 차에 싫고 다님.근데 이젠 돌이 지났어 ㅋ동네 엄마들도 동네에선 디럭스 끌고 다니는데 차에는 항상 휴대용이 실려 있다며...어디 놀러갈때는 휴대용이 필수라며 어여 사라며 강추...그래], 부정 텍스트 확률 : 77.07%"
"[이젠 휴대용 태울때도 됐지.뭘 살까...첨 디럭스 유모차 살때 하던 고민 똑같이 또하고 있다동네 엄마들의 유모차들을 꼼꼼히 훔쳐보기 시작 ㅋㅋ다른 사람들 올린 글을 보니 핸들링], 부정 텍스트 확률 : 56.10%"
"[장바구니], 부정 텍스트 확률 : 53.29%"
"[프레임], 부정 텍스트 확률 : 53.29%"
"[무게 등등 각양각색의 우선순위를 두고 유모차를 선택하던데], 부정 텍스트 확률 : 82.69%"
"[그럼 난?나도 있지], 부정 텍스트 확률 : 62.44%"
"[첨엔 쇼핑몰에서 이 사진만 보고 바로 패스.차양막이 짧잖아근데 동네엄마가 본인꺼 일부러 꺼내서 직접 보여줌무슨 판촉사원인줄 ㅋㅋㅋ헛], 부정 텍스트 확률 : 94.85%"
"[길다 길어생각보다 길어알고보니 차양막에 지퍼가 있어서 길이조절 가능 ], 부정 텍스트 확률 : 95.79%"
"[타보.박스에 쏙 담아져 옴.신랑이 조립해서 차에 갖다 싫으면 돼? 했는데], 부정 텍스트 확률 : 89.13%"
"[그동안 검색질로 얻은 정보 약간으로 걍 막 건드려봄 ㅋㅋㅋ완전 쉬워기계치인 나혼자 겁없이 막 만지니 걍 휘리릭 펼쳐진다 ㅋ접는 것도 해봤는데 또 걍 이것저것 만져보니 또 휘리릭 접힌다 ㅋ아 대박 ㅋㅋㅋ신랑도 옆에서 보더니 쉽네 한다내가 뭔가 쉬워보이게 휘리릭휘리릭하긴 했나보다 ㅋㅋ펼쳐놓으니 서하가 관심을 보인다엄마닮아 뉴템 좋아하는 따님 ㅋㅋ혹시 타려나해서 슬쩍 올려놓으니 좋다고 편하게 기댐아 대박 ㅋㅋㅋ ], 부정 텍스트 확률 : 51.09%"
"[차양막 좀 올릴라고 하니 건드리지말라고 칭얼대는 따님 ㅋㅋㅋ서하도 차양막이 맘에 드나보다 ㅋㅋ그리고 엄마는 별로 관심없던 티바도 서하는 참 좋아함 ㅋ발받힘도 있음이노베이션에만 있는줄 알았는데 베이직에도 있구나 ], 부정 텍스트 확률 : 99.71%"
"[ 마니또에서 나온 타보사용가능한 커버랑], 부정 텍스트 확률 : 62.77%"
"[ 둘 중에 하나를 놓고 고민중 ], 부정 텍스트 확률 : 53.97%"
"[전용커버가 넘 꽉낀다는 소리가 있어서 불편할까 싶은데], 부정 텍스트 확률 : 91.28%"
"[이건 같이 온 구성품들유모차커버], 부정 텍스트 확률 : 68.44%"
"[컵홀더], 부정 텍스트 확률 : 53.29%"
"[티바마개정확히는 티바마개가 구성품이고], 부정 텍스트 확률 : 66.95%"
"[ 유모차커버랑 컵홀더랑 티바는 사은품 종으로 되있다티바는 당연히 줘야하는거 아님? 웬 사은품 ㅡㅡ ], 부정 텍스트 확률 : 86.42%"
"[옆쪽에 찍찍이], 부정 텍스트 확률 : 56.37%"
"[엄청 쉽네 하던 찰나], 부정 텍스트 확률 : 73.22%"
"[등받이 옆쪽에서 걸림똑딱이도 아니고 찍찍이도 아니고], 부정 텍스트 확률 : 96.61%"
"[걍 일체형으로 붙어있어서 뗄 수가 없잖아분명 인터넷 어딘가에서 벗겨서 빨았단 글을 본것같은데...?폭풍검색을 하는데 잘 못찾겠고 서하는 하도 징징대고해서 잠시 중단하고 애기어부바하고 달래주다가], 부정 텍스트 확률 : 72.07%"
"[ 서하는 관심 도 없이 그저 유모차에 편하게 기대고 앉아 얌전히 기다림 ㅋㅋㅋ대박 ㅋㅋㅋ ], 부정 텍스트 확률 : 57.93%"
"[깜빡하고 빨간색 실 제거를 안했다저걸 제거해야만 도까지 눕혀진다한다실 있는 상태에선 도 ], 부정 텍스트 확률 : 87.60%"
"[브레이크 상태 양호 ], 부정 텍스트 확률 : 53.29%"
"[마트 무빙워크에서 ㅋ ], 부정 텍스트 확률 : 55.35%"
"[ 년형 기내반입 타보휴대용유모차 솔직후기 부제영역은 지식백과에서만 사용되지만 포스트 엔드에 마크업은 잔존하게 됩니다 기본적으로요소는 입니다 ], 부정 텍스트 확률 : 91.25%"
"[제가 사는 곳이 집 근처에서 뚜벅이로분정도면 왠만한 편의 시설은 다 있다보니예블리가 돌이 지나면서안고다니기엔 무리가 있어서 .?유모차유모차 가 열일하고 있어요근데 기존에 사용하던 .?마마스앤파파스어보유모차마마스앤파파스어보유모차 랑 .?아발론유모차아발론유모차 는.?디럭스유모차디럭스유모차 다보니유모차 무게랑 예블리 무게랑 합쳐서제가 밀기엔 아무래도 손목에 무리가오더라고요그래서 정말 열심히.?휴대용유모차휴대용유모차 를 검색해서 가격도 착하고 기능도 착한 제품을찾다가구매한 제품이 .?년타보베이직유모차년타보베이직유모차 랍니다지금은 한달정도 사용하고 후기 남겨요 .?베페베페 에서 직접보고 구입하고 싶었지만 .?보브코리아보브코리아 는 입점하지 않아서 .?맘스맘산본점맘스맘산본점 에 직접 방문해서예약구입후 택배로 받았어요 ], 부정 텍스트 확률 : 97.57%"
"[인터넷으로 구입하면사은품 주죠유모차 가방이랑 컵홀더랑티안전바 그리고 티안전바 마개 ], 부정 텍스트 확률 : 96.12%"
"[전 매장가서 구입하니레인커버까지 추가 증정 받았어요 ], 부정 텍스트 확률 : 77.66%"
"[다 접힌 상태랍니다완제품으로 조립되서배송되서 좋아요♡제가 구입한건 그레이컬러예요 ], 부정 텍스트 확률 : 85.23%"
"[이땐 월이라서 좀 추워서전 레인커버랑 발보낭커버해서다녔어요 ], 부정 텍스트 확률 : 69.16%"
"[장바구니도 휴대용치고 넉넉해서전 너무나 만족 ], 부정 텍스트 확률 : 79.70%"
"[각도 조절은도까지끈으로 하고요빨간실 제거하면 도까지눕힐 수 있어요 ], 부정 텍스트 확률 : 88.13%"
"[브레이크는 가운에 딱전 이거 편하더라고요바퀴에 달린건 작고 불편했었어요 ], 부정 텍스트 확률 : 73.53%"
"[접는건 티안전반 내리고 개의 버튼을 차례로 누르면잘 접히고요 ], 부정 텍스트 확률 : 82.99%"
"[한번더 접으려면 뒷면의 버튼까지개를 차례로 누르면서 접어주는건데어렵지 않아요반대로 펼땐 버튼은 누르지않고세워주면서 펴주면 되요 ], 부정 텍스트 확률 : 74.34%"
"[유모차 시트는 제가 겨울이라서다른거 끼워놓은거예요기본 시트는 그레이 컬러로 깔끔해요 ], 부정 텍스트 확률 : 54.57%"
"[티 안전바는 하단의 버튼을 누르면서내려주면 되요 ], 부정 텍스트 확률 : 80.60%"
"[ 년형 아발론 수퍼라이트초경량 유모차 ], 부정 텍스트 확률 : 75.19%"
"[ 초경량 유모차도 가격대나 무게나 핸들링이나 차이가 많이 나더라구요제가 원하는건], 부정 텍스트 확률 : 50.17%"
"[그리고 초경량이니만큼 무게가 젤 중요했죠.그래서 압축된게 키로 안팎의 무게이면서 만원 안팎의 유모차], 부정 텍스트 확률 : 76.57%"
"[는 무게는 가벼웠지만 안전바가 있으면 점식 벨트고 안전바가 없으면 점식벨트], 부정 텍스트 확률 : 72.20%"
"[그래서 마모스 ], 부정 텍스트 확률 : 65.64%"
"[는 일찌감치 패스하고쿨키즈 와 빈지오 유모차를 비교했어요.디자인과 무게를보면 쿨키즈 가 .빈지오 유모차가 . 으로 가벼운걸 원하는 저에겐 쿨키즈가 더 끌렸으나], 부정 텍스트 확률 : 54.40%"
"[ 빈지오가], 부정 텍스트 확률 : 83.93%"
"[ 처음엔 아발론 년 라이트앤무브 를 구매하려고 했어요.구매하려고 검색하다보니 이게 왠일?? 최신상 년형 아발론 수퍼라이트가 에서 단독 런칭기념 특가로 판매중이지 뭐에요?라이트앤무브 와 같은 무게 . 이면서 컬러는 멜란지 그레이], 부정 텍스트 확률 : 87.34%"
"[멜란지 베이지], 부정 텍스트 확률 : 53.29%"
"[멜란지 블루로 더 고급스러워지고], 부정 텍스트 확률 : 81.27%"
"[ 거기에 런칭특가 이벤트로 유모차 양산과 유모차 모기장], 부정 텍스트 확률 : 77.39%"
"[이렇게], 부정 텍스트 확률 : 73.84%"
"[생각보다 긴??ㅋㅋ 박스가 왔어용 ], 부정 텍스트 확률 : 80.46%"
"[전 수퍼라이트 그레이컬러로 주문했어요받자마자 종사은품 보이시나요?ㅎㅎ양쪽에 가방 두개], 부정 텍스트 확률 : 84.08%"
"[유모차 양산], 부정 텍스트 확률 : 53.29%"
"[오자마자 펼쳐서 앞바퀴만 후다닥 끼웠어요ㅎㅎ앞바퀴도 힘들지않게 쏙 들어가서 어렵지않았답니다 ], 부정 텍스트 확률 : 69.64%"
"[사은품 가방이에요작은감이 없긴하지만 초경량에 세심하게 신경써주신거 같아요여기에 여름엔 한쪽엔 모기장], 부정 텍스트 확률 : 65.30%"
"[한쪽엔 아이 물통이나 작은 장난감], 부정 텍스트 확률 : 67.56%"
"[간식 넣어다니면 좋을거같아요 ], 부정 텍스트 확률 : 74.60%"
"[그리고 차양막 위엔 이렇게 아이를 볼수있는 메쉬창도 있답니다이제 펼쳐보고 했으니 중요한 핸들링을 몸소 체험해 봐야겠죠?ㅎㅎ ], 부정 텍스트 확률 : 77.04%"
"[받자마자 이렇게 동네 지인분과 밥먹으러 다녀오는 길이에요ㅎㅎ이 무더운 땡볕에도 저희 개월 셋째호야는 잠을 쿨쿨], 부정 텍스트 확률 : 79.07%"
"[땀을 뻘뻘.], 부정 텍스트 확률 : 57.81%"
"[흘리면서도 쿨쿨 자고있는 모습이네용], 부정 텍스트 확률 : 84.88%"
"[더울거같아서 차양막 뒷부분을 열고 다녔어요ㅎㅎ아발론 년형 수퍼라이트 핸들링은], 부정 텍스트 확률 : 65.49%"
"[ 좋습니다. 초경량이라 핸들링 그렇게 기대안했는데 작은 턱정도는 그냥 불편없이 다녔어요그리고 또 하나의 장점은 애기 내릴때 가방 저렇게 걸어두고 애기 먼저 내려줬는데중심이 잘 잡혀있는지 뒤로 발라당 넘어가지 않았어요ㅎㅎ 초경량 쓰시는 분들 잘못 만들어진 유모차 사면 뒤에 좀 무거운거 걸어놓으면 한번씩 발라당 넘어간다고들 하시는데 전혀 넘어가지않고 중심 잘잡고 있더라구요하지만 그렇다고 너무 무거운거 걸어두심 당연히 넘어가겠죠?ㅋㅋ오늘 수퍼라이트 사용해보면서 한가지], 부정 텍스트 확률 : 67.67%"
"[이벤트 사은품이라 택배비를 부담하긴했습니다만.ㅎㅎ 안전가드와 컵홀더를 ], 부정 텍스트 확률 : 56.21%"
"[ 타보유모차휴대용유모차기내용타보유모차 구입후기 ], 부정 텍스트 확률 : 52.39%"
"[ 타보유모차휴대용유모차추천.초경량절충형휴대용유모차가볍지만튼튼한프레임기내반입유모차경차수납도 ], 부정 텍스트 확률 : 87.24%"
"[스토케를 사용하고있는 시은애미는무거워도 너무 무거워서 휴대용유모차를 급 검색], 부정 텍스트 확률 : 89.55%"
"[ 구매하게됩니다.휴대용 유모차란 유모차는 개 이상 찾아보고 검색한거 같아요.그러던 중], 부정 텍스트 확률 : 84.92%"
"[ 어????타보유모차를 보는데], 부정 텍스트 확률 : 63.82%"
"[어머 이건 사야해.프레임도 예쁘고 튼튼해보이잖아 ], 부정 텍스트 확률 : 82.15%"
"[아무래도 유모차는 계속 끌고다녀야하기때문에디자인도 무시할 수 없어요.하지만 얇디얇은 프레임도 용서할 순 없어요 ], 부정 텍스트 확률 : 91.63%"
"[하지만저랑 같은 생각하고 구매하시는 분들이 많아서인지 ], 부정 텍스트 확률 : 54.18%"
"[ 차품절차예약 ], 부정 텍스트 확률 : 53.29%"
"[스토케가 브라운컬러라 ㅋㅋㅋㅋ솔직하게 유모차 받고 제 느낌을 작성해봤어요.지극히 주관적인것이니 오해는 금물구입하실때 조금이라도 도움이 되시길바래요.폭넓은 시트시트 가로넓이가 어른이 앉아도 무리없겠더라구요.아주아주 옹동이가 작은 사이즈의 어른 가능 ], 부정 텍스트 확률 : 68.55%"
"[자유로운 등받이단계가 따로 있는게 아니라 뒤에 있는 등받이 조절길이로 내 아이에 맞춰서 조절가능해서 좋았어요.이 부분이 좀 허접해보이고 불편하다는분들도 계셨는데전 오히려 좋던데요 ], 부정 텍스트 확률 : 83.48%"
"[단조절 풀차양솔직히 풀차양은 살며시 넣어둘께요.차양막 길이가 아쉽긴하지만 모든 유모차는 아쉬운점이 한가지 이상씩은 다 있어요.저보다 더 심하게 이거 저거 재다가는 아무것도 살수있는게 없음 ], 부정 텍스트 확률 : 88.57%"
"[ 서스펜서 아이 몸무게를 완화], 부정 텍스트 확률 : 70.68%"
"[아이에게 직접적으로 충격이 가지않아 안전함 ], 부정 텍스트 확률 : 58.30%"
"[완조립조립하지않아도 꺼내서 펴주기만 되니 나같은 귀차니즘 엄마에게 안성맞춤이에요.조립 잘 못하는 엄마들은 애아빠가와서 해줘야하는데 아빠올때까지 언제기다려ㅠㅠ새 유모차가 왔는데 빨리 태워보고싶어하는건 나뿐일까 휴대용 사이즈단계까지만 접었는데도 피셔프라이스 러닝홈보다 작고 단계로 접으면 에듀테이블 만한 사이즈라 컴팩트함까지 갖췄어요.스토케를 차에 실을때는 시트랑 바퀴부분을 앞좌석이랑 트렁크에 나눠서 차에 실어야하는데 그러지않아도 되니 너무 편해요카시트 앉아있는 아이 발 밑에 실으면], 부정 텍스트 확률 : 98.74%"
"[ 휴대용유모차 중에], 부정 텍스트 확률 : 85.90%"
"[ 길이가 너무 길어서 아기 안고 메기에는 불편], 부정 텍스트 확률 : 76.17%"
"[ 타보는 접으면 딱 정사각형 가방 모양이라], 부정 텍스트 확률 : 77.06%"
"[ 어깨에 메도 옆으로 튀어나와있거나 그러지않아서 좋아요.셀프스탠딩앞에서도 적었지만 접었을때 길쭉한 휴대용유모차는 셀프스탠딩이 되질 않아요. 이 부분도 없으면 불편한부분인데], 부정 텍스트 확률 : 99.26%"
"[ 타보는 무려 셀프스탠딩이 되요 되스탠딩이되지않아서 엎드려놓거나 그러면 시트랑 차양막이 더러워지기마련인데 깨끗하게 보관할수있어 좋아요. ], 부정 텍스트 확률 : 95.24%"
"[장바구니휴대용은 장바구니가 아예없거나 있어도 손가방 하나 들어갈 크긴데 레인커버도 실어 다닐수 있으만큼 공간도 크고 넓직해서 간편한 장보기정도는 실을 수 있어요. ], 부정 텍스트 확률 : 80.28%"
"[ 퀴니], 부정 텍스트 확률 : 53.29%"
"[ 잉글레시나], 부정 텍스트 확률 : 81.24%"
"[ 그라코 모든 유모차를 유모차 잘 안타려는 애기덕분에?섭렵했어요. 디럭스절충형휴대용 이것저것 다 끌어봐도 스토케만한게 없더라는...스토케가 휴대성은 참 떨어져도 핸들링이 예술이라 다른유모차 갈아치울때도 꼭 가지고 있는 유모차인데], 부정 텍스트 확률 : 73.12%"
"[타보가 스토케핸들링하고도 견줄만큼 핸들링이 예술이에요.시트 각도가 거의 직각으로 이루어지고핸들링이 좋아야 애기도 짜증을 안내고 유모차를 잘 타는것같아요.브레이크브레이크가 뻑뻑하거나 양쪽 다 채워야하는건 솔직히 불편해요. 빨리 채워야할 경우도 있는데 타보는 가운데에 있는 브레이크만 딸깍 하고 채우니 편하지 아니한가 ], 부정 텍스트 확률 : 83.07%"
"[간혹 키가 크거나 다리가 기신분들이 브레이크가 걸린다고 하는 글도 보았는데 저는 키도 안크고 다리도 길지않으니], 부정 텍스트 확률 : 74.76%"
"[걸리적거리지않고 딱좋아요 딱], 부정 텍스트 확률 : 77.31%"
"[시트분리이것 빼고 저것 빼고 또 빼서 연결하고.......시트분리가 힘들면 그만큼 세척을 하기가 어려워요.아니 귀찮아서 안하게되요.휴대용은 제일 손이많이가고 아이가 자주 타는거라 유모차에 과자 부스러기며 음식물이 많이 떨어질텐데], 부정 텍스트 확률 : 99.46%"
"[분리과정이 복잡하면 더러운 시트에 아이가 뒹굴뒹굴....], 부정 텍스트 확률 : 92.95%"
"[생각만 해도 끔찍한데 타보는 버튼 몇개만 풀면 시트 세탁 가능해요 타보처럼 편해요 ], 부정 텍스트 확률 : 75.25%"
"[아이 확인창으로 뭐하는지 확인도 가능해요.아무래도 양대면이 안되니이런 세심한부분이 센스돋아요. ], 부정 텍스트 확률 : 81.31%"
"[제가 휴대용유모차 구매하려고 한 개이상 유모차 분석만 한것 같아요. 공부를 이렇게 하라지 ㅋㅋㅋㅋ처음에는 휴대용유모차계의 벤츠. 핸들링도 최고라는 ㅇ요를 구매하려고 직접 태워서 밀어보기도 했는데요세워져있는 각도 아니면 안타는...누워있기싫어하는 우리 따님한테는 그냥 아기 바운서같은 느낌일듯싶었어요.실제로 타고있는 아이들이개월이상인데 너무 눕혀있더라구요.일단 가격도 착하지않았고], 부정 텍스트 확률 : 62.99%"
"[시트 각도가 겨우 단계ㅜㅜ핸들링만 예술이면 뭐하나요 안전바도 따로없고 사제품구입기능적인 부분이 몇가지없는걸...ㅠㅠㅇ요유모차가 제일좋아서 타보랑 비교했어요. 안좋은감정은 전혀 없으니 오해하시지마시길타보도 단점이 아예 없지는 않았어요.전 업체에 제공을 받지않고 제 돈주고 구매하고 제 공간에 제 생각을 쓰는거니 쓸래요 ], 부정 텍스트 확률 : 99.91%"
"[ 갈라질까봐따로 돈주고 손잡이커버 구매하시는분들을 많이봤어요.홍해바다 갈라지듯이 쩍 갈라지는 손잡이재질이 아쉽지만본인 블로그나 육아카페에 후기만 올려도 보브코리아 타보에서 보내주시더라구요.그 전에는 선착순 명이였던거같은데 다 보내주신대요무려], 부정 텍스트 확률 : 93.80%"
"[ 가죽커버 ], 부정 텍스트 확률 : 53.29%"
"[일체형손잡이로 된 ㅋ비], 부정 텍스트 확률 : 76.28%"
"[ㅁㄱㅁ니], 부정 텍스트 확률 : 51.99%"
"[ㅂㄴ렌ㅂㄴ], 부정 텍스트 확률 : 53.29%"
"[ ㅁㄹ스], 부정 텍스트 확률 : 53.29%"
"[에어ㅂㅅ], 부정 텍스트 확률 : 53.29%"
"[ㅍㄷ라], 부정 텍스트 확률 : 53.84%"
"[ㅁㄴㅂ기], 부정 텍스트 확률 : 90.78%"
"[ ㅁㅋㄹ렌은 한번에 폴딩이 안되고 여기 누르고 접고 빼고하는게 아기데리고 택시라도 타려면 복잡하고 힘듧니다..그리고 일체형손잡이가 아닌 유모차는 한손으로 끌 수가없어서 불편하니까대륙의 실수라는 ㅇ야를 구매할까도했지만고장이 안날꺼라는 보장도 없고], 부정 텍스트 확률 : 69.05%"
"[만약 고장나면 어떡하나받기도 어려울꺼같고....저는 뭐 하나사려면 한 박일동안 이것저것 비교하고 또 비교해서 병이긴 하지만이래야 나중에 사놓고도 후회하지않아서질릴때까지 비교해보는게 좋은거같아요.이번 타보도 제 생각이랑 다르지않을듯싶네요.이번에 구매한 타보덕분에 아무래도 타보 찬양전도사 될꺼같은 느낌적인 느낌너무 싸지도 비싸지도 않은 합리적인가격에 핸들링 예술이고 안정감있고 무게도 가벼운 이런 유모차를 살수있다는게 행벅합니다.보브코리아 관계자분들회사 문 절대절대 닫지마시고 망하시면 안되요ㅠㅠㅠㅠㅠㅠㅠ이렇게 좋은 유모차 많이 만들어주세요 ], 부정 텍스트 확률 : 99.88%"
"[ 여행 기내반입 유모차 고르기 ], 부정 텍스트 확률 : 53.29%"
"[ 디럭스유모차로 무겁고], 부정 텍스트 확률 : 64.02%"
"[부피크고], 부정 텍스트 확률 : 50.40%"
"[ 이제는 작은지 불편해하더라구요신생아때부터 잘쓰던 스토케는두번째주인둘째을 만나기전까지 당분간 빠잇빠잇 ], 부정 텍스트 확률 : 98.31%"
"[휴대용은 저렴이로 두아이를 만났으나], 부정 텍스트 확률 : 81.84%"
"[ 하나는 작아져 발이 끌릴정도로 낮고], 부정 텍스트 확률 : 87.71%"
"[ 하나는 트렁크에 실어 다녔는데], 부정 텍스트 확률 : 62.41%"
"[그래도 최근까지 잘이용했고], 부정 텍스트 확률 : 53.44%"
"[ 등판쿠션을 걷어내면 매쉬소재라이번 더웠던 여름을 그나마 시원하게 보낼수 있었어요그러다이번 괌여행을 핑계로 기내반입가능한 유모차를 사야겠다고 결심우리식구 아무도 이해 못하지만ㅋㅋ ], 부정 텍스트 확률 : 96.72%"
"[기내반입 유모차 ], 부정 텍스트 확률 : 53.29%"
"[로 검색을하면 요즘 대세인 타보유모차를 시작으로 많은 유모차를 검색할수 있어요마침], 부정 텍스트 확률 : 56.21%"
"[ 에코다탭 ], 부정 텍스트 확률 : 69.04%"
"[개봉기는 조만간 공개하겠습니다 ], 부정 텍스트 확률 : 78.78%"
"[유모차 전문업체 보브코리아에서 출시된], 부정 텍스트 확률 : 68.43%"
"[앞부부은 바퀴가 달려있고뒷부분은 지지대 역할을 하는 지지대가 있어요바퀴가 있기에 식탁으로 옮기기편하다는 장점이 있어요이제 식판을 조립해볼까요? ], 부정 텍스트 확률 : 50.67%"
"[빨간 원이 보이는 상태는 가장 느슨하게 식판이 빠져있는 상태랍니다.식판은 빼거나 집어넣으면서 식판길이 조절이 가능하답니다. 식판을 많이 빼거나식판을 분리하면 아기를 앉히기 편해요그러면 식판을 한번 빼볼까요? ], 부정 텍스트 확률 : 78.20%"
"[양쪽 버튼부분을 누른 상태에서 식판을 빼기만 하면 됩니다. ], 부정 텍스트 확률 : 65.59%"
"[하이체어를 낮춘 상태의 모습과 높인 상태의 모습확연히 눈으로 비교가 되시죠? ], 부정 텍스트 확률 : 52.57%"
"[보통 유모차도 등받이 조절이 가능하잖아요하이체어 또한 등받이 조절이 가능해요도 단계별 조절이 가능하여영아의 수유부터 유아의 식탁훈련까지성장단계에 맞추어서 사용가능합니다. ], 부정 텍스트 확률 : 93.98%"
"[유모차처럼 등받이를 뒤로 젖힌후아기 낮잠을 재우거나 해도 딱이겠더라구요또 푹신한 소재로 되어 있어 아기가 편안함을 느끼더라구요 ㅎ식탁의자로만 한정되지않고식탁에서 유아식탁의자뿐만아니라쇼파옆에선 아기전용쇼파로아기수면의자로도 사용이 가능해 실용성이 큰 의자랍니다. ], 부정 텍스트 확률 : 71.38%"
"[봉봉이는 개월이라 아직 키가 작기에 발보다 발판이 길기에단계로 맞춰줘야겠죠 아기의 성장에 따라 체어발판을 맞춰주는 게 좋아요 ], 부정 텍스트 확률 : 86.82%"
"[ 년 신형 타보베이직엣지 출시 ], 부정 텍스트 확률 : 72.69%"
"[ 근데 이번에 년형 타보베이직 윰차가 타보베이직엣지라는 이름으로 새로 출시가 된대요저도 유모차살때 되게 베이직이랑 고민하구 아쉬운부분이 있어 이노베이션을 선택하였는데요.이번에 나올 타보베이직엣지는 그런부분들이 많이 보완이 되어 나온듯해요일단 사진부터 보실까유? ], 부정 텍스트 확률 : 52.06%"
"[ 타보베이직에서 발판때문에 고민이셨던 분들 ], 부정 텍스트 확률 : 61.71%"
"[차양 뒷부분에 수납공간이 있다는점이노베이션이랑 닮은 듯 하면서 엣지가 좀더 컴팩트한 느낌이예요 ], 부정 텍스트 확률 : 84.08%"
"[수납공간도 좋고지난여행이후 보브코리아에 문의했을 때도재빠르고 친절하게 답변을 들을 수 있었답니다.안전가드교체비용은 택배비포함 ], 부정 텍스트 확률 : 52.87%"
"[ ↓ ], 부정 텍스트 확률 : 53.29%"
"[↓ 쿠팡 구매자 후기 ], 부정 텍스트 확률 : 76.54%"
"[ ↓ ], 부정 텍스트 확률 : 53.29%"
"[————————————————————— ], 부정 텍스트 확률 : 53.29%"
"[————————————————————— ], 부정 텍스트 확률 : 53.29%"
"[ ..? 상품 상세 정보 확인 하기 ], 부정 텍스트 확률 : 66.90%"
"[할인델리앤벨리 유모차 메쉬커버유모차모기장 ], 부정 텍스트 확률 : 53.29%"
"[ ..? ], 부정 텍스트 확률 : 53.29%"
"[ 원 ], 부정 텍스트 확률 : 53.29%"
"[ 할인 ], 부정 텍스트 확률 : 53.29%"
"[ 델리앤벨리 유모차 메쉬커버], 부정 텍스트 확률 : 53.29%"
"[여러분 유모차모기장를 저렴하게 구매 하세요 ], 부정 텍스트 확률 : 60.25%"
"[ ..? ], 부정 텍스트 확률 : 53.29%"
"[ 원 ], 부정 텍스트 확률 : 53.29%"
"[ 할인 ], 부정 텍스트 확률 : 53.29%"
"[일반 휴대용 윰차에는 약간 크지만 맞기는 맞고 상태도 좋아서 상품은 만족하는데 주머니에서 꺼내기 전부터 풍겨오는 멸치? 말린 건어물 냄새? 같은게 너무 나네요ㅠㅠ 앞에 보호창이 달려있어서 막 세탁 할수도 없고 혹시 손빨래로 빨아도 되나요? ], 부정 텍스트 확률 : 98.21%"
"[ ..? 상품 보기 🔗], 부정 텍스트 확률 : 56.83%"
"[ .?유모차모기장유모차모기장.?유모차유모차.?델리앤벨리델리앤벨리.?메쉬커버메쉬커버], 부정 텍스트 확률 : 53.29%"
"[블로그], 부정 텍스트 확률 : 53.29%"
"[카페 이동 링크는 게시판 글 작성에 위반되는 사항이라 댓글 남깁니다.전체글 삭제 또는 링크 삭제 부탁드릴께요], 부정 텍스트 확률 : 70.03%"
"[ 저희 카페 후기게시판에 글등록시 제목설정은.. ..위 링크 글 참조하시어 가이드 라인에 기준에 맞게 변경 부탁드려요], 부정 텍스트 확률 : 92.11%"
"[ 아주 가볍진 않아요. 무거운감은 있지만 계속 들고 다닐 꺼 아니라 괜찮구요. 갤 아이 타고 다니는데 불편해하진 않고 휴대용치곤 핸들링도 좋은 편이예요. 끈으로 시트 눕히고 하는거라 조금 불편해요. 끝까지 눕혀보진 않았지만 개월 아가도 누워서 편히 자요. 산지 얼마 안되서 디럭스랑 번갈아 사용하느라 몇번 사용 안했지만 만족해요.], 부정 텍스트 확률 : 99.31%"
"[혹시 발커버하셧나요?? 블루라고되어잇는게 같은색상에 발커버인가해서요 ㅠㅠ망설이지않고 구매해야겟아요], 부정 텍스트 확률 : 87.80%"
"[하율마미발커버는 모르겠어요 없던거 같은데.. 블루 샀는데 청느낌나고 너무 이뻐요 저도 살까하고 있어요], 부정 텍스트 확률 : 80.34%"
"[하율마미ㅋㅋ 친구랑 저는 맘에 들었는데.. 아 그리고 오프라인 매장 없고 그래서 거기 전화했더니 한번만 무상으로 반품해준다고 했어요 후기도 없고 그렇다고 했더니전화하고 주문하시던가요 제친구는 반품안할꺼랬어요 ㅋㅋ], 부정 텍스트 확률 : 95.62%"
"[ 타보 베이직이랑 이노베이션 갈등 중이였는데이제 두돌 되가는 아이는 베이직이 나을까요?고민 많이 하신거같아서 여쭤봐요], 부정 텍스트 확률 : 64.32%"
"[저희 까페 후기게시판에 글등록시 제목설정은.. ..위 링크 글 참조하시어 가이드 라인에 기준에 맞게 변경 부탁드려요], 부정 텍스트 확률 : 92.11%"
"[앗? 몰랐어요 지금 수정했답니다], 부정 텍스트 확률 : 70.86%"
"[ 휴대용 유모차 고민중이데 이거 차양막 긴가요?], 부정 텍스트 확률 : 94.96%"
"[풀차양막이긴 하나.. 높이가 있어서 완전히 덮지는 못하더라고요..블링킷 따로 있어야 할꺼 같아요], 부정 텍스트 확률 : 87.90%"
"[이것도 핸들링좋타던데무게는어때요?층 들고다닐거라서ㅠ], 부정 텍스트 확률 : 65.21%"
"[네 핸들링은 진짜 대만족이예요차양막까지하면 키로대라 아주 가벼운편은 아닌거 같아요..혼자서는 가능할 수 있으나..아기와 함께 층까지 다니기에는 약간 힘드실수도 있을꺼 같아요..], 부정 텍스트 확률 : 87.22%"
