"[ 아니 다섯 식구의 첫 외출을 드디어 성공적으로 다녀왔어요비록 짧은 시간이었을지 모르지만우리 둥이들과 함께한 다섯 식구의 첫 바깥나들이살짝 걱정도 했었는데 웬걸요생각했던 것 그 이상으로 둥이들도 잘해주고첫찌 오빠도 잘 도와줘서 기분 좋은 첫 외출을 하고 왔어요ㅎㅎ무엇보다도 외출이 가능했던 건 바로쌍둥이육아 필수템인 쌍둥이 유모차 조립을 완료한 덕분에], 긍정 텍스트 확률 : 91.69%"
"[ 아가 둘을 태우고 다녀올 수 있었는데요 ㅎㅎ세상에나], 긍정 텍스트 확률 : 94.85%"
"[내가 쌍둥이유모차를 끌게 될 줄이야], 긍정 텍스트 확률 : 53.64%"
"[ 아직도 가만히 있다가 나도 모르게 빵 터지게 웃게 되지 뭐예요 ㅎㅎㅎ ], 긍정 텍스트 확률 : 93.63%"
"[ 로 직접 디자인과 생산되다 보니신뢰를 가질 수 있는 프리미엄 제품이구요쌍둥이유모차에 아이 둘을 태우다 보면아이의 무게와 유모차의 무게가 합해져엄마가 한 손으로 이끌기 생각보다 되게 벅차거든요그렇기 때문에 유모차의 핸들링], 긍정 텍스트 확률 : 71.61%"
"[방문 등을통과가 가능하고 출입이 쉽다는 실 사용자분들의 후기를 보고 바로 결정하게 되었던 것 같아요아], 긍정 텍스트 확률 : 70.52%"
"[저는 쌍둥이 육아 중이지만], 긍정 텍스트 확률 : 54.73%"
"[요 제품의 경우연년생을 키우는 분들에게도 아주 유용한 인용 유모차이니둥이가 아니시더라도 차근차근 읽어봐주심 좋을 듯해요], 긍정 텍스트 확률 : 62.47%"
"[ 그리고서 처음으로 뻬그뻬레고 북포투에 태우고서첫 외출을 다녀와보면서 나의 선택이옳았고 아주 바람직했다고 느껴져서재빠르게 포스팅으로 끄적이고 있습니다 ㅎㅎㅎㅎ사실 외출을 하기 전], 긍정 텍스트 확률 : 59.46%"
"[이럴 때 느끼는 문장역시 육아는 장비빨], 긍정 텍스트 확률 : 90.11%"
"[아이템빨특히 쌍둥이육아는 어쩔 수 없이 장비빨이 꼭 필요한데], 긍정 텍스트 확률 : 92.11%"
"[ 외출을 하려고만 해도 쌍둥이육아템이 필요하기 때문이죠. 쌍둥이임신 그리고 출산을 하고서여러 정보들을 탐색하고자 찾아보려고검색해보면 내가 원하는 정확도 있는 정보나글들이 많이 없어서 아쉬운 적들이 많아서내가 사용해본 쌍둥이 육아용품들을 좀 디테일하게 적어보면 어떨까 하는 생각을 했었더라서오늘의 포스팅을 끄적여봅니다..ㅎㅎ], 긍정 텍스트 확률 : 98.40%"
"[ 프레임과 바퀴 전체적으로 덮인 블랙 컬러가시크하면서도 클래식하고 고급스러운무드를 연출해줘서 아주 마음에 드는데요시트와 커버 컬러 또한 블랙으로 선택할 수 있어서올블랙을 선호하시는 분들이 사용하셔도 좋아요딸둥이를 둔 전 밝은 컬러로 해주고픈 마음에베이지를 선택했지요뻬그뻬레고 북포투의 외관 비주얼을 충분히보여드린 것 같아서이젠], 긍정 텍스트 확률 : 99.48%"
"[가장 중요한 유모차 조립에 대해설명드려볼까 해요 ㅎㅎ 사실], 긍정 텍스트 확률 : 98.04%"
"[카시트도 그렇고 유모차도 그렇고사용하기 전에 조립하고 사용법을 숙지하는 게생각보다 순탄치 않은 경우들이 많아서살짝 담아봤으니 스리슬쩍봐주시면 되겠습니다], 긍정 텍스트 확률 : 70.93%"
"[ 집으로 배송돼 온 뻬그뻬레고 박스에서꺼내면 이렇게 폴딩되어져 있는데요 ], 긍정 텍스트 확률 : 87.74%"
"[ 폴딩 된 프레임을 바닥에 먼저 내려놓고차례로 조립을 해주기 시작합니다폴딩 하는 방법은 아래에서 다시 보여드리는데], 긍정 텍스트 확률 : 67.05%"
"[ 핸들 부분을 연결해주었어요 안전바와 핸들의 경우 그냥 꽂으면 되는간편한 조립이어서 디테일하게 설명드리지 않아도바로 해보심 쉽게 하실 수 있어요 ], 긍정 텍스트 확률 : 52.39%"
"[ 그다음은 앞바퀴와 뒷바퀴를 연결해주는데바퀴를 위의 연결 부위에 꽂아주면 되어서개의 바퀴를 연결하는데 분도 채 걸리지 않아요시계로 측정을 해본 건 아니지만그 정도로 수월하단 의미예요 ㅎㅎ방법만 알면 조립은 분 만에도 완료할 수 있도록잘 설계돼 있어 조립과 사용마저도 간편하더라구요], 긍정 텍스트 확률 : 96.34%"
"[ 뒷바퀴 왼쪽과 오른쪽에 풋브레이크가 있어이동 중에도 빠르고 간편하게 브레이크를 작동시킬 수 있어요 발로 툭 해주면 되니까 그야말로스피디 있게 편하게 해줄 수 있어아기들 안전하게 다닐 수 있을 듯해요], 긍정 텍스트 확률 : 89.50%"
"[ 오래 사용할 것이기에 가죽커버도 해주었는데뻬그뻬레고 북포투의 고급스러움을 더해주는데충분했어요혹시라도 사용하시는 분들이라면가죽커버는 사용을 권장해드리고 싶은데위생적으로도 훨씬 좋아요 ㅎㅎ ], 긍정 텍스트 확률 : 98.79%"
"[조립이 어려우신 분들을 위해서조립하는 과정을 영상으로 남겨봤어요하다가 어려운 부분 있으시면 영상을 보시면 서 참고해보시와요 ], 긍정 텍스트 확률 : 63.34%"
"[ 쌍둥이임신을 하기 전에는 알 수 없었던진짜 쌍둥이출산 후의 이야기들.그건 상상도 해보지 못한 일이었는데요제가 첫째를 낳은 초보맘이 아니었음에도 말이죠단태아보다는 쌍태아가 조금 더 적은 몸무게로 태어나게 되기도 하고무엇보다도 주 만삭이 아니라 주를 만삭으로 보기 때문에이른둥이로 태어나는 경우가 많아요저 또한 주 출산으로 이른둥이 아가를 출산했고그렇다 보니 니큐에서 약 한 달 동안 머물렀는데요한 번도 생각해보지 않았고 경험해보지 않아 몰랐는데 니큐에 입원 그리고 퇴원을 하면그걸로 끝나는 것이 아니라 추적 관찰을 위해병원 여러 차례 다녀야 하더라고요.출산 이후에 알게 된 쌍둥이육아 라이프죠그렇다 보니 쌍둥이 유모차는 더 빨리 필요했고또한 신생아 시기에 태우는 것이기 때문에아이를 눕힐 수 있어야 했어요 뻬그뻬레고 북포트는 등받이 조절을 도로 해줄 수 있어 신생아부터 태울 수 있고요각도가 정해져 있는 것이 아니라벨트와 클립으로 내가 원하는 각도를조정해줄 수 있어아이와 엄마가 편한 각도로맞춰 사용할 수 있어 유용해요 ], 긍정 텍스트 확률 : 99.99%"
"[ 또한 뒤에서 유모차를 끌면서아기들이 잘 놀고 있는지 자고 있는지를시야 넓게 확인해볼 수 있고요바람이 많이 불거나 비가 오는 날엔방풍커버를 사용할 수 있으니 외출에서도 안전하게 다닐 수 있겠더라구요 ㅎㅎ 조립하며 몇 가지 움직여보니더 만족스러움에 입가에 미소가 지어지는데요 ], 긍정 텍스트 확률 : 97.86%"
"[ 제일 부담스러웠던 건 역시 폴딩 우려와는다르게세상 대박스러운 초 폴딩의 위엄을 보여주는뻬그뻬레고박스 마구마구 쳐주고 싶은데요 접고 펴는 것이 너무 간편하고팔 힘없는 여자분들도 혼자서도 가능하다 보니 아가 둘 데리고 외출에 자신감이 붙었어요 저ㅎㅎ ], 긍정 텍스트 확률 : 90.05%"
"[ 두 신생아 데리고 뻬그뻬레고 북포투와 함께요기 조기 잘 다니는 소식 또 전해드리도록 할게요 혹시라도 저와 같은 육아동지분들쌍둥이육아템 관련해서], 긍정 텍스트 확률 : 88.50%"
"[궁금하신 거 계시면 덧글 남겨쥬세욥오늘도 육아퇴근이 빨리 오시길 같이 응원해드리겠습니다 ], 긍정 텍스트 확률 : 80.26%"
"[우리 둥이들이 태어난지 벌써 일째외할미 외할비께서 백일선물로쌍둥이 윰차를 선물해주셨당쌍둥이 윰차 뻬그뻬레고를 가장 저렴하게 사는방법 .?뻬그뻬레고뻬그뻬레고.?쌍둥이유모차쌍둥이유모차 .?쌍둥이유모차싸게사는방법쌍둥이유모차싸게사는방법.?양주베이비플러스양주베이비플러스인터넷 최저가를 알아보도 만원이 넘는다..뻬그뻬레고 쌍둥이윰차중에서 가장 유명하고 많이들끌지만 그안에서 아리아트윈과 북포투 두가지로 나뉘는데아리아트윈과 북포투중에서 핸들링이 더 좋다는 북포투로 결정결정하고나니 또 색깔을 골라야하는데...블랙은 주문하고 오래걸린다고해서 바로 받을수있는 호라이즌색으로 결정 .?뻬그뻬레고호라이즌뻬그뻬레고호라이즌.?북포투호라이즌북포투호라이즌.?블랙보다멋스럽다블랙보다멋스럽다처음 상품받고 조립하고나니까 뒤에 천이 삐뚤어져있었따..ㅠ옆으로 당겨도 돌아오지않아...ㅠ구입처에 전화해서 사진보내주고나니까 다음날 바로 맞교환처리를해주셨다빠른처리 굿굿 베리굿 ], 긍정 텍스트 확률 : 94.80%"
"[ 그리고 다시온 뻬그뻬레고북포투우선 불량은 없음.한번 조립을해봤기에 수월하게 촤촥 ], 긍정 텍스트 확률 : 74.93%"
"[ 생각보다 호라이즌색이 멋스럽고 이쁘다블랙보다 호라이즌으로 선택하길 잘했당 ], 긍정 텍스트 확률 : 74.38%"
"[ 역시 비싼게 좋구만.. ], 긍정 텍스트 확률 : 95.41%"
"[ 뻬그뻬레고마크도 멋스럽네엄마아빠 감사합니당 ], 긍정 텍스트 확률 : 97.20%"
"[ 뻬그뻬레고 북포투 조립완성쌍둥이윰차의 기본적인 무게가 있다보니 여자가 혼자들기에 버겁지만가능 ㅋㅋㅋㅋ난 힘이쎈 엄마이니까 수월하게 가능무게가있어서그런지 핸들링이 부드럽고 좋음아이들태우고 처음으로 밖에 외출하러나갔음.식당 작은문 거뜬히 통과손잡이연결부분이 튼튼하다보니 턱을 통과할때도 앞바퀴 번쩍번쩍 들어서 부드럽게 넘어갈수있음.기본적으로 포함되어있는 방풍커버도 이쁘다.날이 어서풀려가지구 호라이즌색을 멋스럽게 뽐내며 다니고시푸다 ], 긍정 텍스트 확률 : 54.85%"
"[안녕하세요 따심이맘입니다육아용품하면 다들 한번쯤 들어보셨을 브랜드], 긍정 텍스트 확률 : 80.88%"
"[ 뻬그뼤레고특히 저는 식탁의자로 많이 알고있었는데요이번에 베페몰에서 뻬그뻬레고 단독 특가행사를 한다고 해서 소개해보려고 해요 무지도 나중에 이유식하면 식탁의자 필요할텐데미리 살까 한다죠 ㅋㅋㅋㅋㅋ가격이 착하게 나왔어요], 긍정 텍스트 확률 : 91.19%"
"[ 게다가 필수태그를 포함해 뻬그뻬레고 제품후기를 남긴다면 선물도 드리고 있어요각각 제품마다 드리는 선물이 다른데그래도 이정도면 후기도 꼭 올리고선물을 받아가야겠죠 저는 두가지 제품을 소개해보려는데요북포투 쌍둥이유모차와 팔로우미 식탁의자예요 ], 긍정 텍스트 확률 : 96.15%"
"[ 북포트 쌍둥이유모차 등브랜드 뻬그뻬레고는세부터 영유아까지 오래 탈 수 있는장점이 있는 유모차예요 또 카시트도 바로 장착이 가능해서이리저리 바꿔가면서 사용이 가능해요신생아부터 사용하기 정말 좋더라구요셀프스탠딩 또한 굉장히 장점이예요사실 쌍둥이유모차라서 폴딩이 걱정이었는데쉬운 폴딩은 물론이고 셀프스탠딩으로세워둘수도 있어서 편하겠어요 ], 긍정 텍스트 확률 : 99.65%"
"[ 무려 만 세까지 사용이 가능하다보니쌍둥이들 유모차 하나로 오래오래 사용이 가능해요안그래도 육아에 부담이 되는 쌍둥이집에는이런 실용적인 쌍둥이유모차가 정말 좋아보여요저도 주변에 쌍둥이 엄마가 있는데요거 추천하니 좋아보인다며 고민하더라구요이번에 베페몰에서 행사할 때 득템하면 좋겠죠 ], 긍정 텍스트 확률 : 85.11%"
"[ 뻬그뻬레고 씨에스타 유아식탁의자는사실 이미 유명한 브랜드라서저도 익히 알고 있었어요 침대], 긍정 텍스트 확률 : 64.81%"
"[책상까지 무려 가지 단계로사용이 가능해서 오래 사용이 가능해요논슬립 일체형 프레임이라서내구성도 굉장히 좋게 만들었어요프레임 안전시스템으로 벌어짐현상까지잡아주니 굉장히 만족스러워요 ], 긍정 텍스트 확률 : 72.98%"
"[ 디자인은 물론 실용성도 굉장히 좋아서다양하게 변화시켜 사용하기가 정말 굿굿단계 등받이와 단계 포지션으로그때그때 필요할 때에 따라 조절하는 것도쉽게 되어있어요 ], 긍정 텍스트 확률 : 98.84%"
"[ 세계적으로 사랑 받는 씨에스타유아식탁의자는 이번 베페몰에서 대박 행사중이니얼른 방문해보세요 월 일까지 진행하고 있어요최대 원 할인쿠폰도 사용가능하니뻬그뻬레고 득템하러 가세요상품페이지....?....?상품페이지 ....?....?베페 프렌즈 기로써소정의 포인트를 받고 작성된 후기입니다], 긍정 텍스트 확률 : 98.93%"
"[ 우리 둥이들 개월에 디럭스 사서 지금 잘 사용하고 있지만 등받이가 너무 뉘여져 있어서 개월인 우리 둥이들은 싫어함. 선둥이는 유모차 거부까지 오고 과자에 유투브 틀어주며 겨우 태움...디럭스는 핸들링은 최고지만 부피가 크고 무게도 많이 나가 혼자 차에 실어서 외출하기 힘들어 병원가거나 할때는 애기띠 하고 다닐때가 많다.ㅜㅜ그래서 휴대용으로 쓰려고 트라이크 구매..하지만 이것도 외출용으론 아닌듯 아이들은 디럭스보다 잘타지만 짐을 걸수도 없고 등받이가 뉘여지지 않아 잠들면 불편하다.ㅜㅜ 그래서 휴대용 유모차 사기로 결정 신랑은 몇대를 사냐며 뭐라했지만 병원다니기 힘든점 고려해서 설득 ..에고 또 선택의 시작 절충형. 휴대형 고민... 베페가서도 여러번보고 휴대형은 가벼우나 핸들링 별루고 눕혀지지도 않아 땡...절충형의 결합형도 봤지만 하나씩 분리되서 좋기는하지만 결합시 폭이 너무 넓어 땡..우리집 엘베는 넓어서 되지만 상가가 좁은곳도 많아서 민폐인듯 싶어. 땡.결국 두개중 고민 베이비랑 뻬그뻬레고 베페에서 한 세번씩는 본듯 ㅋ 베이비는 직각 세워지고 완전히 눕혀지나 색이 너무 올드하고 폭이 너무 작아 아이들 오래 못탈듯도 싶어 뻬그뻬레고랑 많이 고민하다 뻬그뻬레고 선택했다.둘다 안써봐서 비교는 못하지만 뻬그뻬레고 어제 집앞에 끌고 나갔다온 후기로는 우선 만족..핸들링도 비교적 괜찮고 폴딩도 싶고 여자가 들기에 키로 정도되는 유모차 무게도 좋다. 또 밑에 바구니도 넓어서 우리 둥이의 많은짐 넣기에도 적당함..ㅋㅋ무엇보다도 유모차 폭이 적당해서 빵가게 문 상가 엘베도 충분히 들어감 ㅋㅋㅋ 안들어갈듯 했지만 집어넣으니 들어간다. 아이들도 위아래 타다가 나란히 타니 손도 잡고 더 친해진듯... 요녀석들은 집에선 싸우면서 나오면 엄청 우애 돋아♡♡처음 시승후 지금은 만족중.......... ......? 본문 이미지...... ......? 본문 이미지...... ......? 본문 이미지. ....?뻬그뻬레고아리아쇼퍼트윈쌍둥이유모차], 긍정 텍스트 확률 : 86.95%"
"[ 베페몰 단독 특가로 만나요♥ ], 긍정 텍스트 확률 : 99.60%"
"[잇님들 스리링이에요오늘은 갑자기 찾아온 태풍으로 아침부터 날씨가 우중충하네요. 그래도 개천전 전날이라 할일이 많으니 바쁜 마음으로 글을 적어봅니다오늘 전해드릴 소식은 뻬그뻬레고 식탁과 쌍둥이 유모차 등을 최대 까지 할인해주는 베페몰 특가입니다. ], 긍정 텍스트 확률 : 95.38%"
"[제품 부피가 커서 배송료도 많이 들기 때문에 부담스러우셨던 분들이라면 이번에 눈여겨 보세요그리고 월 일 화요일], 긍정 텍스트 확률 : 89.16%"
"[어제부터 한달간 베페몰 전고객에게 촤대 원 할인쿠폰을 줘서 여기에 추가 할인까지 받아볼 수 있답니다. ], 긍정 텍스트 확률 : 51.20%"
"[외출할 때는 언제나 유모차와 함께하게 되니까요.], 긍정 텍스트 확률 : 76.38%"
"[ 그 다음으로 많이 사용하게 되는게 바로 아기침대인 것 같은데 씨에스타 팔로우미는 무려 침대까지 사용 가능하니까넘 대박이에요. 아기가 어려서 아직 식탁의자가 필요하지 않을 때에는 침대나 바운서처럼 눕혀놓고 지내다가], 긍정 텍스트 확률 : 96.46%"
"[엄마아빠와 가까이 있을 수 있어서 정말 좋죠. 바퀴가 있기 때문에 부드럽게 이동 가능하고], 긍정 텍스트 확률 : 95.74%"
"[ 디자인도 참 예쁜데 컬러도 다양하더라구요. 집안에 인테리어 효과와 예쁜 포인트까지 될 것 같아요], 긍정 텍스트 확률 : 67.73%"
"[ 그리고 같이 보여드리고 싶은게 쌍둥이 절충형유모차에요. 쌍둥이 유모차는 아무래도 명의 아이를 태우다보니 넓이도 넓고], 긍정 텍스트 확률 : 94.34%"
"[무게도 정말 많이 나가잖아요. 그 부담을 줄여드릴 수 있는 세상에서 가장 가벼운 쌍둥이 유모차입니다 ], 긍정 텍스트 확률 : 97.38%"
"[디자인도 넘넘 예쁜데다가 컬러도 가지이니 눈여겨 봐주세요ㅁ ], 긍정 텍스트 확률 : 92.31%"
"[ 베페몰에서는 네이비 컬러를 착한 가격에 만나볼 수 있더라구요. 이외에 디럭스 쌍둥이 유모차도 있는데], 긍정 텍스트 확률 : 77.54%"
"[설명이 넘 길어질 것 같아 여기까지만 보여드릴게요ㅠㅅㅠ ], 긍정 텍스트 확률 : 77.41%"
"[ 위의 착한 가격 혜택과 더불어 함께 살펴봐야 할 것이 바로 사용후기 이벤트에요. 월 일까지 진행되고 추첨이 아니라증정이기 때문에 구매하셨다면 무조건 참여하시길 권해드려요ㅁ], 긍정 텍스트 확률 : 76.53%"
"[ 응모방법도 간단하거든요. 개인블로그], 긍정 텍스트 확률 : 56.86%"
"[맘스홀릭과 같은 회원수 만명 이상의 육아카페에 구매한 제품의 포토후기를 작성하는거에요. 그리고 뻬그뻬레고 공식쇼핑몰에 가입하고 응모하면 되는데 사은품이 넘 좋더라구요 ], 긍정 텍스트 확률 : 53.77%"
"[ 식탁의자의 경우엔 신세계 상품권 만원권을], 긍정 텍스트 확률 : 65.71%"
"[아리아 쇼퍼트윈과 북포투는 전용 모기장을 주더라구요. 모기장은 정말 꼭 필요한데 이렇게 구매후기 이벤트를 할 때 받아가시면 나중에 추가지출을 줄일 수 있겠죠?아래 링크로 들어가시면 더 자세한 설명을 보실 수 있어요ㅁ▼에서 바로가기▼ ], 긍정 텍스트 확률 : 78.83%"
"[ 우리 아기를 위한 제품들을 찾고 계셨다면 이번 특가 눈여겨 보시길 바라며 저는 이만 물러가볼게요ㅁ ], 긍정 텍스트 확률 : 95.87%"
"[둥이들이 가을에 태어나서 겨울까지는 외출을 거의 하지 않았다. 봄이 되면서 외출도 잦아지고 스냅앤고로는 한계가 있어서 유모차를 새로 구매하게 되었다. 디럭스가 가장 튼튼하면서 핸들링도 좋고 안정감이 있겠지만], 긍정 텍스트 확률 : 80.09%"
"[우리 둥이들은 이미 개월이 지났고 동네 특성상 차를 타고 이동해야 하는 경우가 많아서 무거운 디럭스는 힘들 것 같았다. 휴대용은 돌 이후에 태우는 것이 좋다고 하여절충형 으로 선택... 일자형? 나란이형?.쌍둥이 유모차는 일자형과 나란이형이 있다. 일자형이 좁아서 어떤 문이나 통과 가능하고 다니기 편할 것 같았는데 둘이 공평한? 위치에 있는 나란이형을 선택했다. 그냥 내가 보기에 나란이 있는 모습이 예뻐서 고른 것도 크다 ... 어떤 브랜드를 선택할 것인가?.인용 유모차보다 선택의 폭이 좁아 오히려 선택하는데 어려움이 크지 않았다. 처음엔 리트윈 유모차를 사려고 알아보았는데], 긍정 텍스트 확률 : 95.92%"
"[아리아쇼퍼트윈 다 끌어본 둥이맘님께서 뻬그 핸들링이 가장 좋다고 하셨다. 또 쌍둥이카페 찾아보니 절충형 리과 뻬그 투표에서이상으로 아리아트윈 승 리트윈보다 만원 이상 비싸서 고민을 했지만], 긍정 텍스트 확률 : 94.18%"
"[레드 세가지가 있다. 구매를 할 웹사이트에서 네이비는 품절이었고 레드는 조금 더 비쌌다. 그래서지오베이지 로 쉽게 결정 탕탕탕..... ], 긍정 텍스트 확률 : 71.92%"
"[ 드디어 도착했다 내 엄청난 고민의 산물], 긍정 텍스트 확률 : 71.59%"
"[우리 둥이들 윰차], 긍정 텍스트 확률 : 66.04%"
"[그래도 배달 과정에서 상하지 않은 것을 보니 생각보다 더 튼튼한 제품인 것 같다. ], 긍정 텍스트 확률 : 84.46%"
"[ 바퀴와 음료홀더 그리고 아이들 앞부분을 보호해줄 안전바 이렇게 가지는 따로 조립을 해야 한다 ], 긍정 텍스트 확률 : 62.13%"
"[ 가로 로 생각보다 가로폭이 좁았다. 지금까지 몇 차례 외출을 나갔지만 현관문], 긍정 텍스트 확률 : 85.56%"
"[ 처음엔 네이비 색깔을 염두에 두었는데 베이지로 고르길 잘한 것 같다. 실제로 보면 더 예쁨], 긍정 텍스트 확률 : 58.60%"
"[ 앞바퀴 조립도 뚝딱 ], 긍정 텍스트 확률 : 50.57%"
"[ 어깨 끈이 가장 아래에 설치되어 있다. 아이들 몸집이 커지면 위로 올려서 조절해주면 될 것 같다. 단계로 조절이 가능하니 굿굿 ], 긍정 텍스트 확률 : 68.78%"
"[ 안전바 올린 모습], 긍정 텍스트 확률 : 84.51%"
"[내린 모습 ], 긍정 텍스트 확률 : 51.52%"
"[ 등받이 조절은 벨트 타입으로 되어있다. 움짤처럼 손으로 꾹 눌러서 잡고 내리면 쭉 아래로 내릴 수 있다. ], 긍정 텍스트 확률 : 68.92%"
"[ 펴져있는 것을 다시 접는 모습이다. 옆부분 걸쇠 부분을 빼고 쭉 내린 후 접으면 쉽다 ], 긍정 텍스트 확률 : 60.72%"
"[ 우리 둥이들 첫 빠방 ㅋㅋㅋ 첫 시승식 놀라서 눈이 동그래진 모습이다. 점식 안전벨트로 사용시기에 따라 조절이 가능하다 ], 긍정 텍스트 확률 : 59.38%"
"[ 집 주변 길이 좋지 않음에도 앞으로 슝슝 잘 나갔다. 듣던 대로 핸들링이 괜찮군 물론 디럭스에 비할 바 아니겠지만 ], 긍정 텍스트 확률 : 83.53%"
"[ 윰차타고 카페에도 갔었다. 확실히 디럭스보다 바퀴가 작지만. 그만큼 가벼운 거니 다 장], 긍정 텍스트 확률 : 67.57%"
"[ 우리 좋은 곳 더 많이 다니쟈], 긍정 텍스트 확률 : 95.24%"
"[쌍둥이 유모차 열심히 검색하는 중에 동네 주변 상권을 많이 이용할 거 같아서 쌍둥이 디럭스 유모차 구매하였습니다.우리 남매 둥이들이 안정하고 편안하게 탈 수 있고 엄마아빠도 손 쉽게 조작할 수 있는뻬그뻬레고 북포투 디럭스 유모차로 결정하고 여러군데 가격 조사 후 최저가로 판매 중인베이비플러스 화곡점으로 방문 하였습니다. ], 긍정 텍스트 확률 : 88.42%"
"[ 매장 지하에 있는 주차장에 차량 주차하고 층으로 남매 둥이들 데리고 올라 가니 유모차가 상당히 많았습니다. ], 긍정 텍스트 확률 : 63.52%"
"[ 북포투 보다 무게가 적게 나가는 거 말고는 특별한 장점이 없어보여북포투가 더 안정적이고 단 한번의 조작으로 폴딩이 가능하며유모차를 접은 상태로 세워둘 수 있게 하는 셀프스탠딩 기능이 되서더 이상 고민하지 않고 북포투로 최종 구매 결정했습니다유모차 구매 고민하신다면 베이비플러스 화곡점 가셔서 가격 비교 꼭 해보세요 ], 긍정 텍스트 확률 : 64.20%"
"[ 쌍 정도 되는 것 같습니다. 년도 자료를 보면 서울에만 ], 긍정 텍스트 확률 : 50.75%"
"[중저가], 긍정 텍스트 확률 : 58.53%"
"[ 둘다 자다 일어나서 얼굴은 부었지만 엄마 보고 웃어주는 꿀복이그렇게 대충 쇼핑을 하고... ], 긍정 텍스트 확률 : 66.25%"
"[ 방을 가득 차게 만들어준 북포투와 시에스타입니다. ], 긍정 텍스트 확률 : 60.17%"
"[ 상자를 열고 나오는 북포투 입니다. ], 긍정 텍스트 확률 : 64.70%"
"[ 북포투 구성이에요. 본체와 후드커버], 긍정 텍스트 확률 : 92.87%"
"[설명서], 긍정 텍스트 확률 : 54.29%"
"[연장용 프레임 입니다. ], 긍정 텍스트 확률 : 55.63%"
"[ 바퀴중에 큰게 뒷바퀴에요. 검정색 캡이 달려있는데 손으로 뽑아주면 됩니다. 양쪽 모두 뽑으면 두개의 바퀴가 분리됩니다. ], 긍정 텍스트 확률 : 81.03%"
"[ 브레이크를 밟으면 요러케 홈에 걸려서 뒷바퀴가 움직이지 않아요. 뒷바퀴가 잘 고정 된다면 뒷바퀴도 완성 ], 긍정 텍스트 확률 : 55.14%"
"[ 북포투는 앞바퀴도 고정을 할 수 있어요. 대부분의 유모차는 앞바퀴는 앞 바퀴가 돌면서 방향을 정하는데요. 앞 바퀴가 돌지 않도록 고정시키는 방법입니다. 앞바퀴에 튀어나온 부분을 본체 프레임과 일자가 되도록 맞추고 위로 올려주면 앞바퀴는 정면으로만 갈 수 있도록 세팅됩니다.유모차를 접고 끌고 갈때], 긍정 텍스트 확률 : 98.04%"
"[ 앞바퀴도 완성 ], 긍정 텍스트 확률 : 75.14%"
"[ 완성된 손잡이. 손잡이 방향은 위로 휘어지도록 방향이 맞아야 해요. 휘어진 방향이 아래라면 다시 설치해보세요. ], 긍정 텍스트 확률 : 77.67%"
"[ 이 부분을 해제 해줄거에요. ], 긍정 텍스트 확률 : 56.79%"
"[ 바구니는 종류의 고리가 있는데요. 앞], 긍정 텍스트 확률 : 69.18%"
"[양쪽 하나씩 ], 긍정 텍스트 확률 : 65.64%"
"[벨크로 개 있습니다. 잘 보시고 설치하시면 됩니다.설치 방법은 여기까지입니다 ], 긍정 텍스트 확률 : 69.26%"
"[ 유모차 모두 새상품인데 해외직구 가격과 차이가 거의 없으니지금이 바로 사야할때월 일부터 한달간 베페몰 전고객대상 최대 원 할인쿠폰 증정하니조금더 저렴하게 구매할수 있는 꿀팁 ♬ ], 긍정 텍스트 확률 : 73.83%"
"[ 원 득템 오랫동안 사용하기때문에 다양하게 활용되는뻬그뻬레고 씨에스타 팔로우미 식탁의자침대의자식탁책상가지 스타일까지 활용도 만점 ㅁ ], 긍정 텍스트 확률 : 96.33%"
"[ 가지 스타일을 누려라신생아부터 쭈욱 오랫동안 사용할수있는 비법은바로 등받이조절바운서처럼 활용하다가책상까지 다양하게 변신하니육아템 활용성 최고식탁의자 없으면 어쩔뻔 개월 현재까지도 식탁의자 없으면 절대 안됨 ㅋㅋ확실히 식탁의자 사용해보니다양한 활용도가 많은 식탁의자 진작 살걸 한가지 기능만 하니 뭔가 불편 ㅠㅠ가지 스타일로 활용도가 많은뻬그뻬레고 씨에스타 팔로우미 식탁의자베페몰 특가 기회를 잡아가성비 좋은 선택까지 엄지척 ], 긍정 텍스트 확률 : 84.61%"
"[ 행동에 맞춰 최적의 포지션 제공하니아이도 편하고 엄마도 편하고 ㅎㅎ단계 포지션으로 다양한 높이의 식탁과 조합가능하니우리집 식탁높이에 탁탁 맞추면 끝 ], 긍정 텍스트 확률 : 65.43%"
"[ 자유이동의 단계로 진화하여식탁의자 조절도 좀 더편해짐 ㅎㅎ ], 긍정 텍스트 확률 : 68.13%"
"[ 이유식 시작할때부터 본격적으로 사용하는 식탁의자사고싶었던 뻬그뻬레고 씨에스타 팔로우미베페몰 단독 특가 소식지금 만나러 갑니다 ♬ ], 긍정 텍스트 확률 : 61.70%"
"[ 뻬그뻬레고 아리아쇼퍼트윈 쌍둥이 절충형 유모차벨트타입의 등받이 조절로 도 까지 내려가니우리아이들 낮잠잘때도시트조절 자유자재], 긍정 텍스트 확률 : 54.32%"
"[ 절충형으로 세에서 세까지 오랫동안 사용하는뻬그뻬레고 아리아쇼퍼트윈 쌍둥이 절충형 유모차새롭게 사용가능한 후드로 아이의 포근함외출할때 햇빛가릴때도 딱가장 가볍고 편리성 뛰어나니쌍둥이유모차 인기있는이유간편하게 접어서 슬림하게 보관도 가능하니자리차지않고 컴팩트하게 접어서 슬림하게 ], 긍정 텍스트 확률 : 90.13%"
"[ 뻬그뻬레고 아리아쇼퍼트윈 쌍둥이 절충형 유모차절충형 쌍둥이 유모차 살 계획이 있다면베페몰 특가 소식 저렴하게 구입할수 있는 좋은 기회새상품인데 해외직구 가격과 차이가 거의 없다니 대박 ★무엇보다 자리차지안하고 폴딩이 되어 접어서 보관가능하니제일 마음에 드는점 ♬쌍둥이유모차를 접어서 보관하자 ㅁ ], 긍정 텍스트 확률 : 94.50%"
"[ 유모차 출산용품 필수템 준비하기상품페이지....?....?상품페이지모바일....?....?본 포스팅은 베페프렌즈 활동으로 소정의 포인트를 지급받고 작성되었습니다 ], 긍정 텍스트 확률 : 50.61%"
"[유모차에 대해 아무것도 몰랏던 시절무작정 베이비 페어가 가서 수십가지의 종류와 브랜드에 멘붕 어리둥절을 치고 진땀만 흘리다 왔었던 적이 있는데그 순간에도 딱 한가지는 머리가 기억하고 있었으니뻬그뻬레고가 최고다 약 개월후 드디어 영접하게 되었다], 긍정 텍스트 확률 : 99.66%"
"[ 박스를 개봉하면 들어있는 구성품들발싸개는 이번시즌에 사은품으로 증정된다니 굳 ], 긍정 텍스트 확률 : 84.23%"
"[ 핸들바도 그냥 끼워주면되고 가죽그립은 사은품이라는데특히나 국내에선 인기라는 템], 긍정 텍스트 확률 : 88.92%"
"[ ㅎㅎ 이건 추워질때 한번 써봐야 겟다어떤 모습일지 상상이 안가는 현재세까지 사용할수 있다니 아이들의 좋은 자가용이 되어주길 바란다 북포투 ], 긍정 텍스트 확률 : 79.60%"
"[ .마음에 드는구나?ㅋㅋ ], 긍정 텍스트 확률 : 83.99%"
"[ ..쌍둥이유모차타고나들이.강풍이라더니 날씨가 너무 좋았다. .?물향기수목원물향기수목원.벤치도 많고 유모차 끌기도 좋았음.다음에 또 가기로 ], 긍정 텍스트 확률 : 99.16%"
"[ .오늘의모델은 남편.차에싣고 펼치고 접는건 다 남편몫.디럭스유모차라 무겁긴 한듯.? ], 긍정 텍스트 확률 : 62.06%"
"[ .유모차에서 맘마도 먹고. .?액상분유액상분유.?트루맘트루맘 맛있나봐. ], 긍정 텍스트 확률 : 78.07%"
"[ .급하게 기저귀도 갈아봄 ], 긍정 텍스트 확률 : 69.95%"
"[ .잘놀다가 물론 울기도 잘함 ], 긍정 텍스트 확률 : 78.52%"
"[ .사랑하는 삼부자❤️❤️❤️ ], 긍정 텍스트 확률 : 79.27%"
"[ .그리고 그 다음주엔 쇼핑도 갔드랬지. .?여의도몰여의도몰.수유실도 괜찮고.너무 복잡하지않아 좋았음], 긍정 텍스트 확률 : 71.67%"
"[ .엄마아빠도 밥좀 먹을게 ], 긍정 텍스트 확률 : 53.14%"
"[ .울어재낌 ], 긍정 텍스트 확률 : 76.20%"
"[ 마마스앤파파스 어보 아크로 장점● 어보 아크로 .무게가 가볍지만 서스펜션 기능의 바퀴가 안정적이고 부드러운 주행을 가능하게 해요● 단 접이식휴대용 유모차에서도 기내 반입이 불가능한 제품들이 많은데요 어보 아크로는 기내 반입 가능합니다● 방수 기능캐노피가 생활방수 기능 있어서 비 올 때 조금 맞아도 금세 말라요● 튼튼한 안전벨트점식 안전벨트도 튼튼하고 아이 체형에 맞게 조절해서 사용 가능해요 ], 긍정 텍스트 확률 : 60.45%"
"[ 뻬그뻬레고 플리코미니 장점● 원 터치 폴딩정말 제가 원한 거처럼 너무 쉽게 접혔어요. 플리코미니는 폴딩 후 셀프 스탠딩도 가능합니다● 발받침 각도 조절이것도 제가 원한 거처럼 발받침 단 조절이 가능합니다●앞바퀴고정앞바퀴만 고정 가능해서 내리막길 때 폴딩 후 이동하면 조금 더 안전하고 편리합니다●각도조절단계 최대 도 각도 조절 가능●아이관찰창캐노피 뒷부분이 방충망처럼 보이게 되어 있어서 한눈에 아이를 확인할 수 있습니다 ], 긍정 텍스트 확률 : 60.63%"
"[ ● 바스켓 바스켓이 넓고 깊어서 짐 걱정은 없어요], 긍정 텍스트 확률 : 51.98%"
"[ ● 완벽 차단 캐피노정말 다른 브랜드 캐피노의 장점이란 장점을 다 합쳐서 만들어진 캐피노 입니다.통풍도 잘되고 아이 관찰도 가능하고캐피노가 바까지 닿아서 종아리 외에 모든 부분이 햇빛으로부터 차단 가능합니다 ], 긍정 텍스트 확률 : 99.89%"
"[ ● 튼튼한 바퀴이 상 두 브랜드 비해 바퀴가 조금 더 두껍고 마찬가지로 서스펜션이 있어서 충격을 흡수하고 흔들림이 적은 편안한 승차감을 느낄 수 있습니다 ], 긍정 텍스트 확률 : 85.11%"
"[ 특히 쌍둥이 유모차로 유명한 브랜드 인데요저는 쌍둥이가 아니라 뻬그뻬레고 유모차는 쓸 일이 없다고 생각했는데왠걸 뻬그뻬레고 유모차를 샀어요], 긍정 텍스트 확률 : 79.80%"
"[ 아린이도 곧 이유식을 시작해야 될 개월 수 이고이유식 식탁과 의자가 필요했기 때문에호텔에서 쓰는 뻬그뻬레고 의자에 반해서 그걸 사려고서울 맘아랑베이비페어에 뻬그뻬레고가 오는걸 확인 후의자를 사러 갔죠], 긍정 텍스트 확률 : 77.96%"
"[ 근데 왠걸 의자와 유모차를 같이 사면 대박 할인을 해주는 행사를 진행 중 이더라구요 뻬그뻬레고 유모차는 어떤가 해서봤더니 세상에 유모차 밑에 바구니가 굉장히 넓은 유모차가 있더라죠유모차 바구니 넓은거에 박수를 쳤습니다평소 리안스핀로얄 디럭스에 단점인 자그마한 장바구니에 불편을 겪었던 저 인지라...바구니 큰게 너무 좋더라구요], 긍정 텍스트 확률 : 92.79%"
"[ 저는 아이를 데리고 많이 돌아다니는 편이여서아이랑 같이 장도 보고 하다보니 리안 스핀로얄 디럭스의 앙증맞은 크기의 바구니로는 감당 불가였어요 ...ㅠㅠ그래서 유모차도 사기로 결정뻬그뻬레고의 유모차는 형 유모차로신생아부터 안전하게 탈 수 있는 유모차로서 바퀴안에도 개이상의 핀이 들어가 있어 튼튼하다고 합니다비싼 유모차 중에 하나는 이 법을 어겨 걸렸다고 하죠...우리나라에서 팔고 있는 유모차들 중 메이드인 차이나 인게 대부분이고형 유모차를 신생아 때 부터 쓸 수 있다고 하며 팔고있다고 합니다.사실 형유모차는 개월 이상부터 탈 수 있는데 말이죠], 긍정 텍스트 확률 : 89.21%"
"[ 유모차의 형 형 타입은 생소하게 들릴 수 있는데], 긍정 텍스트 확률 : 77.07%"
"[ 아기들한테도 각자 마음에 드는 유모차가 있다더니아린이는 뻬그뻬레고 유모차 였나봐요제가 여러가지 유모차를 밀어봤는데뻬그뻬레고 유모차를 밀면 전동바퀴를 끌고가는 느낌이랄까부드럽다 못해 혼자 전동휠 처럼 알아서 가는 느낌이에요아린이도 굉장히 편하게 앉아있어요], 긍정 텍스트 확률 : 80.69%"
"[ 이렇게 굉장히 편하게 앉아있고], 긍정 텍스트 확률 : 80.75%"
"[ 유모차에 발도 올려놓고 ㅋㅋㅋ 너무 귀여워요 발 올려 놓는거보면], 긍정 텍스트 확률 : 92.69%"
"[뻬그뻬레고 유모차는 접고 끌면 끌리기도 해요굉장히 부드럽게 잘 끌립니다.아기가 스스로 몸을 다 가눌수 있는 정도 까지는 디럭스를 태우는게 좋다고하니잘 선택 해서 고르시는게 좋을 것 같아요뻬그뻬레고 북 디럭스형 유모차를 추천 하는 이유를 정리 해 보자면 전동휠 같이 저절로 굴러가는 느낌의 부드러운 핸들링 넓찍한 유모차 바구니 앞보기 뒤보기 가능 카시트 호환가능 한번에 접고 피기 가능 접고 난 후 끌기 가능 신생아 때 부터 쓸 수 있는 판매중인 유조차 중 몇안되는 형 유모차 튼튼한 바퀴 완벽하게 햇빛이 차단되는 캐노피 기저귀 가방을 걸수 있게 가방걸이가 있는 손잡이 손잡이에 컵홀더 각각의 유모차들 마다 아마도 장점들이 많겠지만무엇보다 아이가 유모차를 잘 타줘야하고유모차가 아기의 맘에 드는 승차감이 있는게 중요한거 같아요유모차나], 긍정 텍스트 확률 : 56.90%"
"[카시트나 무조건 비싸다고 좋은것만은 아니더라구요비싼것들이 오히려 안전하지 않은 것들이 많이 있다는 사실에 놀라울 뿐이에요베이비페어를 많이 다니다 보니 이제 육아용품의 박사가 될 것 같아요 ], 긍정 텍스트 확률 : 70.76%"
"[ 오늘도 현명한 엄마가 되기 위해 육아 공부를 해볼게요 ], 긍정 텍스트 확률 : 55.06%"
"[ .식판은 빼서 뒤에 걸어둔상태에요.아직은 식판을 답답해하더라구요...몇개월이되어야 괜찮으려나..ㅜㅜ.친구 아가는 개월에 놀러갔을때 그땐 식판을 끼워서 그 위에서 잘 먹고있었어요.개월 되야 하려나싶어요..위 사진은.가장 낮은단계로 내려놓은 사진입니당.아직 뒤집기도 못하던 일이전엔 가장 높은 높이로해서 뉘여놓았어요.지금은 뒤집으면서 누우려고 하지도 않을뿐더러], 긍정 텍스트 확률 : 99.25%"
"[잠도 못들게아파서 그때에 디스크라는걸알았어요..출산시에 허리를 뒤틀면안된대서.정말 다행?히도 출산날까지 입덧을한지라 몸에 힘이안들어가서 허리를 뒤틀을 힘도없고 생각도 못했는데...육아하며 밤톨이를 들었다 놨다가 가장 큰 문제였고...허리가 다시 아파지려고했을때 급하게 구매해서.잘 사용했던 식탁의자에요..머리윗부분에 단계로 각도 조절이가능해서.눕히는 락커용도로그러나 거의 도에가까운 각도여서 눕힌거같았어요 일전까지는 사용했더랬습니다.그후로는 점차 사용할일이 거의없어 식탁에 다른 의자들처럼 넣어뒀었어요.. ], 긍정 텍스트 확률 : 63.89%"
"[먹이다가 흘렸을때 어깨끈 탈착이 좀 어렵고.가죽사이에도 음식이 끼는경우도있어서 그게좀 아쉬워요.매번 닦는거 번거롭...ㅜㅜ..그치만 워낙 강점이 많은것도 사실입니다 ], 긍정 텍스트 확률 : 66.13%"
"[ .울 밤톨이 개월말때랑 친정엄마.한방울도 안흘리고 먹는 아가와.한치의 오차없이 입속으로 쏙 넣어주시는 외할머니...환상적인 팀플입니당 ..뻬그뻬레고 식탁의자 간단 사용법.ㅡ양쪽빨간버튼 누르는게 폴딩이에요..ㅡ푸르실때는 세우신상태에서 양쪽빨간버튼누르고 유모차 펼치듯이펼치시면되구요..ㅡ하얀색 양쪽팔걸이에있는 버튼이 브레이크버튼이에요.둘다 누르고 앞으로미시면 앞뒤로움직이구요], 긍정 텍스트 확률 : 78.25%"
"[ .동시에 누르고 위아래로 높이를 조절하실수있어요..ㅡ의자 위에가운데이런 부분을 양손 엄지랑나머지손가락으로 누르면서 의자 각도를 조절할수있어요 단계..밤톨이 어렷을부터 잘 사용은 했는데.가격대가 만만찮아서 깨끗한 중고로들였어요.중고도 가격이 후덜덜 결과적으로 잘한거같아요.......주말이라고 친정부모님이 와계셔서 생각났는데 못썼던글을 두개나 썼어요.엄마아빠 사랑합니다♡..오늘도 이렇게 급.마무리...좋은밤 되세욧... .?뻬그뻬레고뻬그뻬레고. .?빼그빼레고빼그빼레고. .?. .?유아식탁의자유아식탁의자. .?이유식준비물이유식준비물. .?아기식판아기식판. .?비슷한거로비슷한거로 페조라 하이체어. .?하이체어하이체어. .?부스터부스터. .?유아식판유아식판. .?요즘은요즘은 세이지폴이 유명... .?뻬그뻬레고뻬그뻬레고 식탁의자. .?뻬그뻬레고뻬그뻬레고 사용법. ], 긍정 텍스트 확률 : 99.80%"
"[ 우리여름이 유아식탁의자로뻬그뻬레고 씨에스타 팔로우미에보니 를 선택했지요 에보니는블랙에 브라운이 섞여있는디자인 인데 고급스럽고 집인테리어랑도너무 잘어울려서 선택했지요우리 여름이가 개월이지만뻬그뻬레고 씨에스타 팔로우미 식탁의자는침대소파식탁책상 다양하게사용할 수 있어서 미리 준비 했어요유아식탁의자뻬그뻬레고 씨에스타 팔로우미에보니를 소개해드릴게요 ], 긍정 텍스트 확률 : 97.64%"
"[ 이태리에서 직접 설계 및 생산하는유아식탁의자 뻬그뻬레고 씨에스타 팔로우미는한 제품으로 신생아때부터만 살때까지 사용 할 수 있어가격대비 효율성이 높은 유아식탁의자 에요유아식탁의자 뻬그뻬레고 씨에스타 팔로우미는침대소파식탁책상으로 활용이 가능한다기능 유아식탁의자 랍니다 ], 긍정 텍스트 확률 : 62.45%"
"[ 뻬그뻬레고 씨에스타 팔로우미 식탁의자제품 펼치는 방법뻬그뻬레고 씨에스타 팔로우미 식탁의자를펼치는 방법은빨간 버튼을 누른상태에서아래 다리를 펼쳐주면 끝 ], 긍정 텍스트 확률 : 57.36%"
"[ 뻬그뻬레고 씨에스타 팔로우미 식탁의자는안전보조핀으로 최대 하중을 높혀서 안전 해요변형과 벌어짐 현상을 방지할 수 있어서오래도록 사용이 가능 하구요ㅅ자 형태의 프레임 구조로아이가 움직여도 점복되지 않는안전한 유아식탁의자 랍니다 ], 긍정 텍스트 확률 : 79.03%"
"[ 뻬그뻬레고 씨에스타 팔로우미 식탁의자의자 높낮이등받이 조절방법일단사용하는 식탁에 맞게유아식탁의자를 조절 해볼까요???식탁의자 양쪽 팔걸이 아래에레버를 동시에 누르고의자를 내리면사용하는 식탁에 맞게의자 높낮이를 조절 할 수 있어요], 긍정 텍스트 확률 : 72.40%"
"[ 유아식탁의자 뻬그뻬레고씨에스타 팔로우미식탁의자 뒷쪽 에레버를 잡고 위아래로 올리면의자 등받이를 조절할 수 있어요 ], 긍정 텍스트 확률 : 51.86%"
"[ 등받이는 단계 레버로최대 도 이상까지 눕힐 수 있어서아이침대로도 사용이 가능 해요], 긍정 텍스트 확률 : 58.04%"
"[ 아이가 편안해해서낮잠도 여기서 재운답니다 유아식탁의자 뻬그뻬레고씨에스타 팔로우미 식탁의자에서잠드는 우리아이 모습을 영상으로 찍어봤어요 ], 긍정 텍스트 확률 : 90.31%"
"[ 어깨벨트는 시트와 분리가 가능하고의자에서도 탈착이 가능해서젖은 천을 이용해서 닦아주며 청소 해주면청소도 정말 편해요 ], 긍정 텍스트 확률 : 76.55%"
"[ 뻬그뻬레고 씨에스타 팔로우미 식탁의자안전벨트 조작방법유아식탁의자 뻬그뻬레고씨에스타 팔로우미 식탁의자는시크릿 점식 벨트로 중 안전구조 벨트 에요를 누르면 양옆으로 분리 가 되고어깨 벨트와 허리밸트가 연결되어있는부분도 옆으로 빼면 또 분리가 가능 해요 ], 긍정 텍스트 확률 : 63.36%"
"[ 유아식탁의자 뻬그뻬레고씨에스타 팔로우미 식탁의자를접을땐의자를 아래 끝까지 내려주고식판과 함께 접으려면 식판을 위로 올려준다음빨간색 버튼을 누르고 접어주면정말 슬림하게 접혀서사용하지 않을땐 식탁옆에접어두고 사용 하고있어요 ], 긍정 텍스트 확률 : 77.42%"
"[ 유아식탁의자 뻬그뻬레고씨에스타 팔로우미는롯데백화점 잠실점수원점광복점안산점 롯데프리미엄아울렛 기흥점현대백화점 판교점토이저러스롯데마트이마트등전국 여곳 이상 매장에 입점되어 있으니매장에서뻬그뻬레고씨에스타 팔로우미를 직접보고구매하실 수 있어요유아식탁의자 뻬그뻬레고씨에스타 팔로우미 홈페이지에도제품구매신제품 정보를 확인 하실 수 있어요아래 링크 확인해주세요], 긍정 텍스트 확률 : 66.42%"
"[ 유아식탁의자 뻬그뻬레고 씨에스타팔로우미 식탁의자에보니 사용후기 끝.?뻬그뻬레고뻬그뻬레고.?씨에스타씨에스타.?유아식탁의자유아식탁의자.?아기의자아기의자 .?아기식탁의자아기식탁의자.?하이체어하이체어.?이유식의자이유식의자 .?범보의자범보의자.?식습관아기침대식습관아기침대 .?유아침대유아침대.?바운서바운서.?아기소파아기소파.?이유식이유식.?아기책상아기책상 .?백일선물백일선물.?돌선물돌선물.?신생아선물신생아선물 .?유아식탁의자유아식탁의자 추천.?아기식탁의자추천아기식탁의자추천 ], 긍정 텍스트 확률 : 72.10%"
"[ 부가부동키트윈뻬그뻬레고북포투 중 정말많이 고민했지만...내차는 미니쿠퍼고 차가작고 ㅜㅜ둥이인지모르고 샀는데 .. ㅜ 트렁크가작아서 쌍둥이 유모차 들어가질않음ㅜ부가부 정말사고싶었는데 .. 무게를 감당하지못하고 동네마실 다닐때만 쓰기엔 사악한가격 가성비👎👎👎엘레니어세스토트윈은 양대면 아래위다되지만둘중 얌전한아이가 항상바닥과가까운곳에위치할수밖에 없는 단점 무겁다 차에안들어감ㅜ나의선택은...뻬그뻬레고 북포투.어마어마하게까진 안크고 몸집작은데 딱감당 되는크기.디럭스라서 무겁지만 💪정돈 차에 실을때 만 초인적인힘을 발휘하면됨. 미니쿠퍼에 들어감모닝에도들어간다함.마트계산대나좁은엘리베이터 통과.실제로 아이들태워보니 스퇄 쏼아있음.핸들링이👌👌👌.초폴딩 접고펴기편함월말 베페에서 사서 도착한지 몇일안되었는데오늘까지 상품평써야 모기장 준다해서급하게 집에서 끌어보고 태워보고 후기 ㅜ공원나가고싶었는데남푠님이 늦게오심 ㅜ잘샀음♡ 어디든지 갈수있음♡산책같이갈사람 요요 다붙어랑 ], 긍정 텍스트 확률 : 60.99%"
"[주간 사용하고 남기는내 돈주고 사서 쓰는 후기중기이유식도 시작되었고 식사습관도 잡아줘야할 것 같아급하게 유아식탁 검색사실 우리 부부가 식사 할 때아가를 거실바닥 매트에 두는데ㅠㅠ...빤히 쳐다보는게 마음이.... 울아가도 우리 밥먹을때옆에서간식이라도 하나 먹으면서 놀면덜 심심하고 덜 외롭지 않을까 싶었다.디자인은 원목체어가 정말 마음에 들었음우리집에도 잘어울릴것같았고...그치만 유아 식탁은 하이체어다 보니 안정성디자인 에 염두해 두고 검색검색 끝에이탈리아 제품인 씨에스타 뻬그뻬레고로 결정 ], 긍정 텍스트 확률 : 99.96%"
"[ 년 신상 컬러인 진저그레이다른 컬러들은 모두 프레임부분이 화이트인데요건 블랙ㅎㅎ 완전 마음에 쏙블랙이면 때타도 잘 안보일것 같다는데 전혀요...화이트보다 더 잘보이는듯...그래서 더 꼼꼼히 닦게 됨 ], 긍정 텍스트 확률 : 99.25%"
"[ 우리 누피 안떨어지게 잘 지켜줄점식벨트하이체어다보니 낙상사고도 다반사라벨트도 점식이 아닌 점식 제품으로 초이스여기 앉힐때는 꼭 벨트를 채워준다. ], 긍정 텍스트 확률 : 83.84%"
"[ 울 누피 자리 상석에 딱 잡아줌 ], 긍정 텍스트 확률 : 83.05%"
"[ 요로케 뒷부분에 있는 버튼을 누르면 시트각도가 조절이 된다이게 왜 필요한가 했더니.... ], 긍정 텍스트 확률 : 78.25%"
"[ 빨간색 버튼 아래쪽 고리에 손가락을 걸어서 눌러준 뒤당겨주면 쉽게 접힌다 ㅎㅎ좀 불편한 점은접고나서 뒷부분 밑에 바퀴를 정리해줘야 혼자 스탠딩이 된다는 점 ], 긍정 텍스트 확률 : 70.44%"
"[ ..경험해보지 못한 일에 섣불리 판단하지 말자라는걸 또 또 깨닫습니다. 실천까진 머나먼 길 ... 월 일 생후 일.추석. 아라뱃길에서 카페를 운영하고 계신 작은 형님네가 오픈한지 얼마 안 된터라 가게 쉬진 않는다 하셔서 우리가 출동 . 명절 인사겸 갔다가 옷을 잔뜩 받아왔어요. 😄.현재까지 부모인 제가 산 옷은 겨울에 입을 바디수트 벌과 구스패팅뿐.. 주워입히고 있습니다.. 어쨋든 인생 첫 카페 출동. ], 긍정 텍스트 확률 : 93.84%"
"[ .. 유아차만 탔다 하면 딥슬립하는 바하와. 속도광이라 바퀴가 멈추면 눈을 뜨는 테마.. 그래도 제가 커피 한 잔 마실동안 바하테마의 사촌형오빠 언니누나가 내내 유아차를 밀어주더라구요 흑흑 감동적이다. 그 마음 잊지 말아줘ㅡ. 큰형님께서 애기애기라며 넘 좋다구 힘들면 아들만이라도 자기네 집으로 보내 키워줄게 하시는데 농담인거 아는데도 혹했습니다. ㄷ ㄷ. 아 참], 긍정 텍스트 확률 : 96.53%"
"[어쨋든 맞기로 하고 기왕 맞는거 좀 싸게 맞아 보겠다고 드라이브겸 좀 멀리 다녀왔어요..쌍둥이 유아차 내려놓는 순간부터 시선은 감당해야할 몫. 의외로 말 걸어주시는 모르는 사람 정말 많더라구요... 강제 인싸 되고 있는 중입니다. 😭 만난지 분만에 아이들 성별 생일 이름 심지언...시험관 여부까지 ㅋㅋㅋㅋ 스프 살려... 월 일 생후 일 ], 긍정 텍스트 확률 : 62.00%"
"[ 인용유모차사진. 글 좌충우돌서은맘ⓒ. 서은맘 . ], 긍정 텍스트 확률 : 62.06%"
"[ 저보다 나이가 조금 많은 언니가 힘들게 고생한 끝에 드디어 시험관 성공으로 쌍둥이 소식을 전해 주게 되었어요. 어릴때부터 함께 놀고 크면서 같이 공감하는 추억들이 많았는데요.. 제가 언니에게는 아무래도 시험관으로 힘들게 고생하고 있는걸 알다보니 아기 관련해서는 먼저 이야기를 잘 꺼내지 못하겠더라고요. 그런데 이제는 두배의 기쁨인 쌍둥이 소식을 접해 들어서 육아의 주제에 함께 수다를 떨 수 있게 되었답니다. 진짜 너무 기뻐요 ], 긍정 텍스트 확률 : 99.34%"
"[ 벌써부터 신이 나서 아이들을 위한 육아템들을 알아 보고 다니고 싶다고 하는데 제가 같이 안갈 수가 없더라구요 ㅎㅎ 예전에 친구따라 갔다가 알게 된 매장이 괜찮았던 기억이 있어서 언니에게도 소개 해 주면 좋을 것 같아서 다녀오게 되었어요. 형부도 같이 가고 싶다고 해서 셋이서 함께 달려 갔답니다. 여기는 수원인데요. 매장 입구부터 엄청난 종류의 인용 유모차들을 발견 할 수 있었어요.], 긍정 텍스트 확률 : 99.96%"
"[ 통상적인 쌍둥이유모차의 가로폭에 비해 무려 가 좁은 가로폭.로 압도적인 기술력을 자랑하고요. 외출 다닐 때 불편한 점이 아무래도 가로폭이 너무 커서 문 통과하기도 힘들고 엘베도 타기 힘들고 하잖아요. 진짜 백화점 같은 곳만 가더라도 눈치가 보이거나 오랜 시간 엘레베이터를 기다려야 하는 수고가 있어서 외출이 두려워 지더라고요.그런데 직접 만나본 베이비조거 시티투어더블은 제가 보기에도 정말 컴팩트한게 너무나도 큰 자랑이였어요 대신..아이가 좀 발육이 남다르다거나...오래 사용하지는 못할 거 같은 단점이 보이긴했어요물론 제 주관적인 의견입니다 ], 긍정 텍스트 확률 : 61.98%"
"[무게 . .인치 베이링 리어휠 우레탄 타이어고강도 서스펜션 스프링 내장가격대는 온라인으로 보니 만원대 정도 되더라고요. 일단 사용 연령이 신생아부터 가능 하기 때문에 장점은 있는데 세까지만 쓸 수 있다는 점을 참고 하셔야 할 것 같아요. 세계에서 가장 컴팩트한 쌍둥이 유모차로 알려져 있고 안정적인 승차감과 핸들링을 느낄 수 있었고요. 특히 튼튼한 내구성을 바탕으로 핸들과 하단 프레임이 고정 유지되는 것도 좋더라고요. 다른 것보다 견고함이 느껴졌고 한번 사용하게 되면 망가져서 못쓰지는 않겠구나 싶었어요 ㅎㅎ.], 긍정 텍스트 확률 : 96.32%"
"[ 번 레버를 동시에 눌러주는 동작만으로도 쉽게 폴딩이 되서 편리했고요. 대용량의 바스켓 공간도 아주 매력적이었어요. 최대 적재 중량이더라고요. 각도 조절시트와 발판도 아이가 편안하도록 각도 조절이 잘 되서 좋고요. 점식 안전벨트라 보다 안전하게 아이를 채워줄 수 있답니다.], 긍정 텍스트 확률 : 99.83%"
"[이지폴딩이기에 단 한번의 동작만으로 쉽게 접고 펼칠 수 있으며], 긍정 텍스트 확률 : 75.25%"
"[셀프스탠딩으로 간단하게 보관할 수 있답니다외출시 남매 혹은 연년생 쌍둥이 아이들을 태울 수 있으니 엄마 혼자서도 손쉬운 외출이 가능한 북포투 ], 긍정 텍스트 확률 : 85.76%"
"[ 제가 보여 드리는 제품은이월상품인데요. 온라인으로도 찾아보니 만원대구요. 가지 색상으로 구성되어 있는데 저희는 블랙으로 보고 왔어요. 온라인으로 보니까 오닉스], 긍정 텍스트 확률 : 93.97%"
"[크림 이렇게 가지 인데 저는 블루색계열도 너무 이쁘더라고요 ], 긍정 텍스트 확률 : 67.09%"
"[ 저희가 여기 아울렛에 도착하고 돌아 다니면서 우연히 길에서 한번 보게 되었는데], 긍정 텍스트 확률 : 55.60%"
"[먼저 눈으로 발견 했던 제품이라 언니가 더욱 더 관심을 가지고 있더라고요. 궁금한 점들 하나부터 열까지 엄청난 질문으로 직원분을 다른 곳 못가게 잡아 두었던 녀석이랍니다. ㅎㅎ일단 이 제품도 세부터 사용이 가능 하고요. 디럭스급이라 진짜 편안하고 든든해요. 만 세까지 탈 수 있고 까지 가능 하다네요. 일단 요고는 인용 유모차로 인기가 좋은게 연년생 아가를 둔 맘들도 많이 탐내서 선택하게 된다고 하더라고요.], 긍정 텍스트 확률 : 93.08%"
"[ 발받침을 살펴 봤는데 원터치로 접히는 것이 너무 신기했어요. 아이가 더욱 편안하게 있을 수 있도록 단계조절 기능도 있고요 아이 다리를 지탱 하여 높은 포지현], 긍정 텍스트 확률 : 72.87%"
"[혹은 침대포지션에서도 불안하지 않게 해준답니다. 손으로 만져봤는데 정말 폭신하고 편안한 촉감이였어요 ], 긍정 텍스트 확률 : 62.47%"
"[우 버튼을 누른 상태로 단계별로 손잡이를 내리고 올릴 수 있었답니다. 이건 사용자에 키에 맞춰 조절 할 수 있어서 편리해요. 총 단계로 높이 조정이 가능 하기 때문에 키 큰 아빠들부터 키 작은 엄마들까지 모두 끌고 다니기 편안해요 ], 긍정 텍스트 확률 : 74.20%"
"[ 단 한번의 조작만으로 쉽게 접을 수 있고 세워서 보관이 가능 하기 때문에 편리한 점도 있었고요. 유모차 접은 상태의 부피가 생각보다 많이 축소되서 놀랐고], 긍정 텍스트 확률 : 78.68%"
"[ 볼 베어링 기술로 부드러운 핸들링을 자랑하고 방향전환도 자유롭게 도 부드럽게 전환이 되고요. 와대형바퀴시스템이라 노면의 충격도 중량을 분산하고 가볍게 주행할 수 있게 도와줘요. ], 긍정 텍스트 확률 : 70.17%"
"[ 대용량 팝업 바스켓은 진짜 입구오픈이 가능한 타입이고 아기띠나 힙시트 같이 부피 큰 육아템도 수납 할 수 있어서 좋더라고요. 원핸들이 진짜 편리한 주행이 가능하게 도와주고 프레임도 옆라인으로 보시면 고급스럽고 웅장한 알루미늄합금의 블랙 프레임이라 너무예쁘더라고요. 다른 것 보다 이게 확실히 튼튼하고 기능도 잘 되어 있어서 매력적인데 디자인까지 엄마들이 좋아할만하게 잘 빠져서 울 언니는 이거로 픽 했답니다.ㅎㅎ ], 긍정 텍스트 확률 : 99.17%"
"[ 저는 개인적으로 추천 드리고 싶은 인용 유모차], 긍정 텍스트 확률 : 54.53%"
"[엘레니어를 소개 해 드리도록 할게요. ㅎ 일단 꼭 쌍둥이를 가진 부모가 아니더라도 연년생이라면 진짜 이건 딱 나에게 필요하다 싶을 정도로 매력적인 제품인데요. 그 이유가 바로 분리결합형 트윈윰차라는 최대강점을 가졌기 때문이죠 무엇보다도 트윈 답지 않게 초슬림한 사이즈라 가장 눈길이 갔고요. ], 긍정 텍스트 확률 : 99.73%"
"[전용 뒷바퀴 교체로 합체가 가능해서 직원분이 보여주시는데 진짜 로봇 조립 하는 줄 알았어요ㅎㅎ 게다가 트윈결합시에도 동시폴딩이 가능하고요 결합 시 가로폭 로 마트나 엘베 출입이 가능한 것도 진짜 생활에 편리답니다 ], 긍정 텍스트 확률 : 69.75%"
"[ 외출에 대한 고민이 아무래도 생기기 마련인데 이거 하나 있으면 얼마나 든든할지생각만 해도 기쁘더라고요. 게다가 가격도 앞에 소개 해 드린 제품보다 확실히 착한 가격에 구입이 가능 해서 부담 없이 선택하기도 좋더라고요. ], 긍정 텍스트 확률 : 71.91%"
"[좁은 공간에서도 놀랄만한 핸들링을 느낄 수 있답니다. 특히 뛰어난 내구성과 독보적 볼베어링으로 유연한 주행감을 구현시켜요. ], 긍정 텍스트 확률 : 95.18%"
"[ 안전바도 바랑 호환이 가능 해서 좋고요. 통풍창이 무려 방향으로 되어 있어서 날씨 좋은 날 특히 여름에 사용하기 좋겠더라고요. 레니 유저인데 두 아이 모두 레니에 태워다니고 싶어요], 긍정 텍스트 확률 : 99.40%"
"[상황따라 한 명씩 케어도 가능하게 분리됐으면 좋겠어요. 가로형 쌍둥이 윰차는 엘베에서 안들어가서 불편해요 이런 의견을 반영해 만들었다고 하니 소비자의 만족도가 높을 수 밖에요 ㅎㅎ ], 긍정 텍스트 확률 : 76.89%"
"[여기에서 직접 폴딩 해 보고 조립해보고 하는 걸 눈으로 보고 내가 해보니까 제품에 대한 매력이 확 높아지더라고요. ], 긍정 텍스트 확률 : 92.35%"
"[ 동시 폴딩 시스템으로 결합 모드에서도 한번에 폴딩 언폴딩이 가능하고 콤팩트해서 비행기에도 경차에도 가능 하다는 점이 만족도 업 이랍니다.휴대용 윰차로는 가장 긴 의 충분한 길이감으로 키 큰 아이도 편안하게 탑승 할 수 있고요. 시트 각도도 도부터 도까지 충분히 안정적으로 젖혀진답니다. 등받이 조절 레버는 단계 리클라이닝으로 한번의 터치로도 손쉽게 조절 가능해요. 특히 헤드안전망이 적용되어 있는데요. 아이 머리가 뒤쪽으로 밀리지 않게 안정적으로 지지하는 보호망이 있어요. ], 긍정 텍스트 확률 : 64.87%"
"[제 후기가 인용 유모차 선택으로 고민하시는 분들에게 큰 도움이 되셨으면 좋겠네요 ], 긍정 텍스트 확률 : 91.43%"
"[아이들 키우다보면 필요한 용품들도 있죠? 모두다 수원 영통 베이비플러스에서 저렴하게 득템하고 가세요 ], 긍정 텍스트 확률 : 96.40%"
"[ 수원 영통 베이비플러스는신갈근처에 있어서 방문하기 쉽고아울렛 안에 있어서 주차공간이 넓고그래서 주차하기도 편해요.게다가주차비가 무료그리고 백화점상품권도 사용할 수 있어서여러가지 방법으로 결제할 수 있어요. ], 긍정 텍스트 확률 : 53.01%"
"[ 그리고 아기들 간식], 긍정 텍스트 확률 : 56.70%"
"[ 지금까지 베페가 가장 많은 물건을한곳에서 볼 수 있고비교하기 좋고 저렴하다 생각했는데이곳도 만만치않게 많은 브랜드와 제품이 있고저렴해서 정말 편하게 비교해 볼 수 있더라고요. ], 긍정 텍스트 확률 : 97.13%"
"[ 직원분들도 정말 친절하시고육아용품 전문가들이시라 궁금한거 있어서물어보면 정말 자세히 알려주시고장단점 다 자세히 설명해주시고그래서 설명듣고 나에게 맞는], 긍정 텍스트 확률 : 66.63%"
"[ 아기에게 좋을 제품으로 고르면 돼요.부담없이 결정할 수 있어서 좋더라고요. ], 긍정 텍스트 확률 : 86.55%"
"[카시트 종류도 많고 브랜드도 다양하고신제품도 빠르게 들어오고희귀한 제품들도 있으니까이만한데가 없어요.인터넷에서는 후기만 보고 결정해야되는데매장에서는 직접보고 시승하고핸들링도 직접 경험하고폴딩하고 여러가지 경험하고결정할 수 있으니까 훨씬 후회없이 결정할 수 있더라고요. ], 긍정 텍스트 확률 : 66.34%"
"[ 여러가지 육아용품이 있지만제가 보러온건 뻬그뻬레고 식탁의자.매장 둘러보고 바로 이거 둘러보러 갔어요.더욱 새로워진 뻬그뻬레고 씨에스타.훨씬 더 좋아지고 훨씬 편의성이 뛰어나졌다고해요. ], 긍정 텍스트 확률 : 62.45%"
"[ 무게중심을 하단에 설계해서혹시나 모를 사고에 대비해서넘어지는 사고를 방지할 수 있어요.무게 지탱 면적도 넓어서 흔들림이 적어요.튼튼하고 안전하답니다. ], 긍정 텍스트 확률 : 73.17%"
"[ 친환경 소재에 쓰지않을때에는접어서 보관할 수 있어서 편리하고공간도 차지하지않는 뻬그뻬레고 식탁의자.직접보니 훨씬 좋더라고요.역시 매장에서 직접 보길 잘했어요.필요한거 있으신 분들 한번 가보세요 ], 긍정 텍스트 확률 : 93.82%"
"[ 이유식 시작하려는 아기들에게 필수인 식탁의자저는 완모 중이라 아직 이유식 시기가 되려면 좀 남았지만벌써부터 식탁의자에 관심이 가더라고요그 중에 씨에스타 뻬그뻬레고가 제일 인기인 것 같아서 눈여겨 봤는데 이번에 베페몰에서 할인특가 떴어요지금 사야 하나..고민 중식탁의자랑 쌍둥이 유모차도 할인 중이에요연년생 아기라면 유모차 개는 필요하잖아요?뻬그뻬레고 식탁의자유모차 소개해드리고특가 정보 알려드릴게용 ], 긍정 텍스트 확률 : 99.39%"
"[ 원에 판매 중이에요.게다가 월 일부터 한 달간 베페몰 전고객을 대상으로 최대 천원 할인 쿠폰 증정해줘서좀 더 싸게 구입 가능하다는 것이번 기회 놓치면 후회할 것 같은..그런 예감 ㅋㅋㅋ제품 설명 자세히 살펴볼까요? ], 긍정 텍스트 확률 : 88.27%"
"[책상으로까지아기때부터 어린이돼서도 유용하게 쓰일 것 같죠신생아때는 침대로 쓰다가개월 이후부터는 의자로 쓸 수 있고], 긍정 텍스트 확률 : 50.62%"
"[ 논슬립 일체형 프레임으로 내구성이 뛰어나고 안전하다는 장점도 있고요.완성품으로 출고되니까 조립할 걱정이 없어서 좋아요. ], 긍정 텍스트 확률 : 68.82%"
"[ 어린이 돼서도 앉을 수 있는 식탁의자활용도 진짜 높겠죠? ], 긍정 텍스트 확률 : 55.44%"
"[ 이유식 먹일 때 식탁의자 필수라고 하던데엄마랑 눈높이가 맞아서 더 편하게 먹일 수 있을 것 같아요. ], 긍정 텍스트 확률 : 56.90%"
"[ 아기 침대로 쓰면 이렇게 눕혀서 잠시 재우기도 좋고요역시 뻬그뻬레고 유명한 이유가 있네요..ㅋㅋㅋ ], 긍정 텍스트 확률 : 96.81%"
"[ 다음은 쌍둥이 절충형 유모차], 긍정 텍스트 확률 : 54.30%"
"[ 원에 할인 중이에요요즘 쌍둥이 아가들이 주변에 많아졌어요연년생이라도 이게 꼭 필요할 듯 하고요.특가할인 중일 때 사시면 좋겠죠? ], 긍정 텍스트 확률 : 96.33%"
"[ 세상에서 가장 가벼운 쌍둥이유모차입니다.만 세 유아까지 탈 수 있어서 유용하게 쓸 수 있을 듯 해요.등받이 시트 조절이 가능하고보관할 때는 컴팩트하게 접어 납작하게 접히니까 차에 싣거나 집에 보관할 때도 자리차지 안해서 괜찮을 듯 하네요자세한 설명은 베페몰 상세페이지를 확인해주세용], 긍정 텍스트 확률 : 96.50%"
"[ 마지막으로뻬그뻬레고 후기 이벤트 소식 알려드릴게요 ], 긍정 텍스트 확률 : 82.08%"
"[맘카페에 후기를 올리고뻬그뻬레고 공식쇼핑몰에 회원가입 후양식에 맞춰 작성하면 응모 끝월 일까지사은품 받을 수 있다고 하니이번에 꼭 사야할 이유가 또 생겼네요..ㅋㅋ식탁의자], 긍정 텍스트 확률 : 92.51%"
"[유모차 사려고 하셨던 분들혜택 누리시길 바라용♡뻬그뻬레고 단독특가전 보러가기 클릭▼ ], 긍정 텍스트 확률 : 85.79%"
"[우리 아들 쌍둥이 드디어 유모차 구입엄마가 열심히 검색하고 공부해서 우리 아들들에게 딱맞는 유모차선정그것은 바로 뻬그뻬레고 였습니다. 매장에가서 직접 만져보고 접어보고 운전도 해보고 사장님의 의견까지 접수해서 선택된 유모차엄마 아빠 너무만족하고요물론 우리 아들들이 유모차 타면 넘얌전하게 잘 앉아있어줘서 다행이다 싶네요 ], 긍정 텍스트 확률 : 99.61%"
"[ 요즘 미세먼지 좋음 뜨길래 얼른 시간맞춰서 애기들데리고 폭풍나들이식물원도 가고 공원도 가구요자동차 트렁크에도 딱들어가구요 무게도많이 무겁지않아서 좋구요뻬그뻬레고 로 선택하길 정말 잘한것 같아요이제 사용한지 얼마 되지는않았지만 우리 쌍둥이 들은 매우만족입니다 ], 긍정 텍스트 확률 : 99.08%"
"[우리 아이의 첫유모차시승기 ], 긍정 텍스트 확률 : 80.71%"
"[ 실제 사용한 후기를 일일이 찾아 꼼꼼히 따져본 뒤 구매를 결정하게 되었습니다. ], 긍정 텍스트 확률 : 68.73%"
"[ 쌍둥이 유모차들의 가장 큰 문제점 이동 제한의 단점을 보완 한 전폭 사이즈 축소로 대형마트 계산대나 엘리베이터 통과를 쉽게 이용할 수 있어 언제 어디서든 편리하게 사용 할 수 있습니다.우리 아이의 첫 번째 공간뻬그뻬레고북포투 쌍둥이 디럭스 유모차 ], 긍정 텍스트 확률 : 89.22%"
"[ 내 아이의 외출을 책임지는 중요한 아이템이기 때문에실용성과 안정성], 긍정 텍스트 확률 : 56.12%"
"[년 월 코엑스 베이비페어에 가서 구입한 뻬그뻬레고 북포투 유모차에요 쌍둥이 유모차 자체가 많이 없고 일자형보다는 가로형으로 구입할 예정이여서 처음부터 다른것 고민없이 뻬그뻬레고 북포투 유모차를 정하고 베페에 방문했어요그리고 북포투 유모차와 단짝인 씨에스타 식탁의자도 같이 구입했어요 유모차도 사진보다 실제로보면 좀더 괜찮은데 식탁의자는 실제로 보는게 더 예뻐요 신랑이 유모차보다 식탁의자가 더 마음에 든다고 하네요 ㅎ ], 긍정 텍스트 확률 : 90.21%"
"[ 쌍둥이 유모차의 단점이 무게인데무게가 있는만큼 안정감도 있어서 전 마음에 들어요 하루에 몇번씩 자동차를 타고 이동하는 분들에겐 부담스러운 무게겠지만 전 뚜벅이여서 ㅎㅎ그리고 장바구니가 큼직하니 제일 맘에 드네요 작년에만 구입했어도 이런저런 사은품을 더 받을수 있었는데 하필 올해부터 사은품이 바뀌어서 컵홀더랑 핸드커버만 받았어요 ㅠ그리고 구입후 개월이내 후기를 적여야지 유모차는 전용커버 씨에스타는 만원 상품권을 준다고 하네요 년형을 구입한것도 아니고 년 형을 구입했는데 사은품이 달라져서 좀 그랬어요 더군다나 년형을 주문하면 풋커버인가? 선물 하나 더주던데..... 칫 ], 긍정 텍스트 확률 : 99.17%"
"[ 사은품은 아쉽지만 제품은 매우 만족해요 북포투 유모차와 같이 구입한 씨에스타블랙이 무난하긴 한데 딸둥이여서 화사한 색으로 구입했어요 ㅎㅎ색선택은 잘한것 같아요], 긍정 텍스트 확률 : 84.06%"
"[ 후기에 보니 씨에스타 뒷쪽 고무 그물망이 잘 끊어진다고 하네요 딱히 사용하는것도 없는데 끊어졌다는 사람들도 있고 중고나라에 올라온 물건들 보면 대부분 저 그물망이 끊어진게 많았어요], 긍정 텍스트 확률 : 64.15%"
"[ 이렇게 보고만 있어도 뿌듯한데 둥이들이 태어나서 유모차랑 씨에스타에 앉은 모습을 보면 얼마나 예쁠까요? ㅎㅎ아직 사용은 못했지만 만족스러운 구매 후기였습니다], 긍정 텍스트 확률 : 75.46%"
"[..쌍둥이 임신후 부터 유모차를 끌고 다니는 애기엄마들을 볼 때마다 출산후 어떤 유모차를 사야할까 고민이 많았어요. 주변 지인들로 부터 디럭스는 오래 못탄다는 이야기도 많이 듣고 또 블로그에 보면 디럭스를 잘 이용 하시는 분들도 많은것 같고 신생아 침대 고르는것보다 더 많은 고민이 되었어요. 그러던중에 베이비페어에 갔다가 뻬그빼레고북포투를 보고 마음을 굳혔어요. 제가 생각했던 디럭스와 절충형을 잘 섞어 놓은 제품 같았어요. 무게 뿐만 아니라 안정적인 핸들링 또한 마음에 들었어요. 그리고 전 양대면을 굳이 고집하지 않아서 그 부분에 있어서는 북포투를 결정하는데 있어 큰 고민은 안들었어요.], 긍정 텍스트 확률 : 97.56%"
"[ .구매 후 둥이들 처음 외출을 일이 되서 백화점으로 갔었는데 둥이들이 북포투 위에서 꿀잠을 자주어서 간만에 꿀같은 외출도 하고 왔어요..둥이들 유모차를 고민하시는 분들 계시면 강추 드려요 .. .?뻬그뻬레고뻬그뻬레고.?.?북포투북포투.?쌍둥이유모차쌍둥이유모차 ], 긍정 텍스트 확률 : 98.36%"
"[ 유모차 베페가서 보니뻬그뻬레고 디럭스 유모차가 제일 맘에 들어서북모델이요마음 속으로 찜하고 돌아왔는데요정말... 후기가 정말 없어서ㅠ소심해지네요...], 긍정 텍스트 확률 : 92.90%"
"[ 맥클라렌 이나 뻬그뻬레고 쌍둥이 유모차를 중고로 구입할까해요근데 방한커버 일자형을 따로 꼭 사야하는지...아니면 방한커버 인용짜리 두개를 따로 따로 써도 되는지 해서요그리고 핸들링은 어떤가요?뻬그뻬레고를 다들 추천하시던데 저희집차 아반떼트렁크에 넣으면 다른짐은 아예 못넣을것 같은 불안감이 생기네요승용차 트렁크에 싣고다니는 사진은 열심히 찾아도 잘 안나오네요 ㅠㅠ 후기좀 알려주세요맥클라렌도 절충형으로 괜찮죠?], 긍정 텍스트 확률 : 77.11%"
"[무얼 살지 무지 고민했다. . 아기들 일 이후가 겨울이라 봄에 구매하기. 양대면], 긍정 텍스트 확률 : 56.30%"
"[디럭스와 절충형], 긍정 텍스트 확률 : 62.66%"
"[. 부가부 동키 트윈과 뻬그 북포투 중 무엇으로?..아무래도 동네를 많이 돌아다닐 것 같아 동네카페에 문의해보니 거의 대부분이 북포투를 추천해줬다. 쌍둥이 카페에서는 부가부와 반반. 그래서 조금이라도 더 많이 추천받은 걸로 선택했다. 무엇보다 쌍둥이 부모들을 겨냥해서 북포투시에스타 두 개의 조합으로 판매하고 있어서 고민이 줄었던 것도 사실. ..어쨌든 눈이 빠지게 기다려서 받은 다음날부터 남편과 작정한 듯이 쏘다니기 시작했다. 인용 두 개를 끌고 다니는 것의 가장 큰 단점이 부모 둘 모두 두 손이 자유롭지 못하다는 것. 즉 이건 쌍둥이 유모차의 장점이 되겠다. 그래서 쌍둥이 유모차는 꼭 필요하다. 북포투가 아니더라도..암튼... 매장에서 쉽게 볼 수 없기에 후기를 찾아 헤맬 부모님들을 위하여 상세컷], 긍정 텍스트 확률 : 99.43%"
"[ .차광막은 생각보다 길다. 요요에 비하면 엄청나게 긴 것. 등받이를 최고로 높게 조절하면 어떤 각도에서든 햇빛이 잘 차단된다.], 긍정 텍스트 확률 : 74.15%"
"[ .차광막 중간에도 아기들을 살필 수 있게 이렇게 되어 있다. 용어가 있을 텐데 당최 생각이 안 남 ], 긍정 텍스트 확률 : 75.04%"
"[이렇게라면 어떤 상황에서든 외출이 무섭지 않을 것이다. .. 근데 요요도 그렇고 이것도 그렇고 보통의 다른 유모차들도 그렇고], 긍정 텍스트 확률 : 72.65%"
"[차광막을 아주 길게 만들 순 없나?? 안전바에 닿을 정도로 길게 만들면 햇빛 가리느라 이불로 덮을 일도 없고 밖에서 재울 때 어두워서 더 잘 잘 텐데 말이다. ...... .?뻬그뻬레고뻬그뻬레고.?.?북포투북포투.?쌍둥이유모차쌍둥이유모차.?시에스타시에스타.?요요요요. ], 긍정 텍스트 확률 : 84.75%"
"[ 우선 나란히형으로 폭이 너무 크지 않고 아이들이 편해 할 만한 시트], 긍정 텍스트 확률 : 76.16%"
"[ 코리아 맘스초이스수상대한민국 엄마들이 직접 선정한 최고의 유아식탁의자랍니다. ], 긍정 텍스트 확률 : 88.83%"
"[ 전세계 유아식탁의자 위씨에스타는 다르죠년 동안 이어진 역사를 자랑하는 씨에스타 유아식탁 ], 긍정 텍스트 확률 : 54.71%"
"[ 가지 스타일을 누려라씨에스타는 침대], 긍정 텍스트 확률 : 58.86%"
"[ 책상까지 가지 스타일로 최고의 활용성을 제공해요 ], 긍정 텍스트 확률 : 92.72%"
"[ 원할인쿠폰 증정한다고 하니 기간내에 구입해보세요. ], 긍정 텍스트 확률 : 58.30%"
"[ 원에 특가구입 할수 이있어요 ], 긍정 텍스트 확률 : 54.10%"
"[ 새롭게 사용가능한 후드로 아이의 포근함을 더해주세요. ], 긍정 텍스트 확률 : 84.68%"
"[ 각각의 장단점이 다르기에 상품 상세설명을 보고 또보고 실제 사용하고 있는 분들의 후기를 보고 매장에 가서 끌어보기도 하고 인스타그램에서 소통하고 있는 쌍둥이 엄마들의 의견도 들어보고 정말 오랜 시간 고민고민고민 끝에 우리가 결정한 유모차는???? 삐그뻬레고 아리아쇼퍼트윈 ], 긍정 텍스트 확률 : 94.45%"
"[집 앞에 산책할 수 있는 길이 잘 되어 있고 유모차로 이동하기 좋은 소아과와 마트가 있으며 매일 산책을 할 조건이 되는 인프라의 곳에 산다면디럭스 북포투 유모차를 끌고 나가기에는 집 주변이 휑하고 유모차를 사용하려면 차를 타고 가야하며주로 마트나 백화점 등의 실내에서 끌 거라면절충형 아리아쇼퍼트윈 저 조건이 둥이맘님들 사이에서 대부분의 의견이었어요 우리는 언덕위에 있는 아파트에 살며], 긍정 텍스트 확률 : 98.30%"
"[가족들과 커피숍에 갈 때], 긍정 텍스트 확률 : 51.55%"
"[그리고 어린이대공원에 가서도 썼답니다 한번 쓰기 시작하니깐 계속 쓰게 되는 유모차에요 흙길이나 울퉁불퉁한 길에서의 핸들링은 좋지않아요 아이들이 흔들림을 다 받기도 하구요 근데 그런 길을 가는 일은 거의 드물기 때문에 지금까지는 만족하면서 쓰고 있어요 ], 긍정 텍스트 확률 : 59.75%"
"[쌍둥이 누구든 둘이 탈 수 있는 쌍둥이유모차에요], 긍정 텍스트 확률 : 94.04%"
"[ 바 원핸들로한손으로 주행하기에도 괜찮고 바구니 크기고 크고 넉넉해서 이것저것 많이 들어가더라구요 발쪽의 원터치 브레이크 가 있어서 쉽게 브레이크 걸었다가 풀었다 할 수 있어요 실제로 구입해서 개월 정도 사용해보니 단점보다 장점이 더 많은 삐그베레고 절충형 쌍둥이유모차 아리아쇼퍼트윈 개월 살 딸도 타는 걸 좋아하는걸보니 둥이들 세돌까지 충분히 잘 탈 수 있을 것 같아요 하지만 해외여행을 가게 되면 휴대용을 추가로 구입할 계획이구요 앞으로 주말마다 나들이 갈 건데 우리 삼남매를 잘 태워줄 붕붕이 앞으로도 잘 부탁한다 ], 긍정 텍스트 확률 : 99.99%"
"[.유모차를 집앞에서만 사용한다면.. 아이의 편의성.. 현관공간보관의 용이성 ..위 두가지만 고민하면 됩니다..현관이나 복도에 공간만 충분하다면.슈퍼 울트라 럭셔리 디럭스 유모차도 괜찮습니다...그런데 대부분의 경우 .우리는 유모차를 나들이에서.사용하는 경우가 많습니다...유모차 때문에 차를 바꾼다 는.이야기를 들은 적이 있습니다..그런데...그런 경제적 형편이 되는 가정이.몇이나 될까요. ], 긍정 텍스트 확률 : 98.83%"
"[ .저희 인 가족의 단거리 나들이를 책임져주었던.스파크구. 마티즈 크리에이티브.다소불편한 공간에도 불구하고.경제성유지비와 주차 및 톨비와.주차공간 찾기 어려운 시내에서.진가를 발휘해준 경차 입니다...그런데], 긍정 텍스트 확률 : 85.38%"
"[ 그 밖에 소소하게컵홀더나 관찰창 등도 있지만저는 주로 위의 가지 기능이만족스러웠습니다. ], 긍정 텍스트 확률 : 65.13%"
"[ 오늘 도서관에서 우연히 마주친또 하나의뻬그뻬레고 역시 애용하시는 분들이 많으시네요이상직접 구매하여 사용 한뻬그뻬레고 휴대용 유모차 에 대한아빠의 사용후기 였습니다. ], 긍정 텍스트 확률 : 72.28%"
"[ 원 입니다제품 가격은 달라질 수 있습니다 하단 링크 참고.상품후기 알아보기여기저기 다양한 제품 및 상품들을 소개하고 있습니다 판매자에 의해 제품의 정보는 변동이 될 수 있습니다 ↓쿠팡 공식사이트 바로가기↓], 긍정 텍스트 확률 : 50.32%"
"[ 위에 소개하고 있는 제품의 경우 쿠팡 공식 사이트 내용임을 밝힙니다년 월 일 시 분에 발행하였습니다이커머스 쇼핑은 삶을 행복하게 해줍니다 ], 긍정 텍스트 확률 : 82.81%"
"[큰 애때 쓰던 유모차가 두 대나 있어서 둥이들 유모차는 안 사려고 일년을 버텼는데...오히려 아이들이 돌이 지나고 어린이집을 다니게 되니까 둥이 유모차가 더욱 필요해졌어요.일단 둥이 유모차가 있어야 추운날 한 사람이 혼자 둥이 등하원이 가능하고], 긍정 텍스트 확률 : 83.77%"
"[ 여행시에도 둥이 유모차가 필요해서 알아보게 되었어요.둥이 유모차를 사야겠다는 마음을 먹고 나니], 긍정 텍스트 확률 : 95.22%"
"[ 여행 다닐때도 수납이 편리해보이구요.안전바도 둥이들 각자 개별로 있어서 좋아요.핸들링도 가볍고 잘 밀려서 좋아요.아주 만족합니다 사진은 집에서 타고 있는 모습인데], 긍정 텍스트 확률 : 97.69%"
"[ 아들은 아주 편안한지 떡하니 누웠네요 ㅎㅎ ], 긍정 텍스트 확률 : 59.78%"
"[로이도 또이도 착용감 대만족 무엇보다 튼튼한 내구성 및 디자인에 다시한번 만족강추에요 ], 긍정 텍스트 확률 : 99.93%"
"[.우리 둥이들 개월에 디럭스 사서 지금 잘 사용하고 있지만 등받이가 너무 뉘여져 있어서 개월인 우리 둥이들은 싫어함. 선둥이는 유모차 거부까지 오고 과자에 유투브 틀어주며 겨우 태움....디럭스는 핸들링은 최고지만 부피가 크고 무게도 많이 나가 혼자 차에 실어서 외출하기 힘들어 병원가거나 할때는 애기띠 하고 다닐때가 많다.ㅜㅜ.그래서 휴대용으로 쓰려고 트라이크 구매...하지만 이것도 외출용으론 아닌듯 아이들은 디럭스보다 잘타지만짐을 걸수도 없고 등받이가 뉘여지지 않아 잠들면 불편하다.ㅜㅜ .그래서 휴대용 유모차 사기로 결정 신랑은 몇대를 사냐며 뭐라했지만 병원다니기 힘든점 고려해서 설득 ...에고 또 선택의 시작 절충형. 휴대형 고민... 베페가서도 여러번보고 휴대형은 가벼우나 핸들링 별루고 눕혀지지도 않아 땡....절충형의 결합형도 봤지만 하나씩 분리되서 좋기는하지만 결합시 폭이 너무 넓어 땡..우리집 엘베는 넓어서 되지만 상가가 좁은곳도 많아서 민폐인듯 싶어. 땡..결국 두개중 고민 베이비랑 뻬그뻬레고 .베페에서 한 세번씩는 본듯 ㅋ 베이비는 직각 세워지고 완전히 눕혀지나 색이 너무 올드하고 폭이 너무 작아 아이들 오래 못탈듯도 싶어 뻬그뻬레고랑 많이 고민하다 뻬그뻬레고 선택했다..둘다 안써봐서 비교는 못하지만 뻬그뻬레고 어제 집앞에 끌고 나갔다온 후기로는 우선 만족...핸들링도 비교적 괜찮고 폴딩도 싶고 여자가 들기에 키로 정도되는 유모차 무게도 좋다. 또 밑에 바구니도 넓어서 우리 둥이의 많은짐 넣기에도 적당함..ㅋㅋ.무엇보다도 유모차 폭이 적당해서 빵가게 문 상가 엘베도 충분히 들어감 ㅋㅋㅋ 안들어갈듯 했지만 집어넣으니들어간다. .아이들도 위아래 타다가 나란히 타니 손도 잡고 더 친해진듯... 요녀석들은 집에선 싸우면서 나오면 엄청 우애 돋아♡♡처음 시승후 지금 만족중이당.. ], 긍정 텍스트 확률 : 80.94%"
"[굿라이프입니다.오랜만에 육아용품 포스팅을 하려고 합니다.요즘 회사일이 바빠져서 집와서 와이프 도와주면 넉다운이네요ㅜ ㅋㅋㅋ이번 제품은 뻬그뻬레고 아기식탁의자 입니다.사실 아기식탁의자를 뭐살지 헷갈려서 고민하는 중에 프리마파파가 이월상품으로 십만원대로 나와서 사게 되었는데요.국산은 만원에서 만원대], 긍정 텍스트 확률 : 99.98%"
"[외산은 만원대로 형성되있는데 뻬그뻬레고에서 만원대로 나와주니 선택하지 않을 수 없었네요. ㅋㅋㅋ일반적으로 뻬그뻬레고 씨에스타를 많이 쓰시는데 저도 지금 포스팅하면서 차이점을 찾아보니 프리마파파에서 재질이나 앞바퀴 회전안되게 하는 것 등 보완해서 나온게 씨에스타더라고요. 홈페이지보니 타타미아라고 스윙기능까지 되는 것도 있는 것 같아요. 가격은 역시 후덜덜합니다. 만원대.....또르르 ㅋㅋㅋ여튼 이것말고도 사줄 것이 많기에 저희 재정상 합리적이다 판단된 프리마파파를 구매하였습니다. 만원대 좋아요.. ㅋㅋㅋㅋㅋ배송은 큰 상자 하나로 옵니다.뜻이 궁금해서 번역기로 돌려보니 첫 이유식이라는 뜻이더라고요. 저는 파파길래 아빠의 뜻이 있나 했는데 완전 헛더라 짚었습니다.. ㅋㅋ ], 긍정 텍스트 확률 : 78.09%"
"[식판으로 되있는데요.조립이 다 되어서 오기때문에 쓰기 좋습니다아빠의 조립고통이 필요없어요. ㅋㅋㅋ ], 긍정 텍스트 확률 : 88.51%"
"[ 완전 좋아요 잘 샀다는 용품 중에 하나에요특히 식탁에서 식사를 하시는 가족이시면 무조건 사야한다 봅니다. 밥먹으면서 옆에 두고 볼 수 있어서 좋아요.자기도 한자리 한 것 같아서 좋아하는 것 같기도 하고요. ㅋㅋㅋ그리고 의자가 뒤의 고정바 하나로 눕혀지고 세워지는데], 긍정 텍스트 확률 : 99.97%"
"[이동 이 되기때문에 진짜 효율적이 아이템입니다. 추천해요일된 울집아기의 사용모습 보실게요. ㅋㅋㅋ점식 벨트에 안정적으로 앉아있는 모습입니다. ], 긍정 텍스트 확률 : 89.17%"
"[ 회장님 포즈도 한번 취해보고 어험 ], 긍정 텍스트 확률 : 56.55%"
"[쌍둥이유모차는 선택의폭이 넓지않아 많은 고민없이뻬그뻬레고로 준비했어요✔가볍고 쉽게 접고펼수있는 실용성✔부드러운 핸들링✔깔끔한 디자인 ✔엘레베이터도 쉽게 탈수있는 슬림한 디자인너무너무 만족하며 후기남겨요 ], 긍정 텍스트 확률 : 91.00%"
"[아직 누워있기밖에 못하면서 누워있는 걸 싫어하는 우리 김시워니....ㅠ덕분에 계속 안고 있느라 어깨 팔 손목이 아주 부서져나간다 ㅠㅠ대책이 필요하다고 생각하던 차에 평소 눈여겨보던 하이체어가 핫딜 떠서 바로 지름뻬그뻬레고 시에스타 팔로우미전에 시원이 낳기 전에 베페 가서 구경했을 때 좋아보이기도 했고미미언니의 육아꿀템 강추리스트 중 하나였기에 고민 안하고 바로 지름 ㅎ블프라고 핫딜 자주 뜨는데 아주 좋다 ㅋㅋㅋㅋㅋ 통장 상황은 아주 좋지 못하지만... ], 긍정 텍스트 확률 : 99.78%"
"[.둥이 태어나기 전부터 유모차 어떤걸로 할지 엄청 고민했었는데 결론은 뻬그뻬레고 북포투로ㅎㅎ..내가 유모차 알아보면서 고민했던건 처음부터 절충형으로 사냐 아님 디럭스로 사냐였다. 절충형이 더 혼자 끌고 다니기 좋다고 해서 엄청 고민이 됐었는데 베페가서 실물 보고 결정하기로 맘 먹고 가서 끌어보니 확실히 북포투가 안정감이 있었다. 바퀴가 커서 그런지 핸들링도 부드럽고..오라비도 끌어보더니 이거라고...ㅋㅋㅋㅋㅋㅋㅋㅋㅋㅋ..색깔도 여러가지 있었는데 블랙이 확실히 있어보였다 ㅎㅎㅎ 핸들부분에 레자로 된것도 좋구. ], 긍정 텍스트 확률 : 67.93%"
"[ ..아가들 너무 어리면 유모차 못끈다고 해서 .내년에 좀 크면 사야지했었는데....놉 .일정도 지나니까 병원 갈때 바구니카시트 통째로 절대 못들고 다닐 것 같아서 유모차 개시했다 ㅎㅎㅎㅎㅎ..그리고 늘 육아용품은 아가들이 적응할 시간이 필요하기때문에 좀 미리 사서 집에서 끌고 다니면서 태우는것도 좋은 것 같음. 우리도 일 전에는 집에서 울때 태워서 살짝씩 끌어줬다. ..이제 아가들이 일가량되서 밖에 데리고 나가고싶은 맘에 혼자 데리고 나가봤는데 혼자서도 무리없었다 다만 나혼자 여유가 없을뿐.....집에서는 둘다 울어도 끄떡없는데 밖에서 한명이라도 울면 전전긍긍.... ], 긍정 텍스트 확률 : 62.16%"
"[ 쿨라이너 종세트로 아기목베개랑 쿨시트가 함께 구성되어있는 제품이다이번 신상품으로 나온 에메랄드 웨일 디자인으로 시원한 고래가 그려져있다디자인 완전 취향저격이다 ], 긍정 텍스트 확률 : 95.17%"
"[ 여름소재로 최적화 된 리플 원단에 올록볼록 엠보싱 효과를 준면 거즈 리플 소재라서 아주 가볍고 시원하다 ], 긍정 텍스트 확률 : 70.93%"
"[ 허리 부분에 벨트가 통과할 수 있는 홈이 있어서그냥 유모차 시트 위에 쿨시트 놓아도 미끄러져 내려오지는 않을듯국내외 유모차 종에 상관없이 사용가능하다니 더욱 만족스럽다베개는 탈부착 가능하니까 호둥이들 더 크고 목 잘 가누면 베개 빼고 다녀도 될듯하다 ], 긍정 텍스트 확률 : 53.11%"
"[ 아주 많이 늦은 후기에요ㅎㅎㅎ주문 후 한달을 기다려 받은 북포투 사용 후기 입니다월 말쯤 받았으니까 벌써 사용한지 개월이 다 되어가네요 ....... .......? 본문 이미지....... .......? 본문 이미지....... .......? 본문 이미지우리 둥이들 유모차 적응시키며 사용해보니 장점이 너무너무너무 많은 빼그빼레고 북포투 아주 만족하며 사용하고 있어요 지금부터 제가 사용하며 느꼈던 장점들 알려드릴께요. 핸들링 너무 부드럽고 좋아요쌍둥이 유모차이지만 한손으로 조작이 쉬워요. 대용량 바스켓이라 마트가도 따로 카트 필요 없어요. 원터치 폴딩으로 간편해요. 좁은곳도 여유있게 다닐 수 있어요우리 둥이들 북포투가 편한지 유모차에서도 아주 잘 자요그래서 외출 후 바퀴 잘 닦아서 거실에서도 매일 사용 중입니다굉장히 맘에 드는 북포투 앞으로 년은 끄떡없이 잘 사용할 것 같아요개인적으로 빼그빼레고 북포투 쌍둥이 유모차 추천 초 강추 입니다가성비 갑이에요뻬그뻬레고 북포투 쌍둥이유모차 쌍둥이유모차추천], 긍정 텍스트 확률 : 100.00%"
"[쌍둥이 유모차 뻬그뻬레고 북포투 구입한지 쫌 됐는데 이제서야 포스팅을 올리네요많은 인용 유모차와 휴대용 콤비 쌍둥이 유모차를 협찬받았지만 실제로 사용하는 메인 유모차는 뻬그뻬레고 북포투로 결정했어요사실 양대면 되는 부가부 동키를 구입하려고 마음먹고 있었는데], 긍정 텍스트 확률 : 59.44%"
"[ 아직 차량을 바꾸지 않은 우리차에는 무리더라고요. 그리고 가격이 뻬그뻬레고의 배이고], 긍정 텍스트 확률 : 90.86%"
"[베페가보다 저렴하고 사은품도 빵빵했고 주문하자마자 하루만에 배송되어 좋았어요.구입처 ......혹시 궁금해 하시는 분들 있을까 싶어 공지해드려요.베페보다 저렴한 가격에], 긍정 텍스트 확률 : 95.19%"
"[ 톡으로 친절하게 해주셔셔 넘 감사했어요 여기 완전 강추♥ ], 긍정 텍스트 확률 : 99.97%"
"[둥이들 모두 재우고], 긍정 텍스트 확률 : 56.89%"
"[장바구니는 기본구성상품이고요. 풋워머를 포함한 종이 사은품이에요. 사은품은 매달 변동이 있는데], 긍정 텍스트 확률 : 60.17%"
"[ 전혀 어렵지 않았고요.색상은 호라이즌 색상이에요.년형 뻬그뻬레고 북포투는 가지 색상이 출시되었는데요. ], 긍정 텍스트 확률 : 55.26%"
"[호라이즌 색상이 보는 시각에따라 오묘하게 이뻐요.그레이 빛이 도는 블루라고 해야 할까요 새롭게 출시된 쌍둥이 유모차 뻬그뻬레고 북포투 년형은 기존 버전과 어떤게 달라졌냐면요. ], 긍정 텍스트 확률 : 85.71%"
"[가장 먼저 원단이바꼈어요. 멜란지 소재같다고 해야 할까요. 단일원사가 아닌 여러색상의 원사로 직조되었습니다.], 긍정 텍스트 확률 : 72.91%"
"[ 자석고정장치로 열고 닫을 수 있어서 좋더라고요.근데 잘 보이지 않는 것 같은게 함정이에요 ], 긍정 텍스트 확률 : 94.85%"
"[요건 사은품으로 주셔셔 핸들가죽커버 씌웠고요. 후기들 보니 가죽커버가 갈색인분들도 많이 있더라고요. 저는 검정이 무난해서 더 마음에 들었어요 ], 긍정 텍스트 확률 : 75.29%"
"[생각보다 큼지막했어요. 높이는 좀 낮은듯 해요.], 긍정 텍스트 확률 : 77.17%"
"[퀄리티가 조금 약하게 사진들이 나왔는데], 긍정 텍스트 확률 : 65.98%"
"[ 한달간 사용해본 결과 개인적으로 단점이라고는 양대면 안되는거 말고는 없는 것 같아요 둥이들은 양대면 안되도 유모차를 잘 타는 케이스라서 아직은 문제 없었네요 ♥ ], 긍정 텍스트 확률 : 98.10%"
"[이건 독립기념관 나들이 갔을때에요.], 긍정 텍스트 확률 : 87.70%"
"[가벼운 산책 아가가 어릴때는 디럭스 유모차가 필요한 것 같아요 안정적이고무엇보다 핸들링이 넘 좋아요♥양대면 없으면 울고 불고 하는 아가들 아니고 앞보기만 있어도 잘타는 둥이들이라서], 긍정 텍스트 확률 : 99.53%"
"[ 쌍둥이 유모차 뻬그뻬레고 북포투 완전 대만족입니다 자], 긍정 텍스트 확률 : 60.90%"
"[ 우리 쌍둥이들 태어나자마자 구매해서개월이 된 지금까지 아주 잘 쓰고 있는 쌍둥이유모차뻬그뻬레고 북포투. ], 긍정 텍스트 확률 : 76.32%"
"[ 처음에는 애기들 안잘 때 유모차에 태워 흔들어 재울 용도로 일찍 구매한 거였는데우리 꽃둥이들은 유모차에 타는걸 극도로 싫어했다.울고불고 난리 ㅋㅋ ], 긍정 텍스트 확률 : 56.92%"
"[ 우선 뻬그뻬레고 북포투의 가장 큰 장점은디럭스 유모차 답게 핸들링이 아주 좋다는 것한손으로 운전이 가능할 정도로무거워도 쑥쑥 잘 나간다. ], 긍정 텍스트 확률 : 56.14%"
"[ 쌍둥이들 데리고 전북대 검진혼자 다녀온 용감한 나란 녀자유모차가 있었기 때문에 가능했던 일암튼 이때부터는 유모차타면 얌전히 있거나잠 자던 울 애기들 ], 긍정 텍스트 확률 : 72.31%"
"[어땠을까 싶을정도로 잘 사용하고 있지만애기들이 커가고 사용빈도가 많아지면서단점도 하나씩 보이기 시작하더라능. ], 긍정 텍스트 확률 : 78.82%"
"[넘나 귀요운 우리 꽃둥이들 발 ㅋㅋ더워서 내놨다며 ㅋㅋ ], 긍정 텍스트 확률 : 95.06%"
"[ 그리고 내가 가장 아쉽기도한 뻬그뻬레고 북포투의 가장 큰 단점엄마보기가 안된다는 것 ], 긍정 텍스트 확률 : 91.57%"
"[ 지인들 쌍둥이가 쌍둥이유모차계의 명품부가부 동키트윈을 타고 왔는데와 엄마보기 되니까 넘나 좋아보이는 것 ㅋㅋ개간지 ], 긍정 텍스트 확률 : 85.10%"
"[ 뭐 뭐든 잘타는 아기들에게는북포투는 좋은 유모차임엔 틀림없음 그치만 우리 쌍둥이들처럼엄마 얼굴이 안보이면 질색하는 아기들에게는 엄마보기가 되는 유모차가 필 수 인것 같다.이걸 처음부터 알 수 없다는 것이 함정. ], 긍정 텍스트 확률 : 80.30%"
"[안녕하세요? 곧 백일을 앞둔 딸둥이맘 입니다뻬그뻬레고 북포투 유모차 후기 올립니다처음 쌍둥이 임신하고 유모차 고민을 엄청 햇는데요가장 맘에 든건 부가부 동키트윈 이었는데 저희 차에 실리지가 않아서 ㅠㅠ 그다음으로 맘에 들었던 북포투를 구매 햇습니다모닝에도 실린다는데 저희차에는 간신히 실었네요 ㅠㅜ북포투는 무엇보다 접었다 펴는게 너무 쉬워요여자 혼자 한손으로도 충분히 가능해요 ], 긍정 텍스트 확률 : 95.35%"
"[동영상처럼 접으면 셀프스탠딩도 가능해서 접어서 벽이나 다른곳에 기대지 않아도 어디든 놔둘수 있어요.그리고 북포투에 가장 큰 단점은 양대면이 안된다는점인데뒤편에도 망사부분으로 되어있어서 고개만 숙이면 애기들이 잘 있는지 확인 가능합니다 ], 긍정 텍스트 확률 : 63.95%"
"[장바구니도 넓어서 마트에서 따로 카트를 끌지 않아도 충분하더라구요의외로 넓이가 많이 넓지 않아서 통과하지 못하는 문이 없네요저는 한달째부터 애기들이랑 백화점 마트 커피숍 병원 식당 다 다니는데 모든 문 다 통과햇어요다만 컵홀더를 걸면 통과 못할수도 있어요 ㅋㅋ그리고 컵홀더가 생각보다 좁고 튼튼하지 못하네요 ㅠㅜ톨사이즈 음료 잘 안들어가는데 우겨 넣엇더니 ㅋㅋ한번 사용햇는데 금이 갓네요 ], 긍정 텍스트 확률 : 88.38%"
"[무엇보다 안정적인 큰바퀴와 부드러운 핸들링이 최고인거 같아요뻬그뻬레고 북포투 너무 너무 만족스럽습니다쌍둥이 유모차 고민하지마세요 .?뻬그뻬레고뻬그뻬레고.?.?북포투북포투.?쌍둥이유모차쌍둥이유모차 ], 긍정 텍스트 확률 : 99.13%"
"[절충형 쌍둥이유모차 아리아쇼퍼트윈의 경우 .의 경량으로 부피가 큰 쌍둥이유모차들이 갖는 무거운 무게의 단점을 보완하여 가볍지만 안전성을 갖추기 위해 노력한 제품이다.디럭스 쌍둥이 유모차 북포투는 디럭스유모차 북 시리즈의 인승 모델로 볼 베어링 적용과 더불어 인치의 대형 바퀴를 장착하여 부드러운 핸들링과 승차감이 특징이다.듀엣 피로엣 은 이동성을 높인 양대면 쌍둥이 디럭스유모차다. 시트를 자유자재로 변형할 수 있으며앞 보기], 긍정 텍스트 확률 : 55.43%"
"[엄마 보기], 긍정 텍스트 확률 : 55.21%"
"[’호라이즌’ 출시 론칭쇼를 통해 예약프로모션 진행 및 박람회 특가전을 진행하고 있다.특히나 북포투 신제품 론칭쇼와 관련하여 예약프로모션 특가전과 쌍둥이유모차상품을 구매 시 선착순에 한해 박람회 할인 이벤트를 진행하고 있다.또한 쌍둥이유모차 구매 후 주년 기념 포토 리뷰 이벤트’에 참여시 선착순 명에게 만원상당의 백화점상품권을 지급하는 이벤트 및후기 이벤트 등 다양한 이벤트도 함께 참여할 수 있다.더욱 자세한 사항은 맘앤베이비엑스포 육아박람회 현장 뻬그뻬레고 부스에서 확인할 수 있다. ], 긍정 텍스트 확률 : 79.51%"
"[ .?쌍둥이쌍둥이.?쌍둥이아빠쌍둥이아빠.?아들쌍둥이아들쌍둥이.?예비아빠그램예비아빠그램.?유모차유모차.?뻬그뻬레고뻬그뻬레고.?.?북포투북포투 쌍둥이 유모차.?쌍둥이유모차쌍둥이유모차.?놀이동산놀이동산.?데리고데리고 가야지.?야호야호년 월 일 휴가날 우리 쌍둥이들을 위해 부산 벡스코 에서 하는 유아박람회를 다녀왔다 .우리쌍둥이 이월이행복땡이 를 위해 하나 하나 구경을하면서 양말도 이쁘고 배냇저고리는 얼마나 귀엽고 깜찍하던지 ㅋㅋ 시간가는지를 몰랐어요 그래서 너무 늦어서 다 보지 못하고 다음날을 다시 왔다 헐 그런데 어제보다 사람들이 더 많았다 복잡복잡한곳에서 전날 보지 못했던 유모차와 아기 식탁을 이곳저곳에서 보면서 우리는 쌍둥이 다 보니까 머든지 개씩 구입을 해야되는데 유일하게 한개만 구입을해도 되는것이 있었다 바로 바로 유모차 ㅋㅋ 유모차는 한대만 구입을하면 우리 이쁜 둥이들을 데리고 다릴수가 있었다 그래서 조금더 신중에 신중을 귀해서 이곳 저곳을 보던지 뻬그뻬레고 를 보았다 북포투 를 보면서 점점 내맘에들어 오고있었다 큼직한 유모차 바퀴 가 일단 내눈에들어왔다 자가용도 바퀴가 크면 편안한 주행을 할수있다 그래서 유모차도 일단 크면 좋타고생각을했고 아니다 다를까 편안했다 핸들링도 좋았구 그래서 조금도 고민을 안하구 구매 선택을햏다 유모차를 하면서 식탁이 같이 하면 더 저럼하고 좋았는데 아는 지인이 선물을해준다고해서 일단 패스를 하기로했다 아직 준비할께 많은데 시간이 너무 빨리 갔다 ㅜㅜ 아직 더 준비해야되는데 내일또와야될까 ㅜㅜ ], 긍정 텍스트 확률 : 99.86%"
"[엄친맘입니다♡월 어린이날이 다가오면서 아이들 선물고민에 엄마], 긍정 텍스트 확률 : 76.41%"
"[아빠들이 고민이 많은거 같아요.저는 어린이날 선물도 요즘 핫한 베페몰에서 준비하려구요베페몰에서어린이날 선물대전을 월 일까지 하거든요코레카나 코블록], 긍정 텍스트 확률 : 57.58%"
"[ 원에 드린다고 하니 서둘러 보세요 ], 긍정 텍스트 확률 : 54.71%"
"[휴대용유모차 이지라이프는 .으로 배낭처럼 멜 수도 있구여기내반입도 가능한 프리미엄 휴대용유모차에요.폴딩이 간편해서 더 매력적인거 같아요. ], 긍정 텍스트 확률 : 88.37%"
"[그리고 국민식탁의자 뻬그뻬레고 유아 식탁의자이번 프리미엄 국민 식탁의자 뻬그뻬레고는 씨에스타], 긍정 텍스트 확률 : 61.84%"
"[특히씨에스타는 의자와 식탁으로 손쉬운 조절로 사용이 편리하구요.아기가 누울 수 있는 식탁의자와 식판분리로 의자로도 사용할 수 있어요모든게 손쉬운 워터치로 이루어지고 보관할때도 셀프스탠딩 기능으로 보관도 용이 하답니다그리고타타미아는 스윙형 다기능 식탁의자로 세부터 사용이 가능하다는 장점이 있어요총 단계의 높이조절이 되고 최대높이 까지 올려져요.또한 스윙으로 아기 낮잠도 재울 수 있고 놀아줄수도 있어서 엄마가 편해 진답니다. ㅎㅎ친환경 방수시트로 이물질이 묻으면 마른수건이나 물티슈로 바로 닦기도 되서 좋아요.그럼제로도 알아볼까요?씨에스타와 다리부분만 다르고 의자와 기능은 동일하지만 씨에스타보다 가벼운게 장점이랍니다. ], 긍정 텍스트 확률 : 85.81%"
"[베페몰 프렌즈로 작성한 글 입니다], 긍정 텍스트 확률 : 56.79%"
"[출산전유모차에 무지 관심 많던 초보마미하지만지금 만약 다시 쌍둥이유모차출산준비를 한다면다른거 다필요없규단하나의조건무조건 가벼운거를 구입하겠쪄요ㅋㅋ그래도 울아기들 안전을 위해기내용 휴대용 말고적당히 튼튼한 가벼운거로다가요쌍둥이유모차는정말 부피며 무게며일반유모차의 곱하기 두배이기에큰짐이 아닐수 없는 현실 ], 긍정 텍스트 확률 : 96.58%"
"[뻬그뻬레고 쌍둥이유모차 듀엣을 보러갔지요 ], 긍정 텍스트 확률 : 53.76%"
"[그리고 생각지도 않게 구입한건뻬그뻬레고의 쌍둥이유모차북포투무엇보다실제로 보니지금까지 본 쌍둥이 유모차중제일 멋쪘고 올블랙에 핸들부분만 카멜색으로포인트가죽악세사리가넘 마음에 들었다면이 엄마 뭐니?ㅋㅋㅋ사실 우리엄마들이르캐유모차 이쁘고 멋진거 눈으로 맘에드는거 제일 따지지 않나욤안전은 기본이니 배제하그영 ], 긍정 텍스트 확률 : 88.39%"
"[울아기들 개월 첫외박에 개시한 쌍둥이유모차오히려 애기애기때 유모차에 가만히 잘있어주는것 같아요개월인 지금 더 우는건뭔가를 알아버렸단거겠졍댄쟝 ], 긍정 텍스트 확률 : 80.39%"
"[여행때도 늘 함께지요월생이라 제대로 봄날은 못즐겼으니올해는 유모차타고 봄소풍 실컨 다니자제발유모차에 타있거라 ], 긍정 텍스트 확률 : 77.69%"
"[ㅋㅋ너무귀엽져아기의자 못앉아있을 시절유모차에 일캐 있던이때가 더 편했다능ㅋ ], 긍정 텍스트 확률 : 97.49%"
"[가을소풍다녀온 우리아가들 ], 긍정 텍스트 확률 : 66.04%"
"[할매 할배와 함께라 더좋았지요 ], 긍정 텍스트 확률 : 55.79%"
"[동네 돌아댕기는 유모차보니까허리에만 두는 안전벨트가 달린 유모차있든데보면서 어찌나 부러워했는지 ], 긍정 텍스트 확률 : 54.66%"
"[보이십니까아아아아아아아ㅠㅠㅠㅠㅠㅠ유모차가 지 발로스스로 서있다구여 ], 긍정 텍스트 확률 : 53.02%"
"[ 년 사이에도 시대는 확확 바껴부리니깐..다른 유모차에도스탠딩폴딩 기능있는지 모르겠지만..전 플리코미니 유저니깐플리코미니에만 있다고 생각할래요.. 데헷뻬그뻬레고 플리코미니 개월 사용해본 결과예전 제주도 여행갔을때 유모차 렌트도 뻬그뻬레고 플리코미니 선택 할 정도로 괜춘한 유모차예요ㅋㅋ다른 유모차 끌고 댕겨 볼 수 있는 기회이기도 했는데.. 고놈의 스탠딩폴딩땜시 플리코미니 태웠습죠.. 제주도 있던 동안 비만 내려갖고 실제 태웠던건 시간도 안됐을거같지만ㅋㅋㅋㅋ 젠장 ], 긍정 텍스트 확률 : 93.80%"
"[두서없는 포스팅에서정보캐내려는 어뭉님들을 위한 정리본ㅋㅋ도등받이기능개꿀. 뒤로 젖혀지는 휴대용유모차 별로 없는걸로 안다. 여기서 낮잠잘땐 기분 째짐ㅋㅋㅋㅋㅋ유후 자유시간이다수납공간 작음플리코미니에 딸린 수납공간은 매우 작다. 다만 엄마의 지갑을 열면 수납공간은 언제든지 넓어질 수 있다 ㅠㅠ 찌밤.차양막 짧음디럭스 쓰다 휴대용넘어와서 그릉가. 아니겠지 뻬그뻬레고에서 짧게 만든거겠지.. 햇빛을 정면으로 봤을때 애기 이마정도 가릴 수 있는 차양막길이. 이것도 엄마 지갑열면 차양막 옵션으로 달 수 있다... 아님 유모차살때 서비스로 받거나.안전바 없음디폴트 플리코미니엔 없다 안전바가 옵션으로 구매해야한다. 그치만 거의 사은품으로 주는 듯 하다. 난 사은품으로 컵홀더햇빛가리개쿨시트를 받아서 안전바는 못 받았숨.. 어차피 자동차 핸들달린 유모차안전대 살 생각이라 안줘도 그만이였다.핸들링전문가가 아니라서 비교하기도 좀 그런 부분. 난 여지껏 사용하면서 구리다고 느끼진 못했다. 엄마들마다 다를듯. 워낙 주관적인거라투핸들원핸들 선호하는 엄마들이 많지요. 투핸들의 장점은 봉다리나 가방 걸어둘 수 있다는고. 단점은 한손 드라이빙이 불가능한거?ㅋㅋ안전벨트어깨까지 다 쬐매서 팔다리 봉인할 수도 있고], 긍정 텍스트 확률 : 98.97%"
"[다리만 쬐매서 팔은 자유에 맡겨질 수도 있고 엄마 편한대로 다 가능ㅋㅋㅋ 굳쟙스탠딩폴딩극강장점. 차양막짧은거? 옵션달지], 긍정 텍스트 확률 : 88.02%"
"[시아부님께서 현이 어린이날 선물로현이 자전거 사주신다해갖고아기 자전거 무한서치중에..삘받아서 적는 포스팅이예요ㅋㅋㅋ나도 누군가에게 도움이 되기를 바라면서나도 아기자전거정보 도움 받아야지어짜피 인생은 기브앤테이크 아입니까ㅋㅋㅋㅋㅋㅋㅋㅋㅋㅋㅋㅋ ], 긍정 텍스트 확률 : 94.69%"
"[ 쌍둥이유모차 뻬그뻬레고 북포투 완전 추천해요 ], 긍정 텍스트 확률 : 86.28%"
"[절충형이 그래도 짱인데..], 긍정 텍스트 확률 : 95.24%"
"[아이들 어릴때부터 안써본 쌍둥이 유모차가 없다아이가 둘이되면서 첫 쌍둥이 유모차가 시티셀렉트였는데 시티셀렉트도 앞뒤유모차지만 핸들링이 너무 부드럽고 좋았었는데 디럭스 유모차이다보니..애들이 좀 크고나서는 절충형이나 휴대용을 찾게되었다그후 도노비는 핸들링이 너무 불편ㅜㅜ킨즈웨건도 핸들링이 너무무거웠지만 짐 실기도 좋고 애들 태우기 편해서 좀 썼었는데 자리가 나눠져있지않다보니 웨건을 좀 오래태우면 서로 싸우고 난리ㅜㅜ 현실남매......😰쿨키즈 휴대용을 제일 만족하며 오래쓰고 해외여행시에도 너무 좋았었는데 잠들면 뒤로 눕힐수없고😨 차양막이라고하기에도 뭐한 짧은 차양막..애들이 더크니 다리가 길어져서 땅에 끌리기시작....뻬그뻬레고 아리아트윈도 잘쓰긴했어요 아이들도 안정적으로타고 핸들링도 좋고 장바구니 넓음..하지만 가로폭이 라서 문통과하기가 쉽지않더라구요ㅜㅜ좀더 간편한거......찾다찾다 이제 타오바오까지..ㅋㅋㅋㅋㅋㅋ에버랜드에서 타고다니는거보고 지금처럼 흔하지않을때 바로 구입했었던 중국산 쌍둥이트라이크ㅋㅋ가로 로 모든 문 통과가능하지만 중국산답게 몬가 펴고접을때 원터치가아니라 주섬주섬 해야하고ㅋㅋ오래 앉아있기엔 아이 엉덩이가 지못미ㅜㅜ 장바구니 없어서 불편ㅜㅜ그래서 잠깐씩 태울땐 중국산 트라이크 태우고에어보스 림버 윙카 트윈 유모차를 구입해서 오래태울땐 윙카를 태웠다요렇게 번갈아 사용하다가베이비조거 시티투어 발견완전 신세계..내가 조금씩 아쉬워했었던 모든게 보완되서 나온 유모차같았다중국산트라이크의 가로폭과 같으면서잘때눕힐수도있고 차양막 길고ㅜㅜ한손 핸들링 안정적이고..손잡이 높이 높아서 허리아플일없고장바구니 넓고장점이 너무 너무 많다 ], 긍정 텍스트 확률 : 69.23%"
"[에버랜드 근처 살아서 에버랜드에 밥먹듯이 가는데딱 맞는 유모차♡ 시티투어더블 강추 ], 긍정 텍스트 확률 : 90.07%"
"[택배 오기만을 기다렸던], 긍정 텍스트 확률 : 91.76%"
"[빨리 뽁뽁이 앉혀보고픈 마음에], 긍정 텍스트 확률 : 95.12%"
"[게다가 까꿍씨 올 때까지 기다릴 수 없어조립까지 내가 시도 .뭐 조립이라고 해봤자 ], 긍정 텍스트 확률 : 76.54%"
"[설명서에도 구멍에 끼우라고 되어있고], 긍정 텍스트 확률 : 66.53%"
"[초 가량 동영상을 보내주셨는데 ], 긍정 텍스트 확률 : 63.59%"
"[까꿍씨 올 때까지 기다릴까], 긍정 텍스트 확률 : 90.06%"
"[바퀴를 움켜쥐고 빙글빙글 돌림과 동시에], 긍정 텍스트 확률 : 60.94%"
"[그치만 산후조리중이라 ], 긍정 텍스트 확률 : 74.42%"
"[뽁뽁이가 그닥 안좋아한다는 슬픈 현실.], 긍정 텍스트 확률 : 83.34%"
"[ㅋㅋㅋㅋㅋㅋㅋㅋㅋㅋㅋㅋㅋㅋㅋ그럼에도 불구하고 내 마음엔 쏙 드는뻬그뻬레고 씨에스타 . ], 긍정 텍스트 확률 : 84.47%"
"[ 역시 난 디자인이 순위인가봐], 긍정 텍스트 확률 : 85.41%"
"[ㅎㅎㅎ ], 긍정 텍스트 확률 : 74.48%"
"[뽁뽁이가 더 오래 앉아있을 수 있을 때 ], 긍정 텍스트 확률 : 57.40%"
"[다시 제대로 남겨보리라. 얍], 긍정 텍스트 확률 : 78.77%"
"[뻬그뻬레고 공식홈페이지 기준입니당], 긍정 텍스트 확률 : 58.24%"
"[플리코미니 사용법 영상이에요.유모차 오기 전 먼저 찾아봤답니다 ㅎㅎㅎ올케한테 디럭스형 유모차 물려 받은 게 있어서절충형 유모차가 하나 필요했는데좋은 선물을 받게 되어 넘 기뻐요], 긍정 텍스트 확률 : 99.77%"
"[도착한 날 넘 설레서신랑한테 바로 보냈던 사진생각보다 부피가 작아서 이상하다고 생각했는데셀프스탠딩이 가능한 제품이라접어진 상태로 포장되어 온거더라구요 ], 긍정 텍스트 확률 : 88.89%"
"[정말 손쉽게 들 수 있도록접혀져 온 ], 긍정 텍스트 확률 : 62.60%"
"[뻬그뻬레고 플리코미니들어보니 생각보다 가벼웠어요..의 초경량 유모차라고 하네요], 긍정 텍스트 확률 : 67.40%"
"[옆모습 넘 고급지쥬햇빛 가리개 뒷면에는 아이관찰창이 있구요손잡이 길이 조절 가능해서 아빠들이 사용할 때 좋을 것 같아요. ], 긍정 텍스트 확률 : 81.08%"
"[요건 아직 달아보진 않았지만유모차 밑에 달 수 있는 장바구니에용아주 살짝 신축성 있어용 ], 긍정 텍스트 확률 : 94.27%"
"[뻬그뻬레고 플리코미니이렇게 좋은 선물에 당첨될 수 있게 해준], 긍정 텍스트 확률 : 83.16%"
"[맘껏스쿨정말정말 감사합니당 ♥♥♥♥♥ ], 긍정 텍스트 확률 : 84.51%"
"[송도 베이비페어에서 씨에스타 개북포투 조합으로 구매 후], 긍정 텍스트 확률 : 57.18%"
"[바로 다음날 도착한 북포투], 긍정 텍스트 확률 : 87.56%"
"[받은 사은품], 긍정 텍스트 확률 : 50.43%"
"[ 쿨시트내년에나 사용할 수 있을 듯], 긍정 텍스트 확률 : 58.13%"
"[ 컵홀더자판기 종이컵 사이즈만큼 지름이 작음], 긍정 텍스트 확률 : 51.21%"
"[고려한 사항], 긍정 텍스트 확률 : 56.98%"
"[ 출산 전에 사는 것 보다 출산 후 사도 늦지 않다는 이야기를 많이 주워들음], 긍정 텍스트 확률 : 77.14%"
"[강서방이 땀 뻘뻘 흘리면서 북포투 조립한 후에 아가들 앉혀봄], 긍정 텍스트 확률 : 76.64%"
"[유모차 라이너 종류도 겁나 많던데], 긍정 텍스트 확률 : 70.78%"
"[쫄보는 앉자마자 눙물 뽱], 긍정 텍스트 확률 : 83.14%"
"[유모차 움직일때마다 놀라면서 파닥거림.. ], 긍정 텍스트 확률 : 84.92%"
"[뻬그로고가 유모차 정면을 보도록 끼우면 됨.그래야 폴딩했을 때 바닥에 안정적으로 닿음 ], 긍정 텍스트 확률 : 80.30%"
"[점식 밸트지만 애들이 아직 어려서 다리만 채워줬음 ], 긍정 텍스트 확률 : 59.72%"
"[안전바는 애들이 앉을 수 있을 땐 필수겠지만 지금은 안채워도 될 것 같음.. ], 긍정 텍스트 확률 : 83.86%"
"[핸들링 좋고], 긍정 텍스트 확률 : 88.39%"
"[한 손으로 핸들링이 쉬움중간에 쿵쿵 부딪히는건 현관 벽에 부딪혀서 그렇슴다 ], 긍정 텍스트 확률 : 65.36%"
"[후드도 챠르륵 펼쳐지고 아기 상태 확인 할 수 있는 커버도 열었다 닫혔다 함사용한 느낌 장점핸들링 좋음], 긍정 텍스트 확률 : 92.65%"
"[우리 둥이들에게 드디어 새유모차가 생겼어요 ㅎㅎ돌이 다가오니 외출도 제법 자유로워지고 혼자 데리고 다닐일도 많아져서 그동안 쓴 시셀 일자형 디럭스처분하고 눈여겨봐왔던.?뻬그뻬레고뻬그뻬레고 절충형으로 갈아탔어요 ], 긍정 텍스트 확률 : 94.56%"
"[베페에서 이것저것 밀어봤는데 핸들링이나 무게가 너무 맘에 들어서 솔직히 다른건 눈에 들어오지않더라구요사실 뻬그뻬레고의 디럭스 북포투도 너무 좋아보이고 탐났지만 ], 긍정 텍스트 확률 : 90.16%"
"[전 절충형이 필요했던지라 .. 큰고민없이.?아리아쇼퍼트윈모델로아리아쇼퍼트윈모델로 결정했네요우선 젤맘에 들었던건 무게에요그동안 시셀은 차에실으려면 시트분리해도 본체가 묵직해서 힘들었는데 이건 후딱 접어서 힘없는 저도 덜렁들어 트렁크에 실리니 세상 간편해요혼지 어디든 갈수있을것같은 자신감이 뿜뿜ㅋㅋ ], 긍정 텍스트 확률 : 97.11%"
"[ 부피가 있다보니 본의아니게 민폐를 끼치는 경우가 생기는데.?쌍둥이유모차쌍둥이유모차 지만 투박하지않고 귀엽고 아담한것도 맘에들어요ㅎㅎ 아직 통과못한 문없었고 엘베타도 눈치가 덜보여 좋아요일자형타다가 나란히타니 둥이들도 더 좋아하는것같고 . 둘이 의지가 되는지 더 얌전히 오래 앉아있는것같아요 ㅎ엊그제는 언니랑 조카 큰둥이들과백화점 나들이도 성공적으로 했어요. 옷구경하는내내 얌전히 앉아있어쥐서 어찌나 고맙던지ㅎㅎ ], 긍정 텍스트 확률 : 52.79%"
"[지나가는사람들이 쌍둥이가 쌍둥이유모차끌고가니 막 신기해하고ㅋㅋ오늘은 남편이랑 친구네 가족이랑 월드컵공원도 다녀왔어욥예전에 우리둥이들 더 어릴땐 낮잠시간 맞취서 잠깐씩 동네산책이 전부였는데 지금은 조금 컸다고 제법 외출다운 외출을 할수있네요 ㅎ ], 긍정 텍스트 확률 : 75.10%"
"[오늘도 역시 지나가는분들이 한번씩 말을 걸어 이쁘다해주시네요ㅎㅎ ], 긍정 텍스트 확률 : 93.87%"
"[⠀⠀⠀⠀⠀⠀⠀⠀⠀⠀⠀⠀⠀⠀⠀⠀ 요즘 최애 육아템.?쌍둥이유모차쌍둥이유모차 유모차 덕분에 둥이들 데리고 산책도 하고 카페도 가고 너무 좋아요 ⠀⠀⠀⠀⠀⠀⠀⠀⠀⠀⠀⠀⠀⠀⠀⠀ 쌍둥이유모차는 선택권이 많이 없기도 하지만 그 중에서 디자인도 예쁘고], 긍정 텍스트 확률 : 91.93%"
"[핸들링이 너무 좋은.?북포투북포투 로 결정 출산하고 손목이 너무 아픈데 한손으로 밀어도 슥슥 잘나간답니다🧡 ⠀⠀⠀⠀⠀⠀⠀⠀⠀⠀⠀⠀⠀⠀⠀⠀ 우리 둥이도 유모차에 앉기만 하면 잘자서 일부러 재우려고 유모차 태우기도🤣 ⠀⠀⠀⠀⠀⠀⠀⠀⠀⠀⠀⠀⠀⠀⠀⠀ 쌍둥이 디럭스 유모차 치고는 많이 무겁지도 않아서 연약한 엄마들에게도 너무 좋답니다 추천해요 ⠀⠀⠀⠀⠀⠀⠀⠀⠀⠀⠀⠀⠀⠀⠀⠀.?뻬그뻬레고뻬그뻬레고.?.?북포투북포투 ], 긍정 텍스트 확률 : 99.98%"
"[ 세번째로고민끝에뻬그뻬레고절충형유모차인아리아쇼퍼트윈으로선택했어요 . 아이들도둘이함께여서그런지보채지않고잘타구요 . 무엇보다가볍고핸들링도너무부드러워요 . 폭이좁아서어디든이동시불편함이없어요 .이동후접는것도몇초 ㅎㅎ왜진작처음부터이아이를선택하지못했나후회될정도에요 . 더저렴한것도찾아보긴했는데바퀴가약하다 ], 긍정 텍스트 확률 : 69.64%"
"[월 일 일산 킨텍스 맘앤베이비 페어에서 구매한 뻬그뻬레고 아리아쇼퍼트윈 쌍둥이 유모차 우리아들과 월에 출산 예정인 별님이가 함께 탈 그날이 기다려진다 .?뻬그뻬레고뻬그뻬레고 .? .?아리아쇼퍼트윈유모차아리아쇼퍼트윈유모차 ], 긍정 텍스트 확률 : 92.96%"
"[안녕하세요 저는 개월된 쌍둥이맘이에요 기존에 양대면 유모차를 사용하다가 엄], 긍정 텍스트 확률 : 89.34%"
"[ 카 찬스로 뻬그뻬레고 푹포투 유모차를 사게 되었습니다 우선 쌍둥이 유모차라서 그런지 어딜가나 시선집중이에요 그 느낌 뭔가 뿌듯 ㅎㅎ우선 양대면으로 사용할때는 유모차 넓이가 적당하지만 길이가 길어져 운전시 조금 번거로움이 있어요 하지만 푹포투는 엘리베이터에도 들어가는 넓이기 때문에 어디든지 쉽게 다니고 있답니다 푹포투 아가들 다 클때까지 유용하게 쓸거 같아요 ㅎㅎ .?뻬그뻬레고뻬그뻬레고.?.?북포투북포투.?쌍둥이유모차쌍둥이유모차 ], 긍정 텍스트 확률 : 67.52%"
"[ 절충형유모차 추천 뻬그뻬레고 . 년넘게 사용후기 ], 긍정 텍스트 확률 : 78.34%"
"[펴는것도 간편. 공간도 적게 차지해서 차트렁크에 쏙. ], 긍정 텍스트 확률 : 69.30%"
"[앞바퀴 브레이크도 있고], 긍정 텍스트 확률 : 77.62%"
"[그리고 저 손잡이 쑥 잡아올리면 접힌다. ], 긍정 텍스트 확률 : 90.22%"
"[단계 각도면 완전 눕는다. 유모차에서 눕혀서 재울수도 있어서 좋다. ], 긍정 텍스트 확률 : 88.07%"
"[밑에 다용도바구니. 이게 유용하다. 짐보관하는데 큰도움이 된다. ], 긍정 텍스트 확률 : 50.16%"
"[ 쌍둥이유모차 뻬그뻬레고 굿초이스 ], 긍정 텍스트 확률 : 88.37%"
"[ 인천경기 베이비페어 갔을때뻬그뻬레고 쌍둥이유모차 구경만 하겠다더니직접 보고 설명까지 들으니 디자인], 긍정 텍스트 확률 : 74.38%"
"[형부 마음에 들었는지 다른 쌍둥이유모차 보지도 않고바로 계약했던 뻬그뻬레고 쌍둥이유모차 ], 긍정 텍스트 확률 : 88.17%"
"[뻬그뻬레고 유모차 계약 후희망 배송날짜 보다 훨씬 더 앞당겨서 택배 수령했었는데유모차 조립하는 과정을 사진으로 찍고 싶었던 내 마음도 몰라주고그렇게 이상돈 형부는 혼자 조립까지 끝내놓으셨다고 합니다형부가 유모차 조립하는 과정이 힘들고 어려우셨다고 하니다시 조립해보자는 파이팅 넘치는 말은 넣어둠 ㅋㅋㅋㅋㅋ ], 긍정 텍스트 확률 : 80.82%"
"[쌍둥이유모차 세까지 태우고 다닐수있으니베이비페어 갔을때 잘 사온것 같아요 ], 긍정 텍스트 확률 : 59.71%"
"[도현이를 위한 쌍둥이유모차 ♥딱 봐도 튼튼해보이쥬? ], 긍정 텍스트 확률 : 98.88%"
"[엄마가 들 수 있을 만큼 가벼운 유모차라고 하지만직접 들어보면 체감 무게는 그 이상이었다는건 안비밀물론], 긍정 텍스트 확률 : 64.19%"
"[도현을 대신해서 활동할 예정인남매둥이 애착인형이에요], 긍정 텍스트 확률 : 59.52%"
"[쌍둥이 애착인형도 소중하니깐 ㅋㅋㅋ유모차 안전벨트까지 안전하게 장착해주는 센스 ], 긍정 텍스트 확률 : 87.27%"
"[원터치 단계 발바침 기능이 있어아기가 더 편하게 눕거나 앉아있을 수 있고외출 시 아기한테 햇빛이 직접적으로 가지않는건 물론아기 관찰창으로 아기 행동을 확인할 수 있어서엄마], 긍정 텍스트 확률 : 85.72%"
"[안정적인 대형 바퀴 사용으로 부드러운 핸들링그리고 한 손으로 주행 가능한 원핸들], 긍정 텍스트 확률 : 72.20%"
"[사용후기는 나중에 올릴 수 있으면그때 다시 올려보도록 할게요 ], 긍정 텍스트 확률 : 96.61%"
"[두 딸과 갔습니다.참고로 두 딸과 뱃속에 남자 쌍둥이가 있는 다둥이 엄마입니다.처음에는 그냥 구경만 하려고 갔는데 인터넷 검색으로 알고 있던 뻬그뻬레고가 눈앞에 있었습니다.먼저 신생아부터 사용할 수 있고 디럭스라 튼튼해 보여서 좋았는데 접고 펴기도 쉽고 핸들링이 너무 좋아 마음에 들었는데 가격이 너무 비싸 구경만 하고 다른 전시장으로 갔는데 다 구경하고 집으로 가려고 했는데 발걸음이 떨어지지 않았습니다.다른 쌍둥이 유모차도 구경했는데 다 마음에 들지 않았고 튼튼해 보이질 않았어요. 핸들링도 어렵고 무엇보다 신생아부터 사용할 수 없었어요그래서 신랑과 상의하여 구입하기로 하여 다시 찾아갔습니다. 기왕 구입하는 거 마음에 들고 좋을 걸고 사자고...마침 전시품이 있어 판매가보다 훨씬 저렴하게 구입했고 사은품은 동일하게 받아 너무 기분이 좋았습니다.집에 도착하자마자 거실에 펼쳐서 자세하게 다시 운전해 보았습니다. ], 긍정 텍스트 확률 : 50.58%"
"[가로 길이가 길어 마트나 좁은문 통과가 걱정이 되었지만 거실에서 안방으로 가는 길이 좁고 방문도 좁은데 핸들링이 쉬우니 좁은 공간에서도 회전이 쉽고 보기에는 커서 안방문을 지나갈 수 없을 것 같았으나 실제로는 통과하고도 조금 공간이 남았어요. 이 정도면 우리 동네 어디든지 다닐 수 있겠다 싶어 걱정이 사라졌어요. ], 긍정 텍스트 확률 : 97.24%"
"[조금은 무리하게 구입했지만 너무 잘 샀다고 생각합니다. ], 긍정 텍스트 확률 : 70.58%"
"[ 저도 둥이 맘인데 아이들 너무 예쁘네요전 이제 막 낳아서 아이들 일째에요 저정도 크면 더 이쁘겠죠전 빼그 북포투 준비해놨어요], 긍정 텍스트 확률 : 99.87%"
"[어머 반가워요네.. 지금이 더 이뻐요. 조리원 퇴소하고 집에와서는 이뻐하면서 못키웠어요. 이뻐할새도 없이 시간이 갔죠..ㅜㅜ아고 한참 힘들때겠네요. 잠도 못주무실테고..ㅜㅜ 맘님 화이팅 하셔요 시간은 가더라구요넹 북토부 핸들링 좋더라구요 저흰 다른 디럭스 있어서 절충형 아리아 샀어요], 긍정 텍스트 확률 : 95.56%"
"[네.. 챗드릴께요], 긍정 텍스트 확률 : 66.13%"
"[ 둥이들 넘 예쁘네여아이공 기여워라], 긍정 텍스트 확률 : 99.10%"
"[아가들 다리 올리고 있는 모습 넘 긔여워요아고넘 이뿌당], 긍정 텍스트 확률 : 99.79%"
"[ㅋㅋ귀여워요], 긍정 텍스트 확률 : 96.30%"
"[발올린거 넘 귀여워요저도 아가만보이네요 ㅎㅎ], 긍정 텍스트 확률 : 96.10%"
"[아 넘귀여워요 윰차보다 아가들만 보이네요ㅎㅎ], 긍정 텍스트 확률 : 93.62%"
"[감사합니다.너무 둥이들 위주로 찍었나ㅎㅎ], 긍정 텍스트 확률 : 93.80%"
"[ 오 좋아요], 긍정 텍스트 확률 : 88.39%"
"[ 학ㅎㅎ둥이들 너무 귀여워요ㅠㅠㅠㅠㅠ], 긍정 텍스트 확률 : 99.21%"
"[귀엽게 봐주셔서 감사해요 ], 긍정 텍스트 확률 : 96.46%"
"[나란히 누워 한이불 덮고 있는게 너무 귀엽네요], 긍정 텍스트 확률 : 95.30%"
"[귀엽게 봐주셔서 감사해요 ], 긍정 텍스트 확률 : 96.46%"
"[저두담주 둥이출산인데 유모차뿐아니라 여러 육아용품들이 고민되더라구요ㅎㅎㅎ근데 유모차가 크게차지하긴해요ㅋ금액적인부분도그렇고ㅋㅋ], 긍정 텍스트 확률 : 98.29%"
"[부가부랑 고민하다가 샀는데 만족이에요 . 출산 얼마 안남으셨네요 ㅜㅜ 정말 둥이육아는 상상을 초월해요힘내세요 ], 긍정 텍스트 확률 : 57.68%"
"[저도 이번에 동생 선물로 이 유모차 사줬어요 맘에 든다고 하더라구요], 긍정 텍스트 확률 : 79.62%"
"[핸들링이 좋아서 괜찮은 거 같아요 ], 긍정 텍스트 확률 : 82.20%"
"[응원 감사해요홧팅], 긍정 텍스트 확률 : 84.51%"
"[ 핫딜 얼마에 구매하셨는지 여쭤봐도 될까요], 긍정 텍스트 확률 : 81.91%"
"[지금 갤 아들하나있는데저도 내돈주고 사서 정말 잘 쓴 용품중에 하나에요. 이유식 시작하면 먹이고 좀 놀다가 바로 눕혀서 집 한바퀴 돌면 바로 낮잠자고.. 일찍 사서 뽕뽑는게 제일 좋죠], 긍정 텍스트 확률 : 89.85%"
"[절충형 사서 둘째 개월인데 아직 잘 사용합니다...], 긍정 텍스트 확률 : 54.87%"
"[셀프스탠딩 되고 애 둘씩 태워도 고장 안나고 전 만족스럽게 잘 쓰고 있어요], 긍정 텍스트 확률 : 75.70%"
"[저 플리코미니 쓰는데 아가잘때 눕히면 넓어서 조아요 최대 장점인거 같아요], 긍정 텍스트 확률 : 66.24%"
"[저는 쌍둥이잘쓰고있고용 친구 그 모델샀어요 북ㅋㅋ], 긍정 텍스트 확률 : 62.75%"
"[저 쓰고 있는데 핸들링 완전 좋구요 차에 실을 때도 간편하고 바퀴도 크고 두꺼워서 안정감있답니다ㅋ 좋아요 강추], 긍정 텍스트 확률 : 99.67%"
"[저 방금 북 튤립 이랑 시에스타 결제하고 왔는데여러가지 설명듣고 디자인 보고서. 마지막에 이걸루 결정. 후회 안해요. 이쁘고 튼튼하구요], 긍정 텍스트 확률 : 85.30%"
"[아니요분리되는 유모차들은 가운데 연결장치 때문에 가로 길이가 길어서 엘레베이터], 긍정 텍스트 확률 : 61.40%"
"[앗 감사해여 워낙 짐을 많이가지고 다니는편이라 걱정이네요], 긍정 텍스트 확률 : 84.97%"
"[딸아들아들와 ㅎㅎ 두대씩나 ㅎㅎ 맘님 말씀들으니 안심이 되네요짐을 많이 가지고 다니는 편이라 맥클라렌 절충형으로 사야하나 싶었거든요], 긍정 텍스트 확률 : 97.92%"
"[ 저 빼그빼레고 북 씨리즈 쓰고있어요 유모차도 가볍고 핸들링도좋고], 긍정 텍스트 확률 : 95.74%"
"[빼그카싯있으면 아답터 필요없이 몸통에 카싯만 끼워서 다니면돠고 너무 좋아요. 여자혼자 접고펴고 트렁크에 넣기도 무겁지않고 완전 강추예요], 긍정 텍스트 확률 : 97.06%"
"[캐나다예비맘남편이 사고픈게 북 스카웃인데 바퀴에 양대면 되는거거든요. 북 플러스도 검색해볼게요 댓글 감사합니당], 긍정 텍스트 확률 : 69.24%"
"[캐나다예비맘감사해요제 마음도 북 시리즈로 기울고 있어요ㅋ], 긍정 텍스트 확률 : 99.72%"
"[니나노수정중에 댓글이 달렸네요저사용해여. 올해초에 새로 나온거래여.는 더 다양한 색상 판매해여 함 방문해보세여.], 긍정 텍스트 확률 : 63.75%"
"[니나노앗 위에쓰신다고 적혀있네요내일 매장가서 한 번 시운전 해봐야겠어요정보 감사합니다.], 긍정 텍스트 확률 : 83.53%"
"[ 원 줬어용 ㅎ.ㅎ], 긍정 텍스트 확률 : 83.37%"
"[ 식탁의자보다 사랑스러운 아기가 눈에 띄네요], 긍정 텍스트 확률 : 86.39%"
"[감사합니다❤️], 긍정 텍스트 확률 : 84.51%"
"[ 뻬그뻬레고 유모차 좋아용], 긍정 텍스트 확률 : 66.99%"
"[저도 북포투 구입했는데 선택 잘한것같아요ㅎㅎ], 긍정 텍스트 확률 : 81.97%"
"[파가니니아진짜요?? 제가잘할줄을 몰라서요ㅜㅜ만원이욤], 긍정 텍스트 확률 : 65.26%"
