"[ .바로 미니버기], 부정 텍스트 확률 : 66.19%"
"[오르빗 베이비], 부정 텍스트 확률 : 53.29%"
"[호크 등을 모두 만날 수 있는.세피앙몰인데 박람회 동일 가격인데다가 코엑스에 없는.브랜드도 있고 악세사리 득템 찬스 까지 있어 모르면 손해일 정도..월 일 수요일부터 월 일 화요일 까지 딱 일주일 간 열리는 온라인 베이비페어로.신규회원 즉시사용 적립금을 최대 ], 부정 텍스트 확률 : 68.46%"
"[유모차 ], 부정 텍스트 확률 : 53.29%"
"[ ...... ], 부정 텍스트 확률 : 70.13%"
"[ 임신초기 남양아이 육아교실 참석했다가 당첨된 .?하비유모차하비유모차 원래 사고 싶었던 윰차가 있어서 중고나라에 판매할까 살짝쿵 고민했지만핸들링이 너무 좋아서그냥 사용하기로 했는데결론만 말하면정말 만족해요 ], 부정 텍스트 확률 : 85.61%"
"[ 작년에 ㅋ후기 올리고 포인트 받겠다고 찍어논 사진들 엉망진창이네요 ㅋㅋㅋ ], 부정 텍스트 확률 : 97.18%"
"[ 어댑터로 높인 모습 ], 부정 텍스트 확률 : 56.65%"
"[ 신생아때부터 사용], 부정 텍스트 확률 : 64.20%"
"[출산은 월 예정인데성격이... 꽂히면 끝장을 봐야해서 개월전 유모차 구입한 후기에요ㅋㅋㅋ .?하비이지워커하비이지워커.?이지워커하비이지워커하비먼저 제가 구매한하비 이지워커 럭셔리블랙 하이베베 논현점에서 구매했습니다방금 결제하고 와서 내일 택배로 집에 도착 예정ㅋㅋㅋㅋ 후기도 성격급함 ], 부정 텍스트 확률 : 81.19%"
"[ 유모차는 애기 낳고 사도 된다는 얘기 많이 들었어요무슨 유모차를 사게 되든 휴가를 내고 베페에 첫날 일찍 가서 디피 제품을 사기로 마음을 먹었었어요근데 저는 월 출산인데 출산전 베이비페어가 코엑스 베페 월이라 빨리 유모차를 알아보게 됐네요베페에서 전시품 사려면 현장에서 고민하면 안될것 같아서 정해놓고 가야겠다 싶었고그래서 집근처 잠실롯데에서 백화점], 부정 텍스트 확률 : 77.26%"
"[토이저러스에서 대부분의 유모차를 밀어봤어요ㅋㅋ유모차 도 모를때부터 많이 봐서 알고있던잉글레시ㄴ], 부정 텍스트 확률 : 55.69%"
"[리ㅇ비싸고 유명한거라서 알고있던 스토ㅋ 말고도부가ㅂ], 부정 텍스트 확률 : 55.64%"
"[실버크로ㅅ], 부정 텍스트 확률 : 50.40%"
"[페도ㄹ], 부정 텍스트 확률 : 61.06%"
"[베이비ㅈ], 부정 텍스트 확률 : 53.29%"
"[오르ㅂ 등등 많은 브랜드가 있다는걸 알게됐고저희는 앨베없는 빌라 층에 사는 뚜벅이 가족이기 때문에 무조건 절충형을 하려고 했어요위에 있는 브랜드의 절충형 모델들을 다 백화점과 토이저러스에서 밀어봤는데야외가 아닌 매끈한 바닥인데도 흔들린다는 느낌을 받았고 그게 핸들링이 안좋은거라는걸 알게 됐어요ㅋㅋ절충형중 핸들링 좋은건 부가ㅂ 비가 유일했는데 만원ㅋㅋㅋㅋ쿠쿠쿠단점은 낮아서 아기와 멀고 많이 숙여야된다는것직접 밀어보니...휴대가 어려워도 가벼운 디럭스를 사야된다는 생각이 들었어요조사하면서 마음을 굳힌 조건은 양대면 필수 가격대는 만원 가능한 가벼운 디럭스 나중에 휴대용 사고 되도록 핸들링이 좋은것 접고 펴기 쉬운것 시트가 높았으면 좋겠음 장바구니는 클수록 좋다고 하던데 손잡이 높이조절뭣도 모를때 유명하니까 그냥 사려고 했던 잉글레시ㄴ는 정말 너무 심하게 흔들려서 리ㅇ은 가격좋고 흔들려서 맘에 드는거 없으면 사야겠다고 생각했구실버크로ㅅ는 가격대비 핸들링이 별루였지만 이게 최선인가 싶었는데... 접을때 시트를 반드시 빼야하길래 싸이벡ㅅ도 괜찮았고부가ㅂ 폭스.... 최저 만원이쁜건 비인데 절충형ㅋㅋ 비....이뻐스토ㅋ는 무겁고 예산초과오르ㅂ은 밀어보진 못했는데 시트가 양대면이 아니고 도 돌아가고 평이 좋던데 이것도 예산 초과그래서 부가ㅂ], 부정 텍스트 확률 : 99.97%"
"[오르ㅂ 중고로 사려고 알아봤는데단종된 모델은 적당한 가격에 구입 가능하지만폭스], 부정 텍스트 확률 : 81.36%"
"[ 최신 모델은 중고가 잘 안나올뿐더러 나와도 중고인데 비싸요 결국 제가 구매한이지워커 하비도 잠실에는 없어서 밀어보진 못했는데 핸들링이 좋다는 얘기가 많더라구요부가ㅂ], 부정 텍스트 확률 : 94.41%"
"[오르ㅂ], 부정 텍스트 확률 : 53.29%"
"[스토ㅋ가 비싸서 안사시는 분들이 만족하고 쓰시는것 같더라구요그래서 하비로 마음을 굳히고어떻게 하면 싸게 살지 폭풍검색에 시작했었고결국 오늘 하이베베 논현점에서 아주 싸게 구매하고 왔습니다 제가 알아본 바로는...하비 싱글기준 소비자가 ], 부정 텍스트 확률 : 98.08%"
"[ 원인데가격은 인터넷 검색구매 만원대베이비 페어에서 새제품 구매 만원 후반대유아용품 전문 매장 새제품 구매 만원 초반대베페 진열상품 예약 구매 만원 후반대순으로 저렴한거로 확인했어요ㅋㅋ자세한 금액이 궁금하시면 댓글 주세요그래서 베페 첫날 입장시간전에 가서 줄서고 빨리 세피앙 부스부터 가서 전시품 구매하려고 했었어요그런데 검색을 하다가 하이베베 논현 블로그를 알게돼서 댓글로 문의를 했고 아주 빠르게 거의 실시간으로 응답해주셨고결국 베페보다 더 좋은 조건에 구매하게 됐네요사은품은 베페에서도 주는사계절커버], 부정 텍스트 확률 : 76.07%"
"[신생아패드], 부정 텍스트 확률 : 53.29%"
"[하이시트어댑터], 부정 텍스트 확률 : 53.29%"
"[ 원에모기장모름 추가로 받았어요], 부정 텍스트 확률 : 63.20%"
"[ 다른 색상들도 찍어봤어요실제로 보기전엔 스틸그레이콜블랙럭셔리블랙 순으로 생각하고 갔는데실제로 가보니럭셔리블랙콜블랙스틸그레이 순으로 맘에 들더라구요ㅋㅋㅋㅋ역시 실물을 봐야되나봐요높이 맘에 들고가격 맘에 들고 후기 등록시 휴대용 유모차도 받고핸들링 좋고바구니 크고접고 펴는거 쉽고뒤보기시에는 불편하지만무게 . 가벼운 편이고디럭스하려면 어쩔수 없음ㅠㅠ나중에 트윈으로 확장도 되고올블랙으로 악세사리 포인트주면 완전 예쁠듯양대면이 애기 내려놓고 시트뽑아서 돌려주고뒤보기엄마보기시에 시트뽑고 폴딩하는건 불편하지만... 그래도 단점을 상쇄하는 모든 조건아직 사용은 안해봐서다른 장단점은 모르겠지만 나중에ㅋㅋㅋ출산후 여름에 추가해볼게요ㅋㅋㅋㅋㅋㅋ ], 부정 텍스트 확률 : 94.56%"
"[ 안그래도 브라이텍스 카시트 사려고 보고 있었는데 세피앙몰 패밀리 세일하네요 신생아 카시트인 어드보케이트 모델로 샀구요 쿠폰에 적립금까지 해서 싸게 잘 산거 같아요포토후기만 쓰면 맥클라렌 유모차가 사은품이래요 비밀특가도 있으니 사실분들 가보세요], 부정 텍스트 확률 : 83.36%"
"[ 년개월간 사용한 내돈내산후기입니당😊혹 휴대용유모차 구입 고민중이시면 도움되실까 올려보아요둘째 태어나고 디럭스 유모차를 새로 구입할까 휴대용유모차를 구입할까 정말 고민고민하다 베이비페어에 가서 직접 밀어보고 디자인도 보고 폴딩편리성], 부정 텍스트 확률 : 50.57%"
"[핸들링], 부정 텍스트 확률 : 53.29%"
"[ 출산하기전 이집저집 사촌들에게 물려받은 용품으로 지내다가 유모차는 받은게 없어서 사야될때가 되었어요어디거를 사야될까 싶어서 알아보다가 동생의 추천으로 양대면 되는 호크 트위스터를 알아보게 되었답니다 동생이 돌지난 아가가 아직도 잘 타고 다닌다며 적극 추천하여 더도말고 호크로 결정하게되었지요마침 세피앙몰 ... ... 이라는 사이트를 알게되었고 새재품도 판매하지만 리퍼제품도 괜찮다는 구입후기글보고 결정하게 되었어요....... .......? 본문 이미지우선 제일 좋은점은 시트를 옮기지 않고 손잡이만 옮길수 있다는 편리함이 좋았고바퀴가 남자 손바닥 펼친덧마냥 큰사이즈로 묵직한 느낌이 좋았어요 아무래도 디럭스는튼튼하고 묵직한 느낌이길 바랬는데 호크트위스터가 딱 그래요 안의 내부 면적도 넓고 길어서 아가가 더 커서도 사용할수 있을거 같구요일단 핸들잉이 엄청 부드러워요 한손으로 밀고다녀도 부드럽게 나가는게 너무 매력적이네요....... .......? 본문 이미지받자마자 울애기 눕혀놓고 왔다갔다 몇분 했더니 그새 잠들었어요...], 부정 텍스트 확률 : 99.82%"
"[...? 리퍼라고해도 조립하면서 어디 흠집났나 찾아찾아봐도 어디가 기스나고 오염인지 못찾겠더라구요 정품도 지금 저렴하게 사이트에서 세일하고있는데 더 저렴하게좋은제품 받아 기분이가 좋아요 ...], 부정 텍스트 확률 : 62.10%"
"[휴대용 유모차의 필요성을 느껴 구매를 결심하게 되었습니다.제가 여기에 이렇게 글을 쓰는 이유는 유모차 후기도 아니고 각 유모차의 비교분석도 아닙니다.미니버기를 환불하는 과정에서 너무 불쾌하고 열받아서 글을 올리는 것입니다.제 돈주고 물건을 살 때], 부정 텍스트 확률 : 57.54%"
"[이런 경우도 있으니 참고하시라구요. 미니버기를 구매하지 말라는 말이 절대 아닙니다.일요일 베이비페어에서 유모차 구매 후], 부정 텍스트 확률 : 97.80%"
"[수요일목요일 쯤에 구매가 완료되었습니다.하지만], 부정 텍스트 확률 : 70.13%"
"[집안 사정으로 인하여 환불을 결심하게 되었고], 부정 텍스트 확률 : 79.01%"
"[언제까지 보내면 되냐고 했더니], 부정 텍스트 확률 : 62.95%"
"[킨텍스 베이피페어에는 저희가나간것이 아니라], 부정 텍스트 확률 : 81.53%"
"[대리점이 나갔다고 그 쪽에 연락을 해보시라고 하더라구요. 그래서 알겠다고 했습니다.다시 대리점판매점에 전화를 했습니다. 그랬더니 계약서를 사진찍어서 보내달라고 하더라구요. 그래서 사진찍어서 보냈습니다.그러자], 부정 텍스트 확률 : 78.36%"
"[저는 구매자이기 때문에 본사에서 물건이 나왔고 대리점에서 물건이 나왔고는 잘 모르겠다. 하지만], 부정 텍스트 확률 : 74.05%"
"[계약서 상에는분명하게 택배비를 고객부담하면 환불 가능하도록 명시되어 있지 않냐. 라고 말을 했죠..그랬더니 그건 자기네 계약서고 물건은 본사세피앙몰에서 나왔으니 해당사항이 없다고 하더라구요..물건을 마음에 들어서 그 때 샀으면서왜 이제와서 환불하려고 하느냐. 계약서를 전부 읽어보고 말하는거냐. 계약서 말씀하시는데 법적으로 하자는거냐. 등등..듣고나서 몸이 너무 부들부들떨리고 화가나서 녹음을 할 정신도 없었네요...그리고 이미 돈을 지불하였으니], 부정 텍스트 확률 : 99.98%"
"[오히려 자기네가 갑이라는 느낌과 생각으로 말을 하더라구요.그래서 제가 싸우자고 말씀드리는 것이 아니고 단순히 환불을 받으려고 하는거다. 라고 말을 했습니다.하지만 제 말이 다 끝나기도 전에 자기 말만 막 하더라구요. 자기네 입장만 막 말하고...오죽했으면 제가 제 말 좀 들어주시면 안되요? 이랬겠습니까...그래도 제 말 끊고 자기 할 말만 막하는게..이게 지금 뭐하는거지? 내가 고객아닌가? 라는 생각이 들더군요..그리거 딱 먼저 전화를 끊더라구요....자기 할 말만 하고??요즘 세상에 누가 이렇게 장사합니까? 저희 부모님은 길거리에서 원 토스트 파시는대도 이렇게 장사안하세요.하물며 몇 십만원짜리 물건을 파는 사람들이 이렇게 장사를 합니까? 이미 돈을 지불했으니], 부정 텍스트 확률 : 100.00%"
"[단순 고객 변심이니 자기네가 갑이다?그리고 고객 입장에서 물건이 본사에서 왔던 대리점에서 왔던 그걸 알아야합니까? 계약서 상에 이미 충분히 명시가 되어있는 부분인데그럴 꺼면 계약서를 왜 썼으며], 부정 텍스트 확률 : 95.94%"
"[둘째가 커가면서 기존에 사용하던 바구니 카시트가 너무 좁아지기 시작했다.첫째는 마른편이어서 거의 돌때까지 사용했지만], 부정 텍스트 확률 : 99.09%"
"[ 둘째는 개월만에 바꿔줘야할 상황이 되버렸다.대부분은 유아아동 겸용으로 첫 카시트를 고르게되면아이가 어느정도 자랄때까지 바꾸지 않고 사용할 수 있지만], 부정 텍스트 확률 : 55.74%"
"[ 바구니형의 경우 신생아티를 벗어나기시작하면대부분 유아용 카시트로 갈아타는것 같다.바구니형카시트의 장단점은 따로 쓰진않겠지만], 부정 텍스트 확률 : 87.10%"
"[ 그래도 둘째까지 잘 사용하고아이 둘 다 카시트사용에 거부감을 보이지않는걸로보아결과적으로 상당히 만족하고있다. ], 부정 텍스트 확률 : 58.88%"
"[ 둘째는 자연스럽게 첫째가 사용하던브라이텍스 어드보케이트 를 사용하게되었고], 부정 텍스트 확률 : 82.31%"
"[ 첫째의 주니어용 새 카시트를 검색하던 중], 부정 텍스트 확률 : 66.94%"
"[ ....사실 검색도 아니고 그냥 브라이텍스 제품중 어떤걸로 고를까? 정도...선택지는 몇가지 있었지만첫째의 취향을 맞춰 핑크색롬드머키픽스 제품으로 최종 결정하였다. ], 부정 텍스트 확률 : 99.73%"
"[ 사실 이전에 사용하던 바구니형와유아동겸용둘다해외직구로 국내보다 좀 더 저렴하게 구입하여 사용하였는데롬머키드픽스 는 국내 유통사인 세피앙몰에서 구입하기로하였다.미국뿐아니라 독일쪽 쇼핑몰을 검색하며 가격비교도 해보고제품별 차이점도 검색하보고했는데], 부정 텍스트 확률 : 79.76%"
"[ 여러가지 조건을 비교해본결과 그냥 국내구입으로 결정하였다.가격이 이전 제품들과달리 크게 차이나지않았고], 부정 텍스트 확률 : 52.63%"
"[ 다시일어나서 주문. 마지막까지 고민이었던롬머키드픽스와 롬머키드픽스두 제품.가격은 만원가까이 차이나는데 아무리봐도 그럴만한 이유가... ㅠㅠ딱], 부정 텍스트 확률 : 73.29%"
"[ 주문 후], 부정 텍스트 확률 : 64.43%"
"[지체없이 제품이 배송되었고요리조리 살펴본 결과 상당히 만족일단 첫째가 앉아보고 편하다고 그러니 그이상 뭐가있겠나 싶다.제품의 안전성이야 뭐 워낙 유명한 브랜드제품이다보니크게 의심할 여지도 없고... ], 부정 텍스트 확률 : 69.41%"
"[ 이제 지하 주차장으로 내려가서 설치 시작 .. ], 부정 텍스트 확률 : 58.68%"
"[ 장착방법은 어렵지않다.그냥 구멍에 맞춰서 끼워 넣으면 기본적으로 끝.안전벨트 선을 머리보호대와 어깨쪽 사이드보호대 사이에 있는가이드 홀 안으로 넣어준 후 패드로 감싸주면 최종적으로 마무리.기존의 카시트들은 차량의 안전벨트를카시트에 고정시킨다음 카시트 자체의 벨트로 아이를 감싸주는데주니어용이라그런지 차량 자체의 벨트를 그대로 사용하다보니장착자체도 쉬울 뿐더러아이를 태우고 내리면서 벨트를 채워주는것도 훨씬 쉬워졌다. ], 부정 텍스트 확률 : 62.71%"
"[ 아이를 차애 태우고 몇 일 사용해본결과바뀐 카시트에대한 불편함은 전혀 없다.뭐가 바뀌었냐는듯 꿀잠.유모차부터 카시트 종류까지 죄다 브라이텍스 제품이라좀 민망하긴하지만], 부정 텍스트 확률 : 93.35%"
"[ 너무 많은 제품들과 다양한 리뷰후기에 선택장애가 있으시다 싶으면고민없이 브라이텍스 제품을 써보시라고 권하면서...리뷰 끝 ], 부정 텍스트 확률 : 98.47%"
"[ 커다란 박스 안에 하비 유모차 두둥 ], 부정 텍스트 확률 : 66.46%"
"[ 유모차 부품들 조립하기는 정말 쉬워요 ㅋㅋㅋㅋㅋ구성은 프레임], 부정 텍스트 확률 : 52.07%"
"[숄더패드], 부정 텍스트 확률 : 53.29%"
"[안전벨트], 부정 텍스트 확률 : 53.29%"
"[장바구니], 부정 텍스트 확률 : 53.29%"
"[ 승차감], 부정 텍스트 확률 : 53.29%"
"[디자인], 부정 텍스트 확률 : 53.29%"
"[편의성], 부정 텍스트 확률 : 74.36%"
"[ 이렇게 펼쳐지기도 하고더 좋은 점은쉽고 간편하게 접고 피고 할 수 있는게 좋았어요.사용하지 않을 때나차 트렁크에 실을 때는 이렇게 접으면 됩니다], 부정 텍스트 확률 : 88.28%"
"[안전을 위해 고르고 고른 듀얼픽스 카시트를 차에 장착하였고], 부정 텍스트 확률 : 54.72%"
"[ 우리 아기가 햇빛에 힘든 모습이 그려져서 차 문쪽에 붙이는 햇빛가리개를 샀습니다. ], 부정 텍스트 확률 : 53.91%"
"[ 사진에서 보실 수 있는것과 같이 뒤에는 그냥 걸치는 거고 아래쪽 고정은클립으로 합니다.그래서... 아주 불안불안 해요.. 유모차에 있는 그런걸 생각하시면안됩니다 ㅠㅠ그래서 보여드리고자 영상을 찍었어요. ], 부정 텍스트 확률 : 99.10%"
"[ 영상에서 보시는 것과 같이 고정이 잘 안돼요...순정이라면 적어도 뭔가 딱 맞물리고짱짱한 맛이 있어야 하는데 이건 그냥 허접한 수준같아요...재질은 좋아보이지만 우선 차 흔들림에도 그냥 접힐것 같은 곶어력이네요..그리고 클립찝어놓은 부분도 잘 빠질거같아요..그래서 전 비추...어쩔수 없이 써야 하긴 하겠지만 ㅠㅠ마지막은 듀얼픽스 카시트의 흔들림 영상입니다.본사에 문의했더니 회전형이다보니 어쩔수없이 흔들림이 있다고 하네요.그래도 전 이정도 흔들림이면 좀 심하다 싶어요...운전하다보면 흔들림이 다 전달될 거 같은 느낌이네요 ], 부정 텍스트 확률 : 98.18%"
"[왠만한 출산용품은 적당히 사도 될 것 같은데], 부정 텍스트 확률 : 72.71%"
"[카시트만큼은 막연하고 걱정이 많았다. 일단 출산하면 병원에서 조리원부터 벌써 태워야하니.그래서 한꺼번에 직접 보고 비교해볼 수 있는 베이비페어에 다녀왔다.베이비페어도 어설픈 데 가면 별로 볼 게 없다기에 규모가 큰 베페 베이비페어를 기다렸다. ], 부정 텍스트 확률 : 92.29%"
"[가격비교도 제대로 못할 거 같아서 나름대로 찾아서 메모해뒀다.아무래도 타고 내릴 때 편리하다는 회전형 카시트를 사야겠다는 것만 결정하고], 부정 텍스트 확률 : 94.43%"
"[각 브랜드별로 회전형 카시트만 뽑았다. ], 부정 텍스트 확률 : 98.26%"
"[ 기본적인 사양은 다 비슷했다.뒤보기를 가급적 오래하는 게 좋다는데], 부정 텍스트 확률 : 77.45%"
"[왠만하면 우리나라에서는 거의 돌 정도까지만 쓰는 것 같다.파란색 아랫줄은 베페에 없는 브랜드였는데], 부정 텍스트 확률 : 77.27%"
"[콩코드나 맥시코시의 경우 만세까지 뒤보기가 가능하다.라는 안전기준이 더 엄격한 규격이라고 해서 이걸 통과한 브랜드를 보려고 했는데], 부정 텍스트 확률 : 95.27%"
"[측면테스트 한 곳도 많아서 큰 차이는 아닌 것 같다. ], 부정 텍스트 확률 : 55.49%"
"[ 다 볼 수가 없어서 관심있는 카시트 브랜드 위주로만 동선을 정했다.카시트 시간 보고], 부정 텍스트 확률 : 63.64%"
"[유모차 시간 보고], 부정 텍스트 확률 : 67.08%"
"[나머지 좀 구경해야지 마음먹었는데], 부정 텍스트 확률 : 66.46%"
"[ 카시트만 보는데 두시간이 거의 다 됐고], 부정 텍스트 확률 : 95.65%"
"[그냥 지나칠 수 없어서 본김에 슬쩍 같이 봄보는 동안 카시트 설명 듣는데 집중하느라 블로그 생각은 전혀 못하고 사진을 하나도 안찍어왔다. 나도 참], 부정 텍스트 확률 : 99.59%"
"[ 셔틀버스를 타고 왔다니쪽으로 입장해서 커피빈이 스타트 지점.별건 아니지만], 부정 텍스트 확률 : 80.66%"
"[나중을 위해 느낀 점을 간단히 적어두겠음. ], 부정 텍스트 확률 : 57.23%"
"[ 나는 오롯이 카시트와 유모차를 직접 본다는 데에만 포인트가 맞춰져 있었는데], 부정 텍스트 확률 : 76.66%"
"[ 쿠폰북 들여다보고 부지런 좀 떨면], 부정 텍스트 확률 : 68.08%"
"[ 그렇다면 구경한 순서대로 본격비교.안전장치인 와 서포트레그], 부정 텍스트 확률 : 67.81%"
"[리바운드스토퍼차충돌예방는 다 있었으니까 따로 적지 않겠다.폴레드 올에이지만 서포트레그 대신 락킹벨트가 있다.사용연령도 비슷해서 폴레드 올에이지을 제외하면 모두 세까지 였다.신생아때는 이너시트를 사용하고], 부정 텍스트 확률 : 77.88%"
"[아이가 크면서 빼고 사용한다.측면보호부분도 모든 카시트가 강조하고 있었다. . 다이치원픽스 ], 부정 텍스트 확률 : 57.32%"
"[브랜드국가], 부정 텍스트 확률 : 53.29%"
"[대한민국], 부정 텍스트 확률 : 53.29%"
"[제조사], 부정 텍스트 확률 : 61.97%"
"[충돌테스트여부], 부정 텍스트 확률 : 53.29%"
"[유럽 측면충돌 테스트 통과], 부정 텍스트 확률 : 53.29%"
"[차별점], 부정 텍스트 확률 : 67.40%"
"[세탁제휴서비스], 부정 텍스트 확률 : 53.29%"
"[인터넷최저가], 부정 텍스트 확률 : 75.70%"
"[사은품], 부정 텍스트 확률 : 53.29%"
"[썬바이저 차양막], 부정 텍스트 확률 : 87.86%"
"[ 여기를 처음에 봐서 잘 몰랐는데], 부정 텍스트 확률 : 63.78%"
"[회전시킬 때 보통 본체고정되어있는 부분에 버튼이 있다.그 버튼을 누르고 시트를 돌려야 하기 때문에 보통 두 손이 필요하다.그런데 다이치는 시트에 버튼이 있어 당기면서 돌리면 된다. ], 부정 텍스트 확률 : 61.74%"
"[약간 뻑뻑해서 그런지], 부정 텍스트 확률 : 68.27%"
"[크게 편리하다는 느낌은 없었다.처음에는 애기를 안고 있을 때는 한손으로 컨트롤하는 게 좋겠다고 생각했는데가만 보니], 부정 텍스트 확률 : 86.44%"
"[애기를 안은 상태에서 돌릴 일이 없을 것 같다.기본적으로 애기가 없을 때는 승하차모드로 카시트가 옆을 본 상태일테고], 부정 텍스트 확률 : 78.52%"
"[애기를 태운다음 돌릴테니까.애를 내린 다음에 굳이 앞보기나 뒤보기로 돌려놓을 일은 없잖아.. 페도라 ], 부정 텍스트 확률 : 95.29%"
"[브랜드국가], 부정 텍스트 확률 : 53.29%"
"[대한민국], 부정 텍스트 확률 : 53.29%"
"[제조사], 부정 텍스트 확률 : 61.97%"
"[충돌테스트여부], 부정 텍스트 확률 : 53.29%"
"[알 수 없음], 부정 텍스트 확률 : 55.02%"
"[차별점], 부정 텍스트 확률 : 67.40%"
"[사고시 무상교환 구입년내], 부정 텍스트 확률 : 53.29%"
"[ 방문수리], 부정 텍스트 확률 : 53.29%"
"[클린케어 최대 세탁지원? 무료수거], 부정 텍스트 확률 : 74.41%"
"[ 장착], 부정 텍스트 확률 : 53.29%"
"[인터넷최저가], 부정 텍스트 확률 : 75.70%"
"[사은품], 부정 텍스트 확률 : 53.29%"
"[후방거울], 부정 텍스트 확률 : 53.29%"
"[카시트보호매트], 부정 텍스트 확률 : 53.29%"
"[캐노피차양막], 부정 텍스트 확률 : 53.29%"
"[ 가격이 제일 저렴하고], 부정 텍스트 확률 : 75.30%"
"[뒤보기시에 각도조절이 안된다는 점앞보기는 도], 부정 텍스트 확률 : 65.85%"
"[단계로 조절 가능한데], 부정 텍스트 확률 : 64.02%"
"[뒤보기는 도로 고정이다.실제로 단계조절이 되는 것들도 솔직히 생각보다 그렇게 드라마틱하게 각도 조절이 많이 되는 느낌은 아니었다.그러나 각도조절이 아예 안된다는 건 많이 아쉽다.확인은 못해봤지만], 부정 텍스트 확률 : 79.81%"
"[아마 회전할 때도 특정각도에서만 될 것이다.어쨌든 가격은 메리트가 있어서 페도라에서는 유모차도 구경했다.해밀턴의 오토폴딩 유모차와 똑같은 스타일로 만든 제품이 있는데], 부정 텍스트 확률 : 91.15%"
"[브랜드국가], 부정 텍스트 확률 : 53.29%"
"[대한민국], 부정 텍스트 확률 : 53.29%"
"[제조사], 부정 텍스트 확률 : 61.97%"
"[중국 ], 부정 텍스트 확률 : 80.05%"
"[충돌테스트여부], 부정 텍스트 확률 : 53.29%"
"[알 수 없음사이드 범퍼측면보호대가 있음], 부정 텍스트 확률 : 58.54%"
"[차별점], 부정 텍스트 확률 : 67.40%"
"[마그네틱 버클 홀더 승하차시 벨트를 걸어 꼬임방지], 부정 텍스트 확률 : 84.32%"
"[저중심설계를 강조하고 있음], 부정 텍스트 확률 : 54.49%"
"[인터넷최저가], 부정 텍스트 확률 : 75.70%"
"[사은품], 부정 텍스트 확률 : 53.29%"
"[선쉐이드차양막], 부정 텍스트 확률 : 90.69%"
"[전용쿨시트], 부정 텍스트 확률 : 53.29%"
"[포토후기시 카미러], 부정 텍스트 확률 : 53.29%"
"[ 윌리엄이 모델인 시크. 대한민국 브랜드라고 강조하고 있지는 않은데], 부정 텍스트 확률 : 66.40%"
"[대한민국 우수브랜드 대상 년연속 위라는 문구가 있으니까 대한민국 브랜드 맞겠지? ], 부정 텍스트 확률 : 87.74%"
"[ 특별히 이게 시크만의 장점이다 싶은 것 없었지만], 부정 텍스트 확률 : 55.73%"
"[딱히 아쉬운 점도 없었다. 그게 장점. 각도 조절도 전방], 부정 텍스트 확률 : 98.37%"
"[한 매장에서 하나만 보고], 부정 텍스트 확률 : 75.42%"
"[설명만 듣고], 부정 텍스트 확률 : 89.15%"
"[물어보려고 했던 건 다 까먹고 나온 거 같다. ㅋ ], 부정 텍스트 확률 : 85.41%"
"[브랜드국가], 부정 텍스트 확률 : 53.29%"
"[대한민국], 부정 텍스트 확률 : 53.29%"
"[제조사], 부정 텍스트 확률 : 61.97%"
"[중국무상 년], 부정 텍스트 확률 : 84.88%"
"[충돌테스트여부], 부정 텍스트 확률 : 53.29%"
"[차별점], 부정 텍스트 확률 : 67.40%"
"[세까지 사용가능], 부정 텍스트 확률 : 74.50%"
"[락킹벨트], 부정 텍스트 확률 : 53.29%"
"[안전벨트가 풀릴 경우 알람이 울림], 부정 텍스트 확률 : 60.65%"
"[사고시 무상교환구입 년], 부정 텍스트 확률 : 72.69%"
"[사고 일 이내], 부정 텍스트 확률 : 55.72%"
"[자차 수리비가 출고가의이상시], 부정 텍스트 확률 : 86.40%"
"[인터넷최저가], 부정 텍스트 확률 : 75.70%"
"[사은품], 부정 텍스트 확률 : 53.29%"
"[무려 바구니카시트], 부정 텍스트 확률 : 53.29%"
"[쿨시트 라이너], 부정 텍스트 확률 : 53.29%"
"[ 가장 혹했던 제품. 엄마도 남편도 제일 맘에 들어했다.혹한 포인트는 사용연령], 부정 텍스트 확률 : 50.92%"
"[락킹벨트], 부정 텍스트 확률 : 53.29%"
"[벨트풀림알람], 부정 텍스트 확률 : 53.29%"
"[사은품 요렇게 가지. ], 부정 텍스트 확률 : 57.88%"
"[ 일단 신생아부터 세까지 쓸 수 있다는 게 메리트다.살까지는 의무이고], 부정 텍스트 확률 : 79.32%"
"[ 솔직히말해서 세까지 정말 사용할 수 있을지는 의심스럽기는 하지만], 부정 텍스트 확률 : 89.93%"
"[세까지 쓰는 카시트도 실제로 세까지 쓰기는 무리라는 걸 봐서..그래도 왠만한 회전형보다는 오래 쓸 수 있을테니], 부정 텍스트 확률 : 68.37%"
"[최소 살 정도까지는 쓸 수 있지 않을까.초등학생 때는 어린이용 시트? 로 바꿔주면 좋을 것 같다. 그리고 벨트가 풀리면], 부정 텍스트 확률 : 89.93%"
"[자동차 벨트 알람처럼 경고음이 들린다. 이건 여기서밖에 못봤다. 풀리면 안되겠지만], 부정 텍스트 확률 : 81.13%"
"[ 그리고 보통은 서포트레그라고 해서 앞쪽에 다리가 달려있는데], 부정 텍스트 확률 : 53.28%"
"[폴레드 올에이지은 락킹벨트가 있다.카시트를 위아래로 잡아주는 거다. 특히 뒤보기 때는 락킹벨트가 카시트를 감싸지는 형태라 더 안정감이 있어보인다.폴레드에서는 락킹벨트는 카시트가 튕겨나갈 일이 없어 더 안전하다고 한다.그리고], 부정 텍스트 확률 : 61.43%"
"[서포트레그는 딱딱해서 방지턱 넘을 때 충격이 카시트로 전해진다고 함.이것도 여기만 있는 거다 보니 매우 혹했다.기울기 조절은 뒤보기 앞보기 모두 단계씩. 다른 것과 마찬가지로 각도조절폭이 크지는 않지만], 부정 텍스트 확률 : 91.12%"
"[사은품.무려 바구니 카시트라이징스타 를 준다. ], 부정 텍스트 확률 : 71.49%"
"[ 폴레드 올에이지 이 분명 신생아부터 쓸 수 있음에도 불구하고], 부정 텍스트 확률 : 59.41%"
"[ 왠지 바구니카시트가 하나 더 있으면 더 유용할 것 같은 그런 욕심적인 욕심.올에이지에 차양막이 없어 아쉬운 부분도 약간 해결된다.. 순성듀클핀 ], 부정 텍스트 확률 : 67.58%"
"[브랜드국가], 부정 텍스트 확률 : 53.29%"
"[대한민국], 부정 텍스트 확률 : 53.29%"
"[제조사], 부정 텍스트 확률 : 61.97%"
"[국내생산 무상 년], 부정 텍스트 확률 : 72.69%"
"[충돌테스트여부], 부정 텍스트 확률 : 53.29%"
"[알 수 없음 측면보호시스템은 있음], 부정 텍스트 확률 : 50.18%"
"[차별점], 부정 텍스트 확률 : 67.40%"
"[가 수평수직으로 움직여 충격을 분산시켜줌], 부정 텍스트 확률 : 64.51%"
"[인터넷최저가], 부정 텍스트 확률 : 75.70%"
"[사은품], 부정 텍스트 확률 : 53.29%"
"[쿨시트], 부정 텍스트 확률 : 53.29%"
"[가죽보호시트], 부정 텍스트 확률 : 53.29%"
"[선쉐이드차양막], 부정 텍스트 확률 : 90.69%"
"[후방거울], 부정 텍스트 확률 : 53.29%"
"[뒤보기 최대 도다른 것도 쓰다보면 부드러워질런지 모르겠지만], 부정 텍스트 확률 : 67.24%"
"[브랜드국가], 부정 텍스트 확률 : 53.29%"
"[제조사], 부정 텍스트 확률 : 61.97%"
"[충돌테스트여부], 부정 텍스트 확률 : 53.29%"
"[따로 확인은 안해봤지만], 부정 텍스트 확률 : 68.81%"
"[차별점], 부정 텍스트 확률 : 67.40%"
"[인터넷최저가], 부정 텍스트 확률 : 75.70%"
"[사은품], 부정 텍스트 확률 : 53.29%"
"[ 유럽은 라는 기준을 쓰고 있는 걸로 알고 있다.충돌테스트가 의무이고], 부정 텍스트 확률 : 59.12%"
"[머리 센서가 있는 걸 쓴다.이게 장점이라면 장점이고], 부정 텍스트 확률 : 84.20%"
"[ 다이치와 마찬가지로 원핸드 컨트롤 방식이었다.넓은 부분에 손을 쑤욱 넣고 누르는 건데], 부정 텍스트 확률 : 70.07%"
"[나는 오히려 힘이 더 많이 들어가는 느낌이라 별로였다.앞보기 단계], 부정 텍스트 확률 : 93.85%"
"[뒤보기 단계로 각도조절은 넉넉하게 됨.. 브라이텍스듀얼픽스 ], 부정 텍스트 확률 : 73.78%"
"[브랜드국가], 부정 텍스트 확률 : 53.29%"
"[글로벌브랜드...? ], 부정 텍스트 확률 : 53.29%"
"[제조사], 부정 텍스트 확률 : 61.97%"
"[충돌테스트여부], 부정 텍스트 확률 : 53.29%"
"[차별점], 부정 텍스트 확률 : 67.40%"
"[ 수평수직으로 움직여 충격을 줄여줌], 부정 텍스트 확률 : 54.30%"
"[사고시 무상교환], 부정 텍스트 확률 : 53.29%"
"[인터넷최저가], 부정 텍스트 확률 : 75.70%"
"[사은품], 부정 텍스트 확률 : 53.29%"
"[후방거울], 부정 텍스트 확률 : 53.29%"
"[쿨시트], 부정 텍스트 확률 : 53.29%"
"[세피앙몰 만원 쿠폰], 부정 텍스트 확률 : 58.74%"
"[ 이건 보자마자 디자인이 마음에 안들어버림본체에 있는 버튼을 누르고 시트를 회전시키는 건데], 부정 텍스트 확률 : 66.90%"
"[모든각도에서 회전가능한 건 장점.다른데 단계보다 각도가 많이 움직이는 것 같았다.순전히 느낌일 뿐이라 정확도는 떨어지지만], 부정 텍스트 확률 : 88.38%"
"[암튼 그랬다. ], 부정 텍스트 확률 : 80.70%"
"[ 드디어 정리 끝결론최종후보는 시크 이지턴 블랙라벨], 부정 텍스트 확률 : 82.91%"
"[폴레드 올에이지 ], 부정 텍스트 확률 : 53.29%"
"[시간에 ], 부정 텍스트 확률 : 71.29%"
"[코엑스몰 북문에서 내렸다. ], 부정 텍스트 확률 : 68.16%"
"[ 시 분쯤 코엑스로 갈 때는 그럭저럭 잘 탔는데], 부정 텍스트 확률 : 76.74%"
"[ 시쯤 나올 때는 줄이 길어서 그냥 타다를 타버림.만삭 임산부도 있고], 부정 텍스트 확률 : 65.40%"
"[다른 때는 안되던 호출이 홀랑 잘 되었다. 요금은 ], 부정 텍스트 확률 : 81.25%"
"[ 원이 나왔다.뭐], 부정 텍스트 확률 : 72.29%"
"[주차비 아끼느라 택시비를 냈긴 했지만], 부정 텍스트 확률 : 82.18%"
"[이곳에 댔으면 주차비가 어마무시해서 계속 신경쓰일 것 같았다.현대백화점은 쿠폰쓰면 시간 무료지만], 부정 텍스트 확률 : 71.20%"
"[이후로는 분에 ], 부정 텍스트 확률 : 52.58%"
"[ 원 코엑스몰은 분에 ], 부정 텍스트 확률 : 58.06%"
"[ 원만원 이상 구매시 시간 무료], 부정 텍스트 확률 : 86.83%"
"[만원 시간], 부정 텍스트 확률 : 81.90%"
"[만원 시간 ], 부정 텍스트 확률 : 81.90%"
"[브라이텍스 카시트 듀얼픽스 ], 부정 텍스트 확률 : 64.91%"
"[ 육아는 장비 빨이라고 했던가요? 아내도 아기가 태어나기 전 정말 많은 육아용품과 그 다양한 종류에 결혼할 때 보다 더 머리가 아프다고 하더군요.그래도 열심히 고르고 따져서 구매한 끝에 힘든 육아생활이 조금 편해 보이긴 했습니다. 육아용품 중에 가장 오랜 시간 고르고 고민하게 되는 게 바로 유모차와 카시트가 아닐까 싶네요. 유모차는 디자인을 많이 보고 고르지만], 부정 텍스트 확률 : 53.80%"
"[ 브라이텍스는 호주], 부정 텍스트 확률 : 65.22%"
"[독일 등 안전 선진국에서 많이 사용하고 있는데 나라별 특징에 맞춘 카시트가 인기인데], 부정 텍스트 확률 : 90.26%"
"[ 예전에는제품이 도착했을 때 상자를 뜯는 즐거움이 전부였는데], 부정 텍스트 확률 : 89.75%"
"[브라운이 아닌 색상으로 어느 색상의 차량 실내와도 조화롭고 고급스럽게 연출이 가능합니다.], 부정 텍스트 확률 : 60.13%"
"[ 개봉기 이후 실제 사용기를 올릴 예정이니까 사용설명서는 받으시면 한번 읽어보시면 됩니다. 멤버스 케어 카드가 들어 있는데 스티커는 떼어서 카시트에 바로 부착하세요. 정품 등록 시 세피앙 멤버스 케어를 통해 다양한 혜택을 누릴 수 있습니다. ], 부정 텍스트 확률 : 84.40%"
"[잠이 들어있을 때 빛을 발합니다. 정말 편합니다. 듀얼픽스 회전형 카시트는 버튼 하나로 모든 각도에서 회전이 가능하고], 부정 텍스트 확률 : 66.59%"
"[수직과 수평 방향으로 충격을 분산시켜], 부정 텍스트 확률 : 64.73%"
"[ 클립과 서포트 레그 부분에 인디케이터가 적용되어 사진과 같이 올바르게 장착이 되면 그린 컬러로 변경이 됩니다. 똑똑하죠? ], 부정 텍스트 확률 : 76.28%"
"[ 교통사고가 났을 때 가장 많이 나는 측면 사고를 대비해서 외부 프레임], 부정 텍스트 확률 : 59.34%"
"[헤드레스트까지 중 보호 시스템으로 탑승한 아이의 머리뿐만 아니라 몸 전체를 보호합니다.], 부정 텍스트 확률 : 97.70%"
"[차 충돌을 방지해 주고 충격을 최소화하기 위한 컴팩트 스틸 리바운드 스토퍼는강철 소재 일체형이라 컴팩트한 사이즈로 도 회전 시 탈부착 없이 사용이 가능하며], 부정 텍스트 확률 : 76.57%"
"[ 안전벨트 패드도 너무 고급스러움 뿜뿜 이라고 아내가 좋아하더군요. 예전에 쓰던 카시트는 안전벨트만 매면 아들이 찡얼거리고 울었는데 이건 편안한지 가만히 있더군요. 어린아이를 완벽하게 고정시켜주고], 부정 텍스트 확률 : 78.30%"
"[충격을 방향으로 분산시켜주는 점식 안전벨트와 미끄럼 방지 기능이 추가된 어깨보호패드가 아이를 편안하고 안전하게 보호해 줍니다.], 부정 텍스트 확률 : 60.90%"
"[신생아 카시트로도 너무 좋은 건 등받이 각도 조절이 단계로 조절이 되기 때문입니다.사용기에서 자세하게 보여드릴 건데], 부정 텍스트 확률 : 57.11%"
"[ 신생아 때 병원 갈일 도 많고 카시트에 태우자니 너무 작은 것 같고 고민인 엄마들을 위해 신생아 체형에 맞춤으로 이너시트와 이너쿠션도 포함되어 있습니다. 신생아 시기에 목과 척추를 안정적으로 받쳐주는 것 정말 중요합니다.], 부정 텍스트 확률 : 65.39%"
"[ 바쁜 아빠를 대신해 엄마가 아이만 태우고 문센이나 키카도 다니고], 부정 텍스트 확률 : 95.43%"
"[ 아이의 생명을 구하는 카시트로 유명한 유아 카시트 브라이텍스 무상교환 프로그램까지 있어 더욱 든든합니다. 부모님 댁이 대전이기 때문에 고속도로를 많이 다니고 차가 안 막힌다고 밤에 주로 다니기 때문에 아들의 안전이 늘 걱정되었는데 실제 고속도로를 다니며 사용한 회전형 카시트 후기 기대해 주세요. ], 부정 텍스트 확률 : 86.37%"
"[육아템리뷰브라이텍스 카시트 썬쉐이드 분노의 리뷰입니다? ], 부정 텍스트 확률 : 65.36%"
"[ 사진 보구 오 딱이다 해서 망설임없이 구매했어요 가격은만원 .그리고 왔는데요....개뿔이 본론부터 말하면 사진처럼 딱 각 잡혀 고정이 일단 안돼요. ], 부정 텍스트 확률 : 94.72%"
"[ 이걸 어뜨케 썬쉐이드라고 만들었지?... 싶은 동영상 보면 차가 달려 움직이면 이게 점점 혼자 접혀요.... 옆에서 계속 잡아줘야해요. 안그럼 아기한테 동영상 마지막처럼 햇볕이 직타.부글부글.. ], 부정 텍스트 확률 : 76.11%"
"[ 집게로 옆에 꽂아 고정하는건데... 이따위걸로 뭘 어쩌라는건지 이것도 저는 이해가 안돼고... ], 부정 텍스트 확률 : 94.13%"
"[ 뒤에는 고무밴드로해서 씌우는건데 계속 앞으로 잡아줘야하니까 잡아주다가 빠지기 일수예요저는 진짜 이 썬쉐이드때문에 욕을 욕을.......돈 만원하는 것도 아니고 만원이나 하는게 제 기능을 하나도 못하는데 아무리 보고 또 봐도 브라이텍스에서 이걸 진짜 썬쉐이드라고 만들었다는건가? 무슨 머리로..?노이해..무튼 나만 그런가 후기 살펴보면 반반이예요 잘쓴다는 분들은 대체 어떤식으로 쓰고 계시는지 궁금할 지경...저는 앞에 실로 연결해서 맞은편 의자헤드에 걸어서 써야할거 같아요. ], 부정 텍스트 확률 : 99.98%"
"[ 차가 주행하면 혼자 이리 슬슬 접히고요.. ], 부정 텍스트 확률 : 62.34%"
"[ 이게 어딜봐서 같은 제품인지 아무튼 그래요....... 참고하세요덜 분노 포스팅 끝], 부정 텍스트 확률 : 98.23%"
"[저희 아기는 여름 아기라외출이 가능한 일부터 가을이기에디럭스휴대용 조합으로 결정했어요.제가 구입하는데 중점을 둔 사항은. 핸들링이 좋은 것. 너무 비싸지 않은 것디럭스는 어차피 사용기간이 짧고중고로 팔면 똥값이 되기에...핸들링과 가성비가 좋다는하비를 미리 생각하고 끌어보고 좋길래 결정했습니다.베이비플러스에서 구입그런데 결제 직전사장님이 하비가 주쯤 뒤에 출시된다고아직 공홈에는 안 올라왔지만 구입가능하다기에하비로 샀습니다ㅎㅎㅎ인터넷으로 샀으면 구형버전을 살뻔해서너무나 만족 그런데 하비라고 딱히 엄청 바뀐건 없어보여요], 부정 텍스트 확률 : 97.05%"
"[ 유아차유모차이지워커 하비 후기 ], 부정 텍스트 확률 : 82.45%"
"[ 외관은 별 차이 없어보이죠?저는 나이트블랙 색상으로 선택했어요.캐노피는 하비의 콜블랙과 거의 비슷한 색상같은데 바퀴와 휠은 올블랙이에요 나이트블랙], 부정 텍스트 확률 : 75.56%"
"[스톤그레이], 부정 텍스트 확률 : 53.29%"
"[코랄그린], 부정 텍스트 확률 : 53.29%"
"[오션블루], 부정 텍스트 확률 : 53.29%"
"[데저트핑크 가지 그럼 하나씩 살펴볼게요.. 통풍창 ], 부정 텍스트 확률 : 80.27%"
"[ 안쪽 단은 이렇게 지퍼로 닫을 수 있어요. . 양대면], 부정 텍스트 확률 : 71.77%"
"[각도조절 ], 부정 텍스트 확률 : 53.29%"
"[ 앞보기도 단계로 가능해요. 산책하고 온 뒤라 핸들바를 빼고 찍어버렸네요ㅠ], 부정 텍스트 확률 : 95.75%"
"[ 각도조절은 캐노피 뒷면에 있는 레버를 당겨서조절하면 돼요.. 풋레그레스트], 부정 텍스트 확률 : 66.71%"
"[장바구니 ], 부정 텍스트 확률 : 53.29%"
"[캐노피를 완전 확장하고는 쓸 수가 없어요ㅠㅠ . 핸들링 ], 부정 텍스트 확률 : 78.17%"
"[컵홀더], 부정 텍스트 확률 : 53.29%"
"[높은 시트아쉬운점 시력보호커버를 끼면 캐노피 확장이 불가 사계절커버는 확장가능입니다.그럼 도움되시길 바랍니다추가 . 사계절커버 시력보호커버로는 한계가 있어서사계절 커버를 샀어요.세피앙몰에 정품등록을 하면악세사리 할인쿠폰을 줘서더 싸게 구입할 수 있습니다.정가 ], 부정 텍스트 확률 : 76.55%"
"[ 원 ], 부정 텍스트 확률 : 53.29%"
"[.?이지워커하비이지워커하비.?이지워커하비이지워커하비.?유아차유아차.?유모차유모차.?유아차후기유아차후기.?유모차후기유모차후기.?육아육아.?아기용품아기용품.?디럭스유모차디럭스유모차 ], 부정 텍스트 확률 : 72.08%"
"[ 원 ▷ 할인판매가격 ], 부정 텍스트 확률 : 53.29%"
"[ 필수 표기정보 ], 부정 텍스트 확률 : 53.29%"
"[품명 및 모델명], 부정 텍스트 확률 : 53.29%"
"[.맥클라렌테크노블랙샴페인], 부정 텍스트 확률 : 62.92%"
"[ 인증 필 유무], 부정 텍스트 확률 : 53.29%"
"[..기본 중량], 부정 텍스트 확률 : 57.07%"
"[.블랙샴페인], 부정 텍스트 확률 : 62.92%"
"[.프레임알루미늄시트폴리에스테르], 부정 텍스트 확률 : 62.92%"
"[사용연령 또는 체중범위], 부정 텍스트 확률 : 53.29%"
"[.개월 ], 부정 텍스트 확률 : 62.92%"
"[동일모델의 출시년월], 부정 텍스트 확률 : 65.67%"
"[.년 월], 부정 텍스트 확률 : 79.37%"
"[제조자수입자], 부정 텍스트 확률 : 61.97%"
"[.세피앙], 부정 텍스트 확률 : 61.23%"
"[제조국], 부정 텍스트 확률 : 61.97%"
"[.중국], 부정 텍스트 확률 : 85.73%"
"[취급방법 및 취급시 주의사항], 부정 텍스트 확률 : 53.29%"
"[안전표시], 부정 텍스트 확률 : 53.29%"
"[.표백제 사용 및 드라이크리닝 금지그 외 상품기술서 하단 참고], 부정 텍스트 확률 : 93.86%"
"[품질보증기준], 부정 텍스트 확률 : 53.29%"
"[.품질보증 구입일로부터 년반품], 부정 텍스트 확률 : 85.95%"
"[교환 등 상품기술서 하단 참고 및 관련법규에 따라 처리], 부정 텍스트 확률 : 98.80%"
"[.쿠팡], 부정 텍스트 확률 : 62.92%"
"[ 품절임박], 부정 텍스트 확률 : 53.29%"
"[ 개 상품평 보기는⬇아래 링크로 확인해주세요⬇▼▼▼ .. ], 부정 텍스트 확률 : 62.82%"
"[...년 포토후기 이벤트.호크 트위스터 유모차 포토후기 이벤트 안내 ], 부정 텍스트 확률 : 82.44%"
"[ .구매자 대상 포토후기 이벤트...응모자격.호크 트위스터 구매자 제품수령일 기준], 부정 텍스트 확률 : 86.61%"
"[ ..위 게시판에 글쓰기가 안되는 분들은. 연령별 수다방지역별 수다방게시판에 남겨주시면 되세요.. 브랜드 제품명을 게시글 앞머리에 반드시 적어주세요 . 호크트위스터 도 회전형 유모차 샀어요.. 스크랩하지 말고], 부정 텍스트 확률 : 66.17%"
"[원문으로 작성해주세요... 게시글 내용에 아기 개월수를 명시해주세요...★ 세피앙몰 적립금으로 다양한 유아용품 구매하세요 ★.포토후기 작성시 세피앙몰 최대 만원 적립금을 받을 수 있습니다.적립금 받으시고], 부정 텍스트 확률 : 81.96%"
"[다양한 육아용품 구매하세요...▼ 세피앙몰 바로가기 ▼ ], 부정 텍스트 확률 : 72.58%"
"[ ... 이벤트 참고사항 .호크트위스터 구매자 대상으로 진행되는 이벤트 입니다..모든글은 새글쓰기로 부탁드립니다.기타 후기이벤트와 해당 이벤트에 중복 참여는 불가합니다.후기 내용은 본사마케팅 자료로 활용될수 있습니다..사진 장이상을 활용해서 작성해 주세요 ], 부정 텍스트 확률 : 94.78%"
"[ 세피앙몰 패밀리세일해요예비 엄빠들한테는 유용한 세일이길 바래요.유모차 브랜드인오르빗 등이 많이 보여요.홈페이지에서 진행하고 있어서따로 급하게 방문하지 않아도 된다는 점이 장점인것 같아요다들 득템하세요 ], 부정 텍스트 확률 : 59.53%"
"[ 지금 또 첫째도 카시트가 안 맞는 것 같아서 정말 고민이에요 ㅠㅠ 첫째를 바꿔주고 둘째는 지금 첫째가 사용했던 걸로 사용해보고 안 맞으면 그때 바꿀까?? 하고둘찌맘님들은 어떻게 하셨는지 궁금하네용카시트 주위분들께서 준다고 하셨는데..솔직히 받기엔 좀 그렇더라구요.. 카시트는 사고나면바꿔줘야한다고 들은 적이 있어서.. 사고가 있었는지 등 모르니.. 이거 참 받기가 애매모호하더라구요 ], 부정 텍스트 확률 : 57.44%"
"[ 브라이텍스 카시트만 있는 것이 아니라 유모차], 부정 텍스트 확률 : 75.10%"
"[가구침구], 부정 텍스트 확률 : 53.29%"
"[ 출산], 부정 텍스트 확률 : 53.29%"
"[ 수유], 부정 텍스트 확률 : 53.29%"
"[ 이유], 부정 텍스트 확률 : 79.59%"
"[ 목욕], 부정 텍스트 확률 : 53.29%"
"[ 위생], 부정 텍스트 확률 : 53.29%"
"[ 의류], 부정 텍스트 확률 : 53.29%"
"[ 모빌완구], 부정 텍스트 확률 : 53.29%"
"[한번 둘러보고 하나 준비해야되겠어요최대고민은 첫찌꺼로 하냐 둘찌거로 하냐가 문제긴하지만 제가 봐선 첫째를 바꿔주고 나중에둘째를 바꿔줘야되는게 맞는 것 같아요 둘찌는 좀 미안하지만은 ㅋㅋㅋㅋㅋㅋㅋ ], 부정 텍스트 확률 : 91.52%"
"[ 세피앙몰 온라인 베이비페어는 브라이텍스], 부정 텍스트 확률 : 72.57%"
"[ 오르빗], 부정 텍스트 확률 : 53.29%"
"[미니버기], 부정 텍스트 확률 : 53.29%"
"[ 하비], 부정 텍스트 확률 : 53.29%"
"[직접 결정하여 내 돈주고 구매한 유모차대략 한달정도 사용해본 후기], 부정 텍스트 확률 : 92.38%"
"[ 이제 막 한달이 넘어가고 있는 럭키를 위해 고민끝에 구매한 유모차.색상은 유행타지 않는 올 블랙으로 결정.지금이 아마 년 전과는 다르겠지만], 부정 텍스트 확률 : 64.07%"
"[동생과 살 차이가 나는 언니로서 동생을 업어 키웠던 내공을 살려보면개월정도 이후가 되면 어느정도 사용이 가벼운 유모차를 고민하게 된다. 신생아때만 생각해서 크고 무거운 디럭스 유모차를 구입한다면 결과적으로 또 사용이 쉽고 가벼운 유모차를 검색하고 있을것이다.내 아이에게 좋은것만 해주고 싶은 것이 부모라지만], 부정 텍스트 확률 : 74.44%"
"[길게 사용하지 못할것이라면 과감히 포기하기.절충형 유모차중에부가부비도 리스트에 올렸으나], 부정 텍스트 확률 : 86.72%"
"[ 우리 아가 아직 신생아인터라 누워있는 사진만원했던 유모차 들은 등받이 각도가 다 애매했다.신생아 용 키트를 따로 사서 달아야 하는 것도 있었고], 부정 텍스트 확률 : 56.60%"
"[단계별로 등받이가 젖히게 되기에 끈으로 되어 있는 유모차들 보다는 실용적임. 또한 세피앙에서 구매를 하게 된다면 신생아 시트도 함께 보내주니 일석 이조.이미 럭키는 거실에서 방으로 유모차를 타고 잠에 들곤한다.자갈밭길 같은 곳만 다니는것이 아니라면 어느정도 큰 충격 없이 신생아에게도 괜찮은 유모차 같음. ], 부정 텍스트 확률 : 62.24%"
"[조금 불편해도 시트를 옮겨 꽂으면 시트의 위치를 바꿀 수도 있다.시트바꾸는 법도 크게 불편하지 않고], 부정 텍스트 확률 : 55.61%"
"[ 두남자 박스를 열자마자 후루룩남편이 살짝? 똥손이라 기계나 조립같은것을 조금 버거워 할때가있는데.이녀석], 부정 텍스트 확률 : 77.26%"
"[유튜브나 네이버에서 후기를 많이 봐서인것인가? 아니면 너무 쉬워 그런가.이남자 설명서도 안보고 그냥 후루룩 조립을 해버리고 접어보고 굴려보고 한다. 따로 내장되어있는 큰 바퀴를 끼어주고], 부정 텍스트 확률 : 92.19%"
"[시트를 꼽아주면 끝. ], 부정 텍스트 확률 : 82.81%"
"[안녕하세용 옹이에용출산 후 육아용품이 지금까지 생각보다 이것저것 종류도 많고 필요한것도 많더라구요.카시트 유모차 장난감 식탁의자 범보의자 등등정말.. 끝이없는 육아용품...... 안사줄수없고 안해줄수 없는 육아용품 ㅋㅋㅋㅋㅋㅋㅋ그중 제가 엄청 고민했던건 유모차유모차는 디럭스], 부정 텍스트 확률 : 83.34%"
"[절충형], 부정 텍스트 확률 : 53.29%"
"[휴대용 이렇게 크게 나눠지는데 제가 샀을때는 신생아때라디럭스를 사야할지 절충형을 사야할지 엄청 고민했어요.하지만 디럭스는 사용기간이 짧다고해서 고민고민끝에 절충형을 사기로했죠아무래도 끌어보고 구매하라는 말을 많이 들어서 인터넷에서 정보를 찾은 후 유모차파는 곳에서 구매하기로했어요.원래 구매하려던건 리안솔로유모차였어요 ㅋㅋㅋㅋㅋ가성비 좋다는 이야기를 많이 듣고 지인이 가격대비 좋다고 했었거든요. 그래서 리안솔로유모차를 사려고방문했는데유모차가 생각보다 종류가 너무 많은거에요 ㅋㅋㅋ어차피 사려던건 정해있어서 하나하나 끌어봤는데 왠걸.. 너무마음에 드는 유모차가있는거에요.가격이좀 비싸서 고민하자해서 이날은 그냥 집에가서 인터넷을 엄청 정보를 보다가 결국 고민끝에 사게된하비유모차 가격은 좀 비쌌지만 디자인], 부정 텍스트 확률 : 97.64%"
"[안전성], 부정 텍스트 확률 : 53.29%"
"[핸들링까지 너무너무 마음에 들었던 하비유모차를 결국 구매했답니다 ㅋㅋㅋㅋ ], 부정 텍스트 확률 : 56.41%"
"[ 기본구성품이에용 ], 부정 텍스트 확률 : 65.58%"
"[높이조절어댑터 시력보호커버가 사은품이였어용 ], 부정 텍스트 확률 : 75.70%"
"[컵홀더], 부정 텍스트 확률 : 53.29%"
"[유모차가방], 부정 텍스트 확률 : 53.29%"
"[아기담요], 부정 텍스트 확률 : 53.29%"
"[ 조립도 엄청 쉬웠어요. 남편이 설명서보고 조립을 후다다다다닥 이 사진은 높이조절어댑터를 장작하지 않았을때의 모습이에용 ], 부정 텍스트 확률 : 62.48%"
"[ 그리고 장바구니도 크기때문에 짐을 넣기도 편하고 유모차끌고 장보기도 편해요 ], 부정 텍스트 확률 : 82.33%"
"[ 이날도 유모차덕에 편하게 식사할수있었어요 저희가 처음으로 외식했던곳은 식탁테이블로 된 곳이였거든요 ㅋㅋ하비유모차는 디럭스 휴대용사이의 절충형유모차라고 할 수 있는데 신생아가 타도 될 만큼안전한 유모차로도 유명한 제품이에요 ], 부정 텍스트 확률 : 65.73%"
"[ 유모차타면 처음에는 눈이 똥글똥글해졌는데 어느순간 잠들어버린 덩유니아무래도 동윤이도 유모차가 편해서 잠을 잘잤던것같아요 ], 부정 텍스트 확률 : 52.80%"
"[ 최근에 음식점에도 끌고갔던 하비유모차동윤이가 이제는 커서 신생아유모차패드를 빼고 태우고 있어요 이제는 좀 컸다고 앉아있을라고해요 ㅋㅋㅋㅋㅋㅋㅋㅋ ], 부정 텍스트 확률 : 70.82%"
"[아직 출산 후기도 못 남겼지만 며칠 전 유모차를 받고 신나게 사진을 찍었기에 유모차 구입 후기부터 남겨보아요임신 후 출산준비 중에 유모차를 알아보니 종류도 다양하고 금액도 천차만별이더라구요. 유형도 디럭스휴대용절충형 이렇게 나와서 뭘 사야할지도 너무 고민이었어요. 디럭스는 비싸기만하고 별로 못 쓴다는 말도 있어 절충형으로 살까 싶기도 했는데], 부정 텍스트 확률 : 99.78%"
"[ 그렇게 구매 후 드디어 배송이 왔답니다], 부정 텍스트 확률 : 50.16%"
"[ 시트], 부정 텍스트 확률 : 53.29%"
"[ 선쉐이드], 부정 텍스트 확률 : 53.29%"
"[ 안전바], 부정 텍스트 확률 : 82.95%"
"[ 스낵 트레이], 부정 텍스트 확률 : 53.29%"
"[ 발판], 부정 텍스트 확률 : 53.29%"
"[ 장바구니], 부정 텍스트 확률 : 53.29%"
"[ 사은품으로 온 사계절커버], 부정 텍스트 확률 : 66.91%"
"[ 실버 프레임], 부정 텍스트 확률 : 53.29%"
"[ 처음엔 이걸 언제 조립하나 했는데 설명서 보고 끼우기 시작하니 금방이더라구요 ▽▽▽ ], 부정 텍스트 확률 : 61.93%"
"[ 선쉐이드를 끼워줍니다.], 부정 텍스트 확률 : 62.92%"
"[ 선쉐이드 끼워넣는 홀 바로 밑에 안전바를 끼워넣어줘요.], 부정 텍스트 확률 : 98.48%"
"[ 옆으로 돌려놓으면 원하는 방향을 보면서 이동시키거나 식당에서 같이 앉아있게할 때 좋다더라구요], 부정 텍스트 확률 : 81.98%"
"[세피앙몰에서 .까지 진행한 유상 후기 이벤트로할인받은 가격에 구매하여 작성하는 글입니다. 나 할인받았으나 약 만천원이라는 금액을 내고 구입하였기 때문에 솔직하게 작성해봅니다], 부정 텍스트 확률 : 95.67%"
"[서있고 어른 식탁의 그릇 만지고 못하게 하면 소리소리소리를 지르고 식사시간이 아주 정신이 없었습니다.그래서 점식 벨트가 필요하다 고 결정하게 되었습니다. 낮잠이 너 내가 고정시켜 줄게오래오래 쓸 수 있는 의자 높이가 조절되어 최대한 오래오래 사용할 수 있는 의자그래서 검색 키워드가 원목 하이체어], 부정 텍스트 확률 : 96.15%"
"[점식 안전벨트가 되었네요.식탁 색깔을 고려하여 에스프레소로 구입하였습니다. 딱 보면 검정색인데 아주 자세히 보면 아주 진한 갈색인가? 싶은 색입니다.. 써본 후 장점배송은 빠르게 되었고 저는 직접 의자를 조립해보았습니다. 직접 조립해보니 구입 전에는 몰랐던], 부정 텍스트 확률 : 98.34%"
"[ 조립에 들어가는 부품이 다양한데요 설명서 보면서 찬찬히 하면 어렵지 않습니다. 대신 큰 십자드라이버 하나는 따로 준비합니다.높이조절 이중고정핀 좌판 높이], 부정 텍스트 확률 : 79.50%"
"[베블룸의 안전벨트는 좀 특이합니다. 등받이에 아기 몸을 딱 붙이는 형태가 아니어서 아기가 벨트를 차고도 몸을 어느정도 자유롭게 움직일 수 있습니다. 빨리 낮잠이를 의자에 고정시키고자 의자를 구입은 했지만 이놈이 구속을 워낙 싫어하는지라 배송되기 전까지 걱정이 되었는데 웬걸], 부정 텍스트 확률 : 94.08%"
"[ 의 하중까지 버틴다 제품 설명에 나온 것처럼 성인까지는 아니더라도 초중딩까지는 사용하지 않을까요. 좌판이 큰 애들 궁뎅이를 받치기엔 작아보이는데 발판에 앉으면 되는건..가? 아무튼 뽕뽑을 생각에 설렙니다], 부정 텍스트 확률 : 58.36%"
"[ 플라스틱 식판 개월에 접어든 낮잠이는 요즘 한창 이유식 거부인듯 아기주도 이유식인듯 한 것을 실행중이라 식사가 끝나면 식판이 아주 난장판입니다. 하지만 플라스틱 식판이 한개 더 있으니 쉽게 분리해서 물로 씻어주면 편리합니다. 분리하고 끼우는 게 어려울까봐 걱정했는데 버튼 한개로 고정하고 딱 얹기만 해도 잘 들어맞아 편합니다.하지만 현실은 식판은 일부일 뿐. 좌판], 부정 텍스트 확률 : 75.79%"
"[옆 프레임], 부정 텍스트 확률 : 53.29%"
"[가랑이 벨트], 부정 텍스트 확률 : 53.29%"
"[울 내복이 일이 됬어요 두달간의 시간동안 젖물리고 재우고 잠시 놀아주고 반복의 삶을 살다가 유모차 구입을 위해 집콕 잠시 탈출유모차 사야되나?물려받아야 되나?산다하면 디럭스냐? 절출형이냐?무진장 고민했고 신랑의 폭풍검색으로 위시리스트에 담아두었던디럭스 유모차 이지워커 하비], 부정 텍스트 확률 : 99.96%"
"[ 그 이야기를 듣고 보니 또 그런것 같기도 했어요.그렇지만 막 싸보이는 원단느낌은 아니고], 부정 텍스트 확률 : 81.93%"
"[약간의 광택느낌이 난다고나 할까? 그래서 그런느낌으로 우산원단아냐? 라는 말이 나오는 것 같아요. ], 부정 텍스트 확률 : 92.73%"
"[ 한 칸 정도만 더 내려온다면 하는 아쉬움이 남아있네요. ], 부정 텍스트 확률 : 70.71%"
"[ 장바구니도 큼지막하니 이것저것 많이 담을 수 있겠어요 ], 부정 텍스트 확률 : 90.87%"
"[사진에 보이지 않는 반대편은 쿨시트에요. 여름철엔 돌려서 사용하면 되겠더라구요. ], 부정 텍스트 확률 : 53.81%"
"[아기 발 내려오는 부분이구요.손쉽게 내렸다 올렸다 할 수 있어용.유모차 하면], 부정 텍스트 확률 : 50.88%"
"[ 이지워커 하비 디럭스 유모차는 양대면 시트 전환이 가능한데요.유모차를 접을땐 앞보기를 한 상태로 접어야 부피가 작아요.그냥 한 몇초만에 접었다 폈다 가능 ], 부정 텍스트 확률 : 94.16%"
"[세피앙몰 ], 부정 텍스트 확률 : 58.74%"
"[ 원 포인트쿠폰도 주셔서 그걸로 구입하면 된다했어요.세피앙몰 회원가입시 최대 ], 부정 텍스트 확률 : 56.36%"
"[ 점 지급됬구요.총 ], 부정 텍스트 확률 : 54.00%"
"[ 점 포인트로 세피앙몰에서 어느제품이든 구입가능해요.참고로 컵홀더는 ], 부정 텍스트 확률 : 95.48%"
"[ 원이에요.그리고 좋은 소식 하나 더온라인이든 오프라인이든 이지워커 하비 구입시에 개인 와 맘카페에 후기 작성시에는 이지워커 미니버기 휴대용 유모차도 증정해준대요디럭스 유모차 구입하면서 한번에 휴대용 유모차도 구입할 수 있는 절호의 기회이지 않아요?이. 상.제 피 땀 눈물로 번 돈으로 직접 구입하고 직접 사용해보고 쓰는 후기입니다 ], 부정 텍스트 확률 : 94.04%"
"[안올것같았던 일이라는 시기가 코앞으로 다가왔고], 부정 텍스트 확률 : 68.00%"
"[ 이번주는 양가 식구들 다 모여 백일잔치도한다.한참 힘들었던 신생아시기에는 다들 일이되면 다 좋아진다는데... 그 일은 언제오나 언제오나 했었다.근데 한 일즈음..?? 어느 순간이 확지나니 시간이 후루룩 가버린다 ], 부정 텍스트 확률 : 77.28%"
"[하루가다르게 클까.. 아깝다 그 모습 하나도 놓치지않고 보고싶다...힘들겠지만... ], 부정 텍스트 확률 : 73.75%"
"[이제 월도 다가오고], 부정 텍스트 확률 : 87.83%"
"[ 이거슨 바로바로 하비 유모차 사계절커버ㅋㅋㅋㅋ캬캬사실 이런거 도몰라서 커버도없이 애 우주복만 입혀서 나갈뻔ㅋㅋㅋ ], 부정 텍스트 확률 : 89.43%"
"[ 이런상태로ㅋㅋㅋㅋㅋ요즘 좀 몸좀 움직이신다고 기어내려오심ㅋㅋㅋ ], 부정 텍스트 확률 : 72.14%"
"[ 덮개를 내려서 햇빛을 가려줄 수도있고 ], 부정 텍스트 확률 : 61.17%"
"[ 다 열어서 바깥공기도 쐬게해주고ㅋㅋㅋ ], 부정 텍스트 확률 : 72.35%"
"[ ㅋㅋㅋ블루래빗 너도 나가고싶니?? 소이의 애착인형 버니는 어디에...ㅋㅋㅋ ], 부정 텍스트 확률 : 75.57%"
"[ 임신하고 출산전에 유모차살때디럭스에 욕심은나서 스랑 부봤었는데.. 가격이 만만찮았다.살라면야 사겠지만 진짜 이돈주고 살필요가 있는것인가그리고 뭣보다 스는 무거워서 안정감이있으나 진짜 무거움ㅜㅜ예전엔 이게젤비싼 윰차인줄알았는데 요즘보니 부보다 싸다 무거운만큼 여자혼자 접고펴서 갖고 다닐순없고], 부정 텍스트 확률 : 65.82%"
"[그만큼 가격도 높고 세일도안함이거쓰는 대리님보니 폴딩해서 차에넣고하는게 되게 간편해보이던뎅장바구니가작고], 부정 텍스트 확률 : 84.64%"
"[색도 다양하면 그거 사고싶어서스물스물 하나하나 사느라 돈 짱나갔을듯ㅋㅋㅋ욕심..정신승리 짱잘함ㅋㅋ ], 부정 텍스트 확률 : 98.69%"
"[ 하비는 우선 가격이 착하고디럭스치고 무게가 많이나가지 않는다그리고 원터치폴딩이 가능해서 나도 한번에 접어 트렁크에 실을수있고. 그래도 연약한 여자가 힘들긴 힘듬.. ㅜㅜㅋㅋ남편이 필요해ㅜㅜ높이를 높일수있는 어댑터가 있어서 아기랑 눈맞춤이 쉽고], 부정 텍스트 확률 : 64.03%"
"[허리가 안 아프다는거뭣보다 등받이 각도가 조절이 자유자재ㅋㅋ 눕힐수도있고], 부정 텍스트 확률 : 77.91%"
"[앉힐수도있다지난주 부쓰는 언니가 집에왔었는데 첨보는거람서 이거뭐야? 장바구니 짱크다ㅋㅋ나는 아직 장바구니 쓸일이 없어서 그닥 생각 못했는데 앞으로 동네에 이유식재료 사러나가고 그럼 좋으려나 ], 부정 텍스트 확률 : 70.18%"
"[ 지금은 안전바가 들어가있는 장바구니ㅋㅋ여튼 사계절커버 씌우고공기만좋으면단지내라도 돌아봐야겠다지난번에 어떤분이 구매는 어디서하는게 좋냐고 물어보셨었는데나는 오프라인 토이앤맘 울산에서 구매했고그 외에는 세피앙몰그리고 사은품도 받고], 부정 텍스트 확률 : 80.74%"
"[최대 퍼까지 싸게살수있는 롯데아이몰 전용 페이지도 있고...?다음주 목일 제 회 코엑스 베페 베이비페어 참여한다고 한다.코엑스..나도 가고싶다..가고싶을때마다 갈 수있던 곳이었는데ㅜㅜ흑나는 울산베페에 가는걸로ㅜㅠ여튼 세피앙몰에서 온라인베페한다고 코엑스베페가격과 같게그래서 난 카시트는 세피앙몰에서 걍 주문해보려한다.브라이텍스 듀얼픽스는 조만간 주문해서...후기를 써보는걸로후훗ㅋㅋㅋ소이야 언능 우리 나가보자 ], 부정 텍스트 확률 : 94.29%"
"[.?하비유모차하비유모차.?하비이지워커하비이지워커.?사계절커버사계절커버.?세피앙몰세피앙몰.?유모차추천유모차추천], 부정 텍스트 확률 : 64.63%"
"[가격문의 하지 말아주세요페어마다], 부정 텍스트 확률 : 89.17%"
"[샵마다 달라요디럭스형 유모차 중아기들의 호불호가 너무 많이 갈리지 않고즉 대부분의 아기들이 잘 타고아기 입장에서 편안하고 엄마 입장에서 허리나 손목에 무리가 가지 않도록 높이가 높고 핸들링이 부드러운자차 이동 시 버거울만큼 크거나 무겁지 않기 만원 이하 버짓 내 그리고 물론 예뻐야됨 안 예쁜 건 끌기 싫어를 충족하는 걸 찾기 위해수많은 유모차 후기를 눈아프도록 읽었어요 ㅋㅋ종류가 너무 많아서읽고 후보군을 추리는데에만 시간이 꽤 걸렸어요그러다가 만원을 호가하는 스토], 부정 텍스트 확률 : 80.65%"
"[이건 직접 끌어봐야 아실 듯그래서 계약 ], 부정 텍스트 확률 : 87.38%"
"[ 네덜란드 브랜드인데], 부정 텍스트 확률 : 54.85%"
"[ 부가부와 스토케를 젖히고 소비자만족도 위 역시나 핸들링에서 높은 점수 ... ], 부정 텍스트 확률 : 76.55%"
"[ 엄청 큰 박스가 집으로 도착했고], 부정 텍스트 확률 : 55.66%"
"[남펴니가 조립합내가 조립해보고 싶다고 졸랐으나 받아들여지지 않았어요나도 해보고 싶은데 왜여만삭 임산부 ], 부정 텍스트 확률 : 92.17%"
"[ 쪼기 붙은 스티커에 기재된 시리얼넘버로 정품등록을 하면 되고], 부정 텍스트 확률 : 76.86%"
"[정품 등록은 세피앙몰네이버검색에서 가능등록 시 무상수리 개월 연장하비 악세사리추가세일 혜택득달같이 했답니다 ??? ], 부정 텍스트 확률 : 82.61%"
"[문제는 바퀴가 세 개면 안정성이 떨어진다고. 그래서 요즘 나오는 유모차들은 단 바퀴의 구조는 따라가되 앞쪽에 바퀴 두 개를 모아놓은 형태의 바퀴 네개를 사용한다고 합니당. ], 부정 텍스트 확률 : 75.66%"
"[ 여기 옆 쪽 어댑터로 유모차 높이를가량 높일 수 있고 ], 부정 텍스트 확률 : 56.78%"
"[ 이게 그 소리], 부정 텍스트 확률 : 66.90%"
"[ 엄마쪽으로 돌려놓을 수도 있지만 요건 자동은 아니고요.딸깍딸깍 손쉽게 시트만 뗄 수 있어요.시트를 도 눕혀서 요람모드로 사용도 가능하구요. ], 부정 텍스트 확률 : 98.58%"
"[ 코끼리모양 신생아시트는 양면 활용이 가능해서이렇게 뒷쪽은 메쉬], 부정 텍스트 확률 : 63.98%"
"[ 기욤기욤아 맞다시트 빼지 않고 원터치 폴딩도 가능합니당 오늘은 기능이랑 디자인 리뷰였으니둥이가 세상에 나오면 태워보고서], 부정 텍스트 확률 : 81.35%"
"[☆구매후 신나서 쓰는 후기☆아직 배송 전 ㅋㅋㅋ산모교실가서 유모차에 대해 배운 후잉글레시나 리안 요렇게 두가지 브랜드에 대해 알게되었고 둘중에 하나 사려고 했다가격이 크게 사악하지 않아서그러다 임신 후기쯤 부터우리 빠니 태울 유모차에 대해 좀더 알아보기 시작했다조산기로 휴직하니 시간이 남아돌았다써치써치 하기 시작하니 길가는 유모차에 죄다 눈이갔다마치 내가 차를 사려고 알아보고 나니 어렴풋이 차만 봐도 차이름을 알수있듯이유모차 브랜드가 스캔되어졌다뭐든지 하나에 꽂히면 끝장?을 보는 피곤한 성격그러다 알게된 하비이지워커핸들링이 좋단다디럭스치고 가볍단다광고성후기가 더 많겠지만비추나 별로였다는 글 찾기가 쉽지 않았다나는 항상 뭐 사기전에 단점부터 확인하고 산닼ㅋㅋ월초에 엄마랑 총이랑 안면도 다녀오는길에맘스맘 신산본점을 가보았다총이가 롤리팝도 끌어보고 왠만한건 죄다 끌어보았는데각 브랜별 유모차 전시가 다 블랙으로 되어있어서끌면서도 뭐가 뭔지 몰랐을거다그냥 내가 이거살까하는데 했더니 사 괜찮네라고만 ㅋㅋㅋ오프라인의 가격은 만원베페에서 만원이라 들었기에 나는 주저없이 엄마와 총이를 데리고 나왔다그러다가 친구들과 모임이 있었는데디럭스는 얼마 안쓴다고 돌되면 걷고싶어해서디럭스는 중고쓰고 휴대용을 좋은걸로 뽑는것도 괜찮다해서중고 사야겠다 생각했는데총이가 반대했다 ㅡ..ㅡ차라리 쓰고 중고로 팔라고이제 곧 신형나와서 똥값될텐데... ], 부정 텍스트 확률 : 99.87%"
"[ 이미지출처 인스타그램세피앙전화했더니 신형 언제 나올지 모르고구형이랑 별 차이없다고 흥 나는 안믿어내가 이건마치 플스 신형이 나왔는데 구형을 사는거라 얘기도 해보고곧 겨울이 되니까 얼마 끌지도 못한다 얘기했건만확고하다 새거애기가 있으니요즘 유일한 내 친구는 드폰이매일 득달같이 중고나라와새제품으로 올라오는건 프레쉬올리브 색상뿐 산모교실에서 그색만 푸나보다매일매일 세피앙공홈에 들어가봤다리퍼특가도 보고], 부정 텍스트 확률 : 67.20%"
"[ 원 후기쓰는 조건할인도 보고 새제품이 ], 부정 텍스트 확률 : 52.29%"
"[ 원 사실 이때 솔깃했는데사은품이 맘에 안들어서 패쑤했다적립금에 생일쿠폰에 금토일쿠폰까지 먹이면 착한가격인데ㅠㅡㅠ어저께까지 울적하다가일요일이 동생 결혼식이라서 빨리사라는 주변의 압박을 받음유모차 매장 한 예닐곱개에 전화를 걸어가격 및 사은품 물어보고하비이지워커 월특가하비이지워커 한가위특가하비이지워커 추석특가등 열심히 검색하다 특가를 건졌다역시 나는야 의지의 한국인하이베베 논현점에서 특가가 나와서 아주 합리적인 가격에 겟했다호호호빨리 도착했으면 좋겠다내가봐도 참 피곤한 성격이다ㅋㅋ빠니야유모차 잘 타줄거지?엄마랑 여기저기 다니자사랑해 내딸랑구 ], 부정 텍스트 확률 : 99.59%"
"[ 코엑스 베페 베이비페어에서 구매한하비 이지워커 럭셔리 블랙 도착임신 개월 차 유모차 구매도 빨랐는데배송도 굉장히 빨랐네요 ㅋㅋㅋ 사실 더 고민해보고 출산 임박해서 살까 했는데어차피 제가 출산할 때까지 신제품은 나오지 않을 테고더욱이 한여름이면 만삭인데 여기저기 다니며유모차 볼 여유가 없을 것 같았어요ㅠㅠ게다가 가격비교 다 해놓고 갔더니 선택도 수월 ], 부정 텍스트 확률 : 65.72%"
"[ 일단 유모차 바퀴부터 끼우면 조립 시작정확하게 하고 있는지 설명서 확인하며조립은 금방 끝났어요 ], 부정 텍스트 확률 : 93.05%"
"[ 베페에서 구매했을 때 사은품은 총 종하이 어댑터], 부정 텍스트 확률 : 60.20%"
"[사계절 커버], 부정 텍스트 확률 : 53.29%"
"[부가부 등을 제치고유럽 소비자 만족도 위 를 차지한 유모차라고 해요.], 부정 텍스트 확률 : 91.62%"
"[ 저는 둘째 생각은 없지만 ㅋㅋㅋ둘째까지 있는 분들은 시트 하나를 더 구매하셔서트윈 모드로도 활용하시기 좋을 것 같아요. ], 부정 텍스트 확률 : 79.60%"
"[ 아이의 안전을 고려한 점식 안전벨트는 기본 ], 부정 텍스트 확률 : 66.99%"
"[ 부드러운 그립감은 물론 고급스러움까지하비 이지워커의 가죽 손잡이손잡이는 단계까지 높이 조절이가능해서 엄마나 아빠 키에 맞게조절할 수 있어 굉장히 편해요. ], 부정 텍스트 확률 : 73.79%"
"[ 사은품으로 제공받은 사계절 커버는사용하지 않을 때 전용 백에 넣어 깔끔하게 보관 가능장바구니에 넣고 필요할 때 꺼내쓰려구요 ], 부정 텍스트 확률 : 63.79%"
"[ 하비 이지워커 사계절 커버는 차양막을 올렸을 때딱 맞게 사용할 수 있어요. ], 부정 텍스트 확률 : 91.61%"
"[ 어댑터와 안전가드 부분어댑터로도 쉽게 양대면이 가능해요. ], 부정 텍스트 확률 : 70.42%"
"[ 브레이크도 원터치로 쉽게 조작 가능 ], 부정 텍스트 확률 : 60.74%"
"[ 사전에 알아보고 직접 끌어보고], 부정 텍스트 확률 : 55.60%"
"[ 저는 출산 때까지 사용하지 않을 예정이라시트를 따로 분리해뒀는데 시트 분리 없이 바로 폴딩할 수 있는 것도 장점이에요.쉽고 간단하게 폴딩할 수 있는 점도 포인트디럭스 유모차는 무게가 다소 무거운 점이아쉬운데 하비 이지워커는 .직접 폴딩하고 들었을 때 베페에서 직접 체험해봤던여타의 디럭스 유모차보다 훨씬 쉽고 가벼웠어요..?하비이지워커하비이지워커.?하비이지워커유모차하비이지워커유모차.?하비유모차하비유모차 .?하비디럭스유모차하비디럭스유모차.?이지워커이지워커.?하비사계절커버하비사계절커버 .?하비이지워커커버하비이지워커커버.?하비이지워커방풍커버하비이지워커방풍커버 .?하비이지워커럭셔리블랙하비이지워커럭셔리블랙.?하비이지워커폴딩하비이지워커폴딩.?디럭스유모차디럭스유모차.?디럭스유모차추천디럭스유모차추천], 부정 텍스트 확률 : 99.52%"
"[제가 가지고 있던 제품과는 많이 다르더라구요 ], 부정 텍스트 확률 : 74.12%"
"[ 따로 들어있던 구성품인데요], 부정 텍스트 확률 : 53.91%"
"[ 안전벨트도 안전하고 하기쉽게 되어있어요 팔과 다리쪽을 동시에 잡아주니까 안전벨트만 한다면 낙상사고는 전혀 걱정 안하셔도 될것 같아요 벨트할때 살에 맞닿을만한 부분은 다 쿠션처리가 되어 있어서 부드럽고 또 폭신해서 좋아요], 부정 텍스트 확률 : 98.78%"
"[ 아까 따로 떨어져있던 바퀴를 설치한 모습인데요 자세히 보면 스프링처럼 생긴게 있는게 보이실거에요이게바로휠 독립 서스펜션이라는거ㅁ 제가 또 이렇게 된 유모차를 처음봐서 진짜 입이 딱 벌어질 수 밖에 없었는데요 이부분이 있어서 바로 출산 후 손목통증을 호소하는 산모들에게도 참 좋은 소식인것 같더라구요 주행중에 발생하는 충격을 흡수하는 서스펜션이 휠 모두에 탑재되어 있어서 지면으로부터 발생하는 미세한 흔들림도 잡아줄 뿐더러 손목 피로감까지 최소화 시켜 준답니다 ], 부정 텍스트 확률 : 99.22%"
"[절충형], 부정 텍스트 확률 : 53.29%"
"[ 휴대용 등등 ], 부정 텍스트 확률 : 89.07%"
"[다양하게 경험해본 저로써는 신선한 자 프레임이 궁금하기도 했어요 직접 끌어보니 아 ... 이거구나 싶었던 느낌을 받았어요 정말 ㅋㅋㅋ 대박핸들링 찰리는 미는 힘이 균등하게 분산되는 자 프레임으로 부드럽게 밀리는 주행감과 안전성 모두를 느껴볼 수 있답니당 그래서 유모차 주행하는 동안 엄마의 손목과 허리 어깨 등등의 피로감을 덜어줄 수 있으니까 헨들링이 정말 중요하겠죠? ], 부정 텍스트 확률 : 72.92%"
"[ 캐노피도 높이조절 되는건 또 처음봐요 ㅋㅋㅋ 이지워커 찰리 유모차 기능의 끝은 어디니???? 시트높이에 이어서캐노피 높이조절 까지 가능해요 슬라이딩 캐노피가 조절이 되니까 세부터 세까지 최적의 환경을 만들어 줄 수 있다는거신생아에게는 최적의 수면환경을 줄 수 있고 앉은키가 자란 아이에게는 캐노피를 올려서 넓은 공간과 시야를 제공해 준답니당], 부정 텍스트 확률 : 94.21%"
"[ 차에 실어가지고 가야 하기때문에 바로 폴딩 해봤는데 대박 ... 폴딩도 완전 초간편해요 ㅋㅋ찰리는 양대면 상태에서 모두 시트 분리없이 한번의 터치로컴팩트하게 폴딩 이 되서 정말 편리한데요스탠딩 까지 되서 외출할때도], 부정 텍스트 확률 : 78.80%"
"[가구침구], 부정 텍스트 확률 : 53.29%"
"[출산용품 수유용품 이유식용품], 부정 텍스트 확률 : 53.29%"
"[목욕위생], 부정 텍스트 확률 : 53.29%"
"[모빌완구류 할것 없이 육아에 필요한 모든것이 다 세피앙몰에 있으니 꼭 방문해 보세요 ♪ ...세피앙몰 바로가기], 부정 텍스트 확률 : 74.15%"
"[베트남], 부정 텍스트 확률 : 53.29%"
"[ .... 다리가 아프니 안아달라... 잠이 온다.. ㅠㅠ 이러면서 하루종일 업고 다녔던 경험이 있어그 뒤 여행에는 꼭 유모차는 챙겨다니고 있답니다.그런데.. 그런데.. 월 베트남 나트랑 여행간다고사용하고 있던절충형유모차를 수화물로 부쳤더니... 분실한거 있죠 ㅠㅠ픽업을 안한 개인 실수이긴 하지만..아이 둘 데리고 여행다니면 정신이 너무 없더라구요..친구가 기내반입 유모차 하나 더 구매해서 가지고 가라고 할때 말 들을껄 그랬어요..그래서 이것저것 알아보다가이지워커 찰리 기내반입이 가능한 절충형 유모차 를 만나보게 되었답니다. ], 부정 텍스트 확률 : 90.87%"
"[ 박스에서 꺼낸 이지워커 찰리.이번 월 국내 런칭한 신제품이지용 이지워커 유모차 라인업에는 하비], 부정 텍스트 확률 : 53.08%"
"[미니버기 유모차가 있는데], 부정 텍스트 확률 : 51.20%"
"[ 박스에서 오픈하면 반조립상태로 배송되어요.부품과 유모차 본체가 배송 중 손상되지 않도록 꼼꼼하게 포장되어있어요.새제품에 기스라도 있음 기분이 좋진 않잖용 ㅎㅎㅎ ], 부정 텍스트 확률 : 58.52%"
"[ 조립은 단순히 앞 바퀴만 연결시켜주면 된답니다.박스에서 기내반입 유모차 찰리 꺼내서 바로 사용할 수 있는 정도에요 ㅎㅎㅎ언박싱이라고 조립하는거 찍어봐야지 했는데], 부정 텍스트 확률 : 93.68%"
"[ 이지워커 찰리는 가지 색상이 있는데], 부정 텍스트 확률 : 53.08%"
"[저는 글레이셔 블루 색상유모차는 무조건 검은색이나 그레이 색상만 고집했는데], 부정 텍스트 확률 : 79.99%"
"[ 글레이셔 블루 색상 유모차를 직접 만나보니 너 무 예쁜거 있죠.색상있는 절충형 유모차라 촌스럽지 않을까? 너무 아들 유모차로 보이지 않을까 했는데], 부정 텍스트 확률 : 61.87%"
"[ 기내반입유모차 이지워커 찰리 조립 후 아이와 바로 외출했어요.처음 찰리를 외출해서 사용해봤는데], 부정 텍스트 확률 : 70.53%"
"[ 그리고 절충형 유모차 찰리는 아이가 앉아 있는 시트가 도까지 눕혀지는 자형 유모차에요. 여행 중 아이가 유모차에서 잠드는 경우가 많은데], 부정 텍스트 확률 : 59.21%"
"[ 여행을 다닐때면 남편이 유모차를 전담하는데], 부정 텍스트 확률 : 65.61%"
"[ 아빠가 유모차를 사용하는데도 불편함이 없도록 손잡이의 높이 조절이 가능해요.그래서 키가작은 엄마도 키가 큰 아빠도 각자가 편안 높이로유모차 사용이 가능하답니다. ], 부정 텍스트 확률 : 83.79%"
"[.디럭스], 부정 텍스트 확률 : 62.92%"
"[ 논현동에 있는.?하이베베하이베베 는.?세피앙본사세피앙본사 건물에 딸려 있었고.?오르빗오르빗 색상별대로 여러대를 진열 해놔서 한눈에 색상 비교할수 있어 좋았고 항시 이용하던곳이 없어져서.?펭귄빨대컵펭귄빨대컵 이나.?스와비넥스공갈젖꼭지스와비넥스공갈젖꼭지 기타 식판 도 구경하였고 간김에 아이 식탁의자 똑같은거 세일하길래 한대 더 구매그리고는 유모차 설명 기타 기존나왔던 시리즈들과의 차이점 여러 좋은이야기 망설여졌던 부분까지 시원하게 풀어주었답니다 가격면에서도 솔직히 현금가로 주면 세일해줄게요 다른곳에는 안주는데 저도 줄게요 이런 속임수나 혹해서 사봐야 결국에 살때만 다들 알랑방구끼고 막상 받을려고 하거나 몰라서 전화하면 태도도 바뀌고 불쾌했는데 확실히 본사건물에 있는 직영이라 그런지 그런면에서는 없었다 첫째때 쓰던 카시트 앞보기 하면서 어깨끈이 쫍은듯하여 물어보고 설치 다시 물어봤더니 카시트정검 그추운날에도 선득 나와서 봐주시고 너무넘 감사했다그후 유모차 나사불량으로.?컵홀더컵홀더 가 빠져있음에도 친절히 빠른처리해주시고 확실히 돈에 가치는 사람이 만드는것 같다.?카시트유모차풀옵션으로카시트유모차풀옵션으로 구매하면서 가격도 저렴하게 산 듯하여 기뻣고 뭐 하나라도 주시려고 챙겨주시는 마음에.?만족도만족도 ★★★★★ ], 부정 텍스트 확률 : 99.05%"
"[ 카시트는 솔직히.?카시트카시트 를.?바구니카시트바구니카시트 망설였어요 과연 쓰면 얼마나 쓸까 주위에서 바구니 카시트 쓰는걸 보니 부럽기도 했고 자는모습들을 보니 빈공간없이 누워있어서 덜깨는거 같기도 하고 ....그러다 직원분께서 자는 아이 깨워서 옮길필요 없다는 소리에 아 파박 생각이 들더군요 깽이 데리고 다니면서 자는 아이 들처업거나 유모차 펴서 다시 눕히고 짐챙기고 ㅠㅠ 깨워야해서 안쓰러웠는데 차라리 낫겠다 싶었어요], 부정 텍스트 확률 : 99.25%"
"[. .?오르빗유모차오르빗유모차 커버 뭘하지??? .처음 아기를 키우는 초보맘이라], 부정 텍스트 확률 : 76.53%"
"[유모차커버를 고르는 것도 쉽지 않았다.이게 모라고.. 몇일을 고민.. ], 부정 텍스트 확률 : 63.43%"
"[ .그래서 상품리뷰], 부정 텍스트 확률 : 73.25%"
"[ .. 시력보호커버일명 시보커금액 ☆☆☆활용도 ☆☆☆☆디자인 ☆☆☆ 장점 투명하기 때문에 오르빗의 다양하고 예쁜 선쉐이드를 뽐낼 수 있다레인커버로 대체가능 단점튜브 냄새가 나고 비닐느낌이 예쁘지 않다겨울에 쓰기에 추워보인다], 부정 텍스트 확률 : 92.72%"
"[ 블랙을 좋아해서.. 커버도 블랙으로..마니또 방한커버를 갖고 있는데 오르빗 전용이 아니라 딱 맞는 느낌이 들지 않았다사계절커버와 와우베이비 방풍커버 둘을 고민하다 와우베이비꺼로 결정 옆에 창도 자크로 열고 닫고 할 수 있어서 좋당], 부정 텍스트 확률 : 93.47%"
"[시보커에 비해 비싼 가격오르빗 전용 커버는 아님 마니또 방한커버는 다이아몬드], 부정 텍스트 확률 : 75.08%"
"[헤링본], 부정 텍스트 확률 : 53.29%"
"[ . 윈터키트보온커버핸드머프고품격 오르빗의 완성 윈터키트금액 ☆☆활용도 ☆☆☆디자인 ☆☆☆☆☆장점 이쁘고 고급스럽고 디자인 짱짱겨울이 두렵지 않은 보온력털 탈부착 가능약간의 방수기능 가능단점 너무비싼 가격털날림이 있음사계절을 버틸 수 없음햇빛을 가릴 천이 없음 ], 부정 텍스트 확률 : 80.32%"
"[ . 모기장 금액 ☆☆☆☆활용도 ☆디자인 ☆☆☆ ], 부정 텍스트 확률 : 69.09%"
"[ 세피앙몰에서 판매하는 모기장은 창이 없는 형태이며], 부정 텍스트 확률 : 61.45%"
"[ 와우베이비 모기장은 창이 있어 아기를 윰차에 태우고 꺼내기 편할 거 같다], 부정 텍스트 확률 : 65.71%"
"[ 승차감], 부정 텍스트 확률 : 53.29%"
"[ 편의성], 부정 텍스트 확률 : 74.36%"
"[ 세피앙몰], 부정 텍스트 확률 : 58.74%"
"[ 그럼 하비 유모차를 선택한 이유는?구매할 때 제일 중요하게 생각했던 핸들링 그리고 장바구니 였다.어차피 디럭스라서 어느정도 무게감이 있을거라 생각했었고그래서 신랑이랑 같이 다닐 때 만 사용해야지 했었는데....반전반전반전하비 유모차는 대의 무게로 여자 혼자서도 사용 가능했다.원터치 폴딩으로 혼자서도 사용할 수 있어아기랑 마트도 가고 문센도 가고 편리하게 사용했어요. ], 부정 텍스트 확률 : 87.35%"
"[ 오른쪽바퀴 옆에는 브레이크가 있다.원터치 브레이크로 간편하게 조작가능하다.뻑뻑함? 그런거 없이 부드럽게올렸다 내렸다 할 수 있다. ], 부정 텍스트 확률 : 51.43%"
"[ 신생아들이 사용하는 디럭스유모차 양대면이 안되면 섭하지.하비유모차도 역시나 시트를 분리해서 앞], 부정 텍스트 확률 : 81.52%"
"[ 뒤 전환이 가능하다.처음에는 조금 불편하긴 했는데계속 사용하다보면 아무것도 아닌게 된다.쉽게 전환이 되니 그냥 뚝딱 ], 부정 텍스트 확률 : 77.64%"
"[ 하비의 손잡이는핸드메이드 가죽처리로 고급스러우며 스크래치에 강하고편한 그립감과 부드러운 핸들링을 만들어 준다. ], 부정 텍스트 확률 : 67.06%"
"[ 도까지 눕힐 수 있는 시트라서신생아들이 편하게 유모차에서 잠을 잘 수 있다.때로는 외출 시 유모차에서 이유식을 먹이고시트각도에 따라서 활용도가 높았다. ], 부정 텍스트 확률 : 69.91%"
"[ 발받침대는 양쪽 버튼을 누르면단계 조절이 가능하다. 시트각도와 아이의 자세에맞게 조절하여 편안하게 사용하면 된다. ], 부정 텍스트 확률 : 83.00%"
"[ 하비 전용 양면 사용가능한 신생아시트는 계절에 맞게 사용할 수 있다.여름이 다가오는 현재는 메쉬소재로시원하게 사용하고 있다.], 부정 텍스트 확률 : 78.58%"
"[ 손잡이를 잡고 버튼을 아래로 누르면 폴딩이 가능하다.디럭스 유모차는 폴딩이 안되는게 많은데 하비유모차는 원터치폴딩으로 여자 혼자서도 쉽게 할 수 있다.아무래도 디럭스라서 휴대용이나 절충형에 비해 부피가 있긴 하다. ], 부정 텍스트 확률 : 85.75%"
"[ 첫째], 부정 텍스트 확률 : 53.29%"
"[ 둘째가 안전하게 사용하는디럭스유모차 이지워커 하비고가의 유모차에 비해가격은 저렴기능은 완벽가성비갑인 명품 유모차디자인까지 마음에 쏘옥높은 시트로 아기와 엄마는더 가까워져 편안함과 안정감을 느끼니교감유모차라 불릴 만 하다. 내돈주고사서사용후솔직하게쓰는후기 ], 부정 텍스트 확률 : 76.79%"
"[ 세피앙몰에서 대박 할인 행사 진행하네요상품마다 할인율은 조금씩 다른데하는 상품도 있더라구요.. 거기에 추가로할인쿠폰], 부정 텍스트 확률 : 73.74%"
"[ 세피앙몰 미니버기 후기 ], 부정 텍스트 확률 : 58.74%"
"[ 저번 포스팅때 리안캐리유모차 구매후기를썼었는데요 ... 마침 그날 맘스맘에 미니버기를 끌고 새 휴대용 유모차를 사가지고 나오는데 갑자기 유모차가 뭔가 이상한거에요모지모지 봤는데 이런], 부정 텍스트 확률 : 95.58%"
"[유모차 하단과 바퀴를 연결해주는 나사가 홀랑 빠져버려서 덜컹거리고 있더라구요하필 새 유모차 산날 이런문제가 ㅋㅋㅋ 를 위해 바로 세피앙몰에 전화를 했는데 전화진짜 연결안되요 ㅠㅠ 통화량이 많다면서 끊어버리니까 기분도 나쁘더라구요그래서 홈페이지에 문의를 남겼는데 답변도 몇일이 지나도 안달려서 날잡고 전화를 계속 걸었죠 확실히 오전보다는 오후쯤 전화하니까 연결이 빨리되더라구요저는 나사만 택배로 받을 생각이었는데 상담사가 그럼 또 빠질 염려가 있으니 택배로 보내서 전체적으로 점검을 받는것이 좋겠다고 하더라구요.일단 알겠다고 하고 유모차를 택배로 보내자니 처음에 샀을때 왔었던 박스는 버렸고 들어갈만한 박스도 없더라구요 ㅠㅠㅠ], 부정 텍스트 확률 : 97.41%"
"[ 결국 ㅋㅋㅋ 아파트 재활용버리는곳에 내려가서 긴 박스를 구해서 이어 붙였어요 ㅋㅋ캐노피랑 필요없는건 다 떼버리고 유모차 본체만 넣어서 박스 이것저것 충전재로 넣고 겨우 포장 완료택배는 세피앙몰에서 예약해주었고 다음날 바로 수거해가셨어요. ], 부정 텍스트 확률 : 99.44%"
"[ 주정도는 걸린다고 했는데 주 안걸린거 같아요중간에 한번 수리기사님이 전화주셔서 잘받았다고문제있는 부분 수리 잘 했고 전체적으로 점검도 하고 아기 키로수에 맞게 다시 조절해서 보내주겠다고 친절하게 말씀도 해주시더라구요그리고 년 보증기간은 지났지만 무료로 해주시겠다며 ㅎㅎ그리고 저 박스는 이제 버리면 안되겠어요 ㅋㅋ ], 부정 텍스트 확률 : 55.19%"
"[이래저래 박스구한다고 시간끌다가 거의 한달만에 타보는 미니버기에요그동안 리안캐리 끌고 다녔는데 확실히 휴대용과 핸들링은 비교할 수 없네요], 부정 텍스트 확률 : 53.15%"
"[ 오랜만에 요 유모차 탄다고 신난거 같아요 확실히 휴대용보단 편안해보여요 세피앙몰 전화연결이 잘 안되는거 빼고는 택배비며 수리비 안들고 깔끔한전체적으로 만족이에요], 부정 텍스트 확률 : 92.04%"
"[ 하비], 부정 텍스트 확률 : 53.29%"
"[네덜란드 디럭스 유모차 세피앙몰 런칭기념 예약판매 ], 부정 텍스트 확률 : 58.74%"
"[디럭스 유모차 하면 무겁고 휴대하기 어렵고 ㅋㅋ 그래서 잘 안쓰게 되더라구요 그런데 하비 유모차는 디자인부터 끌리는것이 자세히보니 아기 엄마들이 좋아할만한 디럭스 유모차인것 같아요 ], 부정 텍스트 확률 : 92.22%"
"[하비유모차는 런던], 부정 텍스트 확률 : 66.26%"
"[하비 유모차브랜드 네덜란드모델명하비종류디럭스 유모차사용월령개월무게프레임 .시트 .기본구성품프레임], 부정 텍스트 확률 : 66.88%"
"[숄더패드], 부정 텍스트 확률 : 53.29%"
"[안전벨트], 부정 텍스트 확률 : 53.29%"
"[장바구니], 부정 텍스트 확률 : 53.29%"
"[안전가드사이즈펼칠 시 접을 시 ], 부정 텍스트 확률 : 93.47%"
"[세피앙몰 하비 예약판매 진행예약판매기간 단 일구매사은품높이조절 어댑터신생아 양면 패드★예약판매 사은품전용풋머프 ], 부정 텍스트 확률 : 86.85%"
"[ 원 상당하비 유모차 보러가기. ], 부정 텍스트 확률 : 75.87%"
"[본 포스팅은 세피앙몰으로부터 소정의 적립금을 받고 작성하였습니다 ], 부정 텍스트 확률 : 56.31%"
"[제회 베페 베이비페어], 부정 텍스트 확률 : 61.97%"
"[뉴나심플함·디테일 강한 유모차 믹스 공개 ], 부정 텍스트 확률 : 76.85%"
"[심플함과 디테일이 강조된 디럭스 유모차 믹스의 첫 선을 보인다. 믹스는 트렌드에 민감한 젊은 엄마들이 선호하는 심플함과 디테일이 현대적인 감각으로 디자인된 것이 특징. 심플한 블랙과 그레이 컬러의 본체에 프리미엄 가죽 소재로 제작된 안전바와 핸들바로 고급스러움이 배가 됐으며], 부정 텍스트 확률 : 75.60%"
"[넓은 장바구니에 여러가지 짐을 함께 보관할 때 짐이 섞이지 않도록 칸막이 구성으로 사용할 수 있도록 공간도 살렸다고.또한 민감한 아이의 피부를 위해 자극이 거의 없는 친환경 천연소재인 오코텍스 인증 원단으로 시트가 제작됐으며], 부정 텍스트 확률 : 76.18%"
"[주행 중 다양한 노면 상태에서도 아이가 받는 충격을 최소화 시켜주고], 부정 텍스트 확률 : 71.17%"
"[신생아 카시트 트레블 모드], 부정 텍스트 확률 : 53.29%"
"[레인커버], 부정 텍스트 확률 : 53.29%"
"[방품커버], 부정 텍스트 확률 : 53.29%"
"[어댑터], 부정 텍스트 확률 : 53.29%"
"[신세계 모바일 상품권], 부정 텍스트 확률 : 53.29%"
"[스타벅스 아메리카노 쿠폰 등 다양한 선물이 제공될 예정이다. ], 부정 텍스트 확률 : 73.84%"
"[글로벌 카시트 브랜드 브라이텍스는 원터치 장착 카시트 어드보케이트 클릭타이트를 판매한다. 어드보케이트는 지난 월 런칭 후 월에 완판 기록을 달성해 화제를 모은 제품으로], 부정 텍스트 확률 : 74.87%"
"[고객 성원에 힘입어 차 예약판매를 실시한 바 있다. 어드보케이트에 대한 뜨거운 호응에 발맞춰 이번 베이비페어 방문 고객들을 위해 품절 컬러 써카], 부정 텍스트 확률 : 94.57%"
"[세피앙몰 적립금 등 푸짐한 선물을 주어진다. ], 부정 텍스트 확률 : 53.81%"
"[장바구니], 부정 텍스트 확률 : 53.29%"
"[풋머프], 부정 텍스트 확률 : 53.29%"
"[목베개], 부정 텍스트 확률 : 53.29%"
"[가죽 핸들커버 가지가 추가돼 총 종이 준비돼 있다.], 부정 텍스트 확률 : 56.94%"
"[모기장], 부정 텍스트 확률 : 53.29%"
"[전용 풋머프를 추가로 제공된다.], 부정 텍스트 확률 : 64.78%"
"[미니버기 친구 추천 이벤트도 진행된다.], 부정 텍스트 확률 : 77.56%"
"[자사 미니버기], 부정 텍스트 확률 : 53.29%"
"[제품 구매 후 베이비페어 방문 후기를 남기면 최대 만 원 상당의 컵홀더], 부정 텍스트 확률 : 83.97%"
"[미니버기], 부정 텍스트 확률 : 53.29%"
"[하비 세 가지 유모차 브랜드 통합으로 세피앙 유모차 소문내기 이벤트가 진행된다. ], 부정 텍스트 확률 : 84.64%"
"[기간은 월 일까지이며], 부정 텍스트 확률 : 84.06%"
"[파리바게트 ], 부정 텍스트 확률 : 53.29%"
"[보령메디앙스출산육아에 필요한 모든 제품 전시 ], 부정 텍스트 확률 : 52.99%"
"[ 원 이상 구매 시 무료배송을 지원하며], 부정 텍스트 확률 : 77.76%"
"[아이맘 회원만 가입해도 전원 경품을 증정한다.보령메디앙스 부스를 방문하면 유아패션 브랜드 타티네 쇼콜라], 부정 텍스트 확률 : 97.79%"
"[유아 생활용품 전문브랜드 비앤비], 부정 텍스트 확률 : 53.29%"
"[민감성·건성 피부전용 브랜드 닥터아토.], 부정 텍스트 확률 : 75.39%"
"[글로벌 육아과학으로 만든 수유전문 유아용품브랜드 유피스 등 총 개의 브랜드를 만나볼 수 있다.], 부정 텍스트 확률 : 74.10%"
"[순성산업인스타그램에서 라이브쇼 이벤트 펼쳐 ], 부정 텍스트 확률 : 77.05%"
"[유아용 카시트 전문기업 순성산업은 베페 기간 동안 공식 인스타그램을 통해 라이브쇼 이벤트를 진행한다. 순성의 이번 라이브쇼는 올바른 카시트 장착법을 독려하기 위한 장착법 대결을 펼치는 내용으로 일부터 베페 베이비페어 현장에서 진행된다.라이브쇼 이벤트 당첨자일간 매일 명에게는 순성의 주니어 카시트인 제나 클립], 부정 텍스트 확률 : 99.82%"
"[ 쿨시트], 부정 텍스트 확률 : 53.29%"
"[킥매트], 부정 텍스트 확률 : 53.29%"
"[구입 고객에게는 코지 썬쉐이드], 부정 텍스트 확률 : 53.29%"
"[ 쿨시트], 부정 텍스트 확률 : 53.29%"
"[뒤보기 후방거울], 부정 텍스트 확률 : 76.83%"
"[ 차량 안전 스티커로 구성된 순성 안전세트 사은품 종을 증정한다. 데일리는할인과 함께 차량 햇빛 가리개], 부정 텍스트 확률 : 55.11%"
"[ 쿨시트], 부정 텍스트 확률 : 53.29%"
"[로 구성된 사은품 종이], 부정 텍스트 확률 : 67.67%"
"[ 차량 안전 스티커로 구성된 사은품 종의 혜택이 주어진다. ], 부정 텍스트 확률 : 57.36%"
"[아가방앤컴퍼니만 원 상당으로 구성된 럭키박스 ], 부정 텍스트 확률 : 95.69%"
"[유아동 스킨케어 브랜드 퓨토 모델로 활동 중인 배우 소유진이 직접 참여], 부정 텍스트 확률 : 75.86%"
"[팬사인회와 함께 럭키박스를 판매하는 이벤트가 진행된다.], 부정 텍스트 확률 : 76.43%"
"[소유진 씨의 팬사인회는 일 오후 시부터 진행된다. 럭키박스는 퓨토 브랜드의 로션], 부정 텍스트 확률 : 90.51%"
"[수딩젤], 부정 텍스트 확률 : 53.29%"
"[비누 등 총 종으로 구성된 패키지로 만 원 상당의 제품을 만 원에 구입할 수 있다. 선착순 개만 판매된다.], 부정 텍스트 확률 : 90.96%"
"[미니노어 젖병], 부정 텍스트 확률 : 53.29%"
"[퓨토 시크릿], 부정 텍스트 확률 : 53.29%"
"[퓨토하우즈], 부정 텍스트 확률 : 54.59%"
"[베이비몬스터 유모차], 부정 텍스트 확률 : 53.29%"
"[디자인스킨 매트], 부정 텍스트 확률 : 53.29%"
"[퀴니·맥시코시], 부정 텍스트 확률 : 53.29%"
"[매일 시 선착순 반 값 판매 ], 부정 텍스트 확률 : 53.29%"
"[매일 오전 시], 부정 텍스트 확률 : 53.29%"
"[선착순 명을 대상으로 반 값에 제품을 구입할 수 있는 현장 할인 이벤트에 진행된다. 이번 행사 품목에는 퀴니 년형 신제품인 절충형 유모차 제프엑스 시리즈], 부정 텍스트 확률 : 88.88%"
"[필립스 아벤트아기의 건강한 먹거리 준비 도우미 ], 부정 텍스트 확률 : 80.95%"
"[빨대가 처음인 아이들을 위한 벤디 빨대컵], 부정 텍스트 확률 : 68.84%"
"[건강한 수유를 돕는 클래식 숙면 젖병 등의 신제품부터 간편한 육아를 돕는스팀소독기], 부정 텍스트 확률 : 79.18%"
"[패스트 보틀워머 등의 육아용품들이 선보여진다. 스페셜세트 판매와 할인행사도 진행된다. 실리콘 젖꼭지], 부정 텍스트 확률 : 85.25%"
"[분유 케이스], 부정 텍스트 확률 : 53.29%"
"[브러쉬로 구성된 내맘대로 젖병세트], 부정 텍스트 확률 : 53.18%"
"[내추럴 전동 휴대용 유축기와 유리젖병], 부정 텍스트 확률 : 86.28%"
"[보틀워머], 부정 텍스트 확률 : 53.29%"
"[모유저장팩으로 구성된 모유수유세트 등의 베페 베이비페어 스페셜 세트들을 할인 가격으로 구입할 수 있다. 필립스 아벤트 제품 외에도 육아에 도움이 되는 퀵 스팀 다리미], 부정 텍스트 확률 : 61.97%"
"[에어프라이어], 부정 텍스트 확률 : 53.29%"
"[소닉케어 키즈 등의 필립스 제품들도이상 특별 할인 판매된다. 부스에 방문해 필립스 아벤트 블로그.. 이웃을 인증한 선착순 명에게 선물이 제공되고], 부정 텍스트 확률 : 85.39%"
"[제품을 구매한 고객에게는 다양한 사은품이 주어진다.], 부정 텍스트 확률 : 51.94%"
"[스팀청소기 등 가정용 청소기 대거 전시 ], 부정 텍스트 확률 : 91.15%"
"[스테디셀러인 스팀 청소기를 비롯해 다양한 제품을 선보인다. 카처의 스팀청소기는 화학세제 없이도 고온 스팀을 활용한 살균 청소가 가능하다는 점 때문에 영유아를 둔 가정에서 인기가 높은 제품이다. ℃의 고온 스팀만으로 세균을 . 살균하는 것이 특징. 화학 세제 없이도 살균이 가능해 영유아를 둔 가정이나 아토피와 같은 질환으로 고민인 사람에게 높은 인기를 끌고 있다. 이번 베페에서는 ▲스팀청소기프리미엄], 부정 텍스트 확률 : 84.06%"
"[를 비롯 ▲진공청소기 ], 부정 텍스트 확률 : 55.36%"
"[ 프리미엄], 부정 텍스트 확률 : 53.29%"
"[▲다목적 건습식 청소기프리미엄], 부정 텍스트 확률 : 77.19%"
"[ 프리미엄], 부정 텍스트 확률 : 53.29%"
"[▲워터필터 청소기 ], 부정 텍스트 확률 : 53.29%"
"[▲전기빗자루], 부정 텍스트 확률 : 53.29%"
"[▲유리창 청소기], 부정 텍스트 확률 : 53.29%"
"[▲가정용 고압세척기 등 다양한 용도의 가정용 청소기를 전시·판매한다. 부스에 방문하는 고객들에게 정상가에서할인된 가격으로 스팀청소기가 판매되며], 부정 텍스트 확률 : 95.94%"
"[의 경우할인된 베페 특별 가격에 구입 가능하다.], 부정 텍스트 확률 : 55.79%"
"[힐링 육아 에세이], 부정 텍스트 확률 : 53.29%"
"[.. ..], 부정 텍스트 확률 : 59.13%"
"[ 차세대 교감형 유모차], 부정 텍스트 확률 : 53.29%"
"[하비 득템하는 꿀팁.세피앙몰 ], 부정 텍스트 확률 : 73.26%"
"[차세대 교감형 유모차 하비득템하는 꿀팁 .세피앙몰 ], 부정 텍스트 확률 : 63.19%"
"[차세대 교감형유모차 ], 부정 텍스트 확률 : 53.29%"
"[ 어댑터를 사용하여 기본 높이보다 ], 부정 텍스트 확률 : 54.43%"
"[레스토랑이나 카페 등에서 하이체어 대용으로 사용하기에 좋겠더라구요 ], 부정 텍스트 확률 : 61.21%"
"[두개의 유모차 ], 부정 텍스트 확률 : 83.29%"
"[확장형 시트를 사용하면 ], 부정 텍스트 확률 : 60.25%"
"[트윈으로 트래스포밍이 가능하기 때문에 ], 부정 텍스트 확률 : 56.75%"
"[참 경제적이라고 할 수 있죠? ], 부정 텍스트 확률 : 88.72%"
"[ 고급스러운 디자인에 아이의 피부까지 생각하여 제작된 하비 유모차의 원단 멜란지 느낌으로 고급스러움을 더했고], 부정 텍스트 확률 : 59.24%"
"[노후화에도 강하답니다. 콜블랙], 부정 텍스트 확률 : 56.82%"
"[프레쉬 올리브], 부정 텍스트 확률 : 53.29%"
"[소프트 카라멜], 부정 텍스트 확률 : 53.29%"
"[월 일부터 월 일 ], 부정 텍스트 확률 : 77.43%"
"[까지 ], 부정 텍스트 확률 : 54.97%"
"[하비전용 풋머프의 특별 사은품과 포토후기 작성시 세피앙몰 최대 적립금인 만원 적립금 혜택까지 하비 유모차를 기다리고 계신분이라면 정말 꿀정보가 아닐수 없죠?], 부정 텍스트 확률 : 60.29%"
"[기간이 길지 않으니 서두르시길. ], 부정 텍스트 확률 : 56.47%"
"[그럼 얼른 세피앙몰로 고고 ], 부정 텍스트 확률 : 83.27%"
"[ 디럭스 하비유모차 런칭 세피앙몰 예약판매 시작 ], 부정 텍스트 확률 : 71.63%"
"[네덜란드에서 온 하비유모차는디럭스형으로전세계 주요 개국에서 동시에런칭된다고 해요그안에 우리나라가 들어있다니대단하네요 ], 부정 텍스트 확률 : 67.37%"
"[디럭스형 유모차를 눈여겨 보시는 맘님들 께서는 이번에 새로이 런칭하는 하비유모차도 눈여겨 보시면 좋을것 같네요새로이 런칭이다보니사은품이며 아주 빵빵하더라구요 ], 부정 텍스트 확률 : 53.83%"
"[신생아 양면패드도준다고 하니...완전 좋은기회 놓치지 마세요구입하시고 후기 작성하시면세피앙몰 전용 적립금도 만원 상당 받을수 있는데요세피앙몰내에 어느제품이던 구입하실수 있으니.. 이것도 꼭꼭 챙겨가세요 ], 부정 텍스트 확률 : 59.04%"
"[★ 네덜란드 하비 유모차 디럭스 ★], 부정 텍스트 확률 : 53.29%"
"[기본 사양 알아볼게요브랜드 네덜란드모델명하비종류디럭스 유모차사용월령개월무게프레임 .시트 .기본구성품프레임], 부정 텍스트 확률 : 66.88%"
"[숄더패드], 부정 텍스트 확률 : 53.29%"
"[안전벨트], 부정 텍스트 확률 : 53.29%"
"[장바구니], 부정 텍스트 확률 : 53.29%"
"[안전가드사이즈펼칠 시 접을 시 ], 부정 텍스트 확률 : 93.47%"
"[핸들링에 최적화된으로최상의 핸들링을 제공하며], 부정 텍스트 확률 : 54.64%"
"[하비 유모차 구경가기], 부정 텍스트 확률 : 53.29%"
"[▼▼▼▼▼▼....? ....? ], 부정 텍스트 확률 : 53.29%"
"[디럭스절충형.. 어느 것을 고를까요? ], 부정 텍스트 확률 : 65.96%"
"[디럭스 유모차], 부정 텍스트 확률 : 53.29%"
"[절충형 유모차], 부정 텍스트 확률 : 53.29%"
"[ 내외의 가벼운 휴대용 유모차와 디럭스 유모차의 중간 단계로 디럭스 유모차보다 무게감을 낮추고 ], 부정 텍스트 확률 : 53.10%"
"[ 휴대용 유모차보다 기능과 안정감이 높은 유모차개인적으로 절충형 유모차는 무게도 애매하고], 부정 텍스트 확률 : 72.44%"
"[핸들링도 썩 좋은편이 아니고유모차 선택에 있어서 제가 가지고 있는 기준에 어느 것 하나 제대로 만족되는 부분이 없더라구요또 절충형 유모차를 산다해도 돌 지나면 가벼운 휴대용으로 갈아타야한다는 의견이 많아서어린 빵빵이가 탈 첫 유모차는 더 안전하고 편안한], 부정 텍스트 확률 : 54.66%"
"[ 디럭스 유모차로 결정 ], 부정 텍스트 확률 : 64.02%"
"[그러나.........................디럭스 유모차에도 브랜드가 너무 많아ㅠㅠㅠㅠㅠㅠㅠㅠ브랜드마다 디럭스 유모차로 출시한 제품들은 기본적으로 안전성이 높을테니좀 더 선택의 폭을 좁히기 위해서 몇가지 포인트를 두기로 했어요제가 중점적으로 본 부분은], 부정 텍스트 확률 : 96.77%"
"[ 디자인과 핸들링 그리고 편의성 ], 부정 텍스트 확률 : 52.43%"
"[시트분리없이 폴딩 ], 부정 텍스트 확률 : 56.16%"
"[하이포지션 시트 ], 부정 텍스트 확률 : 53.29%"
"[부드러운 핸들링 ], 부정 텍스트 확률 : 53.29%"
"[양대면 가능 ], 부정 텍스트 확률 : 53.29%"
"[가벼운 무게감원하는 것도 참 많쥬?ㅋㅋㅋㅋㅋ저 기준들에 부합하는 모델 중에 최종 후보로 싸이스 프리 과 하비 이지워커두가지로 간추려졌고 마침 베이비 페어가 열린다고해서 직접 핸들링도 비교해보고실물 비교하고 결정하기로 했죠 ], 부정 텍스트 확률 : 86.35%"
"[외할아부지가 빵빵이 좋은 차 사주라고 돈도 두둑히 주셔서 더 신났지요우린 모녀 등골 브레이커 ㅋㅋㅋㅋ ], 부정 텍스트 확률 : 75.55%"
"[그 중에 젤 중요한 유모차물망에 오른 유모차가 총 가지가 있었는데 는 만원대], 부정 텍스트 확률 : 60.94%"
"[는 만원대], 부정 텍스트 확률 : 66.72%"
"[하비 유모차는 만원대마침 세 브랜드가 다 베페에 참가해서 직접 끌어볼 수 있었는데 ], 부정 텍스트 확률 : 55.75%"
"[ 가성비 갑이라는 평이 많이 보이더니 역시 ], 부정 텍스트 확률 : 78.26%"
"[그래 너로 정했다], 부정 텍스트 확률 : 91.99%"
"[띠로리........................ ], 부정 텍스트 확률 : 53.29%"
"[ 콜블랙], 부정 텍스트 확률 : 53.29%"
"[ 쉐도우블루이렇게 가지 컬러가 전시되어 있더라구요첨엔 무조건 새로 런칭했으니 당연히 블랙이지하고 갔는데직접 실물을 보니 전 콜블랙이 멜란지 재질이라 관리하기도 쉬울 것 같고 더 고급스러워 보이더라구요이제 다 끝인 줄 알았더니 다시 고민 고민 또 고민 ㅠㅠㅠㅠㅠ베이비 페어에서는 전시 상품을 할인해서 판매하는데 콜블랙은 이미 예약이 되어 있는 상황할인 금액이 크길래 스틸그레이로 전시상품으로 할까? 했는데전시상품 구입 시 베페 마지막 날 다시와서 직접 가져가야 한다고아놀드가 그냥 사고싶은 컬러로 사고 편하게 택배 받자 해서], 부정 텍스트 확률 : 90.19%"
"[ 콜블랙으로 결정 ], 부정 텍스트 확률 : 66.91%"
"[심사숙고 끝에 드디어 고른 빵빵이의 첫 유모차 ], 부정 텍스트 확률 : 55.86%"
"[하비 이지워커 ], 부정 텍스트 확률 : 57.33%"
"[▼▼▼▼▼▼ ], 부정 텍스트 확률 : 53.29%"
"[드디어 왔어요박스 하나는 유모차], 부정 텍스트 확률 : 79.04%"
"[하나는 사은품 ], 부정 텍스트 확률 : 62.13%"
"[그럼 조립을 시작해 볼까나 ], 부정 텍스트 확률 : 73.29%"
"[앞바퀴 ], 부정 텍스트 확률 : 58.74%"
"[뒷바퀴 ], 부정 텍스트 확률 : 53.29%"
"[안전바], 부정 텍스트 확률 : 82.95%"
"[유모차 시트], 부정 텍스트 확률 : 53.29%"
"[접혀있는 유모차 프레임 왼쪽에 고무 고리?를 재껴서 핸들을 잡고 위로 펼치면 유모차가 서고], 부정 텍스트 확률 : 64.27%"
"[ 앞바퀴], 부정 텍스트 확률 : 58.74%"
"[뒷바퀴를 홀에 맞춰 딸깍 소리가 나도록 장착해주면 조립 완료이렇게하면 프로 끝이예요 ㅋㅋㅋㅋ ], 부정 텍스트 확률 : 96.81%"
"[하비 이지워커는 ], 부정 텍스트 확률 : 73.22%"
"[시트를 유모차 프레임 양 옆 홈에 맞춰 끼워주고], 부정 텍스트 확률 : 76.39%"
"[베이비 페어에서 유모차 구입할 때 받은], 부정 텍스트 확률 : 69.31%"
"[ 하이어댑터], 부정 텍스트 확률 : 53.29%"
"[시력보호커버], 부정 텍스트 확률 : 53.29%"
"[다시 펼칠 때는 옆에 저 검정색 고리만 옆으로 당겨서 슥 올리면 펼쳐져요집에 붙어있지 못하는 성격이라 신랑 없을 때도 여기저기 돌아다녀야 하는데 폴딩 안되면 불편하잖아요쓱 접어서 차에 싣고 쓱 펼쳐서 놀고디럭스 유모차지만 기동성도 좋겠죠?], 부정 텍스트 확률 : 74.03%"
"[ 하이어댑터를 추가로 장착하면 시트 높이가더 높아져요 ], 부정 텍스트 확률 : 55.29%"
"[시트 분리 레버를 당겨서 시트를 빼고 하이어댑터를 양쪽에 끼워주세요 ], 부정 텍스트 확률 : 69.48%"
"[딸깍 딸깍 끝초 간단하지만 장착 후 모습을 보면 안할 수가 없어요 ], 부정 텍스트 확률 : 95.60%"
"[신생아 패드], 부정 텍스트 확률 : 53.29%"
"[ 유모차 라이너 소재도 부드럽고 뒷면은 중 매쉬로 되어 있어서 양면으로 사용 할 수 있어요두께감도 적당하고 아주 맴에 드뤄 ], 부정 텍스트 확률 : 63.55%"
"[ 깜짝 틀린그림 찾기 ], 부정 텍스트 확률 : 53.29%"
"[정답은??? ], 부정 텍스트 확률 : 74.36%"
"[호크트위스터 서포터즈 두번째 포스팅 지난번 루니의 디럭스유모차 호크트위스터를 소개해 드렸었죠 일단 호크트위스터하면], 부정 텍스트 확률 : 85.04%"
"[핸들링과], 부정 텍스트 확률 : 57.06%"
"[양대면 기능으로 유명한데요], 부정 텍스트 확률 : 66.91%"
"[한손으로도 자유롭게 방향 조절이 될 정도로 핸들링이 좋구요], 부정 텍스트 확률 : 78.03%"
"[ 핸들 각도도 본인 키에 맞게 단계로 조절이 가능해요 ㅋ ], 부정 텍스트 확률 : 81.70%"
"[전 키가 작으니까 요로케 ㅋㅋㅋ ], 부정 텍스트 확률 : 60.43%"
"[놀러나갔을땐 단계 햇빛 가리개로 자외선 막아주기 차양막이 커서 다내리면 완전히 햇빛이 가려집니다 ], 부정 텍스트 확률 : 85.93%"
"[발판도 단계로 각도 조절이 가능해서아이의 성장이나 자세에 맞게 변형이 가능하죠 등받이도 완전히 눕혀져서 밖에서 아기가 잠들면 요람처럼 쓰기 좋아요], 부정 텍스트 확률 : 76.51%"
"[우리 루니는 편안한지 유모차만 타면 잘자네요 ㅋㅋ ], 부정 텍스트 확률 : 93.17%"
"[첨에 디럭스유모차라고 해서 잠깐 쓰는 신생아유모차라고만 생각했는데막상 직접 사용해보니 생각보다 사용하기가 넘 편해서돌지나고도 계속 쓸 것 같다는], 부정 텍스트 확률 : 60.52%"
"[베이비페어 같은 곳에서 직접 끌어보고 출산준비물이나 신생아선물로 구입하시는거 추천드려요 세피앙몰에서 급 리퍼상품을 저렴하게 판매하는것도 있으니여러모로 알아보시고 현명하게 선택하시길 바래용 .. .. ], 부정 텍스트 확률 : 95.70%"
"[ 안녕하세요], 부정 텍스트 확률 : 53.29%"
"[ .?세피앙몰세피앙몰 서포터즈 당첨 소식을 전해받고 개월여간 서포터즈 활동을 진행합니다 세피앙몰에서는.?브라이택스브라이택스 ], 부정 텍스트 확률 : 96.47%"
"[ .?오르빗베이비오르빗베이비 ], 부정 텍스트 확률 : 53.29%"
"[ .?하비하비 ], 부정 텍스트 확률 : 53.29%"
"[ .?호크호크 ], 부정 텍스트 확률 : 53.29%"
"[ .?미니버기미니버기 ], 부정 텍스트 확률 : 90.78%"
"[ .?맥클라렌맥클라렌 등 다양한 수입 브랜드 육아용품을 취급하고있는데요], 부정 텍스트 확률 : 73.54%"
"[종종 들려드릴 핫딜 소식과], 부정 텍스트 확률 : 71.96%"
"[네덜란드 유모차 하비 런칭기념 예약판매 ], 부정 텍스트 확률 : 53.29%"
"[네덜란드 유모차], 부정 텍스트 확률 : 53.29%"
"[하비 유모차 런칭 ], 부정 텍스트 확률 : 53.29%"
"[브랜드 네덜란드 ], 부정 텍스트 확률 : 53.29%"
"[모델명하피 ], 부정 텍스트 확률 : 53.29%"
"[종류디럭스유모차 ], 부정 텍스트 확률 : 53.29%"
"[사용월령개월 ], 부정 텍스트 확률 : 53.29%"
"[무게프레임 .시트 . ], 부정 텍스트 확률 : 68.39%"
"[기본구성품프레임], 부정 텍스트 확률 : 51.85%"
"[숄더패드], 부정 텍스트 확률 : 53.29%"
"[안전벨트], 부정 텍스트 확률 : 53.29%"
"[장바구니], 부정 텍스트 확률 : 53.29%"
"[안전가드 ], 부정 텍스트 확률 : 53.29%"
"[사이즈펼칠 시 ], 부정 텍스트 확률 : 53.29%"
"[접을 시], 부정 텍스트 확률 : 93.47%"
"[이번에 출시되는 하비 디럭스 유모차는 전세계 주요 개국에서 동시 런칭되는 제품으로], 부정 텍스트 확률 : 59.47%"
"[한 개의 프레임 두 개의 유모차], 부정 텍스트 확률 : 69.46%"
"[트렌스폼 시트까지 이용할 수 있는 라인이라니 너무너무 기대가 됩니다], 부정 텍스트 확률 : 62.08%"
"[▲ 클릭클릭 ▲ ], 부정 텍스트 확률 : 53.29%"
"[월 일 부터 예약판매를 진행하며], 부정 텍스트 확률 : 85.38%"
"[월 일까지 예약구매를 완료하시는 분들께는], 부정 텍스트 확률 : 52.20%"
"[가격할인 혜택 뿐 아니라], 부정 텍스트 확률 : 87.15%"
"[세피앙몰 포토후기 등록 시], 부정 텍스트 확률 : 58.74%"
"[차세대 교감형 유모차], 부정 텍스트 확률 : 53.29%"
"[네덜란드 유모차 하비 예약판매는 세피앙몰에서 가능합니다], 부정 텍스트 확률 : 64.83%"
"[ 본 포스팅은 세피앙몰 서포터즈 활동으로 소정의 원고료를 지급받아 작성되었습니다], 부정 텍스트 확률 : 52.76%"
"[ 네덜란드 유모차 하비출시 세피앙몰 예약판매 이벤트 ], 부정 텍스트 확률 : 58.74%"
"[ 차세대교감 ], 부정 텍스트 확률 : 53.29%"
"[유모차 ], 부정 텍스트 확률 : 53.29%"
"[를 출시했다고 합니다. ], 부정 텍스트 확률 : 82.96%"
"[출시를 앞두고], 부정 텍스트 확률 : 58.51%"
"[주일 간 예약 할인 판매 ], 부정 텍스트 확률 : 53.29%"
"[차 티저 이벤트 ], 부정 텍스트 확률 : 53.29%"
"[를 진행 한다고 하네요.], 부정 텍스트 확률 : 94.21%"
"[유모차 구매를 앞둔 관심있으신 맘들에게 유익한 소식이 될거 같아요. ], 부정 텍스트 확률 : 61.69%"
"[세피앙몰 하비 예약판매 진행], 부정 텍스트 확률 : 91.51%"
"[예약판매기간 단 일구매사은품높이조절 어댑터신생아 양면 패드★예약판매 사은품전용풋머프 ], 부정 텍스트 확률 : 65.05%"
"[ 원 상당], 부정 텍스트 확률 : 53.29%"
"[하비 유모차 보러가기. . ], 부정 텍스트 확률 : 72.37%"
"[세피앙몰 ], 부정 텍스트 확률 : 58.74%"
"[적립급 ], 부정 텍스트 확률 : 54.98%"
"[ 점 ], 부정 텍스트 확률 : 67.40%"
"[까지 받을 수있는 기회까지 추첨이 아닌 선물이니], 부정 텍스트 확률 : 70.31%"
"[이런 기회 놓쳐서 안되겠죠? ], 부정 텍스트 확률 : 84.76%"
"[이번에 출시되는 하비 디럭스 유모차는], 부정 텍스트 확률 : 73.99%"
"[전세계 주요 ], 부정 텍스트 확률 : 53.29%"
"[개국에서 동시 런칭 ], 부정 텍스트 확률 : 72.40%"
"[되는 제품으로], 부정 텍스트 확률 : 77.49%"
"[핸들링에 최적화된 ], 부정 텍스트 확률 : 64.10%"
"[과 엄마와 아이의 교감 거리를 좁혀주는 ], 부정 텍스트 확률 : 66.29%"
"[또핸드메이드로 작업한 하비의 가죽 손잡이는 엄마에게 최상의 그립감을 선사하며], 부정 텍스트 확률 : 86.41%"
"[첫째 출산 시 구입했다가 둘째 출산 시 트윈모드로 확장 사용이 가능해 실용적이라는 평가를 받는다고 하니 ], 부정 텍스트 확률 : 71.86%"
"[확실히 유모차는 가벼워야지 자주 쓰게 되는데], 부정 텍스트 확률 : 61.68%"
"[예약판매이벤트에 참여하셔서 사은품도 혜택도 미리미리 챙겨가세요. ], 부정 텍스트 확률 : 60.67%"
"[ 한개의 프레임으로 두개의 유모차 하비 런칭 세피앙몰에서 예약 판매 찬스 일까지 ], 부정 텍스트 확률 : 68.86%"
"[ 제가 넘나도 애정하는 육아용품 쇼핑몰인], 부정 텍스트 확률 : 59.90%"
"[세피앙몰 ], 부정 텍스트 확률 : 58.74%"
"[브라이택스 카시트 호크유모차 호크 식탁의자유미젖병 소르베베 힙시트 등 이름만 딱 들어도 알수 있는 유명한 제품들도 많고특가도 자주 뜨니 세피앙몰 즐겨찾기 해두시고 종종 들러보세요득템할 기회가 자주 온답니다 ], 부정 텍스트 확률 : 73.30%"
"[ 제가 세피앙몰 프리 서포터즈로 전해드릴 첫번째 소식은 ], 부정 텍스트 확률 : 73.45%"
"[한개의 프레임으로 두개의 유모차가 되는 ], 부정 텍스트 확률 : 91.06%"
"[전세계 주요 개국에서 동시 런칭하는 기념으로], 부정 텍스트 확률 : 57.44%"
"[예약판매를 진행하고 있답니다 ], 부정 텍스트 확률 : 77.36%"
"[예약판매 기간동안 하비 유모차를 구매시 ], 부정 텍스트 확률 : 50.95%"
"[ 세피앙몰 예약판매 진행 ], 부정 텍스트 확률 : 91.51%"
"[예약판매기간 단 일구매사은품높이조절 어댑터신생아 양면 패드], 부정 텍스트 확률 : 65.05%"
"[★예약판매 사은품전용풋머프 ], 부정 텍스트 확률 : 53.29%"
"[ 원 상당하비 유모차 보러가기. . ], 부정 텍스트 확률 : 72.37%"
"[ 하비 유모차], 부정 텍스트 확률 : 53.29%"
"[숄더패드], 부정 텍스트 확률 : 53.29%"
"[안전벨트], 부정 텍스트 확률 : 53.29%"
"[장바구니], 부정 텍스트 확률 : 53.29%"
"[안전가드사이즈펼칠 시 접을 시 ], 부정 텍스트 확률 : 93.47%"
"[신생아 양면패드를 증정해요 ], 부정 텍스트 확률 : 60.25%"
"[콜 블랙], 부정 텍스트 확률 : 53.29%"
"[프레쉬 올리브], 부정 텍스트 확률 : 53.29%"
"[소프트 카라멜], 부정 텍스트 확률 : 53.29%"
"[한개의 프레임으로 두개의 유모차가 되는 ], 부정 텍스트 확률 : 91.06%"
"[특별하고 고급스러운유모차를 준비하고 싶다면 ], 부정 텍스트 확률 : 75.04%"
"[이번 하비유모차 런칭으로 준비한할인된 가격과 ], 부정 텍스트 확률 : 55.34%"
"[ 이지워커 하비유모차 ], 부정 텍스트 확률 : 57.33%"
"[디럭스냐? 절충형이냐? ], 부정 텍스트 확률 : 96.01%"
"[신생아부터 쓸 수있다. 단점무겁다], 부정 텍스트 확률 : 57.23%"
"[가성비 좋다], 부정 텍스트 확률 : 53.87%"
"[사용기간이 길다 단점충격흡수가 덜 됨], 부정 텍스트 확률 : 50.12%"
"[안정적이지 못하다디럭스절충형은 나도 고민이었는데 디럭스로 결정하게 된 이유는 차로 이동할 때 바구니 카시트를태웠음에도 불구하고 많이 흔들리는 걸 보고서는 아 무조건 디럭스로 가야겠다 싶었다. ], 부정 텍스트 확률 : 94.34%"
"[브랜드는 어디로 할 것인가? ], 부정 텍스트 확률 : 88.94%"
"[ 디럭스로 결정하니 또 다시 어느 브랜드로 할 지], 부정 텍스트 확률 : 59.05%"
"[ 내가 간 매장은.?별내베이비플러스별내베이비플러스매장.규모가 그리 크진 않았지만 알차게 없는게 없던매장이였고], 부정 텍스트 확률 : 89.73%"
"[무엇보다 이것저것 많이 물어보고모델별로 폴딩], 부정 텍스트 확률 : 99.75%"
"[폴딩해본 느낌은 아래와 같다. ], 부정 텍스트 확률 : 77.70%"
"[.?리안스핀로얄리안스핀로얄], 부정 텍스트 확률 : 53.29%"
"[실제로 보니 시트가 너무 낮고 뭉특하고 뚱뚱한 느낌이였다.장바구니는 작지 않았지만 그 위에 프레임때문에 많이 넣지 못할 것 같았음.그리고 디럭스치고도 확실히 무거운 느낌.실제 매장에서 직접 보지 않고 샀다면후회했을거다. ], 부정 텍스트 확률 : 89.00%"
"[.?잉글레시나트릴로지잉글레시나트릴로지], 부정 텍스트 확률 : 79.20%"
"[ 사람들이 가장 많이 쓰는 대중적인 유모차 같아서 거의 이걸로 정하고 갔었다.실제로 보니 확실히 폴딩은 굉장히 편하게 힘들이지않고도 잘 되는것 같았다.그치만 관절이 많아서 그런지 덜컹거리는 느낌에 무게감이 없었고 무엇보다도 디럭스임에도 바퀴가 작아서 안 예뻤다 ㅠㅠ. ], 부정 텍스트 확률 : 71.62%"
"[ 결국 구매한건 예정에도 없던하비유모차 였다.하비는 포스팅으로 한두번 보긴 했었는데실제 매장에 가서 보니 원터치 폴딩으로 폴딩도 쉽고바퀴도 크고], 부정 텍스트 확률 : 56.44%"
"[ 스토케는 높이가 높아서 좋지만 장바구니가 작고 폴딩이 어려운 것 같았는데 이 모든 걸 보완하는 게하비유모차였다.그리곤 색상결정.싸이벡스 프리암 올블랙 유모차를 보고선 유모차는 무조건 올블랙이지 했었는데], 부정 텍스트 확률 : 50.41%"
"[여름에 쓰기에는 너무 더워보여서 탈락. 콜블랙 은 그냥 블랙이면 좋았을텐데 후기 찾아보니약간 보랏빛이 나는 블랙색상이라 마지막까지 고민하다 탈락.결국 사계절내내 잘 쓸수 있고 색상도 고급진 스틸그레이로 결정했다. ], 부정 텍스트 확률 : 55.55%"
"[하비유모차 개봉기 ], 부정 텍스트 확률 : 88.76%"
"[ 일요일 매장에서 보고 오고 다음날 고심끝에 모델], 부정 텍스트 확률 : 58.16%"
"[ 색상까지 최종 결정한 후 전화로 결제하고 일 뒤에 택배로 받았다.세피앙 본사에서 보내준 유모차악세사리 박스.별내베이비플러스 매장에서는 별도로 악세사리를 택배로 보내주셨다. ], 부정 텍스트 확률 : 92.06%"
"[ 나는 키가 으로 큰 편.하이어댑터를 장착하니 가량 시트가 높아져서아기랑 눈맞춤하기도 좋고], 부정 텍스트 확률 : 77.31%"
"[아기를 유모차에 눕힐 때허리를 안 굽혀도 되서 좋다.또 하이체어로 보편적인 책상높이와 맞아서 식당이나 카페에 가서 아기의자가 없어도 된다는 점. ], 부정 텍스트 확률 : 93.17%"
"[ 하비유모차 역시 원터치폴딩으로 간편하게 접을 수 있고 펼때도 툭하고 한번에 펴진다.뒤보기 상태로 폴딩도 가능하지만 앞보기 폴딩보다는 부피가 커진다. ], 부정 텍스트 확률 : 78.44%"
"[ 여기다 하이어댑터까지 장착하면 윗 공간이 더 넓어져서 더 많이 들어간다. ], 부정 텍스트 확률 : 88.73%"
"[ 발받침대. 옆에 동그란 버튼을 누르면 각도가 조절된다. ], 부정 텍스트 확률 : 72.60%"
"[ 신생아시트를 부착하지 않은 상태.사진을 보면 도로 눕혀도 허리부분이 움푹들어가있는데], 부정 텍스트 확률 : 69.81%"
"[신생아 패드 밑에 저 삼각형 쿠션을 넣으면 완전히 평평하게 펴져서 허리힘이 없는 신생아들도 바로 사용이 가능하다.리안솔로 유모차도 봤었는데 그것도 절충형이지만바퀴도 크고 디자인도 괜찮았지만 저 보조쿠션이 없어서 허리가 너무 움푹 들어가서 ㅠㅠ ], 부정 텍스트 확률 : 98.28%"
"[판매해야 ], 부정 텍스트 확률 : 66.90%"
"[하니 굳이 신생아 보조 패드를 만들지], 부정 텍스트 확률 : 81.70%"
"[않는다 들음], 부정 텍스트 확률 : 51.13%"
"[ 신생아 이너시트와 그 밑에 보조쿠션 부착.신생아패드는 한쪽은 흰색 면소재], 부정 텍스트 확률 : 58.79%"
"[다른 한쪽은매쉬소재로 여름에 사용하면 좋을 것 같다. ], 부정 텍스트 확률 : 87.98%"
"[ 손잡이도 같은 멜란지 소재로 마감처리 되어있고], 부정 텍스트 확률 : 76.93%"
"[ 뒤보기방향으로 시트를 최대한 세워봤다.차양막도 풀차양막으로 다 가려진다.차양막 양 옆으로는 통풍창이 있어서 거기를 통해아기도 볼 수 있다. ], 부정 텍스트 확률 : 86.59%"
"[ 사은품으로 받은 사계절커버.커버도 유모차와 같은 그레이 색이라 깔맞춤. ], 부정 텍스트 확률 : 75.77%"
"[ 이건 매장에서 받은 사은품.컵홀더보조걸이밤부타올유모차정리함. ], 부정 텍스트 확률 : 68.01%"
"[신랑이랑 같이 유모차 첫 개시 남편이 밀어보더니 핸들링이 예술이라고 극찬했다.신도시라 도로정비가 잘 되어있음에도 불구하고길이 실크같지 않으니 흔들림이 분명 있을텐데독립 서스펜스라 그런지 충격흡수가 잘 되서 진짜 디럭스로 사길 잘했다고 산책하는 내내 백만번은 말한 듯 ㅎㅎ], 부정 텍스트 확률 : 76.23%"
"[ 손잡이도 쭉 빼서 높이], 부정 텍스트 확률 : 89.26%"
"[월은 어버이날 어린이날 그리고 연휴도 많아서 지출이 많으셨을텐데 쓰는김에 그냥 팍팍 쓰세욤], 부정 텍스트 확률 : 84.84%"
"[세피앙몰도 가정의날을 맞이해 이벤트가 진행중이라고 해요 이미 진행중인데 년 월 일수 까지 진행된다고 합니다 세피앙몰은 구입하고 후기올리면 적립금 팍팍줘서 또 카시트나 유모차 액세서리까지 구매가가능한것 같아요 요런 혜택도 받으시고], 부정 텍스트 확률 : 75.72%"
"[ 하비 이지워커럭셔리블랙 사용 후기], 부정 텍스트 확률 : 57.33%"
"[ .?하비이지워커하비이지워커.?하비유모차하비유모차.?유모차추천유모차추천 .?세피앙세피앙.?하비럭셔리블랙하비럭셔리블랙.?디럭스유모차디럭스유모차워니원이 태어난지 어느덧 개월이 조금 넘어가는 시점 .. 육아용품 중 잘샀다고 생각하는 제품들을하나씩 리뷰해보려고 한당그 중 첫번째는 단연 유모차그 전 글을 보면 구매처], 부정 텍스트 확률 : 90.52%"
"[개봉기까지있습니다요 ღ], 부정 텍스트 확률 : 72.20%"
"[일단 나의 유모차 선택기준은 단 네가지.. 디자인. 서스펜션 핸들링이라고도 하죱. 높이 및 양대면 가능 여부. 폴딩 이 네가지 조건만보면 생각나는 유명 유모차가 있을거당 ㅅㅌㅋ나도 육아용품 잘 모를때는 그것을 사려고 했었는데알아보면 알아볼 수록 하비의 매력에 ... 풍덩 저 모든조건에 다 충족하는데다가 장바구니 크기넓은 차양막 아], 부정 텍스트 확률 : 63.96%"
"[유모차 시트만 쏙 빼서 의자처럼 앉혀놓고 한강에서 엄마는 맥주 즐기기], 부정 텍스트 확률 : 83.76%"
"[ 아빠가 끌어도 하이어댑터 덕분에 눈높이가 맞고유모차 손잡이 높이 조절도 저렇게 높이까지 되기에 전혀 불편하지 않음 오히려 아빠가 더 잘끌고 다닌다ㅋㅋㅋ ], 부정 텍스트 확률 : 99.25%"
"[ 여러분은 색상만 선택하시면 됩니다.ㅋㅋㅋㅋㅋㅋㅋㅋㅋㅋㅋㅋㅋㅋㅋㅋㅋㅋㅋㅋㅋㅋㅋㅋㅋㅋㅋㅋㅋ홈쇼핑 멘트 ], 부정 텍스트 확률 : 57.18%"
"[ 신생아유모차], 부정 텍스트 확률 : 53.29%"
"[디럭스유모차도 회전 호크트위스터 ], 부정 텍스트 확률 : 61.06%"
"[제품호크트위스터 디럭스유모차색상멜란지네이비가격], 부정 텍스트 확률 : 53.29%"
"[ 원 할인 ], 부정 텍스트 확률 : 53.29%"
"[ 디럭스유모차위호크트위스터], 부정 텍스트 확률 : 56.80%"
"[ 유모차 구성품프레임], 부정 텍스트 확률 : 53.29%"
"[앞바퀴개], 부정 텍스트 확률 : 58.74%"
"[뒷바퀴개], 부정 텍스트 확률 : 53.29%"
"[캐노피], 부정 텍스트 확률 : 64.12%"
"[안전가드], 부정 텍스트 확률 : 53.29%"
"[선바이저], 부정 텍스트 확률 : 52.80%"
"[이너시트], 부정 텍스트 확률 : 64.91%"
"[풋머프 고급진 멜란지 네이비색상], 부정 텍스트 확률 : 53.37%"
"[남표나 얼른 조립해줘설명서를 보고 레고 조립하듯이 뚝딱뚝딱 조립하는 남표니덕분에 동영상 찍을 시간도 없었네요. 프레임에 시트 연결하고 바퀴연결하면 끝생각보다 너무 간단해서 제가 해도 되겠더라구요 ], 부정 텍스트 확률 : 91.94%"
"[프레임에 바퀴를 체결후 딸칵 체결음이 나면], 부정 텍스트 확률 : 63.19%"
"[노면의 마찰과 충격흡수를 분산 시켜주는 ], 부정 텍스트 확률 : 52.01%"
"[승차감 차이가 확실해요 차량 관련일하고 있어서 그런지 저는 서스펜션을 굉장히 중요하게 따지는 편인데 ], 부정 텍스트 확률 : 52.01%"
"[호크트위스터에는 개의 바퀴에 서스펜션이 장착되어있어요.], 부정 텍스트 확률 : 80.25%"
"[앞바퀴 레버를 아랫쪽으로 내리면 회전주행이 가능하고 윗쪽으로 올리면 직진주행이 가능해요.], 부정 텍스트 확률 : 61.17%"
"[프레임과 시트를 연결 후 빨간색으로 표시된 홈에 캐노피를 끼워넣으면 돼요. 점점 유모차의 모습이 나타나는 호크트위스터 ♡ ], 부정 텍스트 확률 : 90.38%"
"[시트에 이너시트를 연결하고], 부정 텍스트 확률 : 67.10%"
"[안전벨트까지 연령 홈에 맞춰서 끼우면 끝울 홍삼이는 개월이니 아랫쪽 홈에 끼우면 돼요 ], 부정 텍스트 확률 : 55.22%"
"[캐노피에 선바이저까지 연결하면 조립 끝 ], 부정 텍스트 확률 : 71.10%"
"[홍삼아 시승하러 나가볼까??? ㅎㅎ ], 부정 텍스트 확률 : 62.60%"
"[디럭스 유모차 답게 ....... 제대로 뽐나는 호크트위스터오르막길에서도 브레이크 작동 문제 없구요], 부정 텍스트 확률 : 96.27%"
"[호크트위스트의 가장 매력적인 기능을 뽑으라면 단연 도 회전이 아닌가요 ?? 아직은 엄마안보이면 엉엉 우는 우리 홍삼이울음 뚝 그치게 만드는 도 회전되는 양대면 유모차로호크트위스터 한손으로도 조작이 가능하도록 손잡이측 레버만 당기면 끝 다음편에는 도 양대면 회전에 대해서 좀더 상세하게 포스팅할께요], 부정 텍스트 확률 : 85.81%"
"[.일일 일간 서울코엑스 베이비페어에 호크트위스터가 참여한다고하니 직접 제품을 체험해보고 싶거나 궁금하신 분들은 해당부스에 찾아가보시면 좋을것 같아요. ], 부정 텍스트 확률 : 62.69%"
"[본 포스팅은 ], 부정 텍스트 확률 : 55.91%"
"[호크트위스터로 부터 제품을 지원받아 작성한 후기입니다. ], 부정 텍스트 확률 : 61.75%"
"[ 맘껏스쿨베이비조선 제회 맘껏스쿨 용산 산모교실], 부정 텍스트 확률 : 61.97%"
"[베이비조선에서 개최하는 맘껏스쿨제회 용산 산모교실 후기 ], 부정 텍스트 확률 : 74.30%"
"[경품추첨 시간 ], 부정 텍스트 확률 : 81.90%"
"[ 오르빗 논현하이베베 혜택받아 구입하기 ], 부정 텍스트 확률 : 53.57%"
"[날씨가 참 좋은 월이죠월에 안 나가면 언제 나가나요이렇게 좋은 날씨가 유모차타고 슝슝 놀러나가야죠그래서 유모차 알아보러 논현 하이베베를 들렸어요 ], 부정 텍스트 확률 : 69.14%"
"[오르빗베이비 올인팩의 최대 장점이 카시트도 되고 유모차도 된다는 점이죠신생아유모차로는 딱이예요 ], 부정 텍스트 확률 : 89.50%"
"[그래도 오르빗에 반한 것은 바로 이렇게 도 회전디럭스유모차라는 점 ], 부정 텍스트 확률 : 83.73%"
"[저는 딸맘도 아닌데 왜이리 핑크가 이쁜지........ㅎㅎㅎ사실 아들도 핑크이긴 하죠], 부정 텍스트 확률 : 86.67%"
"[이번 오르빗유모차 부터 가죽타입의 핸들로 바뀌었어요사실 외출하는 내내 유모차 핸들을 놓치면 안되잖아요 ], 부정 텍스트 확률 : 84.26%"
"[유모차에서 핸들링이 중요한데 그립감이 역시나 오르빗유모차 컵홀더나 휴대폰도 넣을 수 있는 공간도 있으니..........이거 뭐 빠지는게 없는 신생아유모차네요 ], 부정 텍스트 확률 : 96.74%"
"[역시 디럭스 유모차하면 오르빗와 하비유모차가 입에 오르락내리락하잖아요도 회전 유모차는 오르빗가 원조이죠 ], 부정 텍스트 확률 : 62.83%"
"[하이베베 논현전화번호영업시간오전시오후 월요일휴무주차가능 ], 부정 텍스트 확률 : 67.38%"
"[ 진행중 휴대용이 불편한 엄마들 모여라 휴대용 유모차 미니버기 유모차 서포터즈 모집], 부정 텍스트 확률 : 97.44%"
"[웨이워즈 이벤트휴대용이 불편한 엄마들 모여라 휴대용 유모차 ...? . ], 부정 텍스트 확률 : 96.19%"
"[미니버기 유모차], 부정 텍스트 확률 : 53.29%"
"[구성미니버기 유모차 색상 랜덤발송], 부정 텍스트 확률 : 53.29%"
"[이웃을 맺어주세요서로이웃이 가득찼어요. ], 부정 텍스트 확률 : 70.75%"
"[이 글을 스크랩하신 후 스크랩 주소를 공개댓글로 적어주세요], 부정 텍스트 확률 : 64.87%"
"[여기저기 스크랩 많이 하셔서 웨이워즈 이벤트 소개 부탁드려요], 부정 텍스트 확률 : 84.86%"
"[연락처], 부정 텍스트 확률 : 53.29%"
"[우편번호를 남기신 댓글의 비밀댓글로 남겨주세요], 부정 텍스트 확률 : 62.89%"
"[당첨자 분들에게는 확인댓글만 받겠습니다 ], 부정 텍스트 확률 : 71.34%"
"[자 그럼미니버기 유모차 구경해볼게요 ], 부정 텍스트 확률 : 91.61%"
"[미니버기 유모차 구경 잘 하셨나요?? ...? . ], 부정 텍스트 확률 : 74.58%"
"[휴대용이 불편한 엄마들 모여라 휴대용 유모차], 부정 텍스트 확률 : 97.44%"
"[미니버기 유모차 사용해보세요월 일부터 월 일까지서포터즈를 모집하오니많은 참여 부탁드립니다 ...? . ], 부정 텍스트 확률 : 66.51%"
"[▲세피앙사이트 놀러가기 ], 부정 텍스트 확률 : 58.74%"
"[ 미니버기안전바미니버기 유니온잭빈티지 범퍼바 장착후기 ], 부정 텍스트 확률 : 81.49%"
"[디자인], 부정 텍스트 확률 : 53.29%"
"[핸들링], 부정 텍스트 확률 : 53.29%"
"[안전성], 부정 텍스트 확률 : 53.29%"
"[아이 앉는 모습 등여러가지 조건으로 절충형 유모차를 심사숙고 하여 미니버기로 결정했을때딱 한가지 걸리는 점이 안전바가 없다는 거였어요.근데 알고보니 판매처 마다 안전바가 포함 되어있기도 하고], 부정 텍스트 확률 : 98.32%"
"[여기에 맞는 ], 부정 텍스트 확률 : 70.53%"
"[로 표기되어 오른쪽왼쪽 을 ], 부정 텍스트 확률 : 66.08%"
"[구별하게 되어있으니], 부정 텍스트 확률 : 56.70%"
"[ 이것만 잘 보고 끼우시면 거꾸로 장착할 일은 없을것 같아요. ], 부정 텍스트 확률 : 84.72%"
"[ 날씨가 추워져서 하비 유모차에 커버를 씌워줬어요 세피앙몰에서 오르빗 사계절커버로 구매해서 사용중인건데요 ], 부정 텍스트 확률 : 81.28%"
"[오르빗], 부정 텍스트 확률 : 53.29%"
"[ 오르빗], 부정 텍스트 확률 : 53.29%"
"[ 오르빗], 부정 텍스트 확률 : 53.29%"
"[호크트위스터], 부정 텍스트 확률 : 53.29%"
"[도 침대형 시트 로 변환이 가능하기 때문에 신생아들도 안정감있게 탈 수 있어요 ], 부정 텍스트 확률 : 66.72%"
"[ 식당 테이블 옆에 유모차를 두고 제가 앉아있을 때 옆에서 바라본 높이인데요], 부정 텍스트 확률 : 50.87%"
"[ 식사를 다 하고다시 나무길을 따라 올라갔는데요], 부정 텍스트 확률 : 55.12%"
"[친정 엄마 키가 인데 딱 이정도 높이가 되요.], 부정 텍스트 확률 : 83.42%"
"[ 우리 아들이랑사진 찍어봤어요], 부정 텍스트 확률 : 54.96%"
"[ 아 그리고 전 기저귀 가방에 온갖 용품들을 넣어가지고 다녀요 혹시 모를 상황을 대비하는 차원이랄까...?그래서 유모차걸이에 가방을 걸기도 하지만 너무 무거워서 유모차기우뚱 해지는 느낌이 있을 땐 장바구니에 넣어 다니는데요], 부정 텍스트 확률 : 92.87%"
"[ 디럭스유모차 호크 트위스터호크 트위스터 디럭스 유모차멜란지 그레이], 부정 텍스트 확률 : 53.29%"
"[ 디럭스유모차 ], 부정 텍스트 확률 : 53.29%"
"[ 할인정보 ], 부정 텍스트 확률 : 53.29%"
"[호크 트위스터호크 트위스터 디럭스 유모차멜란지 그레이], 부정 텍스트 확률 : 53.29%"
"[ ▼ ], 부정 텍스트 확률 : 53.29%"
"[ . ], 부정 텍스트 확률 : 62.92%"
"[ .제품 리얼후기 더보기 ∇ ], 부정 텍스트 확률 : 73.73%"
"[◆ 취급방법 및 취급시 주의사항], 부정 텍스트 확률 : 53.29%"
"[안전표시 반드시 안전벨트를 사용할 것 아이를 태운 상태에서 시트를 분리 이동하지말 것 기타 사항은 상품 설명서 참고◆ 색상 상단 이미지 참고◆ 재질 알루미늄 폴리에스터◆ 사용연령 또는 체중범위 신생아세까지◆책임자와 전화번호 상세 페이지를 참조 하세요◆ 품명 및 모델명◆ 품질보증기준 관련 법 및 소비자 분쟁 해결 기준을 따름 소비자 분쟁...], 부정 텍스트 확률 : 91.24%"
"[더보기◆ 제조자수입자 제조자 수입자 세피앙◆ 크기프레임 .시트 .◆ 중량 상품 상세설명 참조◆ 동일모델의 출시년월 ◆ 제조국 상품 상세설명 참조◆인증 필 유무 ◆ 쿠팡상품번호], 부정 텍스트 확률 : 52.49%"
"[ . ], 부정 텍스트 확률 : 62.92%"
"[ .상품정보 더보기 ∇ ], 부정 텍스트 확률 : 73.73%"
"[ .?디럭스디럭스.?트위스터트위스터.? ], 부정 텍스트 확률 : 53.29%"
"[ .?외출용품외출용품.?상세상세 ], 부정 텍스트 확률 : 53.29%"
"[ .?출산준비물출산준비물.?호크호크 .?그레이그레이.?출산출산 ], 부정 텍스트 확률 : 53.29%"
"[ .?유아동유아동.?참조참조 ], 부정 텍스트 확률 : 53.29%"
"[ .?디럭스유모차디럭스유모차.?유모차유모차 ], 부정 텍스트 확률 : 53.29%"
"[ 하비 유모차 액세서리호크 유모차 정리함], 부정 텍스트 확률 : 69.72%"
"[유모차 클립 후기 ], 부정 텍스트 확률 : 53.29%"
"[저희 민블리가 타는 중인 하비 유모차 후기 이벤트에 참여하고 상품으로 받은 유모차 액세서리 후기 간다니 남겨 봅니당 ], 부정 텍스트 확률 : 82.45%"
"[이너 포켓 개], 부정 텍스트 확률 : 90.24%"
"[유모차 클립 ], 부정 텍스트 확률 : 53.29%"
"[유모차 클립이지요.고급진 케이스에 담겨져 와서 깜놀했어요외국 제품이더라구요가격은 달러 정도.세피앙몰에는 없는 것 같아요. ], 부정 텍스트 확률 : 74.48%"
"[요런식으로 가방을 걸고 다니는 제품인데 ], 부정 텍스트 확률 : 80.84%"
"[유모차 정리함과 같이 사용하려니클립을 멀찍이 장착해야 했지요. ], 부정 텍스트 확률 : 63.19%"
"[클립도 짱짱해요.헐겁지 않아서 안심 ], 부정 텍스트 확률 : 72.29%"
"[이렇게 장착하고 다닌답니다.에코백의 끈 길이가 길어서멀찍이 장착한 클립에 집혀주니 다행ㅋ ], 부정 텍스트 확률 : 78.77%"
"[하비 유모차 구입 및 사용 후기 쓰고 받은유모차 액세서리 사용 후기 끝겨울이지만 유모차 외출 하고 싶네요. ], 부정 텍스트 확률 : 73.52%"
"[ 세피앙몰 차세대교감 디럭스유모차 하비 유모차 런칭기념 예약판매 실시해요.. ], 부정 텍스트 확률 : 76.99%"
"[네덜란드 유모차 하비유모차가 런칭했어요 고품격 차세대 교감 디럭스유모차 사전예약 이벤트를 실시하니 ], 부정 텍스트 확률 : 61.58%"
"[세피앙몰 하비유모차 사전예약 바로가기 ], 부정 텍스트 확률 : 58.74%"
"[ ....? ....? ], 부정 텍스트 확률 : 53.29%"
"[사전예약 이벤트에 참여하시면], 부정 텍스트 확률 : 62.96%"
"[ 오르빗시승후기세피앙], 부정 텍스트 확률 : 64.12%"
"[코엑스 베페], 부정 텍스트 확률 : 53.29%"
"[오르빗시승후기세피앙], 부정 텍스트 확률 : 64.12%"
"[코엑스 베페코엑스 베이비페어가 열리기전], 부정 텍스트 확률 : 75.70%"
"[그리하여 코엑스 베페 베이비페어 첫날], 부정 텍스트 확률 : 53.29%"
"[브라이텍스], 부정 텍스트 확률 : 64.91%"
"[오르빗], 부정 텍스트 확률 : 53.29%"
"[미니버기], 부정 텍스트 확률 : 53.29%"
"[마칼란], 부정 텍스트 확률 : 53.29%"
"[호크트위스터 등 ], 부정 텍스트 확률 : 71.36%"
"[유명한 육아용품 브랜드가 모여있는 세피앙에서 ], 부정 텍스트 확률 : 70.96%"
"[오르빗 를 시승해보기위해 부스를 찾아갔답니다 ], 부정 텍스트 확률 : 75.16%"
"[밸트는 이중잠금 형태였어요 아래 버클 양쪽을 누른 상태에서 위 빨간 버튼을 눌러서 하나하나 빼면 되더라구요 이중잠금장치로 버클이 풀릴 염려가 없었어요], 부정 텍스트 확률 : 56.99%"
"[우와.. 우리 삐쥬 정말 많이 컸구나 유모차 발판 기본 상태에서는 삐쥬 다리가 접히더라구요그럴때는 아이에게 맞게 조절을 해줘야겠죠], 부정 텍스트 확률 : 62.15%"
"[요거 정말 탐나는 유모차 악세서리였는데요스낵바가 안전바에 장착되어 아이의 간식이나 장난감 등을 놓을수 있더라구요 호환이 되면 따로 구입하고 싶을 정도였어요오르빗 기본 구성으로 스낵트레이라고 본적이 있는데 호환과 개별 판매여부를 좀 알아봐야겠어요 ], 부정 텍스트 확률 : 75.22%"
"[오르빗의 가장 눈에 띄는 매력 장점은아기가 앉은채로 안전하게 유모차 시트를 도 회전해서 양대면은 물론이고 원하는 방향 어디로든 움직일수가 있어요 시트 양쪽 레버를 당긴채 돌려주는 아주 간단한 방법이예요], 부정 텍스트 확률 : 63.68%"
"[유모차 뒷바퀴의 오른쪽 빨간버튼은 브레이크이고 왼쪽 녹색버튼은 브레이크를 푸는거예요 그냥 왼쪽과 오른쪽을 발로 밟아주기만 하면 되는거니 브레이크 작동 방법이 굉장히 간편했어요 발로 밟고 발등으로 당기는 한개의 브레이크는 사용하다보면 신발이 더러워지기도 하거든요], 부정 텍스트 확률 : 94.45%"
"[핸들 길이 조절 방식은 손잡이 끝부분에 돌출된블랙 버튼을 엄지손가락으로 양쪽 누른 상태에서 움직이면 된답니다 그리고 엄마의 수납공간까지 기본으로 장착되어 있더라구요따로 구매할 필요가 없네요], 부정 텍스트 확률 : 89.33%"
"[장바구니는 앞뒤 양쪽으로 열리고밴딩처리 되어있어서 당겨주면 된답니다 세피앙 부스에 오기전 구매했던 옷 쇼핑백 두개를 넣었는데요쏘옥 들어갔어요 밴드를 당겨서 하는거라 이 방식이 편한 분들도 있겠지만 불편해할 분들도 계실듯 했어요 장바구니에서는 호불호가 갈릴듯], 부정 텍스트 확률 : 80.87%"
"[스낵트레이랑 엄마 수납바구니 마음에 들어요삐쥬도 뽀로로 물을 올려보며 신이 났어요 직원 언니에게 수줍게 고마워하는 눈길을 보내기도 했다죠저는 핸드폰을 올려봤는데요칸막이 부분에 실리콘같은 무언가가 있는데물이나 음료 컵을 올려뒀을때 흔들리거나 넘어지지 않도록 잡아주기도 하더라구요 ], 부정 텍스트 확률 : 61.55%"
"[디럭스유모차 세일제품 ★사은품증정★ 이지워커 미니버기색상선택 휴대용], 부정 텍스트 확률 : 95.50%"
"[색상옥스포드블랙 ], 부정 텍스트 확률 : 53.29%"
"[ ★사은품증정★ 이지워커 미니버기색상선택 휴대용], 부정 텍스트 확률 : 96.26%"
"[ ▼ ], 부정 텍스트 확률 : 53.29%"
"[ . ], 부정 텍스트 확률 : 62.92%"
"[ .제품 리얼후기 더보기 ∇ ], 부정 텍스트 확률 : 73.73%"
"[▷ 동일모델의 출시년월▷ 품명 및 모델명미니버기색상선택▷책임자와 전화번호상세 페이지를 참조 하세요▷ 재질프레임알루미늄 시트폴리에스테르▷ 제조국상품 상세설명 참조▷ 쿠팡상품번호▷ 색상유니온잭클래식▷ 중량상품 상세설명 참조▷ 크기 펼쳤을때접었을때 ▷ 품질보증기준소비자 분쟁 해결 기준과 상이함 품질보증구입일로부터 년 반품교환 등상품기술서 하단 참고 및 관련법규에 따라 처리▷ 제조자수입자제조자 수입자세피앙▷인증 필 유무한국건설생활환경시험연구원 ▷ 취급방법 및 취급시 주의사항], 부정 텍스트 확률 : 86.53%"
"[안전표시표백제 및 드라이크리닝 금지 그외 상품기술서 하단 참고▷ 사용연령 또는 체중범위 개월 권장 ], 부정 텍스트 확률 : 96.29%"
"[ . ], 부정 텍스트 확률 : 62.92%"
"[ .제품정보 더보기 ∇ ], 부정 텍스트 확률 : 73.73%"
"[ .?.?이지워커이지워커.?색상선택색상선택 ], 부정 텍스트 확률 : 96.45%"
"[ .?미니버기미니버기.?유아동유아동 ], 부정 텍스트 확률 : 90.78%"
"[ .?유모차유모차.?디럭스유모차디럭스유모차 ], 부정 텍스트 확률 : 53.29%"
"[ .?외출용품외출용품.?출산출산 ], 부정 텍스트 확률 : 53.29%"
"[ .?증정★증정★.?옥스포드블랙옥스포드블랙 ], 부정 텍스트 확률 : 53.29%"
"[ .?★사은품★사은품.?색상색상 ], 부정 텍스트 확률 : 53.29%"
"[ .?선물선물.?출산준비물출산준비물 ], 부정 텍스트 확률 : 53.29%"
"[첫째 유모차카시트식탁의자를 구입하며], 부정 텍스트 확률 : 60.25%"
"[처음 인연을 맺었던 세피앙몰], 부정 텍스트 확률 : 50.71%"
"[제가 무지 애정하는 이유는], 부정 텍스트 확률 : 73.47%"
"[가입할 때 적립금만 해도 ], 부정 텍스트 확률 : 78.58%"
"[ 원 이벤트 중이예요], 부정 텍스트 확률 : 53.29%"
"[브라이텍스], 부정 텍스트 확률 : 64.91%"
"[오르빗], 부정 텍스트 확률 : 53.29%"
"[미니버기], 부정 텍스트 확률 : 53.29%"
"[호크 식탁의자], 부정 텍스트 확률 : 53.29%"
"[베블룸 등 다양한 브랜드의 제품을 최대할인리퍼상품 한대요], 부정 텍스트 확률 : 65.40%"
"[얼른 달려가야 되겠어유♡.... ], 부정 텍스트 확률 : 72.25%"
"[ .?세피앙몰세피앙몰.?세피앙몰블프세피앙몰블프.?블랙프라이데이블랙프라이데이.?브라이텍스카시트브라이텍스카시트.?유모차유모차.?식탁의자식탁의자 ], 부정 텍스트 확률 : 67.62%"
"[ 세피앙몰 원터세일 이가격 실화냐? ], 부정 텍스트 확률 : 95.26%"
"[화요일 핫특가 등 다양한 이벤트가 진행되고있는], 부정 텍스트 확률 : 95.79%"
"[할인하네요. ], 부정 텍스트 확률 : 71.69%"
"[맥클라렌소비자가 뽑은 유모차 부분 최고점을 획득한 브랜드죠. 소비자와 전문가가 인정한 테스트 항목에서도 높은 점수를 받은 맥클라렌 그남자의 물건에서 유모차 비교하는것 봤는데 역시 안전성에 눈이 가더라구요. 맥클라렌도 풋머프 로], 부정 텍스트 확률 : 53.90%"
"[ ....?구경가기 ], 부정 텍스트 확률 : 53.29%"
"[ ....? ....? ....? ], 부정 텍스트 확률 : 53.29%"
"[ 세피앙몰스프링세일 시작했네요], 부정 텍스트 확률 : 55.13%"
"[세피앙몰 ], 부정 텍스트 확률 : 58.74%"
"[기간. . .], 부정 텍스트 확률 : 64.77%"
"[ 오늘은 세피앙몰 블랙프라이데이리퍼상품 최대 할인행사 시작합니다 ], 부정 텍스트 확률 : 71.58%"
"[ 세피앙몰.금.일], 부정 텍스트 확률 : 51.28%"
"[단 일 ], 부정 텍스트 확률 : 55.72%"
"[한정수량으로 진행되는 행사로브라이텍스], 부정 텍스트 확률 : 91.60%"
"[오르빗], 부정 텍스트 확률 : 53.29%"
"[미니버기], 부정 텍스트 확률 : 53.29%"
"[호크 식탁의자], 부정 텍스트 확률 : 53.29%"
"[박스개봉상품급], 부정 텍스트 확률 : 76.86%"
"[리퍼브상품급], 부정 텍스트 확률 : 64.71%"
"[리퍼 상품이라도 세피앙몰에서 구입하면 포토후기 이벤트], 부정 텍스트 확률 : 93.09%"
"[정품등록 가 정상 상품과 동일하게 된다는 점이 ], 부정 텍스트 확률 : 56.99%"
"[ 새창으로 열림 ...? 지금바로 세피앙몰로 고고 오늘부터 열린 세피앙몰 블랙프라이데이 행사 놓이지 마세요새창으로 열림 ...? ], 부정 텍스트 확률 : 57.74%"
"[...? ], 부정 텍스트 확률 : 53.29%"
"[올해 월], 부정 텍스트 확률 : 53.29%"
"[수유의자], 부정 텍스트 확률 : 53.29%"
"[이벤트적립금], 부정 텍스트 확률 : 53.29%"
"[.세피앙몰회원가입시적립금], 부정 텍스트 확률 : 69.64%"
"[ 원특별쿠폰번호보러가기 ], 부정 텍스트 확률 : 57.66%"
"[↓ ....], 부정 텍스트 확률 : 70.23%"
"[이벤트소문내기이벤트 ], 부정 텍스트 확률 : 53.29%"
"[참여방법], 부정 텍스트 확률 : 53.29%"
"[↓명아크로뱃유모차], 부정 텍스트 확률 : 65.18%"
"[ 원상당 명아기띠], 부정 텍스트 확률 : 56.23%"
"[ 원상당 명세피앙몰적립금], 부정 텍스트 확률 : 53.29%"
"[ 원 참여하러가기], 부정 텍스트 확률 : 66.90%"
"[↓ .... .. ], 부정 텍스트 확률 : 74.44%"
"[ 호크 트위스터호크 트위스터 디럭스 유모차멜란지 네이비], 부정 텍스트 확률 : 53.29%"
"[ ▼ ], 부정 텍스트 확률 : 53.29%"
"[ . ], 부정 텍스트 확률 : 62.92%"
"[ .제품 리얼후기 더보기 ∇ ], 부정 텍스트 확률 : 73.73%"
"[◆ 크기프레임 .시트 .◆ 품질보증기준 관련 법 및 소비자 분쟁 해결 기준을 따름 소비자 분쟁...], 부정 텍스트 확률 : 60.57%"
"[더보기◆ 중량 상품 상세설명 참조◆ 품명 및 모델명◆ 재질 알루미늄 폴리에스터◆ 색상 상단 이미지 참고◆ 제조자수입자 제조자 수입자 세피앙 ], 부정 텍스트 확률 : 95.59%"
"[ . ], 부정 텍스트 확률 : 62.92%"
"[ .상품정보 더보기 ∇ ], 부정 텍스트 확률 : 73.73%"
"[ .?참조참조.?호크호크.?외출용품외출용품 ], 부정 텍스트 확률 : 53.29%"
"[ .?.?출산출산 ], 부정 텍스트 확률 : 53.29%"
"[ .?유모차유모차.?멜란지멜란지 ], 부정 텍스트 확률 : 53.29%"
"[ .?유아동유아동.?선물선물 ], 부정 텍스트 확률 : 53.29%"
"[보고 계시는 글은 일정 커미션 광고를 지급받는 제휴 마케팅 광고로 진행됩니다. ], 부정 텍스트 확률 : 73.51%"
"[절충형유모차 맥클라렌테크노유모차], 부정 텍스트 확률 : 53.29%"
"[페르시안로즈 ], 부정 텍스트 확률 : 71.18%"
"[페르시안로즈 ], 부정 텍스트 확률 : 71.18%"
"[ ▼ ], 부정 텍스트 확률 : 53.29%"
"[🌟🌟🌟🌟🌟배송빠르고 상품도 아기가편안해하는거 같아 좋아요무엇보다 신생아때 부터오래 쓸수있다니 만족합니다냄새도 안나고 좋은데 바퀴에서소리가 나니 을.... . ], 부정 텍스트 확률 : 84.25%"
"[ 더보기 ], 부정 텍스트 확률 : 67.24%"
"[⭐⭐⭐⭐⭐풀차양막에 원터치 등받이조절이라사용하기편해요 바구니도넓고 바퀴도 인치소재듀얼바퀴라 충격흡수도잘되고 아기도 편안해.... . ], 부정 텍스트 확률 : 61.26%"
"[ 더보기 ], 부정 텍스트 확률 : 67.24%"
"[ . ], 부정 텍스트 확률 : 62.92%"
"[ .제품 리얼후기 더보기 ∇ ], 부정 텍스트 확률 : 73.73%"
"[상품정보 ], 부정 텍스트 확률 : 53.29%"
"[ . ], 부정 텍스트 확률 : 62.92%"
"[ .제품정보 더보기 ∇ ], 부정 텍스트 확률 : 73.73%"
"[ .?선물선물.?외출용품외출용품.?출산준비물출산준비물 ], 부정 텍스트 확률 : 53.29%"
"[ .?맥클라렌맥클라렌.?출산출산 .?유모차유모차.? ], 부정 텍스트 확률 : 53.29%"
"[ .?.?페르시안로즈페르시안로즈 .?테크노테크노.?유아동유아동 ], 부정 텍스트 확률 : 76.52%"
"[해당 글은 일정 커미션 광고를 지급받는 제휴 마케팅 광고로 이루어집니다. ], 부정 텍스트 확률 : 54.87%"
"[ 휴대용 유모차 기내반입가능한 미니버기 사용 솔직 후기 ], 부정 텍스트 확률 : 80.31%"
"[휴대용 유모차 기내반입가능한 미니버기 사용 솔직 후기오랜만에 후기...포스팅 ㅋㅋㅋㅋㅋ저는 육아 용품 대부분이 물려 받은 거에요 유모차도 마찬가지인데.. 휴대용은 하나 있어야 할 것 같아서 새것으로 구매이것저것요것 고민하다가 긴고민끝에 고른 미니버기처음에 미니버기 사는 사람들 보면서 다 겉멋만 들었다고 생각했는데.. ㅋㅋ제가 삿네요 ㅋㅋㅋㅋ 삿어요 ㅋㅋㅋㅋㅋㅋ베페가서 진짜 몇시간을 비교하고 고민해보고.. 그러고 집에 돌아와서 며칠이나 고민하고 또 고민해서 산 휴대용유모차에요 ], 부정 텍스트 확률 : 97.68%"
"[세피앙몰에서 구매하고 택배로 받은이날만을 기다렸어요... 드디어 택배를 뜯어봅니다 ], 부정 텍스트 확률 : 73.08%"
"[접어져서 온 유모차 아주 작은 사이즈로 접힙니다무게는 키로로 휴대용유모차로 아주 적합만 무게를 자랑합니다 ], 부정 텍스트 확률 : 87.97%"
"[휴대용 유모차에타서 꿀잠자고 있는 은차니유모차 한번 둘러볼까요 ], 부정 텍스트 확률 : 56.00%"
"[등급의 캐노피가 있어요 풀캐노피 모드로 변경 중 ㅋㅋㅋ옆에 지퍼가 있어요지퍼열면 더 긴 풀캐노피로 미니버기를 만날 수 있답니다], 부정 텍스트 확률 : 54.10%"
"[숨겨져 있는 미니버기풀캐노피 모드로 보면 옆에 환풍창이 있어요유모차 안 공기를 쾌적하게 순환시켜주고누워있는 아들내미를 볼 수 있지요 ㅋㅋㅋ ], 부정 텍스트 확률 : 54.44%"
"[도 까지 조절이 가능한 휴대용 유모차 미니버기 뒤에서도 유아확인창으로 아기의 상태를 볼 수 있지요], 부정 텍스트 확률 : 88.66%"
"[친정 엄빠가 집으로 놀러왔을때 또 끌고 갓지요엄마 사..살려주세요 표정? ㅋㅋㅋㅋ유모차만 타면 뚱해지는 찬이 ㅋㅋㅋㅋ울지 않는거 보면 편안하긴 한가봐요 ㅋㅋㅋㅋ ], 부정 텍스트 확률 : 63.61%"
"[바람이 불던 날이라 은차니 감기걸릴까 싶어서 뒤로 끌고가는 친정아빠 ㅋㅋ핸들링이 너무 좋기 떄문에 어느 방향으로 끌어도 문제 없이잘끌어 집니다휴대용 유모차를 고를때 몇가지 보는게..얼마나 누워지는지 애기들이 유모차에서 자는 경우가 많기 때문이죠 ㅋㅋ그리고 핸들링이 얼마나 좋은지..유모차의 생명은 핸들링이쥬 ㅋㅋ휴대용유모차로 유명한 요 유모차 ㅋㅋ비교했을때 별 차이가 없어요 다들 요가 조금더 좋다곤하지만미니버기도 충분히 최고의 핸들링을 자랑합니다핸들링 하나만 보고 유모차를 고른게 아니기에 요가 아닌 미니버기로 선택 ], 부정 텍스트 확률 : 58.94%"
"[지금보다 좀더 어릴떄가 더 귀욤귀욤했던 은차니네요 ㅋㅋㅋ턱살을 자랑합니다입술왕귀욤 ㅋㅋㅋ ], 부정 텍스트 확률 : 65.24%"
"[유모차만 타면 같은표정인듯 ㅋㅋㅋㅋㅋㅋㅋ편안하다는 표정인거 같아요절대 울지 않습니다 ㅋㅋㅋㅋ ], 부정 텍스트 확률 : 74.59%"
"[급할땐 유모차에서 이유식 먹이기 ㅋㅋㅋ이모가 주는 사과퓨레별 불편함 없이 먹였어요 ㅋㅋ불편해서 짜증 아니고 먹기 싫어서 짜증난 차니 ㅋㅋㅋ ], 부정 텍스트 확률 : 99.88%"
"[역시나 유모차에선 꿀잠 잠이 들었을때는 편안하게 눕혀 줘야겟죠 이 각도도 중요시 여기는 분들이 많더라구요무려도 까지 내려갑니다 ㅋㅋ베페에서 미니버기파시던분이 말해주셨는데 ㅋㅋㅋ요유모차보다 더 많이 눕혀진다고 하시던 미니버기 팔기전에 요유모차를 팔았었다고 하면서 장단점 말해쥼 ㅋㅋㅋ ], 부정 텍스트 확률 : 86.44%"
"[디럭스유모차 세일상품★사은품증정★ 이지워커 미니버기빈티지블랙 휴대용 기내반입 유모차], 부정 텍스트 확률 : 90.57%"
"[ 세일중 ★사은품증정★ 이지워커 미니버기빈티지블랙 휴대용 기내반입 유모차], 부정 텍스트 확률 : 67.82%"
"[ ▼ ], 부정 텍스트 확률 : 53.29%"
"[ . ], 부정 텍스트 확률 : 62.92%"
"[ .제품 리얼후기 더보기 ∇ ], 부정 텍스트 확률 : 73.73%"
"[ 재질 프레임알루미늄 시트폴리에스테르인증 필 유무 한국건설생활환경시험연구원제조자수입자 제조자 수입자세피앙 제조국 상품 상세설명 참조 품명 및 모델명 미니버기유니온잭 빈티지책임자와 전화번호 상세 페이지를 참조 하세요 품질보증기준 소비자 분쟁 해결 기준과 상이함 품질보증구입일로부터 년 반품교환 등상품기술서 하단 참고 및 관련법규에 따라 처리 크기펼쳤을때접었을때중량 상품 상세설명 참조 사용연령 또는 체중범위개월 권장 취급방법 및 취급시 주의사항], 부정 텍스트 확률 : 82.93%"
"[안전표시 표백제 및 드라이크리닝 금지 그외 상품기술서 하단 참고 쿠팡상품번호], 부정 텍스트 확률 : 96.29%"
"[ . ], 부정 텍스트 확률 : 62.92%"
"[ .상세정보 더보기 ∇ ], 부정 텍스트 확률 : 73.73%"
"[ .?디럭스유모차디럭스유모차.?기내반입기내반입.?선물선물 ], 부정 텍스트 확률 : 57.31%"
"[ .?★사은품증정★★사은품증정★.?참조참조 ], 부정 텍스트 확률 : 53.29%"
"[ .?빈티지블랙빈티지블랙.?설명설명 ], 부정 텍스트 확률 : 50.84%"
"[ .?휴대용휴대용.?출산준비물출산준비물 ], 부정 텍스트 확률 : 91.72%"
"[ .?출산출산.?미니버기미니버기 ], 부정 텍스트 확률 : 90.78%"
"[ .?유모차유모차.?외출용품외출용품 .?유아동유아동.?상세상세 ], 부정 텍스트 확률 : 53.29%"
"[디럭스 유모차오르빗멜란지 네이비 구매후기 ], 부정 텍스트 확률 : 53.29%"
"[디럭스 유모차오르빗멜란지 네이비 구매후기 ], 부정 텍스트 확률 : 53.29%"
"[일찌감치 뿜뿜이 유모차는 오르빗으로 찜을 해뒀다.백화점에서 유모차 투어할 때내 관심대상은 오르빗스토케잉글레시나 트릴로지하비잉글레시나 트릴로지와 하비는 한번에 폴딩되는 장점이 있는 반면에 가벼운만큼 내구성이 튼실해 보이진 않았다.그리고 가벼움을 강조하시던데..여자인 내가 들기에 도 도똑같이 무거웠다 ㅜㅜ스토케랑 오르빗은 가격이 비슷하고한번에 폴딩은 되지 않지만 바퀴], 부정 텍스트 확률 : 89.15%"
"[유모차 하체가 튼튼하고디자인은 단연 스토케 .. 내구성 및 부가 기능은 단연 오르빗이었다. 다 돌아보고 오빠가 스토케 보고 한 말이 아직도 잊혀지지가 않는다 도 돌아가지도 않는데 왜이렇게 비싸ㅋㅋㅋㅋㅋㅋㅋㅋㅋㅋㅋㅋㅋㅋㅋㅋㅋㅋㅋㅋㅋㅋㅋㅋㅋㅋㅋ이미 오빠는 마음속에 오르빗을 두고 있었다.하지만 가격이 너무 비싸서고민을 하고 있었는데 때마침 블랙프라이데이 세일어머 이건 사야돼 ], 부정 텍스트 확률 : 68.77%"
"[블랙프라이데이 행사로리퍼상품을 만원에 판다는 특가가 나왔다백화점에서 할인 다받고 만원 후반에 사려고 맘먹었던 나로써는엄청난 할인가였다. 여기다 생일쿠폰까지 받으면 더 싸게 구매할 수 있는 절호의 기회처음에 리퍼상품이라고 해서 걱정했지만누가 쓰던제품이 아닌 기능과 성능은 동일하되스크레치 좀 있는 상품이라고 해서 그냥 망설이지 않고 구매원래 나는 가방이든..물건을 사면 일 이내에 스크레치가 잘 나기때문에스크레치에 예민하지가 않다.근데 물건을 받고보니 스크레치도 없고 이염도 없고내눈엔 안보이는 완전 새상품이었다. ], 부정 텍스트 확률 : 77.54%"
"[차광막장바구니본체 ], 부정 텍스트 확률 : 93.78%"
"[아가의자메모리폼간식통발받침대오르빗의 장점중 하나가 도 회전에다가저 발 받침대가 다리 길이에 맞게 조절이 된다는 점유모차라면 당연 다리길이가 조절되야 할거같은데..은근 안되는 브랜드가 많다 ], 부정 텍스트 확률 : 98.10%"
"[바퀴달기 전 오르빗의 모습도 돌리기 너무 쉽고 뿜뿜이랑 동물원], 부정 텍스트 확률 : 78.15%"
"[잠시 내려두고바퀴를 달기로 ], 부정 텍스트 확률 : 51.60%"
"[바퀴 조립도 쉬웠다 딱딱 끼우기만 하면 되고 완전 튼튼 ], 부정 텍스트 확률 : 57.69%"
"[ 악세서리 증정이지워커 찰리나이트블랙절충형유모차 절충형유모차 ], 부정 텍스트 확률 : 82.45%"
"[ 할인제품 ], 부정 텍스트 확률 : 53.29%"
"[할인제품 절충형유모차 악세서리 증정이지워커 찰리나이트블랙절충형유모차할인정보 ], 부정 텍스트 확률 : 82.45%"
"[ ▼ ], 부정 텍스트 확률 : 53.29%"
"[ . ], 부정 텍스트 확률 : 62.92%"
"[ .제품 리얼후기 더보기 ∇ ], 부정 텍스트 확률 : 73.73%"
"[◆ 제조국■ 제조국중국■ 제조사이지워커◆ 색상■ 기술서참고◆ 크기■ 펼칠시접을시.캐노피 제외◆ 동일모델의 출시년월■ 년 월◆ 취급방법 및 취급시 주의사항], 부정 텍스트 확률 : 95.72%"
"[안전표시■ 표백제 및 드라이크리닝 금지그외 상품기술서 하단 참고◆ 품명 및 모델명■ 찰리◆ 제조자수입자■ 제조자. . 수입자세피앙◆ 품질보증기준■ 품질보증구입일로부터 년반품교환 등상품기술서 하단 참고 및 관련법규에 따라 처리 ], 부정 텍스트 확률 : 99.73%"
"[ . ], 부정 텍스트 확률 : 62.92%"
"[ .상세정보 더보기 ∇ ], 부정 텍스트 확률 : 73.73%"
"[ .?선물선물.?이지워커이지워커.?나이트블랙나이트블랙 ], 부정 텍스트 확률 : 75.94%"
"[ .?찰리찰리.?유모차유모차 ], 부정 텍스트 확률 : 53.29%"
"[ .?유아동유아동.?출산준비물출산준비물 ], 부정 텍스트 확률 : 53.29%"
"[ .?악세서리악세서리.?출산출산 ], 부정 텍스트 확률 : 53.29%"
"[ .?외출용품외출용품.?절충형유모차절충형유모차 ], 부정 텍스트 확률 : 53.29%"
"[ 호크 트위스터 유모차 구매후기 ], 부정 텍스트 확률 : 53.29%"
"[세피앙몰에서 유모차 보상판매 이벤트를 통해 직접구매한 후기 입니다.아직 아기가 일밖에 안되서 외출은 못했지만.... 집에서 사용해봤습니다.울거나 보채는데 무언가를 해야할때], 부정 텍스트 확률 : 58.93%"
"[유모차를 한손으로 끌어도 손목에 부담이 없었습니다.아기도 편해하고 잠까지 재울수있어 좋습니다.아직은 작은 신생아라 유모차 라이너를 구입해야하지만], 부정 텍스트 확률 : 83.14%"
"[너무 만족합니다 ], 부정 텍스트 확률 : 62.94%"
"[ 디럭스 유모차 오르빗구매 및 조립 후기 ], 부정 텍스트 확률 : 53.29%"
"[안녕하세요], 부정 텍스트 확률 : 53.29%"
"[부가부는 디럭스 치고 너무 갸녀린 느낌이 있어서 패스], 부정 텍스트 확률 : 63.31%"
"[색깔은 무난하게 멜란지 그레이로 했구], 부정 텍스트 확률 : 80.90%"
"[베시넷], 부정 텍스트 확률 : 53.29%"
"[ 도 호크 트위스터 유모차 구입후기 부제영역은 지식백과에서만 사용되지만 포스트 엔드에 마크업은 잔존하게 됩니다 기본적으로요소는 입니다 ], 부정 텍스트 확률 : 90.99%"
"[만삭인 몸을 이끌고 장장 시간을 고민끝에 호크 트위스터 디럭스 유모자 결정사실 이 박람회 와서 처음 본 브랜드인데 독일회사라고 한다. 삼둥이 식탁으로 유명한 회사라고?별 생각없이 유모차를 밀어봤는데 엄청 부드럽게 밀리는게 아닌가 디럭스 인데 아주 가볍게 밀렸다.그리고 무엇보다도 도 회전이 손잡이만 돌리면 가볍게 회전한다. 이 제품과 리안스핀], 부정 텍스트 확률 : 97.67%"
"[줄즈 이렇게 세개를 고민했는데 가성비 면에서도 제일 우수해서 호크로 결정한정판이라는 멜란지 그레이로.사은품으로 사계절커버와 가죽 핸들커버 풋머프 양면 이너시트등을 주셨다. 이너시트 한쪽은 메쉬소재라 뒤집으면 계절 사용하게 되어있어 좋다얼른 우리 아가가 커서 유모차 끌고 나들이 가고싶다 ], 부정 텍스트 확률 : 55.86%"
"[트위스터 디럭스 유모차 대박특가 할인 ], 부정 텍스트 확률 : 55.68%"
"[ ..? ], 부정 텍스트 확률 : 53.29%"
"[ ..?], 부정 텍스트 확률 : 53.29%"
"[ ..? 대박특가 할인 트위스터 디럭스 유모차 ], 부정 텍스트 확률 : 55.68%"
"[ ..? ], 부정 텍스트 확률 : 53.29%"
"[현제 상품은 ], 부정 텍스트 확률 : 63.57%"
"[ 원 ], 부정 텍스트 확률 : 53.29%"
"[이나 쿠팡에서], 부정 텍스트 확률 : 72.40%"
"[ 원 ], 부정 텍스트 확률 : 53.29%"
"[ ..? ], 부정 텍스트 확률 : 53.29%"
"[ ..? ], 부정 텍스트 확률 : 53.29%"
"[유모차는 자고로 좋은거 사줍시다 누가 쓰던거 얻어 타다가 바퀴도 작고 흔들림 심해서 돌 지나고 바꿨는데 대만족입니다 이 브랜드가 육아카페 유모차 안에 들었다고 하니 믿고 사셔도 되요 휠감 좋습니다아기가 좋아하고 편안해해요 ], 부정 텍스트 확률 : 68.27%"
"[ ..? ], 부정 텍스트 확률 : 53.29%"
"[ ..? ], 부정 텍스트 확률 : 53.29%"
"[ ..?쿠팡홈출산유아동출산준비물선물외출용품유모차디럭스유모차 ], 부정 텍스트 확률 : 53.29%"
"[ ..? .?호크디럭스형유모차호크디럭스형유모차.?디럭스디럭스.?유모차유모차.?.?트위스터트위스터], 부정 텍스트 확률 : 53.29%"
"[ ..? ], 부정 텍스트 확률 : 53.29%"
"[자세한 문의 사항은 판매자에게 문의 바랍니다 ], 부정 텍스트 확률 : 70.56%"
"[ ..? ], 부정 텍스트 확률 : 53.29%"
"[해당 상품 바로가기 ], 부정 텍스트 확률 : 53.29%"
"[ 오르빗트래블팩유모차카시트 구매 및 설치 후기 ], 부정 텍스트 확률 : 53.29%"
"[이번에 태어날 세를 위해서 예정일 일을 앞두고 유모차를 구입했는데요. 세피앙에서 오르빗 를 구매했습니다. 코엑스 베페 때 보고 너무 탐이 나서 사고 싶었는데 드디어 구매하게 되었네요.색상은 몸체는 블랙에 덮개와 시트는 무난한 멜랑지 그레이로 하였어요. ], 부정 텍스트 확률 : 95.64%"
"[카시트까지 커다란 박스가 세개나 왔어요. ], 부정 텍스트 확률 : 67.47%"
"[곰돌이를 대신 앉혀보았네요 ], 부정 텍스트 확률 : 61.85%"
"[접으면 이렇게 작아진답니다.접기도 편한 오르빗 딸과 돌아다닐 생각하니 벌써 신나는 군요이상 오르빗트래블팩유모차카시트구매및설치후기였습니다. ], 부정 텍스트 확률 : 67.22%"
"[ 하비유모차 이지워커 구입후기사용후기. 하비유모차악세사리 ], 부정 텍스트 확률 : 63.38%"
"[우리 호경이 물려받은 유모차 고장으로 새유모차 사기로 결심하고 코엑스 베페로 고고씸 함.검색할때까지만해도.?하비이지워커하비이지워커 를 몰랐는데 직접가서 둘러본 후 글레시나 릴로지랑.?하비하비 로 좁혀졌고 최종적으로.?하비유모차하비유모차 결제함. 이유인즉슨 디럭스타입인데 타사 절충형만큼 가볍고], 부정 텍스트 확률 : 88.10%"
"[핸들링 부드러워서 컨트롤이 좋았음. 그리고 우리 호경이는 아직 어려서 차양막을 좀 유심히 보고 있던터라 하비 차양막이 힘있는 재질에다 풀로 내려와서 좋았음. 물론 폴딩도 정말 쉬움. 단한가지 아쉬운점은 앞바퀴 고정장치가 너무 작아서 발로 컨트롤하기가 힘들지만 난 대부분 고정안하고 굴리기 때문에 사용하는데 크게 지장은 없을듯함.], 부정 텍스트 확률 : 79.88%"
"[월 글 추가그리고 월 날씨가 추워지면서.?하비풋머프하비풋머프 장착이거 장착하면서 조금 애먹었던게 안전벨트랑 풋머프위치가 안맞으면서 벨트길이조절에 애먹다가 결국 유모차라이너는 빼고 신생아패드만 풋머프아래로 깔았음. 라이너하면 벨트끈길이가 잘맞지않아서 호경이가 신경질 냄. ], 부정 텍스트 확률 : 98.95%"
"[ .?하비시력보호커버하비시력보호커버 를 씌우면 유모차까지 덮이지않음 ], 부정 텍스트 확률 : 87.22%"
"[아래사진같이 풋머프에 걸쳐야만 되는 사이즈.풋머프없을때는 시력보호커버만 씌우고 잘다녔음 ], 부정 텍스트 확률 : 84.98%"
"[심지어 차양막을 풀로 다내려도 사계절커버가 다덮임 ], 부정 텍스트 확률 : 70.30%"
"[ 하비 디럭스유모차 매장에 디피합니다. ], 부정 텍스트 확률 : 66.05%"
"[안녕하세요.출산용품], 부정 텍스트 확률 : 62.92%"
"[ 유아용품], 부정 텍스트 확률 : 53.29%"
"[ 임부복], 부정 텍스트 확률 : 53.29%"
"[ 카톡 ], 부정 텍스트 확률 : 53.29%"
"[ 블로그직접문의 되구요.매장에서 직접끌어보시고 구매를 원하시는분들은 찾아주세요.세종특별자치시 한누리대로], 부정 텍스트 확률 : 62.42%"
"[층 세종베이비파크대중교통이용시 첫마을하차하시면 바로 보입니다.자차이용시 지하주차장이용하시면 되구요.매장에서 시간 무료주차권 증정합니다.오늘은 하비유모차를 매장에 전시했는데요. ], 부정 텍스트 확률 : 94.77%"
"[하비본사 세피앙에서 왔어요.박스를 개봉을 했더니 ], 부정 텍스트 확률 : 82.74%"
"[선착순이벤트까지. . ], 부정 텍스트 확률 : 53.95%"
"[구매를 원하시는분들은 빨리하시는게 좋으시겠죠?다시 프레임을 펼치고 ], 부정 텍스트 확률 : 78.00%"
"[ 프레쉬올리브], 부정 텍스트 확률 : 53.29%"
"[ 스틸그레이 종과 ], 부정 텍스트 확률 : 57.06%"
"[시트높이 아답터 사용시 ], 부정 텍스트 확률 : 71.31%"
"[높여집니다.폴딩도 쉽게 하실수있어요. ], 부정 텍스트 확률 : 65.08%"
"[쌍둥이유모차로 쓸수가있는 하비유모차입니다.시트를 별도 구매하시면 됩니다. ], 부정 텍스트 확률 : 60.96%"
"[도까지 눕혀집니다.양쪽으로 누르시면 발받침조절되구요. ], 부정 텍스트 확률 : 95.02%"
"[바퀴마다 서스펜션이 들어있어서 핸들링과 승차감을 좋게해줍니다.또 부모의체형에 맞게 단계로 손잡이 높낮이 조절이 되구요. ], 부정 텍스트 확률 : 57.59%"
"[양쪽으로 열어서 조절하시고 닫으시면 됩니다. ], 부정 텍스트 확률 : 82.48%"
"[폴딩시에는 여기를 사용하시면 됩니다. ], 부정 텍스트 확률 : 75.70%"
"[더 자세한 내용은 브라이텍스정식수입처 세피앙에서 확인하실수있어요. ], 부정 텍스트 확률 : 86.43%"
"[ 유모차미니버기 사용후기 ], 부정 텍스트 확률 : 53.29%"
"[우리 아기 유모차 어릴때 애미는 뭔지도 잘 모르고 산 디럭스 유모차 ㅎㅎㅎ한번 가지고 나가려면 애미의 손목과 팔목은 너덜너덜결국 아빠가 있는 주말에만 겨우 끌고 나갈 수 있었던 애물단지 ㄷㄷㄷ지금도 먼지가 뽀얗게 앉은 유물이 되었다고....ㅠㅠ애미는 낮에 아기랑 둘이 유모차를 가지고 나가고픈 마음에 인터넷으로 휴대용 유모차를 사게되고... 이 휴대용 유모차는 밖에만 나가면 덜커덩 덜커덩 아기는 이 유모차에서 잠을 잔 적이 없다고 한다...하하하하 ], 부정 텍스트 확률 : 95.10%"
"[네덜란드 교감형 유모차 하비], 부정 텍스트 확률 : 53.29%"
"[한국 등 전세계 개국에 동시 런칭한다는 ], 부정 텍스트 확률 : 53.28%"
"[소식을 듣고 알아봤어요.], 부정 텍스트 확률 : 75.95%"
"[ 기본 스펙부터 살펴볼게요.브랜드네덜란드 모델명하비 종류디럭스유모차 사용월령개월 무게프레임.시트. 기본구성품프레임], 부정 텍스트 확률 : 55.12%"
"[ 시트], 부정 텍스트 확률 : 53.29%"
"[ 숄더패드], 부정 텍스트 확률 : 53.29%"
"[ 안전벨트], 부정 텍스트 확률 : 53.29%"
"[ 장바구니], 부정 텍스트 확률 : 53.29%"
"[ 안전가드 사이즈펼칠시접을시 ], 부정 텍스트 확률 : 53.29%"
"[어댑터를 사용하면높이가까지 올라가서레스토랑및 카페에서 ], 부정 텍스트 확률 : 55.94%"
"[하이체어 대용으로도사용가능하다고해요.유아용 의자 없는 곳에 가면난감할텐데이런 작은 배려들이 큰 도움이 되는것 같아요. ], 부정 텍스트 확률 : 87.00%"
"[확장형 시트인데요], 부정 텍스트 확률 : 51.02%"
"[구현했다고 하네요.], 부정 텍스트 확률 : 77.94%"
"[디럭스 유모차를 선택하는 가장 큰 이유가], 부정 텍스트 확률 : 87.01%"
"[흔들림이잖아요.], 부정 텍스트 확률 : 62.92%"
"[안정성], 부정 텍스트 확률 : 74.36%"
"[하비 디럭스 유모차], 부정 텍스트 확률 : 53.29%"
"[블로그에 다 적을수가 없으니], 부정 텍스트 확률 : 82.42%"
"[ .자세히보기], 부정 텍스트 확률 : 65.13%"
"[ . ], 부정 텍스트 확률 : 62.92%"
"[하비 디럭스 유모차 런칭기념 ], 부정 텍스트 확률 : 53.29%"
"[예약판매 기간에는 혜택이 정말 많은데요.], 부정 텍스트 확률 : 72.24%"
"[만원 상당의 풋머프를구매자 전원에게 준다고 해요.이 뿐아니라하비유모차 할인혜택], 부정 텍스트 확률 : 77.41%"
"[높이 조절 어댑터신생아패드까지 챙겨받으셔요 ], 부정 텍스트 확률 : 52.21%"
"[포토 후기 이벤트도 있는데요.하비 유모차 구매하신 분들은포토 후기 올리시면세피앙몰 적립금을 준다고 하네요.기왕 하비 디럭스 유모차로 결정하셨다면예약판매 기간에 구매하시는게여러모로 혜택이 클것 같아요 .세피앙몰 하비유모차 구매페이지 ], 부정 텍스트 확률 : 88.65%"
"[ 유모차추천 오르빗올블랙 구입기 편 체험단아님 ], 부정 텍스트 확률 : 66.04%"
"[그리하여 고른 유모차는시트 분리 없이 도 양대면 회전이 되며유래없이 옆보기도 가능하며시트가 도로 기울어지며차양막이 깊어 숙면 및 햇빛차단에 탁월하며신생아시트가 기본으로 따라오며컵홀더], 부정 텍스트 확률 : 85.94%"
"[스낵바], 부정 텍스트 확률 : 53.29%"
"[바구니], 부정 텍스트 확률 : 53.29%"
"[안전바도 기본이며브레이크 조작과 프레임 접기가 쉬우며유모차에서 잠들었을 때 그대로 시트를 빼서집으로 들어와 깨우지 않아도 되고시트 . 프레임 의 과하지 않은 무게 더군다나 시트], 부정 텍스트 확률 : 54.87%"
"[프레임], 부정 텍스트 확률 : 53.29%"
"[상세 사진 들어 갈게요], 부정 텍스트 확률 : 84.68%"
"[그래도 수납이 부족할 경우 양쪽 바구니 날개 구입가능 세피앙몰 패니어 개 세트 만원 ], 부정 텍스트 확률 : 86.46%"
"[손잡이커버는 반드시 구입하세요폴딩시 손잡이 부분이 닿기 때문에차에 싣고 내릴 때 마모가 있을거예요이상 내 돈 주고 구입한 솔직한 후기 ], 부정 텍스트 확률 : 91.95%"
"[구입 금액 및 사은품 문의는 비댓 주세요 ], 부정 텍스트 확률 : 66.26%"
"[ 세피앙], 부정 텍스트 확률 : 58.74%"
"[미니버기젯셋블랙’ 스페셜 에디션 론칭 부제영역은 지식백과에서만 사용되지만 포스트 엔드에 마크업은 잔존하게 됩니다 기본적으로요소는 입니다 ], 부정 텍스트 확률 : 91.90%"
"[세피앙], 부정 텍스트 확률 : 58.74%"
"[미니버기젯셋블랙’ 스페셜 에디션 론칭 ], 부정 텍스트 확률 : 53.29%"
"[세피앙이 미니버기젯셋블랙’ 스페셜 에디션을 론칭했다고 일 밝혔다.젯셋블랙 은 미니버기의 스페셜 에디션으로 판매될 예정이다. 손잡이], 부정 텍스트 확률 : 70.39%"
"[어깨끈], 부정 텍스트 확률 : 53.29%"
"[캐노피 등에 오렌지 컬러로 포인트를 준 아이코닉한 디자인이 특징이며 프레임 내 반사판을 적용해 어두운 밤에도 보다 안전한 외출이 가능하다.], 부정 텍스트 확률 : 76.46%"
"[범퍼바], 부정 텍스트 확률 : 53.29%"
"[바퀴커버 등 만원 상당의 사은품을 제공하고], 부정 텍스트 확률 : 52.38%"
"[포토 후기를 작성할 경우], 부정 텍스트 확률 : 60.25%"
"[예약 판매는 하이베베 및 코지가든], 부정 텍스트 확률 : 66.26%"
"[세피앙몰], 부정 텍스트 확률 : 58.74%"
"[롯데닷컴], 부정 텍스트 확률 : 53.29%"
"[번가 등에서 진행되며], 부정 텍스트 확률 : 90.83%"
"[미니버기 공식 블로그에서는 론칭 기념 체험단 이벤트가 열린다. 일까지 개인 블로그에 젯셋블랙 제품 이미지와 특장점], 부정 텍스트 확률 : 60.65%"
"[해당 게시물 과 아이의 월령], 부정 텍스트 확률 : 93.73%"
"[성별 등을 이벤트 게시글 하단에 댓글로 남기면 참여 가능하다. 참가 인원 중 명에게는 미니버기젯셋블랙 체험 기회를], 부정 텍스트 확률 : 61.31%"
"[명에게는 파리바게트 천원권을 증정할 예정이다. 당첨자는 일 블로그에서 확인할 수 있다.], 부정 텍스트 확률 : 51.63%"
"[미니버기는서울 모터쇼’에서 유모차 전시 및 대여 서비스를 제공했으며 오는 일까지 미니버기이벤트’를 통해 제품을 찾아 에 사진을 업로드하는 참가자를 대상으로 사은품을 증정하고 있다.], 부정 텍스트 확률 : 86.31%"
"[출처대한뉴스 김준호기자 ], 부정 텍스트 확률 : 65.11%"
"[세피앙몰엔 다양한 유모차 브랜드 카시트 브랜드 그리고 젖병외 수유용품들까지 다양한 육아용품들을 구매할수 있답니다 ], 부정 텍스트 확률 : 77.18%"
"[ 세피앙몰 서포터즈는특별 할인가로 제품을 체험하고 적립금도 쌓을수 있는 기회가 주어진답니다], 부정 텍스트 확률 : 76.87%"
"[세피앙몰 체험서포터즈 의 경우엔 특별할인가로 제품을 체험 후 널리 알리는 서포터즈로특별할인을 받아 제품을 체험가능하고 체험 후 미션을 완료하면 빵빵한 적립금까지 제공된답니다], 부정 텍스트 확률 : 59.67%"
"[세피앙몰 프리서포터즈 의 경우엔 유익한 이벤트를 널리 알리는 홍보대사로 수시로 진행되는 미션을 수행할때마다 적립금이 지금되고 차곡차곡 모은 적립금으로 다양한 유아용품 구매가 가능하답니다 제가 개월동안 활동해보니 딱히 어려운것도 없고 미션이 진행되면 핸드폰 문자로 미션진행소식이 전달되는데요 이벤트를 홍보하면 세피앙몰 적립금이 지급된다는 사실적립금으로 이것저것 구매할수 있어 육아맘들에게 추천드리는 서포터즈에요], 부정 텍스트 확률 : 96.63%"
"[브라이텍스 카시트 사려고 알아보고 있는데 세피앙몰 들어가봐야겠네요할인에 적립금에 유모차증정까지?], 부정 텍스트 확률 : 81.10%"
"[ 안정감은 역시 디럭스죠저는 호크트위스터잘사용하고있어요 핸들링 좋다고추천받아서 사용했는데양대면으로 바꾸기도 쉽고 도 회전이되니 너무좋더라구요지금까지무리없게 잘사용하고있어요 핸들링도 너무 좋아서 휙휙 원하는대로 운전이 쉽게되서 좋네요저는세핑앙몰에서 리퍼상품구매했네요 가격은만원이였던것같아요 완전득템], 부정 텍스트 확률 : 57.12%"
"[브라이텍스 어드밴스픽스도 있네요 패밀리세일 얼마 안남았네요 빨리 결정해서 구매해야겠어요], 부정 텍스트 확률 : 55.98%"
"[ 세피앙몰은 이용해 보니 비추입니다. 많은물건들이 인터넷 최저가보다 값을 거의 두 배로 튀겨 놓고 적립금 뿌립니다.물론 드물게 인터넷 최저가랑 같거나 비슷한 것도 있지만 유모차], 부정 텍스트 확률 : 88.27%"
"[카시트 새것은 물론 박스개봉해 쓰던 것조차 세일한다며 파는 것도 정상품보다 비싸네요. 너무 어이 없었어요.그리고타쇼핑몰에서 구입 후 후기글 올려서 세피앙몰 적립금 원회원가입 천원 포함 받았는데 한 번에 다 쓰려니 사용할 수 있는 금액 초과된다며 쓰지도 못하게 하네요. 만 사용하라는 건지], 부정 텍스트 확률 : 99.83%"
"[만 사용하라는 건지 적립금을 작게 줄여서 입력해도 끝내는 안 되네요.거기서 받은 적립금 점은 실제 값어치 만 천원 정도 되려나요?그리고 한 번에 쓰지도 못하게 하고ㅠㅠ], 부정 텍스트 확률 : 98.79%"
"[아이쿠 정말 별로이셨나봐요ㅜㅠ 적립금으로 구매가능하던데이지워커 유모차 여기서 최저가로 구입해서 적립금으로 아기 젖병 샀어요 포토후기 쓰니 또 적립금 줘서 빨대컵 사고 너무 잘 쓰고있어요], 부정 텍스트 확률 : 76.15%"
"[젖병세정제], 부정 텍스트 확률 : 53.29%"
"[후방거울 등 값이 너무 터무늬 없이 비싸요.그래서 전 다른 사이트에서 쉽게 구입할 수 없는 것 위주로 구입했어요. 세피앙몰 이런 줄 알았으면 전 타사이트에서 구입했는데요], 부정 텍스트 확률 : 83.46%"
"[저 브라이텍스 어드밴스픽스 구매하려고 했는데 세피앙몰 할인하면 얼마까지인지 검색해봐야겠네요], 부정 텍스트 확률 : 74.35%"
"[ 그럼요 완전 사기내요 신고하세요그런식이면 페페에서 머믿고 구입하나요], 부정 텍스트 확률 : 71.24%"
"[란디주최하는 베페 자체도 잘못됐다고봐요], 부정 텍스트 확률 : 74.67%"
"[반품왜안되냐고욕하면서진상짓했다면환불해주는거아니에요?진짜못됐네요..잘해결되시길바래요ㅠㅠ], 부정 텍스트 확률 : 89.63%"
"[그렇게 하고 싶어도 자기 말만 딱하고..오히려 소리치던데요..ㅠ그래서 환불해주겠다는거 아니예요 이렇게...이게 뭐하자는 건지...], 부정 텍스트 확률 : 98.12%"
"[계약서대로본사랑 직접컨택하고. 대리점냅두고진행하세여. 저두최근 윰차는아닌데 담당자가서류안해주려는거경우는다르지만담당자상대싫어서 본사테 바로 통화햇드니 다시전화와서 해주더라구여.계약명시대로해보세여.사용전이고 기간도 마니지나지않앗는데 . 꼭 환불받으시길 응원합니다. ], 부정 텍스트 확률 : 66.92%"
"[란디넵.그니까 점주무시하고 본사랑 해결보심이. 결국해주게되잇어여. 속마니안상하시길여나타난다어쩌고도 본사테말해주세여. ], 부정 텍스트 확률 : 82.40%"
"[네ㅠ일단 본사에 전화해서 막 따졌어요..상담원 분께 뭐라하는건 아니라고 말씀드리고..ㅠ], 부정 텍스트 확률 : 85.04%"
"[저도 가격정보좀 자세히 알려주세요사은품은 머머 받으셨나용??], 부정 텍스트 확률 : 63.44%"
"[가격 정보 받아 볼수있을까요???쪽지 부탁해요 ], 부정 텍스트 확률 : 80.00%"
"[본사다보니 이것저것 행사도 많이 다더라구요 ], 부정 텍스트 확률 : 98.04%"
"[설당일만 쉽니다.], 부정 텍스트 확률 : 90.39%"
"[ 잘 보았어요], 부정 텍스트 확률 : 81.24%"
"[전진차 핸들링이중요한데요ㅜㅜ버벅거리면], 부정 텍스트 확률 : 63.60%"
"[가격정보 부탁드려도 될까요?], 부정 텍스트 확률 : 75.16%"
"[년말에 구입한거라 지금이랑 가격차이 날꺼에요ㅜ], 부정 텍스트 확률 : 71.49%"
"[가격정보 부탁드려요], 부정 텍스트 확률 : 53.29%"
"[년말에 구입한거라 가격차이 날꺼에요ㅜ], 부정 텍스트 확률 : 51.58%"
"[가격정보 부탁드려요], 부정 텍스트 확률 : 53.29%"
"[ 듀얼픽스 가격 정보 부탁해요 ], 부정 텍스트 확률 : 66.90%"
"[가격 부탁드려요], 부정 텍스트 확률 : 53.29%"
"[ 댓가성후기여부기재해주세요], 부정 텍스트 확률 : 67.54%"
"[기재해서 수정햇어용], 부정 텍스트 확률 : 74.91%"
"[ 구매금액 알수있을까요?], 부정 텍스트 확률 : 69.99%"
"[가격 댓글로 적어도되는지몰라 쪽지로 보내드렸어요], 부정 텍스트 확률 : 75.27%"
"[저도 구매가격 쪽지 부탁드릴게요], 부정 텍스트 확률 : 68.07%"
"[저도 가격알려주세요], 부정 텍스트 확률 : 70.36%"
"[저도 금액 알고싶습니다], 부정 텍스트 확률 : 70.36%"
"[나나나난나와우 어디 베페였을까요?? 전 저번주 베페갔는데 인가 부르더라구요😭😭], 부정 텍스트 확률 : 91.72%"
"[나나나난나그러셨구낭ㅋㅋ 전시품도 사은품 챙겨주셨다면 진짜 잘사셨네용👍👍 전 단순반품된 급리퍼 하이어댑터랑 패드만 포함해서 에 샀어용😂😂], 부정 텍스트 확률 : 77.19%"
"[ 브라이텍스 카시트 월에 사시고 또 사신거에여?], 부정 텍스트 확률 : 56.70%"
"[그러게요님글보고 보니까 그전에도 사셨었네요ㅡㅡ], 부정 텍스트 확률 : 64.56%"
"[어머 그러네요 진짜 한달도 안됐는데 또 사신건가], 부정 텍스트 확률 : 76.43%"
"[ 후기 잘 보구가용], 부정 텍스트 확률 : 70.65%"
"[ 스텐딩으로 접히진 않나보네요.], 부정 텍스트 확률 : 54.01%"
