"[ 스트롤에어 마이듀오 쌍둥이 유모차], 부정 텍스트 확률 : 53.29%"
"[ 원 ], 부정 텍스트 확률 : 53.29%"
"[중고랑 새상품이랑 너무 가격 차이가 나서 최신것도 딱히 새로운 기능이나 편해진 점이 없다면 중고로 사는게 훨 나을것 같아요..최저가가 만원 중후반인데 중고는 만원대], 부정 텍스트 확률 : 96.52%"
"[더싸게는 만원 이하도 많네요..디럭스라 얼마 안쓰고 팔건데 중고가가 너무 떨어지면 아까울것 같아요. 새걸로 산다면 현금이아니라 복지포인트로 사긴할텐데 너무 차이나면 그냥 중고나라서 사고 그 포인트 딴데 쓸까해서요..혹시 이 유모차 최신버전과 이전 버전의 차이에 대해서 아시는 분 계시면 알려주세요], 부정 텍스트 확률 : 96.59%"
"[쿠팡베스트 할인 ], 부정 텍스트 확률 : 53.29%"
"[ 원 스트롤에어 마이듀오 쌍둥이 유모차▷ 월특가], 부정 텍스트 확률 : 75.70%"
"[ 원 ▷ 할인], 부정 텍스트 확률 : 53.29%"
"[ 원상품 구매리뷰 후기는아래 링크로 확인해주세요▼▼▼ .. ], 부정 텍스트 확률 : 70.76%"
"[ 이글은 년월일에 작성되었습니다.해당제품의 가격과 할인정보는 몇일에서 변동이 될수 있으며], 부정 텍스트 확률 : 72.07%"
"[ 인기상품은 조기 품절이 되니 유의하시기 바랍니다.좋은 상품 저렴하게 구매하세요.이 포스팅은 제휴마케팅이 포함된 광고로 일정 커미션을 지급 받을 수 있습니다..?스트롤에어스트롤에어.?마이듀오마이듀오.?쌍둥이쌍둥이.?유모차유모차.?월특가월특가쿠팡베스트 할인 ], 부정 텍스트 확률 : 58.15%"
"[ 원 스트롤에어 마이듀오 쌍둥이 유모차▷ 월특가 ], 부정 텍스트 확률 : 75.70%"
"[ 저희 둥이들 이제 일인데 유모차가 아직 없어서요이제 좀 데리고 나가볼까 하는데 선택이 쉽지 않네요 ㅠㅠ가지 중에 할려고 하는데 가격면으론 리안인데좀 튼튼하고 오래쓸수 있는걸로 하고 싶어서요아 그리고 베이비조거는 종류가 좀 있던데요 어떤걸 써야할까요써보신분들 솔직 후기 좀 부탁드려요], 부정 텍스트 확률 : 95.77%"
"[드디어 꿀봉이와 꿀복이도 유모차가 생겼어요.병원을 제외하면 첫 외출이에요유모차 시장은 거대한데 쌍둥이들 유모차는 많이 없죠. 우리나라 합계 출산률이 이하로 떨어져서 신생아 비율이 낮아졌다고 하는데 쌍둥이를 포함한 다태아 비율은 올라가고 있다고 해요. 년 .에서 년 .으로 증가했고 년에는 .까지 증가했다고 하네요. 인구 수로는 ], 부정 텍스트 확률 : 97.73%"
"[ 명으로 집계 되었다고 하는데요. ], 부정 텍스트 확률 : 66.24%"
"[ 쌍이 아닌 인구수로 나타내는 것으로보아 반으로 나누면 약 ], 부정 텍스트 확률 : 78.63%"
"[ 명의 쌍둥이들이 태어났다고 하네요.이 쌍둥이들 유모차 시장에 가장 많이 알려진 브랜드는 부가부], 부정 텍스트 확률 : 59.80%"
"[뻬그뻬레고], 부정 텍스트 확률 : 57.19%"
"[스트롤에어], 부정 텍스트 확률 : 53.29%"
"[페도라], 부정 텍스트 확률 : 53.29%"
"[베이비조거 등등 고가], 부정 텍스트 확률 : 53.29%"
"[저가 등의 브랜드가 다양한데 단태아 유모차 보다는 부족한게 현실이죠. 쌍둥이 들은 선택 할 브랜드가 많지 않아요. 베이비 페어에 가도 쌍두이 유모차를 파는 브랜드는 개 미만이더라구요. 없는 브랜드도 많구요..베이비 페어를 세번 정도 가봤는데요. 가장 마음에 들었던 브랜드는 바로 뻬그뻬레고였어요. 우선 뻬그뻬레고에는 쌍둥이 유모차가 종류나 있거든요. 그중에 가장 마음에 들었던 제품은 북포투 입니다. 그래서 오늘 북포투 개봉기와 조립 방법], 부정 텍스트 확률 : 71.23%"
"[첫 나들이 기념 사진도 준비해봤어요. 아 시에스타 대도 같이 샀답니다 시에스타 후기는 따로 남겨볼께요. ], 부정 텍스트 확률 : 63.69%"
"[ 병원 갈때도 공원에 갈때도 아기띠로 다녔던 꿀봉이와 꿀복이가 드디어 처음으로 유모차를 탔어요. 처음 앉았을때는 울었지만 출발하니까 신기한지 여기저기 쳐다보는 꿀꿀이들 울까봐 손에딸랑이붕붕이와 당당이를 채워줬는데 구경하는데 신난 꿀꿀이들 ], 부정 텍스트 확률 : 54.39%"
"[ 집 근처에는 쇼핑몰이 없어서 차를 타고 가든파이브에 왔어요. 유모차는 당근 트렁크에 엄마아빠꿀봉이꿀복이와 셀카도 찍었어요. ], 부정 텍스트 확률 : 92.03%"
"[ 쌍둥이들이 태어나면서 차를 샀는데요], 부정 텍스트 확률 : 59.09%"
"[저는 싼타페 을 샀어요. 트렁크에 뻬그뻬레고 북포투를 넣으면 이정도 공간입니다. 좌우로 남죠. 유모차는 중간에 넣어봤어요. 사진을 멀리서 안찍어서 잘 안보이실수도 있는데 위로도 공간이 많아요. ], 부정 텍스트 확률 : 92.93%"
"[ 요렇게 끌고 다닐 수도 있습니다. ], 부정 텍스트 확률 : 52.88%"
"[ 저 박스는 유모차 때문에 놓은 것은 아니고 정리를 안한거에요... ], 부정 텍스트 확률 : 63.99%"
"[ 엄마의 운전 솜씨 어때? 전 왜 이렇게 사진이 흔들리는지 모르겠어요.. ], 부정 텍스트 확률 : 67.42%"
"[ 집에가기 전 꿀꿀이들. 꿀봉아 꿀복아 오늘 첫 외출 어땠어?? 집에 돌아와서 씼고 뻗어버린 꿀봉이와 꿀복이 평소보다 시간은 일찍 잤지만.. 시간 더 일찍일어난 정직한 아이들... 엄마랑 아빠도 첫 외출 준비에 할일도 많아서 뻗은 하루였어요. 이제 엄마 아빠랑 많이 놀러 다니자 ], 부정 텍스트 확률 : 97.92%"
"[ 뻬그뻬레고 행사로 북포투와 시에스타 개를 구매했어요. 행사 가격이라 저렴하게 구매한 것 같아요. 박스 개봉기와 북포투 조립 방법에 대해서 포스팅 해보도록 할께요. 조립은 되게 쉬워요. ], 부정 텍스트 확률 : 71.06%"
"[ 택배 오고 그냥 뒀는데 뒤집어져 있었다는 것을 다 조립하고 나서 알았다는... 뭐 문제는 없지만요 ㅋㅋ ], 부정 텍스트 확률 : 93.87%"
"[ 짜잔 북포투는 조립되어있지 않고 조립을 해야 합니다. ], 부정 텍스트 확률 : 75.94%"
"[손잡이], 부정 텍스트 확률 : 53.29%"
"[앞뒷 바퀴], 부정 텍스트 확률 : 58.74%"
"[손잡이 커버], 부정 텍스트 확률 : 53.29%"
"[바구니], 부정 텍스트 확률 : 53.29%"
"[컵홀더], 부정 텍스트 확률 : 53.29%"
"[ 아빠가 잘 하고 있는지 구경하는 꿀복이에요. 남자라 그런지 상자를 뜯을 때부터 관심을 보이더니 엄마한테 안겨서 계속 아빠 조립하는 것만 보길래 시에스타에서 보라고 구경시켜줬어요.], 부정 텍스트 확률 : 71.00%"
"[ 유모차가 접혀있는데요. 안전을 위해 안전 고리가 있어요. 우선 안전고리를 해제하고 쫙 펼쳐 주세요. ], 부정 텍스트 확률 : 72.38%"
"[ 브레이크를 방향에 맞게 잘 끼워주세요. 브레이크가 엄마 아빠가 운전하는 방향으로 가야 합니다. ], 부정 텍스트 확률 : 69.33%"
"[ 홈에 맞게 넣어주면 뒷 바퀴 완성 ], 부정 텍스트 확률 : 81.80%"
"[ 바퀴는 양쪽이 똑같아요. 새 제품인데 오른쪽 바퀴에 원게 흠집이... ], 부정 텍스트 확률 : 62.27%"
"[ 본체를 들어올려서 바퀴를 넣어 줍니다. 쑥 넣으면 들어가는데요. 잘 안들어 간다면 앞 바퀴 해제 하는 이 버튼을 누르고 넣으면 들어갈거에요. ], 부정 텍스트 확률 : 83.52%"
"[유모차에 브레이크를 걸고 고정 시켰을때 사용 하면 좋습니다. ], 부정 텍스트 확률 : 83.71%"
"[ 손잡이는 일자가 되도록 만들어 준다음 넣으라고 하네요. 각도 조절 하는 방법은 꺽이는 옆부분 버튼을 누르면 됩니다. ], 부정 텍스트 확률 : 78.87%"
"[ 손잡이 가죽도 연결 ], 부정 텍스트 확률 : 61.06%"
"[ 이렇게 ], 부정 텍스트 확률 : 73.84%"
"[ 여기 버튼을 눌러주시면 됩니다. ], 부정 텍스트 확률 : 61.90%"
"[ 바구니 뒷부분에서 뺀 쇠를 바구니 뒷 부분에 넣어줍니다. ], 부정 텍스트 확률 : 93.77%"
"[뒤 윗부분 고리는 잘 보이는데.. 뒤 아래 고리는 잘 안보여요. 이렇게 접어야 보입니다. 눈이 침침해서인지 한참 찾았네요.. ], 부정 텍스트 확률 : 67.94%"
"[ 뒤 아래 부분 고리단추 개입니다. ], 부정 텍스트 확률 : 63.37%"
"[ 뒤 윗부분], 부정 텍스트 확률 : 66.46%"
"[ 중간 부분은 고리를 연결해 단추로 채워줍니다. ], 부정 텍스트 확률 : 87.73%"
"[ 앞부분은 이렇게 앞에서도 보여요.이렇게 바구니 연결도 끝 ], 부정 텍스트 확률 : 96.35%"
"[ 사진 엄청 흔들렸네요 ㅋㅋ 귀찮았나..후드 앞면은 좌우가 있어요. 크게 상관은 없지만 방향 맞추시고 뒤를 연결 하는데요. 뒷부분 고리 개], 부정 텍스트 확률 : 82.29%"
"[단추 개], 부정 텍스트 확률 : 71.02%"
"[그동안 스트롤에어 쌍둥이 디럭스 유모차를 사용하다가혼자 나가고싶은데 너무 무겁고], 부정 텍스트 확률 : 90.57%"
"[시트도 바꿔야하고... 등등의 이유로우선 무거운 이유가 컸다.몇 주의 서치와 고민 끝에 쌍둥이 절충형], 부정 텍스트 확률 : 58.91%"
"[휴대용 유모차를 사게 되었다.베이비조거 시티투어더블], 부정 텍스트 확률 : 80.63%"
"[ 고민했던건 와이업올뉴지니엘레니어 레니콤비유모차 였는데전부 다 맘에 안들었다.. 양대면이 안됨. 분리가 되나 일반 가게 문], 부정 텍스트 확률 : 88.11%"
"[ 월요일에 발송되어 화요일에 도착해서 배송은 매우 빨랐다.다만 주문 후 검수하는 시간이 걸리긴 했다 일정도? ], 부정 텍스트 확률 : 92.97%"
"[ 본체와 바퀴는 따로 왔고조립을 해야했다. ], 부정 텍스트 확률 : 66.78%"
"[ 도 까지 눕혀지기때문에 신생아부터 사용이 가능하다], 부정 텍스트 확률 : 73.87%"
"[ 폴딩을 했을 때], 부정 텍스트 확률 : 57.82%"
"[매우 작아서 신기할 정도였음.이게 쌍둥이 유모차라닛크기 짐작해보시라고 방문에 대봤는데방문까지도 그냥 통과됨 ㅋㅋ디럭스는 애초에 너무 커서 집에서 펴보지도 않았는데이건 걍 계속 펴놔도 큰 느낌이 안든다], 부정 텍스트 확률 : 92.32%"
"[육아템은 끝이 없는 것 같아... ㅠㅠ 보니 시트까지 장착하니 더 포근해보이는 느낌], 부정 텍스트 확률 : 57.34%"
"[다만 아직 앞보기가 적응이 안되는지 불편하나? 싶은데적응시켜야지아직까지는 단점이 보이지 않아서 안적었는데유], 부정 텍스트 확률 : 86.00%"
"[ .가볍고], 부정 텍스트 확률 : 67.52%"
"[ . 핸들링도 좋고 살까지는 잘 쓸 것 같은 쌍둥이 유모차 입니다 .?쌍둥이유모차쌍둥이유모차.?휴대용쌍둥이유모차휴대용쌍둥이유모차.?절충형쌍둥이유모차절충형쌍둥이유모차.?베이비조거베이비조거 .?시티투어더블시티투어더블.?와이업올뉴지니와이업올뉴지니.?엘레니어레니엘레니어레니.?콤비트윈유모차콤비트윈유모차.?베이비조거코리아베이비조거코리아], 부정 텍스트 확률 : 64.72%"
"[내돈주고 구입한 유모차 후기 ], 부정 텍스트 확률 : 95.38%"
"[ 그래도 그렇게라도 참 잘 사용했어요..하지만 더 큰 문제는 ...제가 힘으로 어찌 해결할 수 없는 부분이었죠바로 저희 차량은 일반 소형 승용차 ㅠㅠ디럭스 둥이 유모차가 들어가니 트렁크에 여유공간이 도 없는데뒷자리는 이미 둥이들 카시트가 차지하고..마트 장을 봐도 맘편히 못보는 그런 상황이 자꾸만 발생하게 된거죠... ], 부정 텍스트 확률 : 93.09%"
"[ 아무래도 무게부분도 그렇고 차량이동에도 좀 더 심플한 유모차가 필요하게 됐어요사실 처음에 마음에 두고 있던 유모차는.?와이업지니와이업지니 였습니다.아가들이 좋아한다는 티바와 식판.. 진짜 너무너무 탐났지요실제로 베페가서 봐보니 차양막이 얼마나 길게 내려오는지엄청 맘에 들었습니다..벗뜨..두개를 연결하니 어쩔수 없이 넓어지는 폭 ㅠㅠ아무리 바퀴가 안꼬인다고 해도 바퀴 개를 컨트롤하는거랑 개를 컨트롤하는건 넘나 다르죠그렇게 베페를 방황하다가 마주하게된.?베이비조거베이비조거 아주 컴팩트한 사이즈라며.?시티투어더블시티투어더블 을 추천해주셨지요그자리에서 너무나 마음에 들었지만 고민없이 사기엔 그래도큰 금액이기에 고민하다가 더 알아보고 사야지 했는데다음날 아침에 유모차를 안사온게 너무나 후회되는거죠그래서 급하게.?베이비플러스하남베이비플러스하남 으로 문의를 해서 구입할 수 있었답니다 ㅎㅎ제가 알아볼때는 베페가격과 할인점 가격이 같았어요물량이 없어서 오래걸린다고 했었는데 다행히 일요일에 결제하고 수요일 물건을 받게 됐습니다 ], 부정 텍스트 확률 : 96.57%"
"[ 딸둥이들 현재 센치 키로 잘 맞아요 ㅎㅎ아직 유모차 펼치는게 손에 안익어서 어렵긴 한데 접는건 진짜 쉽습니다 ], 부정 텍스트 확률 : 84.68%"
"[ 접고 잡아당기기만 하면 이렇게 접히거든요 셀프 스탠딩도 되는것 같기는 한데 어찌어찌 잘 세워야 되요 무게도 가벼운 편이고 접었을 때 시트가 안쪽으로 가서 오염걱정도 없어요 ], 부정 텍스트 확률 : 52.40%"
"[ 사은품으로 같이 있는 방풍커버도 장착해봤습니다 ㅎㅎ이거 장착하는데 왜 어려웠는지혹시나 저처럼 유모차는 쉽게 다뤄놓고방풍커버 못씌우시는 분들 있을까봐 사진 찍어봤어요 기존 디럭스 유모차보다 이쁘고 가볍고 콤팩트한게 정말 너무 마음에 들어요물론 마주보기 안되고 폭이 좁은 만큼 아가들의 폭도 좁아지지만 다른 후기들 보니 더 큰 아가들도 잘 탈 수 있는 폭이더라구요 발받침이 없는 것도 아기들 살은 되야 필요해진다고 하니 그때까지 열심히 끌고 다니려구요 얼른 유모차끌고 나가고싶은 둥이맘의 후기였습니다.주일 사용후기 .... ], 부정 텍스트 확률 : 54.32%"
"[아주 오랜만에 블로그를 써본다.저번에 다 쓰지 못했던 아이템들을 정리 한번 해보려 한다.ㅠㅜ.?스냅앤고스냅앤고.?바구니카시트는바구니카시트는 동네 주민에게 팔았다나들이하고 돌아가는 길에 북부시장에 아들둥이 탄생예정이라는 소식을 듣고혹시 필요하면 팔께요 했다가 그담담날인가.. 바로 팔았다..그때가 개월때였는데..팔때는 요고 팔고 유모차 살 생각에.. 그리고 새 카시트를 차에 장착할 생각에.. 기분도 좋고 그랬는데..얼마나 후회를 했는지 ㅠㅠ너무 빨리 팔았음. 팔고나니 애들 둘 데리고 계단 내려가기 너무 힘들고.. 힘든것보다는 무섭고.식당도 좌식있는데는 못가고 입식으로 큰 식당만.. 유모차가 들어가는 식당.. 들어가서 테이블 옆에 둬도 사람들이 지나갈수 있는넓은 식당.. 만 다녀야 하는데.. 집근처에 그런식당 한개뿌니 없고.. 멀리 나갈라면 차에 유모차 넣고 카시트 있고 .. 하튼..너무 번잡해짐..신랑이 그거 다시 안판다고 다시 들고 오라고.. ㅎㅎㅎㅎ 아님 다시 사라고 ㅎㅎㅎㅎ하지만 그냥 버티다 보니.. 이젠 일. 낼모레 개월이 되네요아직 앉지도 못하지만.. 이가 없으면 잇몸으로새로운 아이템을 발견하고 오늘 스냅앤고 바구니 카시트를 팔고 처음으로 좌식 식당에서 밥을 먹음그리하여 소개하는 아이템 .?휴대용바운서휴대용바운서 정확한 명칭은 잘 모르겠음그냥 휴대용 바운서 검색하다 나와서 질러버림 ], 부정 텍스트 확률 : 95.01%"
"[ 원 좀 못주고 산것 같은데.. 요고요고 물건임접으면 얇아지고... 물론 길이랑 넓이는 좀 있음.. 특히 길이..가.. 약 센티가 못되는걸로 알고 있음.넓이는 한 센티정도?그렇기는 해도 얇고 가볍기 때문에 들고다닐만 함원래 외식 목적으로 산 아이템인데.. 애들이 어린이용의자에 앉을수 있을때까지는 필요할것 같아서 산건데..집에서도 유용하게 쓰고 있음이제 뒤집기를 너무너무 잘하는 아이들은.. 로토토에서 배치기로 그냥 막 내려옴.로토토를 소파에 두고 사용중인데.. 둘째는 한번 떨어지기까지 ㅠㅠ물론 다치지는 않았지만.. 엄마 아빠는 심장에 구멍이 하나 뚫리는줄 알았다죠그래서.. 목욕시킬때 이거 아주 유용해짐.안전밸트가 있으니 떨어지지 않고 발길질 하면 자동으로 둥가둥가가 되니 그냥 잘 앉어 놀수있음여전히 독박중인 육아다보니.. 애들 목욕을 혼자 시키는데.. 한녀석 시킬동안 다른 녀석이 잠을 자주면 땡큐지만..점점 잠은 줄다보니.. 로토토에 뉠수도 없고 바닥에 눕혀두면 울기도 하고 혼자 뒤집어서 엄청 용쓰다 울고..해서.. 저기에 한녀석 앉혀놓고 한녀석 씻기고 또 한녀석 앉혀두고 씻기고.. 하고 있음너무 꿀탬인데.. 오늘은 이걸 유모차에 넣어서 근처 감자탕집도 다녀왔음 ㅠㅠ 아웅 진심 너무 좋음.요게 음.. 무슨.. 브랜드가 있는데.. 그 브랜드는.. 개당 만원임.근데 이건 중국제품으로 원이 안되는 가격임.애들 안전문제에 대해.. 아직까지 아무이상도 없고 떨어지지도 않고 있음.. 산지 두달정도 된듯강추하는 아이템임 독박하시는 분들께그리고 근처 좌식 식당에 가고프신 분들께아 그리고 그전에는 여행가면 로토토를 꼭 들고 다녔는데.. 이것 산 뒤로는 요걸 들고 다님..로토토는 부피가 너무 커서 이게 훨씬 들고 다니기 편함ㄷ그리고 대망의 쌍둥이 유모차.나란히형중에서 엄마보기가 되는 유모차가 흔치 않다는것 비싼 부가분가 뭔가.. 그건 만원이 넘는다는데.. .?스트롤에어스트롤에어 유모차를 사게됬음만원정도 주고 산것 같음.왜 엄마보기가 중요한지 알것 같음 ], 부정 텍스트 확률 : 100.00%"
"[ 이 아이템은.. 앞보기일때는 접히는데 엄마보기 할때는 안접히는 단점이 있으나.나는 접어두고 쓸일이 없어서..무겁기도 하고.. 층에 그냥 두고 사용중인데..어쩌다 차에 실었다가 풀어두면 앞보기 상태에서 애들을 태우고 다닐때가 있는데.. 너무 불편함왜냐면 애들 상태를 좀 보면서 가야 하는데 아무리 위에 창이 나서 애들 머리가 보이기는 해도 안심이 안됨아직은 어린 애들이라.. 엄마보기 기능이 너무 너무 중요하다는 사실을.. 이걸 사고 깨달음사실 이것 말고 절충형 국민 유모차.. 를 사려고 했는데.. 가격도 만원정도 엿으니..그런데.. 까페에 어떤글을 보니 엄마보기가 엄청 중요하다 해서.. 그런가??? 하고 그냥 이것을 산것임그리고 솔직히 인터넷 이미지가 너무 고급지게 보이기도 했고그랬으나 인터넷 사진만큼 고급지지 않고 단점도 겁나 많음우선 애들 뉩힐때 뒤에 끈으로 조절인데.. 좀 허접하고미는 손잡이 각도 조절이 되는것은 좋으나 그러다 보니 손잡이가 끄떡끄떡하고안전밸트 조절이 안되서 엄청 불편하고엄마보기 할때 장바구니 넣고 빼기가 엄청 불편하고등등 단점이 막 보이는데.. 엄마보기 장점 하나가 그냥 끝임이건.. 진짜 꼭 있어야 하는 기능임.그래서 이것도 역시 추천하고 싶기는 하지만.. ㅎㅎㅎㅎ 윰차는 엄마들의 꿈 사고싶은거 사는게 가장 좋다는 생각여기까지가 신규 아이템 소개 이고..이제 그동안 써왔던것 다시 리뷰를 달자면 .?스에노스완욕조스에노스완욕조 는 아직도.. 애들이 앉지를 못하니 그냥.. 행굼용으로 쓰니.. 크게 매리트를 못느끼겠고..귀찮아서 수영도 잘 안해줌 ㅎㅎㅎㅎ .?로토토로토토 는 이제 뒤집기 배치기로 막 내려오니.. 트름 시키고 한 분정도 뉘어놓는용으로 사용중이며앞으로는 애들이 젖병을 잡기 시작하면 거기서 우유를 먹게 교육시킬 예정이고. .?타이니러브모빌타이니러브모빌 은 아직도 잘 보긴 하지만.. 분이상 가질 못하고.. 왜냐면 이젠 다른곳에 관심이 더 많이 가는 시기다보니..튤립 노래북?? 라마다 촉감인형?등등에 관심이 더 많아지고 있음 .?범보의자범보의자 는 아직도 잘 못앉아서 연습중에 있으며.?분유포트분유포트.?전동트리머전동트리머.?머미쿨쿨머미쿨쿨 은 아직도 잘 쓰고있음.. .?스와들업스와들업 은 개월 정도까지 너무너무 잘 썼는데..이게 팔이 좀 접히다보니 큰애가 피부가 안좋은데.. 접히는 부분이 빨갛게 너무 올라와서 졸업을 시키고대신 머미쿨쿨에 중독이 되었지요스와들업도 추천하는 아이템이긴 한데..이게 좀.. 더운게.. ㅠㅠ 여름엔 아무리 뱀부소재로 만든것이라 해도.. 덥긴 더움특히 스와들업머미쿨쿨 요 조합이 완젼 꿀인데.. 태열 가득한 애기가.. 이조합으로 꿀잠은 잘지언정 피부는 ㅠㅠ그래서 찾다 보니 스와들업 윗부분만있는 아이템도 있던데.. 그걸 살까.. 엄청 고민하다가졸업할때 그냥 하자 해서 안사고 졸업시켜버림그래도 한달정도는 아주 잘 썼고.. 그걸로 애들 통잠 재우며 수면교육도 잘 했음추천하는 아이템이긴 하지만.. 뱀분가 뭔가 그건 안추천임..요게 너무 잘 늘어나서.. 효과가 너무 떨어짐.. 시원할지언정 효과가 별로 없음그냥 오리지널이 최고임..오리지널 두개 뱀부 두개 사서 썼는데.. 뱀부는 쓸때마다 돈버렸다 돈버렸다 하면서 애들 입혔음 ㅎㅎㅎㅎ .?아기체육관아기체육관 은.?청주육아종합지원센터청주육아종합지원센터 에 회원가입하고 무료대여했는데.. 너무 빨리했음한 개월쯤? 했으면 좋았을껄.. 개월은 너무 빨라서.. 애들이 관심이 없어서 그냥.. 주 대여 후 반납했음근데 요며칠 전에 둘째가 누워서 발차기를 하는데.. 아.. 그게 지금 있었으면 좋았겠다 싶기는 했다 .?쿠션쿠션 은.. 진짜 너무너무 아직까지 정말 최고로 잘 사용하는 아이템인데..병원에서 누워서 우유주면 중이염이 올수도 있다고 이야기를 들어서 좀 찜찜하긴 했는데그 확률이란게 너무너무 낮아서.. 그냥 무시하고 쓰고 있는 아이템임.진짜 독박육아의 꽃임애들 분유먹는 그 시간.. 길면 분 짧으면 분인 그 시간이 뭐 그리 아쉬워서.. 그냥 안고 먹이지? 라는 사람들이 있겠지만그 시간이 얼마나 유용한지는 써본사람만.. 그리고 쌍디를 혼자 키워본 사람만 알수 있을듯.그시간에 애들 손톱도 자를수 있고 후딱 빨래도 돌릴수 있고 방도 한버 닦을수 있고 주변에 널려진것 정리도 할수 있는 귀하디 귀한 시간임아직까지 아주 잘 사용하고 있고두개 사는것 추천하는 아이템임.한넘 뉘어 먹이다가 다먹어갈때쯤 두번째 녀석 뉘어 먹이고 다른녀석 다 먹는거 보고 트름 시키고 그럼 두번째 녀석 다 먹어감그럼 트름한 녀석 로토토에 뉘어두고 다른녀석 안아서 트름시켜주면 됨꿀 아이템임 .?유니클로유니클로.?바디수트바디수트 에 관해 쓰고 싶지만.. 지금 너무 불매운동에 대한 뭐랄까.. 음.. 그런것들이 심해서.. 이건 담에 쓰는것으로하지만 정말 꿀아이템이긴 함.그리고 울 큰애가.?지루성피부염지루성피부염 으로 엄청 고생하고 있는데.. 지금 거의 대부분이 나아가고 있음위 사진에서 왼쪽에 있는 녀석인데.. 다리가 뽀얀것이 아주 많이 좋아진것이 사진에서까지 보이고 있음.우리 아기 다 나았어요 라는 블로그로 돌아고싶어서.. 이부분은 좀 아껴두고 싶음개인적인 아주 주관적인 내 생각이지만.. 이상은 나은듯 함.이제는 스테로이드 연고도 일주일에 하루정도 바르고 있고..ㅎㅎㅎㅎㅎㅎ 내일이 바르는 날인데.. ㅠㅠ 눈물나게 안올라오고 있어서 안바르고 지나가볼까 하고 있음진심.. 좋은 후기로 찾아오고 싶당그리고 오늘 시간제 돌봄 서비스도 신청도 했고.. 아우.. 블로그에 올려야 할께 산더민데..그리고 나는 시분이면 칼육퇴하는데..애들 시 분이면 재우고 한시간정도 정리하면 끝인데..왤케 블로그 하는게 어려운지..육퇴만 하면 왤케 내시간을 갖고 싶은지.. 왜 혼자 맥주 마시고 싶은지 ㅎㅎㅎ다음엔 더 좋고 알찬 내용으로 찾아와볼께요 혹시 청주 우암동에 쌍디 엄마나.. 이제 몇개월 안된 애기를 키우는 엄마나..우리 친구할래요???나이는 많지만.. 언니동생도 좋고. ㅠㅠ 혼자 너무 외롭네요이젠 애들 델고 나가서 식당도 갈수 있고 한디댓글좀 주세요.. 혹시 있으시면..수다도 떨고..요 근처 커피숍 좋은데 있어요.. 시까지 원에 커피도 맛있는.. ㅠㅠ함께 일상도 공유하는 좋은 친구가 있음 좋겠어요 훗.. 댓글주세요], 부정 텍스트 확률 : 100.00%"
"[... 금요일 ], 부정 텍스트 확률 : 75.40%"
"[ 안내도를 따라 가보았어요바닥마다 그림이 있어 잘 찾아갔답니다♡ ], 부정 텍스트 확률 : 97.88%"
"[ 선착순 명에게는 사료], 부정 텍스트 확률 : 56.23%"
"[ 미스트], 부정 텍스트 확률 : 53.29%"
"[ 그 옆에는 유기견을 위한 기부로 꽝 없는 뽑기가진행중이었어요.한번 뽑는데 천원이고 할때마다 오후 다섯시때 하는 경품 추첨권을 주신다고 해요. ], 부정 텍스트 확률 : 81.73%"
"[ .. 펫타민강아지 고양이 영양제 ], 부정 텍스트 확률 : 57.63%"
"[ .. 도그쿡 ], 부정 텍스트 확률 : 52.37%"
"[ .. 에어 버기 ], 부정 텍스트 확률 : 57.07%"
"[ .. 별 사진관증멍사진이 원이라고 해서 내일찍으러 가려고 해요. ], 부정 텍스트 확률 : 85.69%"
"[ .. 힐스펫카톡 친구맺기 하면 사료샘플 증정 ], 부정 텍스트 확률 : 86.48%"
"[ .. 도도하개 도도하냥너무나 유명한 간식맛집 ], 부정 텍스트 확률 : 80.30%"
"[ ..쿨하개누워서 쉬는 애들을 많이 봤어요. ], 부정 텍스트 확률 : 79.06%"
"[ .. 근우 무역용품 장난감 간식 할인 ], 부정 텍스트 확률 : 57.07%"
"[ .. 코니 멀 하우스. 뽑기로 할인 찬스매달 여행지를 주제로 한 다양한 간식과 용품 ], 부정 텍스트 확률 : 92.90%"
"[ .. 펫 다이닝 ], 부정 텍스트 확률 : 57.07%"
"[ .. 트릿테이블 ], 부정 텍스트 확률 : 57.07%"
"[ ... 펫 만찬불리스틱 ], 부정 텍스트 확률 : 75.40%"
"[ .. 아이 라이크 도그 캐주얼 ], 부정 텍스트 확률 : 55.87%"
"[ ..연금 저축보험.보험사는 사진 찍기가 금지랍니다. ], 부정 텍스트 확률 : 75.73%"
"[ 여기부터는 가운데 모인 부스입니다... 오드 펫], 부정 텍스트 확률 : 68.72%"
"[ .. 러블리 블로], 부정 텍스트 확률 : 75.03%"
"[ .. 칙펫 ], 부정 텍스트 확률 : 57.07%"
"[ .. 펫츠 마리야 ], 부정 텍스트 확률 : 77.58%"
"[ ..집사가 만든 옷장], 부정 텍스트 확률 : 79.24%"
"[ ..매에 매에 ], 부정 텍스트 확률 : 50.40%"
"[ .. 겟 터치 ], 부정 텍스트 확률 : 57.07%"
"[ .. 위드 토리 ], 부정 텍스트 확률 : 57.07%"
"[ .. 미들 샵 ], 부정 텍스트 확률 : 78.80%"
"[ .. 냥드레스 ], 부정 텍스트 확률 : 57.07%"
"[ . 오드 펫 ], 부정 텍스트 확률 : 62.92%"
"[ .. 뽀기레더 ], 부정 텍스트 확률 : 67.13%"
"[ .. 불리스틱 ], 부정 텍스트 확률 : 57.07%"
"[ .. 서루 ], 부정 텍스트 확률 : 57.07%"
"[ .. 암미 ], 부정 텍스트 확률 : 66.55%"
"[ .. 스몰비 ], 부정 텍스트 확률 : 82.82%"
"[ .. 개소비 ], 부정 텍스트 확률 : 71.92%"
"[ ..오브유강아지 고양이용 접시를 내가 꾸밀 수있어요. ], 부정 텍스트 확률 : 61.62%"
"[ .. 퍼펙트 ], 부정 텍스트 확률 : 57.07%"
"[ .. 아임유얼스 ], 부정 텍스트 확률 : 57.07%"
"[ .. 펫 어라운드 ], 부정 텍스트 확률 : 57.07%"
"[ .. 오브 스페이스 ], 부정 텍스트 확률 : 57.07%"
"[ .. 푸드리 ], 부정 텍스트 확률 : 53.15%"
"[ ..달린 스튜디오 ], 부정 텍스트 확률 : 57.07%"
"[ 저희 애기 생일 선물로 고깔한개 구입 ], 부정 텍스트 확률 : 64.02%"
"[ .. 구름식탁 ], 부정 텍스트 확률 : 57.07%"
"[ .. 딜로 ], 부정 텍스트 확률 : 57.07%"
"[ ..기프트펫 ], 부정 텍스트 확률 : 57.07%"
"[ .. 한나 클로젯 ], 부정 텍스트 확률 : 57.07%"
"[ . 멍 ], 부정 텍스트 확률 : 62.92%"
"[ .. 스트롤 ], 부정 텍스트 확률 : 57.07%"
"[ .. 테리라떼 ], 부정 텍스트 확률 : 57.07%"
"[ .. 블리앤모어 ], 부정 텍스트 확률 : 57.07%"
"[ .. 쥬아펫 ], 부정 텍스트 확률 : 57.07%"
"[ .. 그린피스 ], 부정 텍스트 확률 : 57.07%"
"[ .. 엘리푸드 ], 부정 텍스트 확률 : 57.07%"
"[ .. 보보 플랜안녕 나비야 ], 부정 텍스트 확률 : 57.07%"
"[ .. 아모르 앙쥬 ], 부정 텍스트 확률 : 52.65%"
"[ .. 플로트 ], 부정 텍스트 확률 : 57.07%"
"[ ..], 부정 텍스트 확률 : 57.07%"
"[ .. 투유 마켓 ], 부정 텍스트 확률 : 57.07%"
"[ .. 펫츠 앤미 ], 부정 텍스트 확률 : 66.55%"
"[ .. 멜라루카클리너 ], 부정 텍스트 확률 : 88.70%"
"[ .. 아소비진 ], 부정 텍스트 확률 : 53.33%"
"[ .. 라온 펫 ], 부정 텍스트 확률 : 50.08%"
"[ .. 티오 리오 ], 부정 텍스트 확률 : 57.07%"
"[ .. 페이퍼피 ], 부정 텍스트 확률 : 57.07%"
"[ .. 봉쥬르 뚜뚜 ], 부정 텍스트 확률 : 57.07%"
"[ ..이지 세이프 펫 ], 부정 텍스트 확률 : 57.07%"
"[ . 아모르펫 ], 부정 텍스트 확률 : 62.92%"
"[ .. 리버스 오브 ], 부정 텍스트 확률 : 53.15%"
"[ .. 어썸 퍼피 ], 부정 텍스트 확률 : 57.07%"
"[ .. 이든 혜윰 ], 부정 텍스트 확률 : 57.07%"
"[ .. 골든펫 ], 부정 텍스트 확률 : 57.07%"
"[ .. 누우띠 ], 부정 텍스트 확률 : 57.07%"
"[ .. 퍼피갤러리장난감 득템 ], 부정 텍스트 확률 : 57.07%"
"[ . 사진 인화 서비스현장에서 찍어 인화받을 수 있어요. ], 부정 텍스트 확률 : 82.62%"
"[ 저는 이벤트엔 복이 없지만♡리그램과 선착순이라는 노력으로 ], 부정 텍스트 확률 : 75.25%"
"[ ◽️롯데몰 김포공항점 스카이파크◽️월 일토일일◽️오전오후시◽️반려동물 동반입장], 부정 텍스트 확률 : 83.72%"
"[유모차대여 서비스⠀⠀⠀⠀⠀⠀⠀⠀◽️입장료펫티켓캠페인 참여 시 무료입장 ], 부정 텍스트 확률 : 53.29%"
"[.?펫케어펫케어.?펫케어페스티벌펫케어페스티벌.?펫티켓캠페인펫티켓캠페인.?펫쯩펫쯩 .?그랜파피그랜파피.?댕냥이축제댕냥이축제.?이벤트이벤트.?장바구니장바구니 .?롯데몰김포공항점롯데몰김포공항점.?너도나도펫케어페스티벌너도나도펫케어페스티벌 .?롯데백화점김포공항점롯데백화점김포공항점 ], 부정 텍스트 확률 : 54.58%"
"[ 상품정보 ..... ..?... 본문 이미지스트롤에어 쌍둥이유모차 ], 부정 텍스트 확률 : 78.69%"
"[원 선호거래지역 판매자 신뢰 별평가 점점], 부정 텍스트 확률 : 95.90%"
"[후기개연락처...? 연락처 확인하기 번개장터에도 판매중이니 번개장터로 연락주세요. ...?서우건우둥이네집 ... . ..... ..?... 본문 이미지 상세설명제품상태 중고쌍둥이들잘쓰고 절충형으로갈아타려합니다용인으로 오셔야해요아님 버스택배로보내드릴수있습니다 번개장터에도 판매중이니 번개장터로 연락주세요. ...?서우건우둥이네집 ... ..... ..?... 본문 이미지 ..... ..?... 본문 이미지 ..... ..?... 본문 이미지 ..... ..?... 본문 이미지 ..... ..?... 본문 이미지 ..... ..?... 본문 이미지 ..... ..?... 본문 이미지 ..... ..?... 본문 이미지 . ..... ..?... 본문 이미지], 부정 텍스트 확률 : 98.15%"
"[ 제조국 중국 양대면 여부 시트전환량 .최대무게 최대 연령 세쿠팡상품번호], 부정 텍스트 확률 : 79.35%"
"[한정특가할인 스트롤에어 마이듀오 쌍둥이 유모차], 부정 텍스트 확률 : 75.70%"
"[ 원 즉시할인가 ], 부정 텍스트 확률 : 75.70%"
"[한정특가할인 스트롤에어 마이듀오 쌍둥이 유모차], 부정 텍스트 확률 : 75.70%"
"[ 원 즉시할인가 ], 부정 텍스트 확률 : 75.70%"
"[한정특가 스트롤에어 마이듀오 쌍둥이 유모차], 부정 텍스트 확률 : 75.70%"
"[ 원 ], 부정 텍스트 확률 : 53.29%"
"[ 판교 유모차세탁유모차세탁업체 착한유모차세탁소 스트롤에어 쌍둥이 유모차 세탁 후기 ], 부정 텍스트 확률 : 53.29%"
"[그럼 거두절미하고판교 유모차세탁유모차세탁업체 착한유모차세탁소 스트롤에어 쌍둥이 유모차 세탁 후기를 시작하겠습니다 ], 부정 텍스트 확률 : 84.56%"
"[그럼 판교 유모차세탁유모차세탁업체 착한유모차세탁소의 세탁과정을 거치고제품이 어떻게 바뀌었을지 살펴보시죠 ], 부정 텍스트 확률 : 53.48%"
"[ 스트롤에어 마이듀오 쌍둥이 유모차 ], 부정 텍스트 확률 : 53.29%"
"[스트롤에어 마이듀오 쌍둥이 유모차 ], 부정 텍스트 확률 : 53.29%"
"[쿠팡홈출산유아동출산준비물선물외출용품유모차쌍둥이유모차 ], 부정 텍스트 확률 : 53.29%"
"[ 원▷], 부정 텍스트 확률 : 53.29%"
"[할인가], 부정 텍스트 확률 : 75.70%"
"[ 원 ], 부정 텍스트 확률 : 53.29%"
"[▼▼▼▼▼ .스트롤에어 마이듀오 쌍둥이 유모차 상품 보기▲▲▲▲▲ ], 부정 텍스트 확률 : 65.13%"
"[제조국 중국양대면 여부 시트전환 중량 . 최대 무게체중최대 연령 세 쿠팡상품번호–], 부정 텍스트 확률 : 94.33%"
"[ .상품 리뷰 확인 ◀◀ ], 부정 텍스트 확률 : 62.92%"
"[조립은 분정도. 사진과 똑같고 핸들링은 기가 맥힘. 만족함. 배송도 일정도 일찍 옴. 단], 부정 텍스트 확률 : 61.81%"
"[투명 비닐 덮개는 버릴 듯 ㅡㅡㅡㅡㅡㅡㅡㅡㅡㅡㅡㅡ 년 월 일 다시 후기 씁니다. 년이 안된 상태에서 바퀴가 좀 이상하길래 여기에 안내되어있는 번호로 며칠간 전화했는데 통화가 안되고 기간도 년이 지나버리고. 비싸게 사서 몇 번 못 태웠는데 버리게 생겼네요. ], 부정 텍스트 확률 : 95.89%"
"[▼▼▼▼▼ .스트롤에어 마이듀오 쌍둥이 유모차 상품 보기▲▲▲▲▲ ], 부정 텍스트 확률 : 65.13%"
"[ 엘베 그냥통과양대면가능 핸들링], 부정 텍스트 확률 : 86.75%"
"[ 폴딩까지 편함 ], 부정 텍스트 확률 : 54.97%"
"[개월차이나는연년생설블리즈아무래도 쌍둥이유모차필요할것같아서 중고로 마련했어요. .?스트롤에어마이듀오스트롤에어마이듀오 .?스트롤에어쌍둥이유모차스트롤에어쌍둥이유모차 .?스트롤에어연년생유모차스트롤에어연년생유모차 ], 부정 텍스트 확률 : 89.13%"
"[정말 폭풍검색끝에 .?스트롤에어유모차스트롤에어유모차휴대용유모차를 써본터라승차감생각하니 디럭스디럭스면서 접으면아반떼트렁크에싣을수 있는 사이즈라는데 결정적 요인 ], 부정 텍스트 확률 : 88.38%"
"[양대면이 가능함둘째는 엄마얼굴이보고싶은 시기라 유용 ㅋㅋ ], 부정 텍스트 확률 : 60.73%"
"[장보기 너무좋은큼직한 장바구니 .?나란히형유모차나란히형유모차 지만폭이 적당해서마트계산대 통과엘리베이터 통과무빙워크 통과 ], 부정 텍스트 확률 : 55.28%"
"[ 쌍둥이유모차 베이비조거 시티투어더블 실구매 후기 ], 부정 텍스트 확률 : 53.29%"
"[ .?쌍둥이유모차쌍둥이유모차.?휴대용쌍둥이유모차휴대용쌍둥이유모차.?절충형쌍둥이유모차절충형쌍둥이유모차.?베이비조거베이비조거.?시티투어더블시티투어더블.?엘레니어세스토트윈엘레니어세스토트윈.?스트롤에어스트롤에어.?애기야애기야 ], 부정 텍스트 확률 : 90.68%"
"[ 쌍둥이 해외여행 푸켓 박 일인천공항 휴대용 유모차 대여공항 라운지], 부정 텍스트 확률 : 90.04%"
"[.. .. ], 부정 텍스트 확률 : 59.13%"
"[대여한 타보 휴대용 유모차 대입니다.안에 시트는 면세점에서 산건데 바로 포장 분리해서 넣었어요 면세점 쿠폰과 적립금으로 싸게 ], 부정 텍스트 확률 : 93.47%"
"[그리고 유모차에서 이동도 하지만 잠들면 저는 항상 다리가 축 쳐지는게 젤 맘이 안 좋은데 타보 유모차는 손잡이가 자형이라 꽁자매도 일정도 타더니 알아서 손잡이를 위로 올리더라구요 ㅋㅋㅋ ], 부정 텍스트 확률 : 57.99%"
"[그리고 잠들면 손잡이 내려놓아서 다리 걸쳐 놓았더니 푹 잘잤어요 ], 부정 텍스트 확률 : 53.21%"
"[출국시간하고 입국시간 알려주면 출국장이랑 입국장에 미리 와 계셔서 바로 가주고 가시더라구요그런데 특히 입국같은 경우는 동남아 밤비행기가 워낙 연착이 많고 얘들 데리고 짐찾아서 나오면 시간이 많이 걸리니까 짐뱅크 직원분이 진짜 오래 기다리시더라구요 저는 시간 정도 늦었는데 이건 정말 양호한거라고 하시고 공항에 오래 계시다보니까 감기에 걸리셨던데 입국 픽업 시간은 좀 넉넉히 잡으시면 좋을꺼 같아요위에 짐 뱅크 이용은 순수 제가 찾아보고 제돈주고 이용한 후기입니다 ㅋㅋㅋ다시 인천공항으로 돌아와서항상 공항 입구 도로는 꽁자매맘을 설레이게 하는 장소 입니다 ], 부정 텍스트 확률 : 99.18%"
"[월 첫주 휴가철 인천공항은 사람이 많기 때문에 일단 먼저 도착한 동생네 가족은 티켓팅을 해 놓았고 짐뱅크 유모차를 먼저 받아 놓아서 출국장 앞에 차 세워놓고 짐이랑 아이들 내리고 꽁자매파는.?장기주차장장기주차장 으로 주차하러 갔어요다들 아시다시피 단기주차장이랑 장기주차장 비용 차이가 있는거 아시죠??네이버에.?인천공항주차요금인천공항주차요금 검색하시면 실시간 주자창 현황과 요금이 나와요단기 주차는 승용차 전용이고 일일 ], 부정 텍스트 확률 : 96.07%"
"[ 원이고 장기 주차장은 일일 ], 부정 텍스트 확률 : 65.52%"
"[꽁자매네 짐입니다.캐리어개 ], 부정 텍스트 확률 : 54.38%"
"[백팩개], 부정 텍스트 확률 : 53.29%"
"[보스턴백 개], 부정 텍스트 확률 : 71.02%"
"[휴대용가방 개입니다.꽁자매파의 휴대용 가방은 꼭 필요한 가방은 아닌데 본인이 가주고 다닐꺼라고 우겨서 일단 패스하고 제주도 박 일도 이정도 짐이였는데 박 일에 제주도와 비슷한거보면 이번엔 양호한거 같습니다다음에는 더 짐이 줄꺼라 확신합니다. ], 부정 텍스트 확률 : 56.55%"
"[이번에 꽁자매는 인천푸켓행 대한항공 편 기종프레스티지석을 이용했어요둥이들 데리고 시간 비행을 이코노미는 자신이 없더라구요장거리이고 밤비행기이니만큼 프레스티지석을 이용한건 잘 한것 같아요 카드값은 만만치 않았지만휴가철이라고 프레스티지 티켓팅도 줄을 서야 하더라구요 ], 부정 텍스트 확률 : 73.57%"
"[가볍게 짐을 붙이고.?패스트트랙패스트트랙 빨리 출국심사를 마쳤어요사실 유모차에 내려서 접어서 검색대 통과하고 가방에 있는 노트북 빼고 얘 안고 정신은 없었지만 예전에 아이 없을때 자동출입국심사대를 이용했으니까요 나름 휴가철생각하면 사람이 별로 없더라구요 ], 부정 텍스트 확률 : 75.71%"
"[꽁자매네는 대한항공 프레스티지석이라 대항항공 라운지가 이용가능하지만 제부와 조카가 아시아나항공 비지니스석을 이용해서 푸켓을 올 예정이라 카드가 있는 저희가.?아시아나비지니스아시아나비지니스 라운지를 이용하기로 했습니다.아이데리고 아시아나비지니스라운지는 카운터에서 왼쪽에 있는걸 이용하시는걸 추천드려요오른쪽보다 쇼파형 자리도 있어서 아이들 데리고는 더 편한거 같더라구요일단 앉자마자 빵 하나씩 손에 쥐어주었어요 ], 부정 텍스트 확률 : 65.95%"
"[아이들이 먹을 수 있는게 많은건 아니지만 그래도 물이랑 빵이랑 볶음밥으로 아이들 한끼를 해결 할 수 있었어요 배부르게 먹고 나니 우리집 호 다은이가 잠이 들었습니다. 한명은 자고 한명은 제부가 데리고 구경을 가서 저도 밥한술 먹을 수 있었네요게이트로 이동해서도 호기가 자서 너무 오래자면 비행기에서 안잘까봐 호에게 깨우라고 시켰습니다], 부정 텍스트 확률 : 63.36%"
"[결국 다은이를 깨우는것을 성공하지 못한 다현이는 홀로 게이트를 뛰어 다니기 시작했어요 ], 부정 텍스트 확률 : 72.20%"
"[ 유모차 바퀴커버 부제영역은 지식백과에서만 사용되지만 포스트 엔드에 마크업은 잔존하게 됩니다 기본적으로요소는 입니다 ], 부정 텍스트 확률 : 91.90%"
"[푸쉬카], 부정 텍스트 확률 : 53.29%"
"[유아자전거], 부정 텍스트 확률 : 53.29%"
"[씽씽카퀵보드웨건 등 바퀴달린 유아용품 바퀴커버 제작 가능합니다방수커버와 면혼방 중 선택해서제작할 수 있고요원단은 가지 준비되어 있습니다카카오채널 소식받기 부탁드려요↓↓↓↓↓↓↓.. ], 부정 텍스트 확률 : 69.19%"
"[아래 링크 클릭하시면 유모차 바퀴커버 제작 상세 페이지로 이동합니다 ], 부정 텍스트 확률 : 91.75%"
"[✔ 도노비투비], 부정 텍스트 확률 : 53.29%"
"[스토케시리즈], 부정 텍스트 확률 : 52.25%"
"[페도라], 부정 텍스트 확률 : 53.29%"
"[잉글레시나 트릴로지], 부정 텍스트 확률 : 81.24%"
"[잉글레시나 트립], 부정 텍스트 확률 : 81.24%"
"[미마자리플레어], 부정 텍스트 확률 : 57.46%"
"[오르빗], 부정 텍스트 확률 : 53.29%"
"[스트롤에어], 부정 텍스트 확률 : 53.29%"
"[베이비 조거 시티셀렉트], 부정 텍스트 확률 : 53.29%"
"[싸이벡스프리암], 부정 텍스트 확률 : 53.29%"
"[호크맨하탄], 부정 텍스트 확률 : 53.29%"
"[줄즈지오어스], 부정 텍스트 확률 : 83.07%"
"[리안솔로], 부정 텍스트 확률 : 53.29%"
"[호크맨하탄], 부정 텍스트 확률 : 53.29%"
"[호크트위스트], 부정 텍스트 확률 : 53.29%"
"[부가부 비 플러스], 부정 텍스트 확률 : 76.84%"
"[줄즈데이어쓰], 부정 텍스트 확률 : 86.19%"
"[잉글레시나 지피라이트], 부정 텍스트 확률 : 81.24%"
"[줄즈지오어스], 부정 텍스트 확률 : 83.07%"
"[콤비플러스 알파], 부정 텍스트 확률 : 53.29%"
"[실러크로스서프], 부정 텍스트 확률 : 65.96%"
"[잉글레시나 쿼드], 부정 텍스트 확률 : 81.24%"
"[미고미니플로스], 부정 텍스트 확률 : 53.29%"
"[무치어반노매드], 부정 텍스트 확률 : 69.83%"
"[맥클라렌], 부정 텍스트 확률 : 53.29%"
"[포맘스오리가미], 부정 텍스트 확률 : 53.29%"
"[전동차], 부정 텍스트 확률 : 53.29%"
"[애완동물유모차], 부정 텍스트 확률 : 53.29%"
"[유아자전거 등등], 부정 텍스트 확률 : 53.29%"
"[✔이외 유모차나 전동차 등 바퀴 둘레와 폭 사이즈 알려주시면 제작 가능합니다 ], 부정 텍스트 확률 : 75.72%"
"[방수천], 부정 텍스트 확률 : 53.29%"
"[부터바퀴개 기준전동차 부터사이즈에 따라 가격변동], 부정 텍스트 확률 : 88.47%"
"[✔바퀴사이즈에따라 가격이 다르니 자세한 가격은 문의바랍니다], 부정 텍스트 확률 : 68.85%"
"[배송비 ], 부정 텍스트 확률 : 53.29%"
"[ 택배원], 부정 텍스트 확률 : 53.29%"
"[일반 면선택가능 ], 부정 텍스트 확률 : 87.69%"
"[가격 ], 부정 텍스트 확률 : 53.29%"
"[ 부터바퀴개 기준전동차 부터사이즈에 따라 가격변동], 부정 텍스트 확률 : 88.47%"
"[✔바퀴사이즈에따라 가격이 다르니 자세한 가격은 문의바랍니다], 부정 텍스트 확률 : 68.85%"
"[배송비], 부정 텍스트 확률 : 53.29%"
"[택배 원 ], 부정 텍스트 확률 : 53.29%"
"[✔ 바퀴 개 이상일 경우 하나 추가당 총 가격의 하시면 됩니다 ], 부정 텍스트 확률 : 85.09%"
"[추가비용 발생합니다. 바퀴커버와 같은 원단으로 제작해드립니다.], 부정 텍스트 확률 : 56.58%"
"[추가비용원 ], 부정 텍스트 확률 : 53.29%"
"[주문 및 입금 후 제작하기때문에], 부정 텍스트 확률 : 78.40%"
"[문의카톡 및 카카오채널], 부정 텍스트 확률 : 53.29%"
"[신한은행. . 김혜 ], 부정 텍스트 확률 : 68.39%"
"[후기 작성해 주시면 원 할인해드려용 ], 부정 텍스트 확률 : 70.92%"
"[집안에서 사용하실 수 있고보관용으로도 깔끔하게 사용가능한유모차 바퀴커버랍니다더 자세한 문의는비댓이나 카톡으로 부탁드릴게요카톡 상담이 가장 빠르답니다 ], 부정 텍스트 확률 : 68.20%"
"[ 홀에서는 아가똥에서 배가리개도 구매하고 열심히 돌아 다녔지만 저의 가장 큰 흥미인 베페 프리미엄라운지가 너무너무 궁금해서 바로 홀로 넘어왔어요 ], 부정 텍스트 확률 : 94.16%"
"[코엑스 베페 베이비페어 후기], 부정 텍스트 확률 : 53.29%"
"[지난 월 일 회 베페 베이비페어에 다녀왔습니다. 베페 베이비페어는 코엑스에서만 일년에 회 월], 부정 텍스트 확률 : 78.00%"
"[베페 홈페이지 회원가입이 제일 먼저이구요. 동행하시는 분들 각각 회원가입을 하셔야지입장권혜택이 있습니다. 그밖에 업체별로 초대권을 배포하는 곳이 있어요], 부정 텍스트 확률 : 88.70%"
"[무료입장. 베페 롯데카드 소지자일 내내 입장 가능. 베페 기프트카드 소지자일 내내 입장 가능. 롯데 국민행복카드], 부정 텍스트 확률 : 96.03%"
"[아이행복카드 소지자 일 내내 입장 가능. 베페 프리미엄 회원 동반인 무료입장일 내내 입장 가능. 장애우동반보호자 인 포함], 부정 텍스트 확률 : 88.42%"
"[경로우대자만 세 이상], 부정 텍스트 확률 : 82.02%"
"[초등학생 이하부모 동반일 경우이런 입장 방법등이 있습니다.], 부정 텍스트 확률 : 97.09%"
"[ 입구 회원전용 등록대보라색 간판에 신분증 제출. 명찰발급. 전시장 입장베이비페어는 온라인회원에게 무료초청장이나 초대장을 발송하지 않습니다.부부동반 입장을 원하실 경우 엄마], 부정 텍스트 확률 : 91.47%"
"[아빠 각각 온라인 회원으로 가입하셔야 합니다.온라인 회원은 기간 중 일 무료입장이 가능하며], 부정 텍스트 확률 : 81.37%"
"[모바일 무료초청장베페앱 개인별 바코드을 통해 무료입장 가능합니다.무인등록대 ], 부정 텍스트 확률 : 76.30%"
"[ 전시장 입구 온라인 회원의 경우 무인등록대를 이용하시면 기다리는 불편함 없이 본인이 직접 출력하여 입장하실 수 있습니다. ], 부정 텍스트 확률 : 70.73%"
"[. 베이비페어 어플설치. 모바일 무료초청장 다운로드.], 부정 텍스트 확률 : 64.77%"
"[ 입구 모바일회원 전용 등록대주황색간판에 모바일 무료 초청장 제시. 명찰발급. 전시장 입장베페 앱 리뉴얼로 인해 무료초청장이 개인 바코드로 변경되었습니다. ..일 이후 다운로드 받으신 앱에는 개인 바코드가 있으며], 부정 텍스트 확률 : 87.64%"
"[매 전시회마다 비콘스탬프 이벤트가 있었는데요], 부정 텍스트 확률 : 57.71%"
"[베페앱을 설치하고총 군데 부스를 돌아다니면서블루투스로 스탬프가 찍히는 이벤트인데요아이폰인 저는 이번에도 실패], 부정 텍스트 확률 : 81.21%"
"[방문객이 너무 많아서 통신장애를 일으켰던 것 같습니다.프리미엄 라운지], 부정 텍스트 확률 : 93.27%"
"[베페 부스에 가시면 스탬프 찍은걸로 확인해주십니다.], 부정 텍스트 확률 : 77.78%"
"[사은품 받으려고 줄 길게 서고 계시더라구요 단 회원가입을 하셨어야 했어요. 아기 우유도 신청하실 수 있구요], 부정 텍스트 확률 : 56.84%"
"[각종 샘플도 많이 받았습니다.], 부정 텍스트 확률 : 70.10%"
"[임신출산육아교육 박람회답게 다양한 제품들이 선보였는데요 ], 부정 텍스트 확률 : 75.99%"
"[살 아이를 키우면서이렇게 예쁜 옷들과 아이용품들을 왜 못 써봤나 싶더라구요 여긴 달퐁 부스], 부정 텍스트 확률 : 97.01%"
"[쌍둥이 유모차인데], 부정 텍스트 확률 : 54.85%"
"[블루래빗의 영유아 교육용품들], 부정 텍스트 확률 : 50.07%"
"[식탁의자도 참 다양하죠?], 부정 텍스트 확률 : 85.22%"
"[다이치 브랜드. 국내 브랜드로 안전한 카시트만드시는 것 같아요], 부정 텍스트 확률 : 77.72%"
"[베페 대여 유모차는 신상품을 대여하기 유명한데요 전시회 끝나고정도 할인된 금액으로 입양프로젝트를 실시하기도 해요 . ], 부정 텍스트 확률 : 96.15%"
"[보솜이부스에서는 시간대별로 기저귀와 물티슈 주시는 이벤트도 있었답니다. 이번에 보솜이], 부정 텍스트 확률 : 71.50%"
"[군기저귀], 부정 텍스트 확률 : 53.29%"
"[ 메리즈가 기저귀 업체로 나온것 같아요. 동양매직이 매직으로 이름이 바뀌었더라구요], 부정 텍스트 확률 : 68.72%"
"[각종 랜탈 가전제품들이 선보였어요.], 부정 텍스트 확률 : 52.90%"
"[.... ... ], 부정 텍스트 확률 : 71.67%"
"[ 회 베페 베이비페어 다녀왔어요 ], 부정 텍스트 확률 : 53.29%"
"[안녕하세요 이웃님들드디어 기다리고 기다리던 회 베페 베이비페어에 잘 다녀 왔습니다이번 회 베페때는 쌍둥이 유모차 우선순위로 살펴보고 아가들 꼬까옷및 추석빔 사줄 목적이 제일 컸는데요서포터즈 활동을 하다보니 좋은 상품과 현장이벤트등 미리 알수 있는 베페 베이비 페어였던거 같아 서포터즈 활동한 제가 기특하고 아주 뿌듯해요이제 부터 서포터즈 활동 후 다녀온 회 베페 베이비페어 후기를 함 적어 볼께요일 목요일 기다리던 회 베페 베이비페어가 코엑스에서 개최되었어요이날은 제가 서포터즈 활동하는 첫날부터 신랑에게 미리 휴가를 빼달라고 부탁을 한 상태였기에맘편하게 신랑차를 타고 울 이쁜 딸둥이와 룰루랄라 출발했지요우린 아직 쌍둥이 유모차가 없으니 유모차 하나는 대여를 해야 됐는데....줄이줄이 대여소에 사람들이 너무많이 대기하고 있어서 포기.....했어요 ㅜㅜ선둥이는 후둥이보다 몸무게가 좀더 나가니 차에 실려있던 일인유모차에 태우고 저는 후둥이를 아기띠에 앉혀서 돌아 다니게 되었답니다....정말], 부정 텍스트 확률 : 61.11%"
"[제가 홀에서 들린곳은 아가들 교육을 위한 프뢰벨이곳에서 상담을 받고 구매까지 했어야 하는데...아가들이 칭얼거리는 바람에 ㅠㅠ급하게 상담후 연락달라고 연락처 남기고 일어 났네요...상담은 진행해서 그런가 어린이 동화책도 한권 주셨구요여기서 영아다중이랑 구매 했음 더 좋은 사은품이 있었을 텐데 아쉽네요...선물받은 동화책은 읽어 봤는데요아직 울 아가들에게는 많이 어려운거 같아 잘 모셔 놨답니다 ], 부정 텍스트 확률 : 63.29%"
"[ 크림], 부정 텍스트 확률 : 53.29%"
"[ 수딩크림과 팸퍼스 기저귀를 베페 서포터즈와 프리미엄 회원을 위해 제공해 주셔서아가들 케어하기에 너무너무 수월하고 좋았어요휴식을 마치고 아가들 베비언스 한병씩 먹이고 신랑에게 여기서 나눠주던 무료 커피도 대령하고주스보담 커피로 마셨는데 요 음료수 주시던 분이 너무 친절하드라요기분좋게 쉬다가 다시 구경하러 돌아 다녔네요다음 베페때 이 좋은 베페 프리미엄 라운지 사용을 위하여 고민도 들었구요왠지...서포터즈라는 기회는 다시 안올것 같아서...내년월에 열리는 회 베페 베이비페어때는 프리미엄 회원 등록하고 올려구요사랑해요 베페 프리미엄 라운지 ], 부정 텍스트 확률 : 83.76%"
"[열심히 쉰 울 가족은 그동안 말로만 듣던 뻬그뻬레고의 쌍둥이 유모차를 보러 출발했네요서포터즈 활동시 알게되어 많은 애정과 사랑을 주고 있던 뻬그뻬레고는이번 베페 베이비페어때 최대 할인으로 쌍둥이 유모차와 유아식탁의자 세트를 선보였는데요가격이 너무너무 궁금했기에 제일먼저 물어봤지요바퀴달린 식탁의자 시에스타디럭스 쌍둥이 유모차 북포투절출형 쌍둥이 유모차 아리아쇼퍼트윈신랑과 전 타임을 외치며 고민에 빠졌답니다....양대면이 안되는 쌍둥이 유모차라....아 정말 고민되더라구요 ㅠㅠ우선 식탁의자는 뻬그뻬레고가 제일 맘에 들었으니 두개 먼저 구매를 했구요 안내하시는 분은 너무너무 친절하지만 계산해 주시던 아저씨는 뭐가 그리 귀찮으신지 표정이 귀찮아 하는 표정이라고 해야 되나 그 윗사람이 아랫사람 흘기듯이 보는 표정을 짓더라구요...사은품 뭐뭐 주나 후기관련한 사은품도 있나물어봐두 시큰둥한 대답을 하셔서 절대 여기서 유모차는 사지 말아야지하고 다짐을 하게 해 주시더라구요 흥그런저의 표정을 보셨는지열심히 안내해 주시던 분이 계산까지 도와 주셨지요...이분은 정말 친절하셨는데...쯧식탁의자 구매시 계산해 주시던 아저씨의 무시하는 듯한 표정에 저의 기분이 너무 안좋아져서구매한거 취소할까도 싶더라구요베페 베이비페어라고 친절하며 질 좋은다 좋은 브랜드만 있는건 아닌가 봐요나름 울 나라에서 제일 큰 베페 베이비페어라 많은 기대를 하고 왔것만... ], 부정 텍스트 확률 : 82.94%"
"[열심히 쌍둥이 유모차 또 어디있지?하며 돌아다니다 발견한 스트롤에어이전에 쌍둥이 유모차 검색하다 알고는 있었던 브랜드인데 이번 회 베페 베이비페어에 참가 하셨더라구요울 아가들을 보더니 아주 친절하신 직원분께서열심히 설명을 해 주셨답니다양대면이 가능하고 두 아이가 마주 볼수 있으며 알루미늄으로 뼈대가 구성되어있고바퀴는 제자리에서 도 회전각이 나오는 구조이고정말 제가 평소에 왜 쌍둥이 유모차는 비싼 부가부 말고는 맘에 드는것이 없을까하며 생각하던 부분들을 다 이야기 해 주시더라구요오호슬슬 제 귀가 팔랑팔랑 해졌답니다.제가 급 관심을 보이니 설명해 주시던 직원분께서 사실은 본인이 사장이라고 하시면서스스럼 없이 직원분들께 궁금한 부분들 확인시켜 주며 잘 설명해 주시더라구요양대면 가능한 유모차라 귀가 팔랑팔랑 해지던데이 유모차를 사야될까요말아야 될까요? ], 부정 텍스트 확률 : 98.91%"
"[ 어린 아가들에게는 아직 이르다는 생각에다음 회 베페 베이비페어를 기약하며 사진으로만 담아왔네요 ], 부정 텍스트 확률 : 73.53%"
"[회 베페 베이비페어때 구매한 뮤라 방수요이번에 범퍼침대 구매 기념으로 방수요를 깔아놓고 쓰다보니교체할 방수요가 없어 구매하러 뮤라에 들렸어요카카오스토리 이벤트 진행중이어서 냉큼 소식받기 하고 세면수건도 선물도 받고요이전에 구매한 디자인은 스티치였으니 이번엔 도트무늬로 장 구매하네요뮤라 방수요 너무 좋아요강추 ], 부정 텍스트 확률 : 89.04%"
"[이쁜 꼬까옷이 전시되어 있길래 아가들 추석빔 사주러 들렀던 부스예여아쉽게도 제일 작은 사이즈가 사이즈라....다음 회 베페 베이비페어를 기약하며 돌아섰네요 ...이쁜 디자인의 옷들을가격으로 세일해서 파는데첫날이라 그런지 옷들이 많이 디피되어 있어서 눈길을 사로 잡았지요 ], 부정 텍스트 확률 : 63.63%"
"[ 후기 스트롤에어 마이듀오 쌍둥이 유모차 ], 부정 텍스트 확률 : 53.29%"
"[스트롤에어 마이듀오 쌍둥이 유모차할인 ], 부정 텍스트 확률 : 53.29%"
"[블랙준비되어 있습니다.사용기를 훑어보면 만족이 높은 상품입니다. 스트롤에어에서 만든 제품들이 가성비도 좋아서적립금은 최대 ], 부정 텍스트 확률 : 62.40%"
"[ 원 적립 쿠팡에서 판매하는거니까 당연 배송은 믿을수있습니다. 로켓배송 .?스트롤에어유모차스트롤에어유모차.?스트롤에어쌍둥이유모차스트롤에어쌍둥이유모차], 부정 텍스트 확률 : 62.61%"
"[ 출시년도 년도], 부정 텍스트 확률 : 53.29%"
"[ 최소연령 ], 부정 텍스트 확률 : 53.29%"
"[ 중량 .], 부정 텍스트 확률 : 62.92%"
"[ 양대면 여부 시트전환이웃 추가하시고 필요한 정보를 받아보세요 .?쌍둥이유모차쌍둥이유모차.?마이듀오유모차마이듀오유모차], 부정 텍스트 확률 : 71.13%"
"[ 유모차 바퀴커버 맞춤제작 ], 부정 텍스트 확률 : 80.80%"
"[유모차 바퀴커버 맞춤제작], 부정 텍스트 확률 : 80.80%"
"[페도라바퀴커버], 부정 텍스트 확률 : 53.29%"
"[킨즈웨건], 부정 텍스트 확률 : 53.29%"
"[킨즈웨건 무브], 부정 텍스트 확률 : 53.29%"
"[삼천리 쥬시 자전거 유모차], 부정 텍스트 확률 : 53.29%"
"[전동차], 부정 텍스트 확률 : 53.29%"
"[뻬그뻬레고 북플러스 ], 부정 텍스트 확률 : 57.19%"
"[북포투], 부정 텍스트 확률 : 53.29%"
"[리안파크], 부정 텍스트 확률 : 53.29%"
"[호크 트위스터 디럭스], 부정 텍스트 확률 : 53.29%"
"[마마스 앤 파파스 솔라], 부정 텍스트 확률 : 53.84%"
"[지비에어 엣지], 부정 텍스트 확률 : 91.63%"
"[맥클라렌 ], 부정 텍스트 확률 : 53.29%"
"[엠버 ], 부정 텍스트 확률 : 53.29%"
"[포맘스 오리가미], 부정 텍스트 확률 : 53.29%"
"[미니버기], 부정 텍스트 확률 : 53.29%"
"[콩코드유모차], 부정 텍스트 확률 : 53.29%"
"[스토케 크루시 신형], 부정 텍스트 확률 : 53.29%"
"[콤비플러스 비비드 ], 부정 텍스트 확률 : 53.29%"
"[리안솔로], 부정 텍스트 확률 : 53.29%"
"[지비티바], 부정 텍스트 확률 : 91.63%"
"[잉글레시나 지피프로지피프리], 부정 텍스트 확률 : 81.24%"
"[퀴니무드바퀴커버], 부정 텍스트 확률 : 53.29%"
"[퀴니버즈바퀴커버], 부정 텍스트 확률 : 53.29%"
"[미니쿠퍼바퀴커버], 부정 텍스트 확률 : 53.29%"
"[미니쿠페바퀴커버], 부정 텍스트 확률 : 53.29%"
"[베이비조거시셀바퀴커버], 부정 텍스트 확률 : 74.20%"
"[전동차바퀴커버], 부정 텍스트 확률 : 53.29%"
"[헤네스브룬바퀴커버], 부정 텍스트 확률 : 53.29%"
"[바퀴커버], 부정 텍스트 확률 : 53.29%"
"[리안바퀴커버], 부정 텍스트 확률 : 53.29%"
"[스토케스쿠트바퀴커버], 부정 텍스트 확률 : 53.29%"
"[스토케익스플로리바퀴커버], 부정 텍스트 확률 : 53.29%"
"[스트롤에어바퀴커버], 부정 텍스트 확률 : 53.29%"
"[어보바퀴커버], 부정 텍스트 확률 : 53.29%"
"[잉글레시나트립바퀴커버], 부정 텍스트 확률 : 53.29%"
"[잉글레시나트릴로지바퀴커버], 부정 텍스트 확률 : 81.24%"
"[미마자리플레어바퀴커버], 부정 텍스트 확률 : 57.46%"
"[오르빗바퀴커버], 부정 텍스트 확률 : 53.29%"
"[유모차바퀴커버], 부정 텍스트 확률 : 53.29%"
"[전동차바퀴커버], 부정 텍스트 확률 : 53.29%"
"[바퀴커버], 부정 텍스트 확률 : 53.29%"
"[싸이벡스프리암바퀴커버], 부정 텍스트 확률 : 53.29%"
"[호크맨하탄바퀴커버], 부정 텍스트 확률 : 53.29%"
"[웨건바퀴커버], 부정 텍스트 확률 : 53.29%"
"[줄즈지오어스바퀴커버], 부정 텍스트 확률 : 83.07%"
"[지비티바바퀴커버], 부정 텍스트 확률 : 91.63%"
"[조이크롬바퀴커버], 부정 텍스트 확률 : 53.29%"
"[깜바퀴커버], 부정 텍스트 확률 : 53.29%"
"[여기 없더라도 실측해주시면], 부정 텍스트 확률 : 67.09%"
"[제작 가능합니다주문 방법맨 위 링크], 부정 텍스트 확률 : 78.32%"
"[맨 아래 링크 클릭 후댓글혹은 카톡카톡 문자자세한 문의는 댓글이나 카톡 혹은 문자 연락주시면상담가능합니다아들 둘 육아맘인지라답변이 좀 늦을 수 있어요 ], 부정 텍스트 확률 : 61.71%"
"[아래는 제작 후기 사진들 중 일부고요사이즈 측정방법이나금액], 부정 텍스트 확률 : 92.40%"
"[원단에 대해 더 알고 싶으시면], 부정 텍스트 확률 : 55.83%"
"[ 갤동안 스트롤에어로만 잘썼어요.유모차 이후 휴대용도 웨건도 안쓰고 잘다녔고. 킥보드는 애용중입니다년동안 고장나서 받을일 전혀 없었구요.묵직하고 튼튼하고 핸들링 좋아요], 부정 텍스트 확률 : 95.71%"
"[차 타고 자주 나가면 리안트윈 도보 자주 하시면 스트롤에어죠], 부정 텍스트 확률 : 73.56%"
"[양대면 우선이시면 스트롤에어 구요 나머진 리안이 나을것같아요], 부정 텍스트 확률 : 56.66%"
"[전 스트롤에어 쓰는데 양대면 없으면 어쩔뻔했나싶네요], 부정 텍스트 확률 : 94.91%"
"[신통방통맘청주양대면이...뭔가요?], 부정 텍스트 확률 : 51.01%"
"[네..참고할께요..], 부정 텍스트 확률 : 95.46%"
"[저도 돌지나서 구입해서 쓰고있는데좋아요.남편이 더좋아해요.핸들링좋고 애들편하다구요], 부정 텍스트 확률 : 54.39%"
"[ 년초에 새거로 샀는데 차이점이런건 잘모르겠고... 갤인데도 잘쓰고 있어요], 부정 텍스트 확률 : 54.44%"
"[둥동이 인천저희는 진짜 아깝지않게 쓰고있어요. 잠시 안타려고하는 정체기가 좀 있구요. 걷기시작하면 나가자고 하는데 나갈때 유모차로 나가서 풀어놓구요. 지금 휴대용으로 바꾸고 싶은맘 굴뚝이긴한데 핸들링 좋아서 그냥 저냥 써지네요. 매일나가자고해서 매일 쓰고있어요.], 부정 텍스트 확률 : 99.38%"
"[질문과 다른 질문하는데요.이거사려고 맘먹었는데 막상 실물도 본적없는터라 걱정되서요. 저희애들생후일됐구요 지난주보니 몸무게.킬로더라구요 얼마나 쓸지 궁금하기도하구요..쓰다가 가벼운걸로갈아탄다면 얼마못쓰고 아까울것도같아서요양대면되는건포기못해서요궁금한게 마트계산대 혹시통과되는지?엘리베이터는 가능한지..궁금합니다혹시아시는분. 답좀..부탁드려요], 부정 텍스트 확률 : 94.01%"
"[ 저는 베이비조거 시셀쓰고있어요..좌우형을 쓰기에는 여러모로 불편할듯해서요...일단 시셀 핸들링 괜찮구요..앞뒤형이긴 해도 인용으로도 사용 가능해서 굳이 인용으로 사용하지 않아도 된다는게 좋은거 같아요...], 부정 텍스트 확률 : 99.52%"
"[아 앞뒤형도 한번 생각해봐야겠네요], 부정 텍스트 확률 : 57.10%"
"[저도 처음에는 시셀사려고했는데크기도 완전 크고 길고. 차에넣어두고 써야하는데 시트탈착이 제일 번거로워보이더라구요..무게도 무겁고실제로 마트같은데서 시셀쓰시는분들얘길 들어봐도 애기들 좀크면 발판이 좁아서..불편하다고도 하더라구요그래서 전 한참 고민하다가 리안트윈샀어요폭이 이라 좁은곳도 잘통과되더라구요방풍커버씌우고도 한번에 접어지니 편해요], 부정 텍스트 확률 : 97.40%"
"[리안 괜찮아요?? 방풍커버는 따로사야되죠? 스트롤에어나 베이비조거는 중고생각하고리안은 새것으로 생각했는데 되도록 오래쓸생각으로 아예튼튼한거 사고 싶거든요...], 부정 텍스트 확률 : 88.92%"
"[둥이맘 서울저는 방풍커버 끼워주는곳에서 샀구요디럭스사서쓰다 나중에 휴대용살랬는데리안트윈절충형치고는 괜찮더라구요그냥 요걸로 둥이 윰차졸업하려구요ㅎㅎ저희애기들 이제 일조금넘었는데유모차태워서 외출하면 몇시간씩 잘자요그리고 마트가서 키로짜리 쌀샀는데 유모차손잡이위에 올려도 안넘어가고 튼튼했어요], 부정 텍스트 확률 : 80.82%"
"[셋째넷째별솔 마산혹시 어디서 사셨는지 알려주시면 안될까요??], 부정 텍스트 확률 : 93.68%"
"[아 스트롤에어... 아 진짜 고민되네요 ㅠㅠ남편은 오래쓸거라고 무조건 튼튼한것만 강조하고 있어서요얼른 애들 대리고 외출도 하고 해야하는데 참 어렵네요], 부정 텍스트 확률 : 59.74%"
"[스트롤에어 통과못하곳 없고 튼튼하게 잘 오래 썼어요.], 부정 텍스트 확률 : 95.54%"
"[그 핸들링이 엄청 좋은 쌍둥이유모차가 뭔지 알수 있을까요? ], 부정 텍스트 확률 : 68.19%"
"[저희집첫째는개월인데 개월동생이 유모차타면 그리 같이태워달라고해서 디럭스유모차에 둘다 올려놓고 다녔는데 웨건 좋네요 접고펴는건 어떤가요? 엘베없는층이라 접어서 층에 놔야해서요], 부정 텍스트 확률 : 88.44%"
"[저희 아이는 제작년 월생입니다직접 산건 아니고 선물 받은 겁니다사진 추가 했습니다모기장이나발 덮개 등등은 사용해보지 않았습니다], 부정 텍스트 확률 : 87.27%"
"[뜅구리망가지거나 찢긴부분은 없나요?], 부정 텍스트 확률 : 81.38%"
"[유모차 반품합니다 환불해주세요 년이전 제품이네요], 부정 텍스트 확률 : 64.57%"
"[ 택비는별도인데 쿨거래시택비제가부담할께요], 부정 텍스트 확률 : 86.02%"
"[도현마미잉], 부정 텍스트 확률 : 53.29%"
"[ 판매되었나요?몇살정도까지 탈수있나요?], 부정 텍스트 확률 : 80.88%"
"[아직이요 한 바구니당 키로까지 가능해요], 부정 텍스트 확률 : 64.08%"
"[판매되었나요?], 부정 텍스트 확률 : 67.60%"
"[아니요], 부정 텍스트 확률 : 84.82%"
"[문자주세요], 부정 텍스트 확률 : 53.29%"
"[판매완료], 부정 텍스트 확률 : 53.29%"
