"[이 글을 적는이유는], 부정 텍스트 확률 : 78.42%"
"[다음 활동 기수는 기가 됩니다. 아컴 서포터즈가 시작 된 계기는 아래 인터넷 기사를 통해 알게 되었네요. 기사 발췌일 관련 업계에 따르면 유·아동복 전문기업 아가방앤컴퍼니는 최근 저출산 및 온라인 생태계 구축 등에 실패하며 매출이 급감했다. 온라인 생태계 확장에 나서지 못하면서 경쟁사 및 신생 브랜드와의 경쟁에서 뒤처지고 있다. 실제로 지난 분기 아가방앤컴퍼니의 매출은 억원으로 이는 직전년도와 비교해 억원가량 적은 수치다. 올해 반기 누적 매출액도 억원으로 직전년 반기 누적 매출 억원과 비교해 억원가량 줄었다. 년 연속 매출이 감소하고 있다. 반기 영업손실도 억원을 기록해 직전년 반기손실 억원보다 억원가량 증가했다. .....반면 아가방앤컴퍼니는 오프라인 매장 매출이 를 넘어설 정도로 오프라인 비중이 높다. 애플리케이션과 후기를 블로그에 올려주는서포터즈활동도 올해 시작하는 등 온라인 전환이 늦었다... 뉴데일리 경제진범용기자 ], 부정 텍스트 확률 : 71.36%"
"[ 아컴서포터즈 활동기간년 월부터 월까지 개월간의 활동을 마치고 연임이 되어 월부터 월까지 활동을 이어가게 되었습니다. 연임은 회만 가능하여 이번이 마지막이겠구나 생각해요. 한 기수 뛰고 해야 하니 내년 월에 기에 다시 도전해 볼 수 있겠네요.아컴서포터즈 연임 성공이유?영상이라고 생각합니다. 아컴 홍보를 많이 하진 않았어요. 중박정도? 막판에 좀 하긴 했던것 같기도하네요. 영상은 매번 제작하진 못하고 틈틈히 활용하여 넣었습니다. 그리고 제 블로그를 보시면 알겠지만 저는 블로그의 메인 대표이미지를 항상 설정해서 블로그를 꾸밉니다. 그 이유도 어느정도 가산점을 주진 않았을까 혼자 추측해 봅니다. 즉], 부정 텍스트 확률 : 99.86%"
"[잘 꾸며진 블로그 일수록 서포 활동에 좋다고 생각해서요 아컴서포터즈에는 어떤물건들이?아컴서포터즈는 격주로 물건과 의류가 풀립니다.], 부정 텍스트 확률 : 77.15%"
"[ 주차에는 물건], 부정 텍스트 확률 : 67.88%"
"[ 주차에는 의류가 풀리는데 물건은 아기 보온죽이나 물컵이 인기가 많고 의류는 그냥 다 인기가 많아요. 의류는 진짜 사이즈만 맞으면 그냥 사세요..맞는의류가 없어서 줍줍도 못한 안타까운..ㅠ 이거살까 저거살까 고민은 사치입니다아컴서포터즈 구매 방법사이트를 통해 물건을 선택 한 후 배송비만 지불하여 구매합니다. 이때], 부정 텍스트 확률 : 99.61%"
"[ 블로그], 부정 텍스트 확률 : 53.29%"
"[이건 심사 처리가 안됩니다.댓글에 무상제공 내용 다는 것도 심사 처리 안날 수 있어요. 아컴서포터즈 활동 꿀팁첫 서포터즈 활동이라면 네이버 블로그 후기 글들을 통해 어떤 제품들이 나오는지 미리 파악하는 것이 좋습니다.저처럼 서포를 진행 중이라면어떤 상품이 떴는지 미리 캡쳐하거나 확인 해 본 뒤에 다음엔 어떤 제품을 선택할지결정하세요. 왜냐하면 아가방 서포터즈 카페에 서포 알림제도가 있는데 이것 때문에 에러가 잘납니다. 이유인즉슨 카페 알림으로 서포가 떴다는 것이 공지되면 우르르 몰리게 되고 서버는 오류가 나서 결제가 안돼요. 그래서 뜨자마자 그냥 바로 주문 ㄱㄱ . 사이즈만 얼추맞다면 그냥 바로 구매해야합니다. 고민하고 간 볼 시간 없어요. 그러면 활동 기간 내내 한달에 제품 개 밖에 못하게 됩니다.전 월에 한번밖에 체험 못했었어요..서포터즈 활동 솔직후기마 카롱같아요. 너무 달달하고 좋은데 많을 수록 독이 되기도 합니다. 뭔소리냐면 다양한 아기 제품들을 체험해 볼수 있다는 큰 장점이 있지만 저와같은 서포터즈가 너무 많아서 물건 구매시 경쟁이 점점 더 과열되고 치열해집니다. 서포터즈의 수가 어느정도인지는 모르겠지만 서버가 너무 과열되고 에러가 자주 뜨니 상품하나 구매하기가 쉽지 않아요. 그래서 너무 좋은 만큼 시간 할애하여 집중했는데도 그걸 갖지 못하니 답답하고 스트레스 받는 것이지요. 월초 쁘띠엘린과 아컴을 같이 시작 했을때], 부정 텍스트 확률 : 100.00%"
"[쁘띠엘린이 너무 어렵다 했는데 지금은 쁘띠엘린 서포터즈보다 아컴 서포터즈가 더 어렵네요..이건 개인차겠죠? 아컴 서포터즈 담당자 분들 께서 서포터즈의 의견을 잘 들어주고 열심히 해주시는 건 알겠지만], 부정 텍스트 확률 : 59.39%"
"[저희 둘째가 피부가 예민하다보니 요즘같은 같은 날씨에도 로션 타입보다는 끈적임이나 답답함 없이 산뜻한 수분감을 주는 수딩젤을 선호하게 되는데요. .?인스타베이비인스타베이비.?육아용품육아용품.?맘스타그램맘스타그램.?화장품화장품.?착한화장품착한화장품.?갈색로션갈색로션 .?아기로션추천아기로션추천.?신생아로션신생아로션.?베이비로션베이비로션.?믿쓰템믿쓰템.?육아는템빨육아는템빨.?유아스킨케어유아스킨케어민감해지기 쉬운 아이 피부를 순하게 잠재워주는 퓨토 시크릿 수분 진정 젤], 부정 텍스트 확률 : 58.56%"
"[수딩젤로 건조하면서 예민하고 민감한 피부는 물론], 부정 텍스트 확률 : 68.58%"
"[수딩젤], 부정 텍스트 확률 : 53.29%"
"[ 원 .... ], 부정 텍스트 확률 : 70.23%"
"[수딩젤을 픽하게 되었어요. 민감해지기 쉬운 아이 피부를 순하게잠재워주고 무엇보다 끈적임이나 답답한 없이 산뜻한 수분감이 매우 좋더라구요. ], 부정 텍스트 확률 : 69.65%"
"[아기피부를 위한 최적의포뮬라로 보습뿐만 아니라 피부의 수분을 유지시켜주는 복합체로 여리고 약한 아기 피부에 최적이랍니다. .?퓨토퓨토.?퓨토시크릿퓨토시크릿.?갈색진정갈색진정.?퓨토리뉴얼퓨토리뉴얼.?퓨토신제품퓨토신제품.?아기크림아기크림.?아기로션아기로션.?아기수딩젤아기수딩젤.?아기샴푸앤바스아기샴푸앤바스 ], 부정 텍스트 확률 : 74.04%"
"[ 그리고 퓨토 수딩젤은 답답함 도 없이 산뜻한 제품으로 끈적임 없어서 너무 좋더라구요.요즘처럼 건조한 날씨때문에 아이들이 자칫 긁는 경우가 생기는데 피부에 촉촉함이 느껴지에 발라줄 수 있으면서끈적임 없이 산뜻하게 발라지니 수시로 마사지 하듯 발라주기에도 안성맞춤이랍니다.화장품 바르기 싫어하는 저의 둘째도 특별한.?갈색진정갈색진정 색으로 놀이하듯 바르기에도 딱이예요. ], 부정 텍스트 확률 : 76.03%"
"[외부호나경 등으로 민감해지기 쉬운 아이 피부를 순하게 잠재워주고], 부정 텍스트 확률 : 81.51%"
"[끈적임이나 답답함 없이산뜻한 수분감을 부여해주는 수분 · 진정 젤로 편안하고 기분 좋은 보습케어 시작해주세요 ], 부정 텍스트 확률 : 93.36%"
"[ 최고급 폴란드산 구스솜털깃털 ], 부정 텍스트 확률 : 53.29%"
"[ 요즘 패딩도 필파워 은 기본으로 적용되는듯한데 저희 아가들도 춥지 않게 필파워 으로 구성된 프리미어급 구스워머로 구매했답니다. 프리미어 급이란?필파워 이상의 제품을 프리미어 급으로 평가된답니다. ], 부정 텍스트 확률 : 95.57%"
"[ 폼폼 방울 또한 리얼 여우털로 스타일리시하게 디자인했네요. ], 부정 텍스트 확률 : 75.73%"
"[ 모자 안감은 메시 원단을 사용하였는데 메시 원단이 통기성과 건조성이 좋아 모자를 쓰고 있는 동안에도 아이들이 답답하지 않고 쾌적한 착용을 할 수 있답니다.], 부정 텍스트 확률 : 70.39%"
"[ 겉감은 생활 방수용 기능성 원단으로 방수와 내구성이 뛰어난 나일론소재를 사용하여 부드러우며 내구성이 좋습니다. ], 부정 텍스트 확률 : 76.11%"
"[ 길이 조절 버클과 아기 띠 어깨 끈이나 유모차 안전바 등에 탈부착이 가능한 고리 끈이 있어요. ], 부정 텍스트 확률 : 85.38%"
"[ 아기 띠에 어깨 끈을 고정시켜 보았는데요. ], 부정 텍스트 확률 : 79.62%"
"[ 실용적인 수납 주머니가 있어 간단한 수납이 가능해 스마트폰이나 지갑], 부정 텍스트 확률 : 59.82%"
"[ 아이들을 아기띠 하고 있다 보면 무거워 오래 안고 있기 힘이 드는데 엘츠 프리미엄 구스워머 자체 무게 또한 안 입은 듯 가벼워 전혀 불편함이 없었어요.구스워머가 없을 땐 날이 추워 감기나 걸리지 않을까 해서 우주복에 꽁꽁 싸매고 외출을 했는데 이번엔 간단하게 입히고 워머 성능도 볼 겸 아이들 돌잔치 장소 답사차 나들이 나왔어요. ], 부정 텍스트 확률 : 86.23%"
"[ 최고급 폴란드산 구스솜털깃털 ], 부정 텍스트 확률 : 53.29%"
"[ 요즘 패딩도 필파워 은 기본으로 적용되는듯한데 저희 아가들도 춥지 않게 필파워 으로 구성된 프리미어급 구스워머로 구매했답니다. 프리미어 급이란?필파워 이상의 제품을 프리미어 급으로 평가된답니다. ], 부정 텍스트 확률 : 95.57%"
"[ 폼폼 방울 또한 리얼 여우털로 스타일리시하게 디자인했네요. ], 부정 텍스트 확률 : 75.73%"
"[ 모자 안감은 메시 원단을 사용하였는데 메시 원단이 통기성과 건조성이 좋아 모자를 쓰고 있는 동안에도 아이들이 답답하지 않고 쾌적한 착용을 할 수 있답니다.], 부정 텍스트 확률 : 70.39%"
"[ 겉감은 생활 방수용 기능성 원단으로 방수와 내구성이 뛰어난 나일론소재를 사용하여 부드러우며 내구성이 좋습니다. ], 부정 텍스트 확률 : 76.11%"
"[ 길이 조절 버클과 아기 띠 어깨 끈이나 유모차 안전바 등에 탈부착이 가능한 고리 끈이 있어요. ], 부정 텍스트 확률 : 85.38%"
"[ 아기 띠에 어깨 끈을 고정시켜 보았는데요. ], 부정 텍스트 확률 : 79.62%"
"[ 실용적인 수납 주머니가 있어 간단한 수납이 가능해 스마트폰이나 지갑], 부정 텍스트 확률 : 59.82%"
"[ 아이들을 아기띠 하고 있다 보면 무거워 오래 안고 있기 힘이 드는데 엘츠 프리미엄 구스워머 자체 무게 또한 안 입은 듯 가벼워 전혀 불편함이 없었어요.구스워머가 없을 땐 날이 추워 감기나 걸리지 않을까 해서 우주복에 꽁꽁 싸매고 외출을 했는데 이번엔 간단하게 입히고 워머 성능도 볼 겸 아이들 돌잔치 장소 답사차 나들이 나왔어요. ], 부정 텍스트 확률 : 86.23%"
"[.?써니키즈자동비누방울써니키즈자동비누방울.?써니라이프써니라이프.?아가방앤컴퍼니아가방앤컴퍼니.?자동비누방울자동비누방울.?비누방울기계비누방울기계.?내돈내사후기내돈내사후기 .?넥스트맘넥스트맘 ], 부정 텍스트 확률 : 89.44%"
"[ 아가방앤컴퍼니에 최근 입점한 써니라이프키즈호주의 섬머 라이프스타일 브랜드라고 하더라구요 ], 부정 텍스트 확률 : 67.61%"
"[ 구성품은 고래 본체와 비누방울액인데요 비누방울액 통을 매번 가지고 다녀야 하는 불편함이 있어요하지만 그런 불편함 따위는 아이들이 펄쩍펄쩍 뛰며 좋아하는 모습을 보자마자 싸악 사라집니다 ], 부정 텍스트 확률 : 72.55%"
"[ 버블팬이 몇개나 있을까요 고래는 버블팬이 자그마치 개나 있답니다미친거죠], 부정 텍스트 확률 : 80.89%"
"[ 사실 어디 공연장에서나 볼 수 있는 비누방울 분사 수준이랍니다. ], 부정 텍스트 확률 : 77.01%"
"[ 고기 입에서 비누방울이 보글보글 넘 예쁘더라구요그래서바로 충동구매했죠 그리고는 남편에게 막 자랑을 했어요 ㅋㅋㅋㅋㅋ이제 우리 라희 폴짝폴짝 뛰는일만 남았다묭 ㅋㅋㅋㅋㅋ그런데 남편이 하는말이고래가 제일 큰거네???응? 모양만 보는게 아니고 크기도 있는겨?? ], 부정 텍스트 확률 : 70.77%"
"[ 다시 들어가보니 고래 사이즈가 제일 큰거 맞구요또 다른 점이 있었어요해마는 버블팬이 개고기는 버블팬이 개고래는 버블팬이 개 ], 부정 텍스트 확률 : 77.64%"
"[ 우선 뚜껑을 드라이버로 열어건전지를 넣어요 건전지는 사이즈 개가 들어간답니다건전지 효율이 얼마나 되는지는 이 건전지가 운명하면 그때 덧붙여 포스팅 할게요 ], 부정 텍스트 확률 : 63.85%"
"[ 건전지를 모양대로 넣어줍니다건전지 미포함이니 참고하세요 ], 부정 텍스트 확률 : 98.66%"
"[ 야무지게 닫아주고요 ], 부정 텍스트 확률 : 53.29%"
"[ 자 . 그럼 비눗방울 액을 넣어볼까요ㅎㅎㅎㅎㅎ 밤늦은 시간이라 나가긴 그렇고 잠깐 되는지만 보자 해서 . 허락했어요..ㅡㅡ 사실 저두 궁금했거든요 ], 부정 텍스트 확률 : 91.46%"
"[ 쫄쫄쫄 비누방울 액을 넣어줍니다이때 주의해야할 점이 있어요적게 넣어주시면 비누방울이 많이 안나오구요많이 넣어주면 놀이가 끝나고 남은 용액을 다시 통에 담아야 한답니다아니면.. 그냥 아뭇대나 줄줄 흘러서 거품청소를 시작해야해요 ], 부정 텍스트 확률 : 95.21%"
"[아니 몰라서 고래 안에 넣어서 가지고 나왔는데놀이터까지 오는길에 반이상 흘려서 조금밖에 못틀어줬어요 ㅠㅠ ], 부정 텍스트 확률 : 66.74%"
"[ 아이들이 너무 좋아했어요옹기종기 고래 주위에 둘러앉아서비누방울이 나오는걸 계속 쳐다보구요초등학생 남자아이들은 이거 얼마냐며 관심을 보이며 다가오더라구요 ], 부정 텍스트 확률 : 91.29%"
"[ 어찌나 좋아하는지요 돈이 안아까웠구요우리 아이밖에 없었는데 울 라희만을 위한 축제같았어요온하늘이 비눗방울로 뒤덮였어요 ], 부정 텍스트 확률 : 80.76%"
"[ 요리조리 바람따라 비누방울따라 쫓아 다니기 바쁘신 몸 ], 부정 텍스트 확률 : 96.97%"
"[ 자기 옆자리 탁탁 손으로 치면서앉아앉아 ㅋㅋㅋㅋㅋ어린이집에서 배웠겠죠?], 부정 텍스트 확률 : 69.29%"
"[그냥 내 옷에 닦고 ...이런부분이 살짝 불편했어요 ], 부정 텍스트 확률 : 98.01%"
"[ 인기템인 요 말랑슈즈는 보행기], 부정 텍스트 확률 : 71.14%"
"[ 잔잔바리 플로럴 패턴이 제 취향저격 ], 부정 텍스트 확률 : 55.66%"
"[ 코디가 아닌 세트로 판매되고 있어서어떻게 입혀야 할지 고민할 필요 없이내 아이를 패셔니스타로 만들 수 있는디어베이비 ], 부정 텍스트 확률 : 86.66%"
"[ 디어베이비 동수원홈플러스점 에서는아기 옷이나 모자], 부정 텍스트 확률 : 66.85%"
"[ 젖병 꼭지부터], 부정 텍스트 확률 : 70.34%"
"[쪽쪽이], 부정 텍스트 확률 : 53.29%"
"[이유식 스푼], 부정 텍스트 확률 : 53.29%"
"[ 퓨토 로션], 부정 텍스트 확률 : 53.29%"
"[에코뮤 선크림 등 연약하고 민감한 아기 피부에 잘 맞는 유아화장품과], 부정 텍스트 확률 : 72.73%"
"[ 수유패드], 부정 텍스트 확률 : 53.29%"
"[탕온계], 부정 텍스트 확률 : 53.34%"
"[유축기], 부정 텍스트 확률 : 53.29%"
"[ 아기 소변기], 부정 텍스트 확률 : 53.29%"
"[아기욕조], 부정 텍스트 확률 : 53.29%"
"[보행기], 부정 텍스트 확률 : 53.29%"
"[차량용 아기 햇빛가리개 엘츠차에타면..양쪽에 있는 아기들 햇빛가려주기 바쁜 인..햇빛을 극도로 싫어하는 둘째는한여름 유모차 태우기도 힘들다..ㅠ 햇빛이 조금이라도 ..얼굴에 ..비치는 순간..ㅋㅋ엄청분노하시는...막둥이...ㅋㅋ여름에 쓸일이 더 많겠지만. 겨울햇빛도 무시할수없죠..ㅋㅋ], 부정 텍스트 확률 : 97.83%"
"[ 여름에 더 마니 쓸까하여 ..디자인은 오션으로..ㅋㅋ빨간등대 앞에 있는 펭귄이 넘나 귀엽쿠.ㅋㅋㅋ], 부정 텍스트 확률 : 59.85%"
"[ 두찌한테 망토처럼 둘러봄..자석이 겁나 강력..ㅋㅋ발광해도 ...떼어지지 않아여..ㅋㅋㅋ], 부정 텍스트 확률 : 57.48%"
"[ 차에만 타면...첫째는 멀미], 부정 텍스트 확률 : 65.77%"
"[둘째는 발광 그래서 우린..차타고 이동할때엔 애들 낮잠시간을 이용하곤하는데 항상 대낮이라 ..햇빛을 피하기가 힘들어뜸..담요로 가려주고 인형으로 가려주고 손으로 가려주고..ㅋㅋ노동의시간], 부정 텍스트 확률 : 67.24%"
"[ 퓨토 화장품도 있네요전 퓨토시크릿로션이 있는데냄새는 약초냄새나면서끈적임이 없어 좋더라구요아기옷등 여러가지가 많아출산선물이나 돌선물 같은 해도 좋을 거 같더라구요 ], 부정 텍스트 확률 : 90.51%"
"[ 엘츠 유모차 방한커버여러브랜드에서 유모차방풍커버를 판매하고있는데], 부정 텍스트 확률 : 55.94%"
"[ 생후개월부터 엘츠 휴대용유모차를 정말 뽕뽑게애용하고있어], 부정 텍스트 확률 : 75.23%"
"[ 아랫쪽엔 통풍이 되도록 구멍이 뚫린 비닐원단이 덧되어져있어요.참고로 저 초록필름을 벗겨내고 써야해요 ], 부정 텍스트 확률 : 95.50%"
"[찬바람도 잘 막아주도록 도톰하더라구요. ], 부정 텍스트 확률 : 54.84%"
"[ 지퍼], 부정 텍스트 확률 : 53.29%"
"[ 바로 아침부터 나가자하는 아들과 덕분에엘츠 유모차에 엘츠 유모차방풍커버 씌워 놀이터로 출동했어요. ], 부정 텍스트 확률 : 89.90%"
"[ 연그레이], 부정 텍스트 확률 : 70.59%"
"[ 진그레이 가지인데 진그레이로했더니관리도 편하고세련미도 폴폴 풍기도 좋더라구요 ], 부정 텍스트 확률 : 54.27%"
"[후면 모두 사진을 찍어봤어요.휴대용유모차에 깔끔하게 잘 맞더라구요], 부정 텍스트 확률 : 77.18%"
"[자외선차단도 되고 빛반사도 되고 ], 부정 텍스트 확률 : 84.10%"
"[ 아이가 안에서 잠들면 햇볕가리개를 살짝 덮어주면 되요 ], 부정 텍스트 확률 : 81.04%"
"[ 그리고 앞부분이 지퍼로 큼직하게 잘 열려요안에 계속 갇혀있으면 아이가 답답해서 실내 들어가면 오픈해줘야하는데], 부정 텍스트 확률 : 65.36%"
"[ 지퍼출입문이 큼직해서 굳이 덮개 벗겨내지않아도 되더라구요. ], 부정 텍스트 확률 : 80.24%"
"[본 포스팅은 아가방앤컴퍼니 서포터즈로서], 부정 텍스트 확률 : 55.91%"
"[ 직접 유모차에 씌워보았어요 ], 부정 텍스트 확률 : 52.09%"
"[고주파 누빔처리 라], 부정 텍스트 확률 : 53.84%"
"[ 다덮은 후 주머니부분에서 손잡이가 나올수있게빼주시면되요♡ ], 부정 텍스트 확률 : 65.11%"
"[...? 엘츠...? 아가방...? 윰차커버참 그리고엘츠 유모차 방한커버는 아이가 숨 쉬는데 답답함을 느끼지않도록 숨쉬는 구멍이 양쪽에 있어요너무 좋은 아이디어입니다 ], 부정 텍스트 확률 : 81.03%"
"[ 엘츠 유모차 방한커버여러브랜드에서 유모차방풍커버를 판매하고있는데], 부정 텍스트 확률 : 55.94%"
"[ 생후개월부터 엘츠 휴대용유모차를 정말 뽕뽑게애용하고있어], 부정 텍스트 확률 : 75.23%"
"[ 아랫쪽엔 통풍이 되도록 구멍이 뚫린 비닐원단이 덧되어져있어요.참고로 저 초록필름을 벗겨내고 써야해요 ], 부정 텍스트 확률 : 95.50%"
"[찬바람도 잘 막아주도록 도톰하더라구요. ], 부정 텍스트 확률 : 54.84%"
"[ 지퍼], 부정 텍스트 확률 : 53.29%"
"[ 바로 아침부터 나가자하는 아들과 덕분에엘츠 유모차에 엘츠 유모차방풍커버 씌워 놀이터로 출동했어요. ], 부정 텍스트 확률 : 89.90%"
"[ 연그레이], 부정 텍스트 확률 : 70.59%"
"[ 진그레이 가지인데 진그레이로했더니관리도 편하고세련미도 폴폴 풍기도 좋더라구요 ], 부정 텍스트 확률 : 54.27%"
"[후면 모두 사진을 찍어봤어요.휴대용유모차에 깔끔하게 잘 맞더라구요], 부정 텍스트 확률 : 77.18%"
"[자외선차단도 되고 빛반사도 되고 ], 부정 텍스트 확률 : 84.10%"
"[ 아이가 안에서 잠들면 햇볕가리개를 살짝 덮어주면 되요 ], 부정 텍스트 확률 : 81.04%"
"[ 그리고 앞부분이 지퍼로 큼직하게 잘 열려요안에 계속 갇혀있으면 아이가 답답해서 실내 들어가면 오픈해줘야하는데], 부정 텍스트 확률 : 65.36%"
"[ 지퍼출입문이 큼직해서 굳이 덮개 벗겨내지않아도 되더라구요. ], 부정 텍스트 확률 : 80.24%"
"[본 포스팅은 아가방앤컴퍼니 서포터즈로서], 부정 텍스트 확률 : 55.91%"
"[오늘..까지백화점 강서점 층 이벤트홀 에서아가방이랜드 베이비페어 를 진행해요 ], 부정 텍스트 확률 : 94.85%"
"[ 직접 유모차에 씌워보았어요 ], 부정 텍스트 확률 : 52.09%"
"[고주파 누빔처리 라], 부정 텍스트 확률 : 53.84%"
"[ 다덮은 후 주머니부분에서 손잡이가 나올수있게빼주시면되요♡ ], 부정 텍스트 확률 : 65.11%"
"[...? 엘츠...? 아가방...? 윰차커버참 그리고엘츠 유모차 방한커버는 아이가 숨 쉬는데 답답함을 느끼지않도록 숨쉬는 구멍이 양쪽에 있어요너무 좋은 아이디어입니다 ], 부정 텍스트 확률 : 81.03%"
"[안녕하세요날이 좋은데 미세먼지가 너무 심해서..오늘은 중국발 미세먼지까지.. 나가지 못하고 아가와 함께 집콕하고 있어요. 심지어 미세먼지 알림 어플에 최악이라고 뜨네요..어찌 됐건.. 미세먼지에도 열 육아하는 엄마들을 위해], 부정 텍스트 확률 : 99.98%"
"[넉넉한 사이즈 젖병미니노어 젖병은 ], 부정 텍스트 확률 : 52.97%"
"[꼭지포함이 있어서엄마들이 필요에따라 다양하게 구매 할 수 있어요. 출산준비 하시는 엄마들은 중간에 젖병 교체하는 엄마들은 넉넉하게구입하면 적당할 것 같아요. 젖병도 한번 사서 쭉 쓰는게 아니고 젖꼭지는 개월], 부정 텍스트 확률 : 84.68%"
"[ 배앓이 방지 스크류 디자인 미니노어의 스크류 디자인은 수유 시 많은 양의 음식물이 갑자기 주입되는 것을 막아가스가 생성된느 것을 방지하여 배앓이를 예방해요. 젖꼭지 내부 스크류 디자인은 미니노어만의 특별한 기술력이라니..엄마들 배앓이 걱정 많으신데 미니노어 스크류 젖병으로 고민 끝 젖꼭지는 단계로 나누어져 있어서 개월 수맞춰 사용하면 돼요.단계 개월단계 개월단계 개월 이상단계 개월 이상분유이유식 용단계 개월 이상이유식과즙용칸쵸는 개월이고 모유실감 젖꼭지사이즈 사용하고 있어서 단계로 사용했는데 불편함 없이 잘 빨아 줬어요.], 부정 텍스트 확률 : 94.17%"
"[ 열탕소독 가능한 미니노어 젖병젖병은 끓는 물에 분 이하젖꼭지는 초 이하면 충분해요.], 부정 텍스트 확률 : 98.07%"
"[ 간편하게 전자레인지 소독도 가능소독시에는 소독용기에 담아서 전자레인지로 소독해주면 돼요. 여행갔을 때 매번 열탕하기 힘든데 전자레인지로 간편하게 슝 할 수 있으니안심하고 쓸 수 있겠어요.], 부정 텍스트 확률 : 79.54%"
"[ 미니노어 젖병은 엄마들이 많이 쓰는 모유실감란시노], 부정 텍스트 확률 : 79.47%"
"[ 예민하지 않으 아가들은 배앓이 스크류 젖꼭지 한 번 시도해도 좋을 것 같아요. 칸쵸는 스크류 젖병도 불편함 없이 잘 빨았고 원래 쓰던 사이즈 모유실감 젖꼭지도 잘 호환해서 사용했어요. 새지 않고 딱 잘 맞더라고요.], 부정 텍스트 확률 : 88.40%"
"[보온통 같은 아기용품들은기분상 몇초컷 같은 느낌이랄까?제가 넘 여유있게 오픈 시간을 모르고 들어간 것도 있겠죠?그 빡세다는 쁘띠만큼의의 속도미션결과 확인도 비슷비슷하게 걸리더라구요.아컴 제품의 하나를 사용하더라도제대로 사용하고 후기를 객관적으로 남기자는 맘으로 포스팅 욕심 안부리고 아컴 서포터즈의 기 활동을 마감할 때쯤아컴 서포터즈 기를 모집한다는 공지를 보았어요. 기존의 서포터즈는 연임 신청을 하면 되더라구요.연임이 안되는 경우도 많이 있어서가벼운 마음으로 신청했는데], 부정 텍스트 확률 : 99.92%"
"[ 한달에 번 정도를 체험할 수 있다는데저는 한달에 겨우 번씩만 할 수 있었고다른 미션들도 하지 못해서 안될 줄 알았거든요. 연임이 왜 됐을까? 생각했을 때], 부정 텍스트 확률 : 76.99%"
"[ . 움짤], 부정 텍스트 확률 : 62.92%"
"[직접 경험을 바탕으로 한성의있는 포스팅이 답이지 않을까 싶어요. 이거 말고는 뭐 없었거든요. 월 일아컴 기 활동이 시작됩니다. 저는 또 제 스타일대로 육아맘으로서 블로거로서포스팅을 하렵니다.기 활동의 제품엔 어떤 것들이 올라올까 기대가 되네요아컴 서포터즈가 총 몇 명인지는 모르겠으나꽤 많은 거 같아서도전해볼만한 거 같아요.], 부정 텍스트 확률 : 96.24%"
"[ 아컴 기가 끝나면기를 모집할 때쯤엔 기회를 놓치지 말고꼬옥 신청해보셔요.], 부정 텍스트 확률 : 62.47%"
"[ ...앞부분인가봐요 ... ], 부정 텍스트 확률 : 84.57%"
"[ ...보호비닐이 씌여진 상태라 뿌옇다.보호바닐은 유모차 앞 옆에 .양면으로 붙어 있어용..총 개 띄어야댐 .... ], 부정 텍스트 확률 : 63.66%"
"[ ...그리고 밑에 고리를 서로 철컥하면 끝.첨에는 넘 쉬워서 .잘못한줄 ..... ], 부정 텍스트 확률 : 92.82%"
"[ ..엄마들 지갑이니 휴대폰이니.짐 많으니까.넣으실 공간 요렇게 ㅋㅋㅋㅋㅋ.... ], 부정 텍스트 확률 : 87.07%"
"[ ....유모차커버를 열어보았습니다..응? 먼가 이상한데?.. ], 부정 텍스트 확률 : 93.11%"
"[ ....아 필름을 안 뗐구나 .필름떼니 깔끔..... ], 부정 텍스트 확률 : 86.40%"
"[ ...문도 닫아줘보고 ㅋㅋㅋㅋㅋ..... ], 부정 텍스트 확률 : 81.29%"
"[ ...응 그래.다 신기하지 .응 좋아.. .?유모차유모차 방한커버도 되고. .?유모차방풍커버유모차방풍커버 도 될 듯....월동준비 끝.......「아가방앤컴퍼니에서 물품을 제공받았슴미당」...... ], 부정 텍스트 확률 : 81.45%"
"[ .날씨가 점점 추워지니], 부정 텍스트 확률 : 80.00%"
"[ 발까지 폭 감싸줄수 있는포근한 내복오래전부터 아기옷으로 유명한아가방에서 애봉이 유아내의를 준비했어요 ], 부정 텍스트 확률 : 73.11%"
"[ 딸이어서 핑크핑크한 옷이 너무 많아심플하고 남녀구분없이 입을 수 있는무난하면서도 귀여운 디자인이죠꿀을 먹는 회색곰들이가그려져 있어요], 부정 텍스트 확률 : 51.26%"
"[ .아기옷 이름도 허니베어랍니다], 부정 텍스트 확률 : 78.40%"
"[ .두껍지도], 부정 텍스트 확률 : 62.92%"
"[얇지도 않으면서보들보들해요 ], 부정 텍스트 확률 : 61.42%"
"[ .마감도 깔끔하게], 부정 텍스트 확률 : 69.09%"
"[실오라기하나 나와있지않네요 ], 부정 텍스트 확률 : 71.29%"
"[ 형광 백색 염료를 사용하지 않은], 부정 텍스트 확률 : 66.35%"
"[ . ], 부정 텍스트 확률 : 62.92%"
"[ .아가방 아기내의로 갈아입으니얼굴이 더 하얀것처럼 보이는거있죠], 부정 텍스트 확률 : 77.12%"
"[ 귀여운 배바지..ㅋㅋㅋ우주복이랑 내복이랑번갈아가면서 입히고 있는데기저귀 갈기에는 내복이 훨씬 편한것 같아요울면서 바둥거리는데], 부정 텍스트 확률 : 91.51%"
"[ .우주복에 단추맞추기가 어찌나 어려운지], 부정 텍스트 확률 : 95.25%"
"[ .아기옷선물할때도우주복보다는 내복으로 하는것이더 오랫동안 편안하게 입을 수 있을것 같아요], 부정 텍스트 확률 : 51.41%"
"[ 입히기도 편하고], 부정 텍스트 확률 : 62.91%"
"[차량용 아기 햇빛가리개 엘츠차에타면..양쪽에 있는 아기들 햇빛가려주기 바쁜 인..햇빛을 극도로 싫어하는 둘째는한여름 유모차 태우기도 힘들다..ㅠ 햇빛이 조금이라도 ..얼굴에 ..비치는 순간..ㅋㅋ엄청분노하시는...막둥이...ㅋㅋ여름에 쓸일이 더 많겠지만. 겨울햇빛도 무시할수없죠..ㅋㅋ ], 부정 텍스트 확률 : 97.83%"
"[ 여름에 더 마니 쓸까하여 ..디자인은 오션으로..ㅋㅋ빨간등대 앞에 있는 펭귄이 넘나 귀엽쿠.ㅋㅋㅋ ], 부정 텍스트 확률 : 59.85%"
"[ 두찌한테 망토처럼 둘러봄..자석이 겁나 강력..ㅋㅋ발광해도 ...떼어지지 않아여..ㅋㅋㅋ ], 부정 텍스트 확률 : 57.48%"
"[ 차에만 타면...첫째는 멀미], 부정 텍스트 확률 : 65.77%"
"[둘째는 발광 그래서 우린..차타고 이동할때엔 애들 낮잠시간을 이용하곤하는데 항상 대낮이라 ..햇빛을 피하기가 힘들어뜸..담요로 가려주고 인형으로 가려주고 손으로 가려주고..ㅋㅋ노동의시간], 부정 텍스트 확률 : 67.24%"
"[ 그래서 오늘은 지난 주말에 아기가 입었던아가방 메리 아기코트 여아코디 사진으로 시작해봐요코트를 어깨에 걸치고 두 손을 가지런히 모은 딸내미한껏 느낌있게 나온 사진이라 안 올릴 수가 없었어요 크크 ], 부정 텍스트 확률 : 75.57%"
"[몸무게 .인 두돌 여아 예요차 영유아검진에서나온 표준 신체 아기랍니다아가방 메리코트는 사이즈입었는데요소매가 조금 길어서 확 접어줬어요 어른코트든 아기코트든 이런 스타일의 아우터에는소매끝부분만 퍼안감이 돼있는 경우가 많잖아요?아가방 메리 아기코트는 팔 전체가 퍼예요도톰한 안감으로 이너는 얇게 입어도 따뜻할 것 같아요], 부정 텍스트 확률 : 55.31%"
"[ 곱게 짜인 니트와 퍼 소재의 아기코트아가방 메리코트 의 좀 더 디테일한 후기 쪄볼까용아기코트 착샷과 달리 소매 롤업을 하지 않았더니니트 재질 때문에 가디건 느낌이 나기도 하죠?소매를 내려 입으면 팔이 긴 아기들에게도 좋고장갑 잘 안 끼는 아기라면 손등까지 감싸지니 좋을 듯해요 ], 부정 텍스트 확률 : 66.08%"
"[ 소재 느낌 보이시죠?니트 재질의 겉감과 벨벳터치 느낌의 코트 퍼 안감위에서 언급했던대로팔 안쪽까지 모두모두 퍼 안감이라는 점 체크하시구용 ], 부정 텍스트 확률 : 79.70%"
"[..아기를 기르면서 다다익선 아이템들이 몇 개 있는 듯 해요..블랭킷도 그 중 하나 같아요..그만큼 활용도가 높거든요...이불로도 사용하고], 부정 텍스트 확률 : 87.39%"
"[ .유모차나 아기띠 했을 때도 덮어줄 수 있구요..소재에 따라서는 속싸개로도 사용가능하구요...울 아가도 선물 받은 다양한 속싸개와 블랭킷이 있어요..하지만 소재나 두께에 따라서 다양하게 사용할 수 있으니 하나 더 있어도 괜찮을 것 같아 귀여운 아기블랭킷 하나 더 마련했어요...쁘띠마르숑의 도트 거즈 블랭킷이에요..제가 좋아하는 일명 땡땡이 문의에요..제가 고른건 민트지퍼백에 담겨 왔네요.. ], 부정 텍스트 확률 : 78.59%"
"[ 속싸개나 담요], 부정 텍스트 확률 : 81.24%"
"[ ... .?블랭킷블랭킷. .?아기블랭킷아기블랭킷. .?거즈블랭킷거즈블랭킷. .?신생아블랭킷신생아블랭킷. .?아기담요아기담요. .?쁘띠마르숑쁘띠마르숑. .?아가방앤컴퍼니아가방앤컴퍼니. .?속싸개속싸개....제품을 제공 받았습니다 ], 부정 텍스트 확률 : 51.99%"
"[ 만세의 앨리던비와 함께 니키의 인형들이 잔뜩 베베리쉬 빨대컵세트도 사이즈별로 모두 있었구요. 리필빨대세트도 있었어요. 진짜 저렴한 가격에 판매중이지 않나요?], 부정 텍스트 확률 : 50.55%"
"[아가도 너무 불편해하는..... ㅠ 그래서 카시트 눈여겨보고 있는데], 부정 텍스트 확률 : 86.41%"
"[이웃분들이 엘츠 카시트 사용하시고 좋다는 후기들을 많이 남겨주셔서 한참을 봤었답니다.], 부정 텍스트 확률 : 55.09%"
"[.육아용품은 핫딜 때 구매하는 게 제맛이라죠.미리 봄 준비하기도 아직 남은 겨울템이나.또 미뤄뒀던 육아템들 한해 가장 큰 찬스는 연말이 진리..안 그래도 아가방에서 전개 중인 브랜드.공식 쇼핑몰인 넥스트맘에서 감사제 진행 중이던데.없는 거 없이 다 있고 육아꿀템들로 가득..심지어 가격 할인은 기본 쿠폰 조합 그리고 더블 할인까지.이런 건 놓치고 뒤늦게 알면 배 아프니 서둘러야죠 ㅎ.. ], 부정 텍스트 확률 : 86.25%"
"[ 넥스트맘 감사제 기간...일 ], 부정 텍스트 확률 : 51.48%"
"[ .이월뿐 아니라 신상 의류까지 할인이라 금방 크는 아이들.큰돈 들이지 않고 좋은 걸 사주니 뿌듯뿌듯.더구나 신상을 빠르게 만나는 건데요..이미 할인된 상품에 추가 쿠폰을 더하고 더하고 핫달 다운.... ], 부정 텍스트 확률 : 93.85%"
"[ .육아필수템 물티슈에 기저귀도 감사제 포함이었어요.이럴 때 쟁여둬야 이게 이득 아니겠냐며 ㅎㅎ.... ], 부정 텍스트 확률 : 67.06%"
"[ .추운 겨울엔 편하게 온라인에서 육아용품 구매하는 게 진리지요.후기는 쇼핑몰이나 블로그에도 많으니 참고하기 쉽고요.... ], 부정 텍스트 확률 : 98.37%"
"[ .젖병], 부정 텍스트 확률 : 62.92%"
"[빨대컵], 부정 텍스트 확률 : 53.29%"
"[건티슈], 부정 텍스트 확률 : 83.24%"
"[욕조 등 솔직히 웬만한 건 다 있어서.넥스트맘 감사제 때 한 번에 쫙 구매하고 할인 많이 받는 게 이득이겠더라고요..거기다 넥스트맘 신규가입하면 마일리지 천점을 주고.첫구매 후엔 프로 감사쿠폰까지 준다니 혜택 정말 좋네요 .... ], 부정 텍스트 확률 : 77.94%"
"[ .▲넥스트맘 감사제 가보아요▲...... ], 부정 텍스트 확률 : 58.82%"
"[.엘츠 클레버 암막 햇빛가리개.글.사진 오복이맘 ], 부정 텍스트 확률 : 86.38%"
"[기타 집에서 사용할 생활용품 말고도 챙겨야 할 것들이 하나], 부정 텍스트 확률 : 69.78%"
"[ 둘생각이 나더라고요.그중에 하나가차량용 햇빛가리개 였어요.첫째가 있는데 햇빛가리개가 없느냐고요?있었죠 물론...처음에 햇빛가리개 준비할때는 창문에 붙이는 압착고무형태로 구입했었어요. ], 부정 텍스트 확률 : 98.89%"
"[ 그런데 차 문 열고닫고], 부정 텍스트 확률 : 53.29%"
"[압착고무 떼었다붙였다], 부정 텍스트 확률 : 53.29%"
"[창문 열었다닫았다 하다보니앞착고무 흡착력도 조금씩 떨어지고 어떤부분은 접혀서 잘 붙지않고 그렇더라고요.그래서 주행중에 한쪽이 떨어지거나], 부정 텍스트 확률 : 77.25%"
"[문열면 우두두 쏟아져내리거나 하는경우들이 생기더라고요.또 이제 만 년쯤 쓰니까 노후화되어 바꾸어줄때도 된거겠죠? ], 부정 텍스트 확률 : 62.19%"
"[ 어떤가요? 너무귀엽죠?제가준비한 암막가리개는], 부정 텍스트 확률 : 86.44%"
"[ 엘츠 햇빛가리개는 개의 디자인으로 준비되어있는데요], 부정 텍스트 확률 : 67.20%"
"[ 제가 처음에 사용했던 제품과는 달리 이번에는 강력한 마그네틱으로 차량문에 부착하는 형태의 햇빛가리개를 선택했어요.지난번엔 창문에 붙이는 형태였다면 이번에는 차량문에 붙인다는 차이가 있죠햇빛가리개 상단부분에 개의 자석이 장착되어있는데요], 부정 텍스트 확률 : 88.20%"
"[ 창문이 아니라 차체에 부착하는거라 창문을 내려도 햇빛가리개는 내려가지 않는답니다그래도 밖에 바람이 많이부는날이나 주행중에는 가능하면 창문을 많이 내리지 않는 것이 좋겠죠?ㅎㅎ ], 부정 텍스트 확률 : 73.55%"
"[ 오복이 하원시키러 갈때 커튼 바꿔서 장착하고 갔는데요?보자마자 엄마 이게뭐야? 하더라고요 ㅎㅎ엄마인 저닮아서 바뀐건 기가막히게 알아보는 눈썰미 있는 딸래미 입니다요훗하원시간이라는 것은 한 낮이었다는 거겠죠?그럼에도 차안으로 들어오는 빛이 완벽 차단된걸 느끼실 수 있을꺼예요엘츠 차량용 햇빛가리개는중 암막 원단 으로 아이에게 향하는 눈부신 빛을 완벽히 차단해준답니다.와 직사광선을 차단 해줘서 아이가 카시트에서 잠들었을때 수면장애도 느끼지 않게 해주고], 부정 텍스트 확률 : 77.21%"
"[연약한 피부도 보호해주어요.], 부정 텍스트 확률 : 59.74%"
"[ 혹시 한쪽으로 걷어내고 싶거나 햇빛을 잠시 보고싶다면 마그네틱을 한쪽으로 몰아서 커튼처럼 묶어둘 수도 있어요.고정용 끈은 중간쯤 천에 붙어있으니 따로 준비해다닐 필요도 없고요 ], 부정 텍스트 확률 : 92.05%"
"[ 묶어놓으니까 왠지 더 고급스러워보이지 않나요?ㅎㅎ압착고무 쓸때는 떼어서 보조석 뒤 공간에 넣어두거나 가방에 넣었다가 꺼내고 그랬는데 이렇게 부착상태로 위치도 쉽게 옮겨붙일 수 있고], 부정 텍스트 확률 : 94.13%"
"[ 세탁할때는 손세탁 하거나 찬물로 세탁기 돌리면 될 것 같아요.세탁하는 방법도 어렵지 않네요 ], 부정 텍스트 확률 : 91.54%"
"[ 잠이많은 신생아를 위해 딱 좋을듯한 암막커튼인 것 같아요오복이는 이제 옆자리로 옮기게 될테니 오복이 것도 하나 준비해줘야겠어요 본 포스팅은 해당 업체로부터 제품만을 제공받아 작성한 솔직한 후기입니다. ], 부정 텍스트 확률 : 99.57%"
"[ . 단하루 이벤트✔톡톡친구스토어찜할인쿠폰 ✔선착순 금액대별 사은품증정까지 준다구 하니까 고고 ], 부정 텍스트 확률 : 77.33%"
"[ 역류방지쿠션], 부정 텍스트 확률 : 53.29%"
"[ 바스앤샴푸], 부정 텍스트 확률 : 53.29%"
"[ 링크걸어둘게용 ], 부정 텍스트 확률 : 92.94%"
"[아가방그룹의 물류센터를 강서점으로아가방그룹 브랜드 총 출동유통 최대 규모 패밀리세일놓치면 후회하는 균일가 득템찬스천원유아용품 만원 균일가나들이특별전으로 유모차카시트까지 단독 할인가로 .?아가방아가방.?에뜨와에뜨와.?강서점강서점.?아기옷아기옷 .?유모차유모차.?카시트카시트.?이런할인은없었다이런할인은없었다 일시 .수.금], 부정 텍스트 확률 : 95.46%"
"[강서점 층 행사장 이벤트.수], 부정 텍스트 확률 : 51.60%"
"[단 하루 층 행사장에서 만원 이상 구매고객 대상 추첨을 통해스토케 익스플로리블랙 증정아가방앤컴퍼니 대전 유튜브.이랜드리테일 플친에서 더 많은 정보 보기. ], 부정 텍스트 확률 : 70.21%"
"[ 개인 블로그를 운영중인임산부 및 만세 이하 아이의 엄마라면누구나 참여 가능하대요 ], 부정 텍스트 확률 : 98.61%"
"[ 파워블로거는 아니지만저 또한 레포트 쓰듯이 꼼꼼히 후기 올리는건 자신있기에도저언 해봅니다믿.어.주.세.요제.발.뽑.아.주.세.요 ], 부정 텍스트 확률 : 87.81%"
"[ ■ 모집기간■ 모집대상임신부 및 만 세 이하 아이를 둔 ■ 모집인원명신청자 수에 따라 모집 인원이 변경될 수 있습니다.■ 당첨자 발표일■ 발표방법공식 서포터즈 홈페이지 확인당첨자에 한해개별 발송■ 신청방법“아컴 서포터즈 신청하기” 버튼 클릭 후 신청서 작성접수반드시 본인 정보 기재■ 활동혜택월 평균 최소 건 전·후의 아가방앤컴퍼니 제품 체험 및 다수의 이벤트 참여 권한 부여■ 활동기간연임 시 최장 개월 활동 가능 ], 부정 텍스트 확률 : 99.89%"
"[올겨울 우리아이 보습을책임 질 요 아이. 퓨토시크릿로션 ], 부정 텍스트 확률 : 72.27%"
"[ 로션 함께쓰기에크림은 벌써 다 써간다..ㅜ ], 부정 텍스트 확률 : 56.32%"
"[ 크림보단 조금 묽지만흘러내리지 않는다.시크릿 만의 시그니처컬러.브라운 ], 부정 텍스트 확률 : 84.21%"
"[ 자연유래추출물베이스 로유해성 성분이 첨가되지않고대핵심원료 어성초], 부정 텍스트 확률 : 88.60%"
"[ 금전초], 부정 텍스트 확률 : 57.96%"
"[ 차전초], 부정 텍스트 확률 : 53.29%"
"[ 느릅나무], 부정 텍스트 확률 : 53.29%"
"[ 상엽 로브라운색을 띈다. ], 부정 텍스트 확률 : 67.67%"
"[ 얼굴에 발라주었더니보습 이 오래간다.번들거림과 갑갑함 없어자기전에 바르기 좋았다. ], 부정 텍스트 확률 : 60.31%"
"[ 겨울철 퓨토시크릿라인 으로오일], 부정 텍스트 확률 : 66.91%"
"[ 로션], 부정 텍스트 확률 : 53.29%"
"[ ㄲㅑ이벤트의 내용은 년 새해 소망을 댓글로남기면 되는데 운이 좋게도 당첨이 되었어요비밀 댓글인데 저 뭐라고 작성하였게요 ], 부정 텍스트 확률 : 79.21%"
"[ 푸하하하하하ㅋㅋㅋㅋㅋㅋㅋㅋㅋㅋ또리네 집에는 일 내내 또리아버님이라는산타클로스가 상주하고 계셔서......매번 선물을 사주시기에 갖고 싶은 것도 없고가족의 건강이 우선인 것은 너무 당연하고..때마침 아가방 서포터즈 모집을 하고 있어서진짜 사심을 담은 소원을 작성했어요 ], 부정 텍스트 확률 : 96.06%"
"[ 아가방앤컴퍼니 연말나눔이벤트다이어리 당첨아가방앤컴퍼니 다이어리 개봉기이벤트 당첨이라 딱히 후기 작성 하지 않아도되지만 저 아가방 서포터즈 꼭 해보고 싶어요으앗ㅋㅋㅋㅋ 무한 질척대기ㅋㅋㅋㅋㅋㅋ ], 부정 텍스트 확률 : 61.63%"
"[ 월 일 목요일 당첨자 발표가 있었고월 일 목요일 일주일 뒤 도착하였어요 ], 부정 텍스트 확률 : 66.35%"
"[ 후다닥 사진을 찍으려는데 어디선가퉁퉁퉁 둔탁한 소리와 함께쪼기 어둠의 그림자를 대동하더니 ], 부정 텍스트 확률 : 93.04%"
"[ 장난감 정리함 나사를 들고 함께 와서는온갖 참견을 하는 귀염댕이 또리ㅋㅋㅋㅋㅋ별볼일 없는지 참견의 시간이 금방 끝이 났어요 ], 부정 텍스트 확률 : 80.74%"
"[ 다이어리 하면 필기도구 아니겠습니까?저를 닮아 귀여운 미니 마우스 펜으로다이어리를 써볼까요?읭?ㅋㅋㅋㅋㅋㅋㅋㅋㅋㅋㅋㅋ ], 부정 텍스트 확률 : 96.50%"
"[ 아니면.. 저를 닮아 반짝반짝 빛이 나는예쁜 펜으로 다이어리를 써볼까요? ], 부정 텍스트 확률 : 88.63%"
"[ 헐..................ㅋㅋㅋㅋㅋㅋㅋㅋㅋㅋㅋ퍽퍽퍽퍽 ], 부정 텍스트 확률 : 80.89%"
"[ 개인적으로 다이어리는 양지사 제품을선호하고 사용하고 있어서 이벤트를 응모하며다이어리보다는 달력이 당첨이 되었으면 했어요그런데 희한하게도 양지사 다이어리 핑크색이계속 품절이라 구할수가 없는거예요ㅠㅠ...그래서 현재까지도 구입을 못하고 있었는데올해는아가방앤컴퍼니다이어리와 함께하라는하늘의 깊은 뜻이 있었나봐요 ], 부정 텍스트 확률 : 59.20%"
"[ 다이어리의 하단에는아가방앤컴퍼니 라고새겨져 있어요 하나하나 신경을 쓰셨어요안녕? 나는 나이키야안녕? 나는 아디다스야이와 같이 브랜드 마크 팍팍 티내는 제품을좋아하지 않아요ㅠㅠ..... 그래서 다이어리가더더더 마음에 쏙 들었답니다 ], 부정 텍스트 확률 : 91.43%"
"[ 커버 코너에는 신분증], 부정 텍스트 확률 : 67.88%"
"[명함을넣을 수 있도록 만들어 졌고요 ], 부정 텍스트 확률 : 89.74%"
"[ 년 월과 월], 부정 텍스트 확률 : 76.92%"
"[ 한 장을 더 넘겼을 때의 플랜인데 솔직히이것은 무엇을 작성하는 것인이 모르겠어요딱 생각나는 것은 체중조절을 하며 몸무게를기록하라는 것인가....? 싶었다는요ㅋㅋㅋ.. ], 부정 텍스트 확률 : 82.68%"
"[ 그리고 또 한 장을 넘기면 년 월부터월까지의 달력이 있어요 제가 가장 많이사용하는 페이지로 아쉬운 부분이 있었어요년 월이 시작이 아닌 년 월을], 부정 텍스트 확률 : 52.96%"
"[ 년 월이 끝이 아닌 년 월을 끝으로만들어졌다면 좋았을 것 같다는 생각이 들었어요 ], 부정 텍스트 확률 : 80.40%"
"[ 년 계획 플랜은 저 한 장이 전부이고], 부정 텍스트 확률 : 91.20%"
"[ 민원신고], 부정 텍스트 확률 : 53.29%"
"[상담안내], 부정 텍스트 확률 : 53.29%"
"[길이 무게 부피 넓이 등 도량형환산표가 써있어요 똑똑해지는 이 기분...공부해야할 것만 같은 이 기분........... ], 부정 텍스트 확률 : 85.75%"
"[축문 쓰는방법과 친족계보표 처럼 알 수 없는 내용들도있어요 저는 한 번도 제사와 차례를 지내본적이없어서 굳이 알지 않아도 되는 부분이지만제사와 차례를 지낸다면 도움이 많이 될듯해요정보를 한 가지 드리자면 결혼식 부조 봉투에남자측에는 祝結婚축결혼이라고 써야하고], 부정 텍스트 확률 : 87.03%"
"[ 여자측에는 祝華婚축화혼이라고 써야한다는말이 있지만 이 이야기는 틀린 이야기라고해요다만 화혼이라는 말이 결혼을 아름답게 칭하는말로], 부정 텍스트 확률 : 68.19%"
"[남녀 구분없이 사용하나 나와 동일하거나아랫사람일 경우 祝結婚축결혼이라고 써도상관없지만 나보다 윗사람인 경우에는 결혼이아닌 祝華婚축화혼이라고 쓰는 것이 예의에맞는 표현이라고 하니 알아 두면 좋겠지요? ], 부정 텍스트 확률 : 99.18%"
"[ 대한민국 지도 뒤에는 중부지방], 부정 텍스트 확률 : 69.56%"
"[ 남부지방], 부정 텍스트 확률 : 53.29%"
"[북부지방 지도가 크게 있어요 ], 부정 텍스트 확률 : 51.20%"
"[ 세계지도 뒤에는 서울특별시], 부정 텍스트 확률 : 69.56%"
"[경인지역], 부정 텍스트 확률 : 53.29%"
"[ 수원시], 부정 텍스트 확률 : 53.29%"
"[안산시], 부정 텍스트 확률 : 53.29%"
"[부산·대구·광주·대전·울산광역시 지도가 큼지막하게 그려져 있어요 ], 부정 텍스트 확률 : 51.20%"
"[ 대전], 부정 텍스트 확률 : 53.29%"
"[ 이것저것 넣을 수 있도록 만들어 졌어요 ], 부정 텍스트 확률 : 98.08%"
"[ 펜을 넣을 수 있는 꼬다리어느것 하나 대충 만들어지지 않은 다이어리 ], 부정 텍스트 확률 : 65.47%"
"[더욱더 번창하세요 ], 부정 텍스트 확률 : 66.90%"
"[ 아가방앤컴퍼니 공식 블로그 주소 공유다양한 이벤트가 열리는아가방앤컴퍼니공식 블로그 주소를 공유해드려요 ...?...? ], 부정 텍스트 확률 : 69.09%"
"[육아용품의 총집합소 아가방앤컴퍼니 집 근처 광교이마트 아가방에 다녀왔어요 . ], 부정 텍스트 확률 : 78.46%"
"[ 휴대용유모차부터 절충형], 부정 텍스트 확률 : 91.07%"
"[디럭스까지종류별로 유모차가 있어요 .전 엘츠 휴대용 유모차 쓰고 있는데가볍고 폴딩도 쉬워서 좋더라구요 . ], 부정 텍스트 확률 : 50.86%"
"[ 아기의자], 부정 텍스트 확률 : 53.29%"
"[아기욕조], 부정 텍스트 확률 : 53.29%"
"[범보의자], 부정 텍스트 확률 : 53.29%"
"[보행기도 보이네요 . ], 부정 텍스트 확률 : 63.71%"
"[ 젖병], 부정 텍스트 확률 : 53.29%"
"[젖꼭지], 부정 텍스트 확률 : 53.29%"
"[열패치], 부정 텍스트 확률 : 53.29%"
"[손톱가위 등없는게 없는 육아용품의 총집합소], 부정 텍스트 확률 : 76.22%"
"[돌선물 고민되신다면육아용품의 총집합소 아가방앤컴퍼니 다녀오세요 ], 부정 텍스트 확률 : 70.81%"
"[ 디어베이비 홈플러스 남현점 으로 고고 ], 부정 텍스트 확률 : 80.54%"
"[ 잠깐 핫한 소식을 드리자면현재 홈플러스 남현점은 창고형으로 월 일 했다고해요 ], 부정 텍스트 확률 : 89.37%"
"[ 디어베이비 매장을 몇군데 다녀봤지만이렇게 이쁘고 큰 매장은 못 봤던거같아요이번에 리뉴얼되서 그런지 매장이 너무 이쁜거 있죠?감탄 ], 부정 텍스트 확률 : 60.84%"
"[ 저쪽에서 찰칵 ], 부정 텍스트 확률 : 72.40%"
"[ 원래 디어베이비의 대표 색상은 초록색이었는데이번에블랙화이트 로 바뀌었다고해요그래서 그런지 훨씬 깔끔하고 현대적인요즘 트렌드와 딱 맞아떨어져 훨씬 좋은 것 같아요여기 코디해놓은 옷과 모자], 부정 텍스트 확률 : 94.47%"
"[신발너무 이쁘지않나요?다 사고싶어 ], 부정 텍스트 확률 : 77.71%"
"[ 갑자기 쌀쌀해진 날씨때문에가을 신상이 들어왔나봐요 ], 부정 텍스트 확률 : 83.47%"
"[심지어 머플러까지넘나 찰떡이쟈냐?어쩜 하나같이 이렇게 세련되고 이쁠까요?ㅠㅠ ], 부정 텍스트 확률 : 72.46%"
"[ 후에 결혼하고 애를 낳으면 꼭 이렇게 세련되게 입히리꼭꼭 다짐하며 ], 부정 텍스트 확률 : 79.19%"
"[ 그리고 여기는 매장이커서 그런가정말 다양한 유아용품들이 엄청 많은 것 같아요 ], 부정 텍스트 확률 : 51.94%"
"[ 신생아들이 입는 배냇저고리], 부정 텍스트 확률 : 51.37%"
"[ 속싸개], 부정 텍스트 확률 : 53.29%"
"[우주복부터 ], 부정 텍스트 확률 : 70.34%"
"[ 아기옷들도 아주 가득 ], 부정 텍스트 확률 : 56.87%"
"[아기 신발], 부정 텍스트 확률 : 53.29%"
"[양말 ], 부정 텍스트 확률 : 53.29%"
"[ 이불], 부정 텍스트 확률 : 53.29%"
"[ 포대기], 부정 텍스트 확률 : 53.29%"
"[ 수유패드], 부정 텍스트 확률 : 53.29%"
"[ 수유쿠션 ], 부정 텍스트 확률 : 53.29%"
"[ 카시트], 부정 텍스트 확률 : 53.29%"
"[ 보행기 ], 부정 텍스트 확률 : 53.29%"
"[ 유모차는거의 다이상세일중이더라구요 ], 부정 텍스트 확률 : 63.11%"
"[ 유모차는 선물하기 가격적으로 부담이가서엄두를 못 냈는데 이렇게 세일가에 산다면], 부정 텍스트 확률 : 60.55%"
"[ 친구야 이거 사줄까..? ], 부정 텍스트 확률 : 83.31%"
"[ 장난감 ], 부정 텍스트 확률 : 53.29%"
"[ 다들 득템해가세용 ], 부정 텍스트 확률 : 88.42%"
"[ 그외에 세제], 부정 텍스트 확률 : 65.41%"
"[ 아기비누], 부정 텍스트 확률 : 53.29%"
"[ 아기로션], 부정 텍스트 확률 : 53.29%"
"[ 크림], 부정 텍스트 확률 : 53.29%"
"[ 물티슈], 부정 텍스트 확률 : 53.29%"
"[ 출산선물], 부정 텍스트 확률 : 53.29%"
"[ 돌선물], 부정 텍스트 확률 : 53.29%"
"[ 백일선물 등등준비하기 너무 좋을 것 같아요 ], 부정 텍스트 확률 : 67.81%"
"[ 존경존경저는 똥손이라...이런것만 보면 감탄정말 선물하기 딱 좋은 비쥬얼그리고 현재 ], 부정 텍스트 확률 : 61.73%"
"[ 더 좋은건 조끼부터 롱점퍼까지다양한 제품들이 준비되어 있네요특히 점퍼류는리얼구스 솜털 을 사용해퀄리티를 극대화 했다고 하네요 ], 부정 텍스트 확률 : 91.41%"
"[ 난 너로 정했다 무조건 이건 겟할 예정 득템득템 핵득템이런건 세일할때 무조건 겟 하는게 이득이죠잉?요새는 아침], 부정 텍스트 확률 : 97.39%"
"[ 저녁으로 성인인 저도 너무 쌀쌀해서정말 대비방편으로 아가들에게는 하나쯤은 있어야할 것 같아요 ], 부정 텍스트 확률 : 68.10%"
"[ 출산발육 상품 만원 이상 구매시할인혜택까지], 부정 텍스트 확률 : 70.16%"
"[ 친구에게 바로 소식 알려줘야겠어요ㅎㅎ친구야고마워해라..모두 디어베이비 남현점홈플러스으로 오세요 ], 부정 텍스트 확률 : 89.99%"
"[아가방앤컴퍼니베베리쉬 추빨대컵 ], 부정 텍스트 확률 : 53.29%"
"[ ●브랜드명 베베리쉬●제품명 추빨대컵 ●컬러 민트], 부정 텍스트 확률 : 53.29%"
"[ 그레이], 부정 텍스트 확률 : 53.29%"
"[ 블루●가격 정가], 부정 텍스트 확률 : 53.29%"
"[ 원 홈페이지 판매가 ], 부정 텍스트 확률 : 75.70%"
"[ 원 ], 부정 텍스트 확률 : 53.29%"
"[ 아가가 성장하면서], 부정 텍스트 확률 : 75.70%"
"[ 젖병을 떼고], 부정 텍스트 확률 : 60.64%"
"[바로 빨대컵을 시작하는데요누워서 먹는 습관이 있는 아가들은 빨대컵이 만족스럽게 안나오면짜증을 많이 내지요.그럴때 꼭 중요한 것바로 추추의 무게가 빨대를 이동시켜], 부정 텍스트 확률 : 99.63%"
"[음료나 우유를 쉽게 빨아 먹을 수 있게 도와주죠.그래서 빨대컵에는 추가 꼭 필요하다고 생각해요오늘은 베베리쉬의 추달린 빨대컵을 보여드릴까 해요지금 우리 아가가 빨대컵을 쓰는데 짜증이 심하다 하시면], 부정 텍스트 확률 : 98.26%"
"[ 소재로], 부정 텍스트 확률 : 78.17%"
"[ 브러쉬로 빨대 속 까지 구석구석깨끗하게빨대속을 안닦으면], 부정 텍스트 확률 : 56.94%"
"[ 용량으로어디서든 양껏 음료나 우유를 먹일 수 있어요 ], 부정 텍스트 확률 : 68.13%"
"[ 내장된 빨대는 요렇게 생겼답니다 ], 부정 텍스트 확률 : 64.02%"
"[ 빨대부분도 튼튼 그자체약하면아가들 치아로 실리콘은 너덜너덜 해지기 마련인데], 부정 텍스트 확률 : 75.27%"
"[ 샘방지 가능이러니 바나나 안바나나? ], 부정 텍스트 확률 : 79.18%"
"[ 병 부분과 손잡이], 부정 텍스트 확률 : 61.27%"
"[빨대추 추부분], 부정 텍스트 확률 : 54.97%"
"[.?미즈넷미즈넷.?체험단체험단.?베베리쉬베베리쉬.?베베리쉬빨대컵베베리쉬빨대컵.?베베리쉬추빨대컵베베리쉬추빨대컵.?추빨대컵추빨대컵.?아기빨대컵아기빨대컵.?유아빨대컵유아빨대컵 ], 부정 텍스트 확률 : 89.60%"
"[엄마가 되어서 알게된 배앓이방지젖병 드디어 써보다.닥터브라운 옵션스 개월 아기 ], 부정 텍스트 확률 : 63.45%"
"[일신생아젖병 사용을 해오다보니 젖병사이즈 도 해야하고 젖꼭지도 개월수에 맞게 바꿔줘야해서수유량 넘어가면 바꾸려고 했는데까지 갔다가 반감해서 전후 마시던 울아들개월 되기 전후로 배앓이 때문인지 분유정체기가 왔던건지먹는양이 줄어드니 당연히 통잠은 엄두도 내지 못했구요.새벽에도 두번깨던게 세번에서 많게는 번까지 깨면서 엄마와 할머니의 잠도뺏어갔었는데 수입분유로 교체하면서 소화시키는데 문제는 덜해졌어요.몰아서 하던 왕트림도 약한 소리로 부드럽게 하기시작했고왠만해서는 게워내는 일도 적어졌죠.이제 수유량을 차츰 늘려서 까지는 먹을랑 말랑 하고있는데집에있는 것들은 신생아용이라서 이랑밖에 없어서이참에 확 큰걸로 바꿔봤어요. ], 부정 텍스트 확률 : 99.98%"
"[ 맘카페나 인스타에서 배앓이로 고생하는 아기들 닥터브라운젖병 쓰고 나아졌다는간증?후기 많이 봐왔는데 울 아들도 혹시나 같은 이유로 힘들어했던건 아닌가 싶어서아가방앤컴퍼니에서 주문했어요. ], 부정 텍스트 확률 : 95.53%"
"[ 모유수유 하듯이 밀착하여 좀더 엄마의 느낌?을 모방한 닥터브라운 옵션스 플러스확실히 많은 부분이 달라졌죠. ], 부정 텍스트 확률 : 97.17%"
"[ 소화 잘된다는 수입분유로 바꾼 상태인데닥터브라운 옵션스 플러스 뒷면에 미국식으로온스표시와단위 숫자표시와단위 눈금표시가 있어서 물양 맞추기가 편해요. ], 부정 텍스트 확률 : 67.70%"
"[ 기본으로 단계 젖꼭지가 들어있는데], 부정 텍스트 확률 : 77.86%"
"[ 닥터브라운 옵션스 플러스 니플사이즈는 개월수에 맞게 선택할 수 있게단계 단계 총 개의 단계로 나뉘어져 있어요.울아들은 단계나 단계로ㅎ ], 부정 텍스트 확률 : 58.50%"
"[ 배앓이 발생 감소를 위한 만의 통기시스템으로젖병으로 유입되는 공기양을 줄여주면서 내부 압력은 유지시켜주므로아기가 편하게 수유할 수 있도록 도와준다고 하네요.내부에 들어있는 통기시스템 초록 빨대모양은 탈착 가능한 부품으로 사용해도되고 사용 안해도 되는데사용권장을 하더라구요. 그래야 기능을 제대로 활용할 수 있으니까요. ], 부정 텍스트 확률 : 86.75%"
"[ 장난감 아니얌뫄 ], 부정 텍스트 확률 : 53.29%"
"[귀여운 아기 신발들이 엄청 많이 있네요정말 아기 발은 참을 수 없는 귀여움이죠.그 귀여움을 배가시켜 주고 보호해 주는 예쁜 신발들 ], 부정 텍스트 확률 : 61.22%"
"[ 여기서 저도 베베리쉬 젖꼭지], 부정 텍스트 확률 : 66.39%"
"[젖병솔 많이 샀는데..새록새록하네요. ], 부정 텍스트 확률 : 89.04%"
"[ 아가방앤컴퍼니 디어베이비 매장에는 보행기], 부정 텍스트 확률 : 67.88%"
"[카시트 ], 부정 텍스트 확률 : 53.29%"
"[ 유모차도 등 다양한 육아용품들이 있답니다. ], 부정 텍스트 확률 : 60.98%"
"[ 홈플러스 계산점 가시면 층 디어베이비 매장 방문하셔서 예쁜 옷 득템하시길 바래요 ], 부정 텍스트 확률 : 51.30%"
"[ ...? 아가방앤컴퍼니...? 디어베이비...? 계산점...? 인천계산점...? 아기옷...? 출산선물...? 돌선물 ], 부정 텍스트 확률 : 62.15%"
"[아가방앤컴퍼니 육아용품 브랜드 엘츠에서 준비해본 ...? 엘츠유모차컵홀더...? 엘츠스마트폰홀더 ], 부정 텍스트 확률 : 71.62%"
"[ 요렇게 그림처럼 사용하는 거랍니다 진짜 핸드폰인줄 ㅋㅋㅋㅋ역시 아이폰이군 ㅋㅋㅋ 제 핸드폰은 아이폰 안물안궁인데 ㅋㅋㅋ 걍 얘기하는거구요? ㅋㅋㅋ ], 부정 텍스트 확률 : 92.38%"
"[ 사이즈는 가로], 부정 텍스트 확률 : 66.26%"
"[세로 . 구요최대로 늘려진 가로 사이즈는 . 랍니다. ], 부정 텍스트 확률 : 68.22%"
"[ 요 빨간색 버튼은 원클릭 잠금 버튼이구요이 빨간 버튼을 핸드폰으로 누르면 탁 소리와 함께 간편하게 핸드폰이 자동으로 잠김 상태가 완료 된답니다], 부정 텍스트 확률 : 64.73%"
"[ 아래쪽 오픈 버튼을 누르니 열리는...? 스마트폰홀더모든 핸드폰 기종이 들어가는 사이즈 랍니다], 부정 텍스트 확률 : 64.58%"
"[ 연결장치와 컵홀더는 조립은연결장치를 컵홀더 뒷쪽에 끼워줍니다.딸깍 하는 소리가 나면 장착완료 된거구요 ], 부정 텍스트 확률 : 59.78%"
"[ 도 각도가 조절이 가능한 각도조절 버튼], 부정 텍스트 확률 : 51.03%"
"[ 탈부착이 편한 벨크로 타입으로 되어 있어서 지금은유모차 스마트폰 홀더로 사용할꺼지만], 부정 텍스트 확률 : 57.17%"
"[ 세로방향 장착 가능한데 저는 세로방향을 위주로써서 그냥 이렇게 ㅋㅋㅋㅋㅋ ], 부정 텍스트 확률 : 65.17%"
"[ 제 핸드폰이 사이즈가 큰데다가 핸드폰 케이스까지껴놔서 진짜 핸드폰 크기가 무기수준으로 큰데 그래도 아주 딱 맞아요 ㅋㅋㅋ뒷쪽에 버튼 안눌러도 그냥 잠금되는 수준 ㅋㅋㅋ가끔 유모차 끌고 나갔을때 주머니도 없는데 핸드폰을손으로 들고 아기 케어하기가 힘들었는데], 부정 텍스트 확률 : 89.67%"
"[이제 스마트폰홀더 덕분에 외출이 한결 쉬워질 것 같고요? ㅋ ], 부정 텍스트 확률 : 57.23%"
"[ 윗쪽 컵홀더 조임나사를 최대한 늘린다면 까지벌어진답니다..에서 까지 장착이 가능하니 가지고 계신유모차 프레임 사이즈를 확인하는게 좋을 것 같아요제 유모차는 예떼 제로니모인데 딱 아주 딱 맞음 ㅋㅋ ], 부정 텍스트 확률 : 82.57%"
"[ 아기를 데리고 외출하면 젖병], 부정 텍스트 확률 : 61.22%"
"[ 베베리쉬 빨대컵도 통통한데 사이즈가 잘 맞구요], 부정 텍스트 확률 : 77.72%"
"[세상든든하네요? ㅋㅋㅋㅋ진작 살껄.................... ㄸㄹㄹ지난주에 홈플러스 장보러 갔을때 커피 사서 마시는데다 못마셨는데...... 컵홀더 없어서 급 쪽쪽 다 마시고좀 남긴건 그냥 버렸는데.......... ㅋㅋㅋ이제 유모차 컵홀더 있으니 그럴일 없겠고요? ], 부정 텍스트 확률 : 95.03%"
"[외출하고 싶어지게 만드는 유모차 악세사리 컵홀더], 부정 텍스트 확률 : 83.30%"
"[엘츠 프리미엄 구스 아기띠 워머유모차 풋머프 착용 ], 부정 텍스트 확률 : 53.29%"
"[ 며칠 비가 내리고 나니 날씨가 많이 추워졌어요감기 걸리기 딱 좋은 날씨 인데요엄마와 아기가 모두 감기를 조심해야 하는 시기 인듯합니다하지만 외출할때 매서운 바람을 피하긴 어려운데요 ], 부정 텍스트 확률 : 80.18%"
"[외출을 안하는게 좋긴 하지만불가피하게 꼭 아기와 동행 해야 할때바람을 막아주고 체온을 유지 시켜주기 좋답니다 ], 부정 텍스트 확률 : 86.33%"
"[ 아기띠 어깨끈에 부착하는 똑딱이가 있어워머가 흘러내릴 걱정은 안해도 될 것 같아요블랭킷은 제대로 묶지 않으면 줄줄 흘러내려 바닥에 엄청 끌렸던 기억이 있거든요아기띠 워머는 그럴 걱정은 덜어주네요 ], 부정 텍스트 확률 : 70.30%"
"[방법도 어렵지 않고 무척 쉬워서 혼자 착용하고 똑딱이를 채우면 된답니다 ], 부정 텍스트 확률 : 88.58%"
"[ 길이조절 버클도 무척이나 길어서 엄마와 아기의 체형에 맞게잘 조절하면 불편함도 없답니다 ], 부정 텍스트 확률 : 98.55%"
"[ 오고갈데 없는 엄마 손을 위해 큼지막한 주머니도 있네요스마트폰], 부정 텍스트 확률 : 77.24%"
"[ 차키 등 여러 소지품도 다 들어갈 정도의 크기네요 ], 부정 텍스트 확률 : 81.49%"
"[ 디자인도 한껏 살려주는 워머아기띠 워머로도 유모차 풋머프로도 손색이 없네요 ], 부정 텍스트 확률 : 92.19%"
"[ 대표카페지후맘아가방앤컴퍼니 휴대용 유모차], 부정 텍스트 확률 : 67.18%"
"[자 그럼 지난 번에 소개해드렸지만간단히 한번 더 엘츠 리제로의 장점을 소개해 드릴께요 ], 부정 텍스트 확률 : 62.81%"
"[ 잠김 쪽으로 버튼을 밀고 아래부분을 눌러주면서 접거나 필수 있어요어때요 참 쉽죠? ], 부정 텍스트 확률 : 78.35%"
"[짜잔 왼쪽에 카시트와 비교해봐도 월등히 작은 엘츠리제로컴팩트하게 이동이 가능하답니다또 엘츠 리제로의 최대 장점이 한손으로도 쉽게 폴딩이 가능하다는거죠? ], 부정 텍스트 확률 : 86.57%"
"[쉽게 펼쳐지는 엘츠리제로 ], 부정 텍스트 확률 : 69.42%"
"[차양막도 적당하게 잘 내려오구요 ], 부정 텍스트 확률 : 74.08%"
"[엘츠 리제로는 발판이 위아래로 자유로워요단계 각도조절이 가능하기 때문에아이에 맞춰 편하신데로 자유롭게 사용하시면 될것같아요올릴때는 그냥 원하는 만큼올리면 되고요내릴때는 발판 양옆에 동그란 버튼을 같이 눌러주면서 내리면 된답니다 ], 부정 텍스트 확률 : 93.04%"
"[또 중요한게 등받이 조절이죠?어떤 유모차는 등받이가 너무 누워 있거나원하는 만큼 조절이 안되서 불편하더라고요엘츠 리제로는 아이가 잠들어 편하게 눕힐때는 동그란 고리를 잡아당기고요앉힐때는 두개 줄을 양손으로 잡아당겨 주면 됩니다최대 도까지 다양하게 조절할수 있으니 참 좋죠? ], 부정 텍스트 확률 : 99.86%"
"[마지막은 우리 막둥이 사진으로집에서 언니랑 유모차 가지고 신나게 놀았다지요이상으로기내반입도 가능한 컴팩트한 사이즈와디럭스 못지 않은 안정감과 핸들링한손으로도 가능한 손쉬운 폴딩까지어느것 하나 놓친게 없는 엘츠 리제로 사용기였습니다휴대용 유모차 고민하시는 분들 참고하세요 ], 부정 텍스트 확률 : 77.65%"
"[엘츠리제로는 여기에서↓↓↓ 구입할수 있으니 참고하세요.. ], 부정 텍스트 확률 : 93.79%"
"[.. ], 부정 텍스트 확률 : 57.07%"
"[본 후기는 아가방앤컴퍼니로부터 제품을 무상으로 지급받아 솔직하게 작성하였습니다], 부정 텍스트 확률 : 52.96%"
"[ 출산용품 아가방앤컴퍼니에서 꼼꼼하게 준비 ], 부정 텍스트 확률 : 70.84%"
"[이번에 투꿍이가 태어나면서준비한 출산준비물이예요큰아이가 있어 그다지 많은 준비는 필요치 않아꼭 필요한것만 쏙쏙 준비해 보았답니다. ], 부정 텍스트 확률 : 61.24%"
"[아가방앤컴퍼니 출산용품미니노어 욕조미니노어 수유패드 ], 부정 텍스트 확률 : 53.29%"
"[ 미니노어 손톱가위세트 ], 부정 텍스트 확률 : 53.29%"
"[ 미니노어신생아젖병퓨토 젖병세정제총 가지 물품 아가방앤컴퍼니에서 준비해 보았어요 ], 부정 텍스트 확률 : 74.61%"
"[이너바디는 탈 부착이 가능하구요 ], 부정 텍스트 확률 : 57.10%"
"[물마개 뚜껑이 있어일일히 욕조를 들어 물을 비워내지 않아도되니 편리하네요 ], 부정 텍스트 확률 : 65.38%"
"[장이 들어있구요 ], 부정 텍스트 확률 : 81.69%"
"[ 속옷입는 것도 답답한데 ], 부정 텍스트 확률 : 95.22%"
"[ 두꺼운 수유패드는 노노 ], 부정 텍스트 확률 : 66.26%"
"[ 미니노어 수유패드 ], 부정 텍스트 확률 : 53.29%"
"[ 초박형 수유패드로 덴마크에서], 부정 텍스트 확률 : 65.97%"
"[ 매우 인기있는 제품이라고 하네요], 부정 텍스트 확률 : 63.22%"
"[ 미니노어 손톱가위세트첫째땐 손톱깍기를 준비했었는데요신생아의 경우 손이 너무 작아서손톱깍기를 사용하기엔 좀 위험하더라구요.그래서 둘째땐 손톱가위세트 준비해보았어요 ], 부정 텍스트 확률 : 68.44%"
"[손톱가위], 부정 텍스트 확률 : 53.29%"
"[ 보호캡], 부정 텍스트 확률 : 53.29%"
"[ 손톱파일총 가지의 구성품이 들어있어요 ], 부정 텍스트 확률 : 80.24%"
"[ 미니노의 손톱가위는 ], 부정 텍스트 확률 : 55.26%"
"[ 사용하고 난 후에는 ], 부정 텍스트 확률 : 81.23%"
"[아기의 안전을 위해 보호캡을 씌워 ], 부정 텍스트 확률 : 60.84%"
"[ 보관하면 되니 위험하지 않아 좋네요 . ], 부정 텍스트 확률 : 78.95%"
"[손톱파일은 아가 손톱을부드럽게 정리해주는데 도움을 주는데요앞으로 이 손톱파일로 아기손톱 관리해줘서아기가 손톱으로 얼굴에 생채기를 냈을때흉지지 않을까 걱정하는 일 없도록 해야겠어요], 부정 텍스트 확률 : 87.20%"
"[미니노어젖병 ], 부정 텍스트 확률 : 53.29%"
"[ 선명한 눈금표시로 ], 부정 텍스트 확률 : 64.02%"
"[ 미니노어 젖병은 뚜껑이 특이하더라구요 ], 부정 텍스트 확률 : 55.89%"
"[ 젖병뚜껑에 두개의 홈이 있어 ], 부정 텍스트 확률 : 72.38%"
"[ 뚜껑이 구르지 않게 해준다고 해요 ], 부정 텍스트 확률 : 53.24%"
"[ 이런 세심한면도 신경을 쓰다니 ], 부정 텍스트 확률 : 85.51%"
"[ 젖꼭지는 말캉말캉 부드러워요 ], 부정 텍스트 확률 : 66.26%"
"[ 형태의 모양과 부드러운 감촉으로 ], 부정 텍스트 확률 : 56.69%"
"[ 아이에게 유두혼동을 막아준답니다 ], 부정 텍스트 확률 : 77.08%"
"[ 젖꼭지 안쪽 스크류 형태의 돌기는], 부정 텍스트 확률 : 55.26%"
"[ 공기유입을 최대한 줄여주는], 부정 텍스트 확률 : 85.24%"
"[ 공기밸브는 아기의 배앓이를 예방해준답니다 ], 부정 텍스트 확률 : 63.45%"
"[뚜껑 입구도 넓어 세척할때나분유탈때도 정말 편리하다는거], 부정 텍스트 확률 : 56.70%"
"[퓨토하우스젖병세정제 식품첨가물원료로열탕소독 없이도 안전한 젖병세정제라고해요.젖병 및 식기류는 물론이고과일과 야채도 젖병세정제로 세척가능하구요저자극 세정성분이라 맨손으로 사용해도피부에 손상을 주지않고 건조해진 피부에 보습을 부여해 준답니다 아가방앤컴퍼니에서 준비한 출산용품들다음번엔 생생한 실사용후기 들고 찾아올께요], 부정 텍스트 확률 : 87.33%"
"[아기띠를 하고 착용하거나 유모차에 장착할 때 고정하기 편리하도록길이조절 버클이 있어요 ], 부정 텍스트 확률 : 61.13%"
"[가공 처리를 하여 방수성이 좋고 부드럽다는특징이 있는 엘츠 프리미엄 구스워머 ], 부정 텍스트 확률 : 68.77%"
"[구스워머라 보온력은 말할 필요도 없지만너무 따뜻하면 아이가 땀을 흘릴 수도 있는데엘츠 구스워머의 모자 안감은 메쉬 원단을 사용하여통기성과 건조력이 우수하답니다 ], 부정 텍스트 확률 : 55.55%"
"[아기띠나 힙시트를 착용하고엘츠 구스워머로 아이 다리와 몸을 포근하게 감싸주면찬바람 불어도 안심이예요 ], 부정 텍스트 확률 : 91.83%"
"[날이 추워져 옷 부피가 커지니아기띠를 하고 다니는 게 너무 불편해서외출시엔 가능하면 유모차를 끌고 나가거든요아기띠 뿐만아니라 이렇게 유모차 워머로도사용이 가능하니 너무 좋아요바람막이 커버가 있지만 얇기도 얇고아이가 답답한 걸 싫어하는지라 씌우질 못해이번 겨울에는 유모차를 못타나 싶었는데이렇게 엘츠 구스워머를 씌워주니보온력이 너무 좋아서 커버가 필요없네요 ], 부정 텍스트 확률 : 99.49%"
"[어떤 제품들은 모자부분을 떼어낼 수도 있는데엘츠 구스워머는 모자와 분리가 되진 않아요저는 아이가 손을 넣을 수도 있고간단한 소지품도 넣을 수 있어서 분리가 되더라도 빼지 않는지라불편하지 않아요아이도 저 폼폼을 너무 좋아라해서만지작거리며 놀거든요 ㅎㅎ ], 부정 텍스트 확률 : 91.91%"
"[아기띠 워머로도 너무 좋지만유모차 워머로 이번 겨울 뽕뽑을 수 있을 것 같은엘츠 구스워머올겨울 무지 추울거라는데오리도 아닌 구스 워머로 아이를 지켜줘야겠어요이 글은 대표카페 지후맘을 통해주아가방앤컴퍼니로 부터 체험제품을 무상지급 받아 작성한 후기입니다.. ], 부정 텍스트 확률 : 66.93%"
"[어저께 뉴스 한혜진 유모차 리안], 부정 텍스트 확률 : 53.29%"
"[절충형 유모차 크루즈 출시外], 부정 텍스트 확률 : 53.29%"
"[일주일에 두 번], 부정 텍스트 확률 : 55.37%"
"[임신출산육아 관련 최신 뉴스를 엄선해 전해 드립니다.], 부정 텍스트 확률 : 60.15%"
"[ 한혜진 유모차 리안], 부정 텍스트 확률 : 53.29%"
"[절충형 유모차 크루즈 출시 ...? ...? 최근 배우 한혜진 유모차로 관심을 받고 있는 국내 유모차 브랜드 리안이 신개념 절충형 유모차 크루즈를 공식 출시한다고 밝혔다.], 부정 텍스트 확률 : 68.85%"
"[양대면 어느 방향에서도 자유로운 주행이 가능하며 부드럽게 핸들링 할 수 있는 것이 특징. 무게 역시 휴대용 유모차 수준인 .으로 가벼워졌으며], 부정 텍스트 확률 : 91.51%"
"[풋머프·선풍기·컵홀더 등 유모차 필수 액세서리 종을 증정한다.한편], 부정 텍스트 확률 : 63.41%"
"[리안은 년 넘게 축적된 유아용품의 전문성과 자체 기술력으로 개발된 대한민국 대표 유모차 브랜드다.대한민국 퍼스트브랜드 대상에서 유모차 부문 년 연속 수상한 바 있으며], 부정 텍스트 확률 : 74.57%"
"[전용 가방으로 구성됐으며], 부정 텍스트 확률 : 84.47%"
"[단계 정수 시스템을 거친 정제수가 사용됐다. 도톰한 프리미엄 엠보싱 원단은 민감한 아기 피부를 보호한다.물티슈와 함께 챙기면 좋은 퓨토 하우즈 손세정제는 프리미엄 원료로 인공 화학 성분이 첨가되지 않은 제품.맘마밀 안심이유식], 부정 텍스트 확률 : 70.15%"
"[기타영유아식 이미지 강화...? ...? 맘마밀 안심이유식은 제조·가공부터 판매까지 각 과정을 공개한 안심정보공개시스템을 구축하고 휴대성과 편의성을 고려한 스파우트 파우치를 적용하면서 많은 육아맘대디들이 선호하는 제품이다. 특히 인증기준이 엄격한 기타영유아식으로 유형 허가를 받아 믿을 수 있는 이유식에 대한 육아맘대디의 필요조건을 충족시킨다. ], 부정 텍스트 확률 : 96.00%"
"[ 기타영유아식은 영·유아의 이유기에 일반식품성인식으로의 적응을 도모할 목적으로 제조·가공한 특수용도식품으로], 부정 텍스트 확률 : 96.18%"
"[스프와 같은 즉석조리식품과 달리 엄격하고 까다로운 기준을 거쳐 생산된다. 면역력이 약한 영·유아의 건강상태에 맞춰 바실러스 세레우스식중독균를 당이하로 관리하며], 부정 텍스트 확률 : 97.56%"
"[대장균군 등 미생물과 인공감미료], 부정 텍스트 확률 : 68.76%"
"[타르색소를 사용할 없도록 규정하고 있다.맘마밀 측에 따르면 현재 시판 중인 이유식 중 일부 제품은 위생기준이 미흡한 즉석조리식품 형태로 판매되고 있어 이유식을 구매할 때는 기타영유아식 유형으로 제조되는 제품인지 꼼꼼하게 확인하는 것이 중요하다.기타영유아식의 생산기준을 철저히 적용한 맘마밀 안심이유식은 아기의 건강한 먹거리에 대한 높은 관심도를 고려해 이번에 새롭게 선보이는 패키지 전면에 이유식에 사용된 실제 원물의 이미지를 반영했다. ▲개월부터], 부정 텍스트 확률 : 58.46%"
"[▲개월부터], 부정 텍스트 확률 : 70.34%"
"[▲개월부터 총 단계의 발달단계 별 필요한 영양소에 맞춰 국내산 채소와 유기농 쌀로만 만든 이유식이라는 점을 강조한다. 원재료부터 제조공정까지 투명한 생산과정을 공개한 안심정보공개시스템은 새로운 패키지에도 그대로 적용했다. 제품 패키지 내 삽입된 코드를 통해 해당 제품의 유통기한을 선택하면 이유식 쌀의 도정일], 부정 텍스트 확률 : 60.88%"
"[생산일], 부정 텍스트 확률 : 55.72%"
"[인증서부터 원재료의 원산지], 부정 텍스트 확률 : 58.62%"
"[제조공정까지 자세히 확인할 수 있다.또한 스파우트 파우치 형태의 짜 먹는 이유식으로 뚜껑을 열어 바로 먹이거나 패키지와 결합해 사용할 수 있는 안심스푼을 활용하면 별도의 이유식기가 필요 없기 때문에 시간과 장소에 구애 받지 않고 아기에게 바로 먹일 수 있다. 고온], 부정 텍스트 확률 : 81.53%"
"[새롭게 공개된어드보케이트는 케이트], 부정 텍스트 확률 : 52.15%"
"[모자이크로 보다 세련된 디자인이 적용됐다. 먼저 ▲케이트는 회색과 검은색이 조합된 꽃무늬 스타일이 시트에 적용됐으며], 부정 텍스트 확률 : 84.10%"
"[▲벤티는 그레이 베이스에 밝은 원형 엠보싱 처리가 특징이다. ▲모자이크는 검은색을 바탕으로 한 기하학적인 무늬가 눈에 띈다.세피앙은어드보케이트 출시를 기념하며 구매자 전원에게 신생아 시트 및 전용 이너시트쿨시트], 부정 텍스트 확률 : 81.39%"
"[스트랩베르사테더], 부정 텍스트 확률 : 77.41%"
"[정품 등록 시 무상 교환 년], 부정 텍스트 확률 : 72.69%"
"[프레임 년 개월시트 년 무상 ], 부정 텍스트 확률 : 82.73%"
"[카시트 액세서리할인], 부정 텍스트 확률 : 53.29%"
"[충격 안정화를 위한 스틸 프레임 등의 첨단 기술이 다수 탑재됐다.이 밖에도 단계 등받이 각도 조절 및 각도 표시 장치], 부정 텍스트 확률 : 77.86%"
"[어깨 벨트 자동 조절 시스템 등 안전성을 높이는 다양한 기능도 포함됐다. 어드보케이트신상품은 롯데아이몰], 부정 텍스트 확률 : 61.56%"
"[롯데닷컴], 부정 텍스트 확률 : 53.29%"
"[몰 등 대표 온라인 쇼핑몰과 세피앙몰], 부정 텍스트 확률 : 59.32%"
"[코지가든 및 하이베베], 부정 텍스트 확률 : 53.29%"
"[ 이번 신제품은 아빠들도 아기띠를 많이 착용한다는 것을 고려], 부정 텍스트 확률 : 62.66%"
"[어깨 길이], 부정 텍스트 확률 : 53.29%"
"[아이의 머리를 받쳐주는 지지대 등 세심한 부분까지 조절할 수 있는 점도 특징. 컬러는 핑크 메시와 그린 메시 총 가지로], 부정 텍스트 확률 : 87.56%"
"[신생아부터 아이의 무게가 ㎏가 될 때까지 사용 가능하다. 가격은 마이캐리어 는 만], 부정 텍스트 확률 : 66.17%"
"[마이캐리어 는 만], 부정 텍스트 확률 : 85.48%"
"[ 아가방앤컴퍼니 퓨토 명 대규모 체험단 모집안내 ], 부정 텍스트 확률 : 56.23%"
"[아가방앤컴퍼니의 유아동 프리미엄 스킨케어 브랜드], 부정 텍스트 확률 : 80.95%"
"[퓨토 ], 부정 텍스트 확률 : 53.29%"
"[대규모 체험단 ], 부정 텍스트 확률 : 53.29%"
"[을 모집합니다], 부정 텍스트 확률 : 68.33%"
"[모집안내 ], 부정 텍스트 확률 : 53.29%"
"[. 모집기간..목..화 ], 부정 텍스트 확률 : 58.49%"
"[. 모집대상만 세 이하 아이를 둔 육아맘대디 ], 부정 텍스트 확률 : 99.21%"
"[. 모집인원명 ], 부정 텍스트 확률 : 62.92%"
"[. 당첨발표..금 ], 부정 텍스트 확률 : 55.73%"
"[. 발표방법아가방앤컴퍼니 공식 카페당첨자 대상 개별발송 ], 부정 텍스트 확률 : 71.02%"
"[. 신청방법아래 신청하기버튼 클릭신청서 작성 ], 부정 텍스트 확률 : 71.69%"
"[. 활동내용퓨토 라인 종 제품만원 상당 체험 후기 작성세트퓨토 하우즈 세탁세제], 부정 텍스트 확률 : 96.44%"
"[섬유유연제세트퓨토 시크릿 로션], 부정 텍스트 확률 : 53.29%"
"[오일겔세트퓨토 시크릿 샴푸앤바스], 부정 텍스트 확률 : 64.14%"
"[크림 ], 부정 텍스트 확률 : 53.29%"
"[세트 순서는 랜덤으로 진행되며], 부정 텍스트 확률 : 91.19%"
"[자세한 내용은 당첨자 발표 후 공지됩니다. ], 부정 텍스트 확률 : 86.91%"
"[. 활동혜택퓨토 라인 종 제품 체험 베스트 리뷰어 포상등명 아가방앤컴퍼니 만원 상당 제품 증정등명 아가방앤컴퍼니 만원 상당 제품 증정 등명 신세계 만원 상품권 증정등명 스타벅스 기프티콘], 부정 텍스트 확률 : 73.06%"
"[ 문의. ], 부정 텍스트 확률 : 62.92%"
"[...?.. ], 부정 텍스트 확률 : 53.29%"
"[.......], 부정 텍스트 확률 : 53.29%"
"[경험담을 공유소통하는], 부정 텍스트 확률 : 66.14%"
"[퓨토 ], 부정 텍스트 확률 : 53.29%"
"[대규모 체험단 ], 부정 텍스트 확률 : 53.29%"
"[...?.. ], 부정 텍스트 확률 : 53.29%"
"[.......], 부정 텍스트 확률 : 53.29%"
"[....? ], 부정 텍스트 확률 : 53.29%"
"[.. ], 부정 텍스트 확률 : 57.07%"
"[아가방앤컴퍼니 퓨토 명 대규모 체험단 모집안내작성자.. ], 부정 텍스트 확률 : 65.02%"
"[.. .. ], 부정 텍스트 확률 : 59.13%"
"[ 아가방앤컴퍼니엘츠 리제로 유모차], 부정 텍스트 확률 : 73.22%"
"[ 아가방앤컴퍼니 엘츠 리제로 유모차 ], 부정 텍스트 확률 : 64.02%"
"[아직까지도 여행을가거나장시간 걸어야할때는 유모차를 타는 살 광복이원래 가지고 있던 유모차가수명을 다해가서 하나 더 준비했어요휴대용유모차 엘츠 리제로유모차 입니다 ], 부정 텍스트 확률 : 68.08%"
"[간단하게 뒷바퀴 툭툭 끼우고앞바퀴도 하나씩 툭툭끼우면 끝오늘도 놀러온 우리로공주는이모를 위해 모델이 되어주는걸로ㅋ이제 펼쳐봅니다 ], 부정 텍스트 확률 : 82.56%"
"[접을때도 손잡이를 잡고 꾹 눌러주면 끝 ], 부정 텍스트 확률 : 84.80%"
"[휴대용이라기엔 넘나 절충형같은 외형 ], 부정 텍스트 확률 : 74.99%"
"[오빠들이랑 같이 놀이터로 와봤어요안전바를 잘 잡고 앉아있는 로공쥬], 부정 텍스트 확률 : 59.37%"
"[뒷바퀴에 정지버클이 있어요휴대용치고는 넓직한 바구니에 또한번 깜놀 ], 부정 텍스트 확률 : 73.93%"
"[차양막도 넓직해서딱 마음에 들었어요 ], 부정 텍스트 확률 : 51.62%"
"[손잡이가운데에 버튼을 밀고 접거나 펼처요 ], 부정 텍스트 확률 : 62.86%"
"[ .?엘츠유모차엘츠유모차.?기내용유모차기내용유모차.?휴대용유모차휴대용유모차 .?기내반입유모차기내반입유모차.?아기유모차아기유모차.?리제로유모차리제로유모차 본제품을 아컴서포터즈로써 할인받아 구매후 작성하였습니다 ], 부정 텍스트 확률 : 87.26%"
"[ 아가방앤컴퍼니 엘츠유모차], 부정 텍스트 확률 : 53.29%"
"[ 엘츠구스워머], 부정 텍스트 확률 : 53.29%"
"[육아할 때 없어선 안 되는 필수육아템 아가방앤컴퍼니 유용한 육아템 고민중이라면 참고하기 ], 부정 텍스트 확률 : 90.71%"
"[너무 유용하게 사용하고있는.?육아템육아템 ], 부정 텍스트 확률 : 70.62%"
"[고민하고 있는 중이라면 참고하는 것도 좋을듯하여 ], 부정 텍스트 확률 : 76.61%"
"[모아놨지요 ], 부정 텍스트 확률 : 53.29%"
"[★엘츠 리제로 휴대용유모차 ], 부정 텍스트 확률 : 84.85%"
"[바퀴가 작아서 헛돌지 않을까 싶었는데 ], 부정 텍스트 확률 : 57.65%"
"[★ 엘츠아기띠 힙시트 ], 부정 텍스트 확률 : 53.29%"
"[무겁지 않아서 좋았고], 부정 텍스트 확률 : 58.01%"
"[허리에 무리가지 않아 좋았어요 ], 부정 텍스트 확률 : 83.66%"
"[ 촉촉한 아기피부 보습막 아가방앤컴퍼니 베이비 퓨토 시크릿 로션], 부정 텍스트 확률 : 90.69%"
"[전 성분 공개라 안심하고 사용해요. ], 부정 텍스트 확률 : 51.85%"
"[퓨토의 전 라인은 물 대신], 부정 텍스트 확률 : 53.51%"
"[ 천연약용추출물을 사용하는 프리미엄 제품입니다. ], 부정 텍스트 확률 : 72.48%"
"[미네랄오일], 부정 텍스트 확률 : 53.29%"
"[에탄올], 부정 텍스트 확률 : 53.29%"
"[ 용량.너무 크지도 작지도 않은 적당한 양인거 같아요. ], 부정 텍스트 확률 : 95.63%"
"[펌핑용기라 위생적으로 사용할 수 있어요. ], 부정 텍스트 확률 : 52.84%"
"[바르는 영상도 찍어봤어요.이렇게 매일매일 퓨토로션으로 마사지해주고 있어요.마무리로 퓨토오일까지 발라주면 올 겨울 끄떡없을 거 같네요나쁜성분은 과감히 빼고 좋은성분들로만 만들었다고 하니 안심하고 사용해요.성분좋고 발림성], 부정 텍스트 확률 : 99.30%"
"[흡수력], 부정 텍스트 확률 : 63.04%"
"[ 아가방앤컴퍼니], 부정 텍스트 확률 : 53.29%"
"[엘츠 기내 반입형 유모차 리제로 출시 ], 부정 텍스트 확률 : 64.02%"
"[아가방앤컴퍼니의 엘츠에서 기내 반입 유모차 리제로’를 출시했다.이번에 출시한 리제로는 엘츠에서 처음 선보이는 기내 반입형 모델로 보관 및 적재가 편리한 휴대용 유모차다. 리제로는 여행에 최적화된 유모차로 간편하게 접을 수 있는 .의 초경량 휴대용 유모차로 가벼운 무게가 특징이다.제품의 원핸드 퀵 폴딩’ 기능은 제품을 접을 때 한 손으로 조작이 가능해], 부정 텍스트 확률 : 95.71%"
"[아이를 안고도 유모차를 한 손으로 접을 수 있다. 또한], 부정 텍스트 확률 : 73.98%"
"[경사가 심한 내리막길에서도 흔들림 없이 주행이 가능한 앞바퀴 고정∙해제 버튼], 부정 텍스트 확률 : 93.08%"
"[다리 등의 다섯 군데 방향에서 몸을 안전하게 잡아줘 충격을 분산시키고 편안한 착용감을 선사한다.한편], 부정 텍스트 확률 : 81.53%"
"[아가방앤컴퍼니의 공식 온라인몰 넥스트맘에서는 리제로의 론칭을 기념해 월 한 달간 리제로를 구매하는 고객에게할인 혜택과 유모차 액세서리 종유모차 스마트폰홀더], 부정 텍스트 확률 : 65.63%"
"[유모차 컵홀더], 부정 텍스트 확률 : 53.29%"
"[ 아가방앤컴퍼니서포터즈모집 ], 부정 텍스트 확률 : 53.29%"
"[아가방앤컴퍼니아컴서포터즈 모집 ], 부정 텍스트 확률 : 53.39%"
"[둥이 에뜨와 매장 자주 가서 옷도 사고 둥이 부가부 유모차도 구매했는데 아가방컴퍼니 아컴서포터즈 모집중이래요함께 참여해요아가방앤컴퍼니아컴서포터즈모집안내... ... ], 부정 텍스트 확률 : 79.84%"
"[. 모집기간....], 부정 텍스트 확률 : 70.67%"
"[. 모집대상임신부 및 만 세 이하 아이를 둔 ], 부정 텍스트 확률 : 99.66%"
"[. 모집인원명신청자 수에 따라 변경 가능], 부정 텍스트 확률 : 87.32%"
"[. 당첨발표..], 부정 텍스트 확률 : 55.73%"
"[.발표방법공식서포터즈홈페이지], 부정 텍스트 확률 : 62.92%"
"[. 신청방법아컴서포터즈 공식 홈페이지], 부정 텍스트 확률 : 59.20%"
"[. 활동혜택아가방앤컴퍼니 제품 체험및 이벤트 참여], 부정 텍스트 확률 : 59.20%"
"[. 활동기간....회 연임가능☆☆☆], 부정 텍스트 확률 : 70.23%"
"[개인 블로그를 운영중인], 부정 텍스트 확률 : 67.54%"
"[임산부 및 세 이하 아이의 엄마라면], 부정 텍스트 확률 : 99.62%"
"[누구나 참여 가능합니다. ], 부정 텍스트 확률 : 64.96%"
"[▼▼▼], 부정 텍스트 확률 : 53.29%"
"[아가방앤컴퍼니 서포터즈 신청], 부정 텍스트 확률 : 53.29%"
"[▼▼▼ ], 부정 텍스트 확률 : 53.29%"
"[ 아가방앤컴퍼니 서포터즈 당첨 ], 부정 텍스트 확률 : 53.29%"
"[ 아가방앤컴퍼니 아컴서포터즈 모집중 ], 부정 텍스트 확률 : 60.81%"
"[모집안내 클릭하시면공식 홈페이지로 링크되게 해놓았답니다.쿄쿄그럼 행운을 빌께요 ], 부정 텍스트 확률 : 84.36%"
"[ 아가방앤컴퍼니 그랜드 패밀리 세일 후기 ㅋ주말일상 부제영역은 지식백과에서만 사용되지만 포스트 엔드에 마크업은 잔존하게 됩니다 기본적으로요소는 입니다 ], 부정 텍스트 확률 : 76.64%"
"[ㅋㅋ 복직하고도 이노므 블로그랑 뭔세일이나 이벤트한다하면 일단 신청부터하고보는 덕분에 요즘 심한 감기는 면연력이 떨어져그런가 좀처럼 회복이안되네요 ㅠ아기도 아픈터라 주말엔 집에서 푹쉬어야지했는데 또 근질근질모드 ㅋ 남편꼬셔서 아가방앤컴퍼니 패밀리세일 갔다가 병원갔다가 장보고 외식까지..ㅎ ], 부정 텍스트 확률 : 78.08%"
"[대봉봉지 하나씩 들고 줄서요ㅋ어마어마한 사람들에 한번놀랬다요 ㅎ줄서면서 이젠 충동구매는 그만 정말 이쁜것만 사야지 다짐을..ㅋ중간에 사진은 생략..ㅋ옷 고르기도 사람이 많고 ㅋ 정신도 없고 ㅋ남편은 잠든 아기 계속 앉고있다가 팔에 경련오시고 ㅋ그래도 뭐라 투덜한번 안하는 남편 ㅎ ], 부정 텍스트 확률 : 92.42%"
"[에뜨와 옷 좋아라한는데.. 에뜨와는 어떤옷은 정말 고급지게이쁜거같고 어떤옷은 왕촌스생각보다 두번째 타임이라그런지 ㅠ 많이 없더라구요 ㅠ특히 이상사이즈는 찾기가 ㅠ가격은 천원부터 원피스만원까지였던거같은데그나마 사이즈골라왔는데 여름되서 살짝 작으면 어쩌지싶기도], 부정 텍스트 확률 : 98.79%"
"[감기때문에 엄마랑 딸 모두 약받으러 병원갔다가장보고 집에서 한숨자고 할머니 당골 횟집에서 저녁외식.. ], 부정 텍스트 확률 : 55.19%"
"[어머님이랑 친한사장님이셔서 완전 여기가 아쿠아리움..고마워토토 딸기 기대하고갔다가 아쉬워 후기올릴사진도 없고 ㅠ암튼 여기가 공짜 아쿠아리움ㅎ낙지도 보여주시고ㅋ 아직 낙지는 무서ㅋ ], 부정 텍스트 확률 : 84.49%"
"[광어까지 뜰채에 ㅋㅋ문닫은 시장을 뜰채들고 막 다닌 아가ㅋ ], 부정 텍스트 확률 : 60.50%"
"[일요일 감기기운에 푹쉬려 했는데오늘은 또 친정엄마 콜 월연휴 워킹맘박일 공휴일이 월뿐이라 ㅠ여행마구잡아가꼬 ㅠ 엄마 섭섭 오늘이라도 밥먹으러 오라고뭐 밥하기도 귀찮아서 ㅋㅋ 외할머니댁으로 고고씽돌전후 잘걸어다녀서 삑삑이신발한번 안신겼는데 소리나는 신발이 좋은지외할머니랑 쇼핑한것들로 장착코디하고 고고씽 ], 부정 텍스트 확률 : 56.24%"
"[ 아가방앤컴퍼니 그랜드 패밀리 세일부제영역은 지식백과에서만 사용되지만 포스트 엔드에 마크업은 잔존하게 됩니다 기본적으로요소는 입니다 ], 부정 텍스트 확률 : 80.85%"
"[일 하루에 타임씩 총 타임에 각 명동반 입장 까지 하면 한 타임에 명까지 입장 할 수 있네요 홈페이지 가입해서 날짜와 시간을 선택하고 접수하면 끝 ], 부정 텍스트 확률 : 97.28%"
"[ .. .. ], 부정 텍스트 확률 : 59.13%"
"[ 조 기 마 감저녁 때 되니까 사람들이 신청을 못해서 아쉽다는 얘기가 들리더라구요. 휴.. 다행이다 신청해서], 부정 텍스트 확률 : 68.75%"
"[아가방앤컴퍼니 물류센터는 공세동 코스트코 근처에 있어요매번 지나가면서 저긴 그냥 창고인가 생각했었는데.. 이렇게 가볼 줄이야 ㅎㅎ ], 부정 텍스트 확률 : 55.87%"
"[아가방앤컴퍼니 브랜드가 생각보다 많네요.. 전 아가방과 디어베이비만 생각했는데 에뜨와도 여기꺼였어요.. ㅎㅎㅎ ], 부정 텍스트 확률 : 66.27%"
"[안에 들어갔더니 천막에 의자가 준비 되어 있더군요.그치만 천개는 아닌듯.진행요원들이 의자에 앉아 있으면 순서대로 들여보내준다곤 했지만.저희보다 늦게 들어와서 앞에 앉은 사람은요?차라리 온 순서대로 줄 세우는게 나을듯 한데조금 진행이...ㅎㅎ ], 부정 텍스트 확률 : 92.44%"
"[뒤에 있는 의자에 앉았더니 의자 순서라자나요앞 의자에 앉았어야 하군들어오면서 받은 큰 봉지에요 얼마나 사라고 이렇게 큰 봉지를.. ], 부정 텍스트 확률 : 52.63%"
"[그래도 앉아있는 사람부터 입장 시키긴 했어요.뒤에선 좀 엉키긴 했지만저도 드디어 들어가는줄에.. ], 부정 텍스트 확률 : 84.38%"
"[서있는 사람들은 줄서있긴한데..처음부터 들어오는 순서대로 줄을 세우지.. 아쉽더군요. ], 부정 텍스트 확률 : 58.43%"
"[저희도 열심히 고르긴 했는데..잘 못고르겠더군요 ㅠㅠ첫 타임이라 나름 나이즈별로 되어있긴 하던데나중엔 다 섞여요 ㅎㅎㅎ문제는 가격대체 내가 고른 옷들이 얼마인거냐..알수없음ㅋㅋㅋ ], 부정 텍스트 확률 : 65.33%"
"[옷 고르느라 못봤는데세탁비누], 부정 텍스트 확률 : 87.46%"
"[바코드 찍어서 가격 확인하고 봉지에 담아요이때 안살꺼는 빼면 되긴 하는데 순간 결정하기 쉽지 않네요 ], 부정 텍스트 확률 : 81.40%"
"[층으로 내려가면유모차], 부정 텍스트 확률 : 66.91%"
"[보행기], 부정 텍스트 확률 : 53.29%"
"[카시트도 있어요가격이 안적혀 있어서 싼건지는 모르겠더라구요. ], 부정 텍스트 확률 : 51.24%"
"[물류창고 앞에서 택시 잡기 힘들것 같아서 셔틀버스로 이동저희가 산 물건이에요ㅋㅋ저흰 요만큼 밖에 안샀는데가득 채워 가시는분들 대체 얼마치 사시는거에요?], 부정 텍스트 확률 : 67.30%"
"[이렇게 정신없이 쇼핑을 했네요.여름옷 준비끝싸긴 한데 로 완전 싸다는 생각은 안들었어요.저렴하다는 정도?솔직히 아울렛에서도 잘고르면 이정도 할것 같고... ], 부정 텍스트 확률 : 78.17%"
"[ 아가방앤컴퍼니 맘 기 서포터즈 발대식 ], 부정 텍스트 확률 : 76.33%"
"[ 베페 베이비페어 아기띠부터 폴더매트], 부정 텍스트 확률 : 70.34%"
"[스킨케어까지 한꺼번에 아가방앤컴퍼니 부스에서 구경했어요 ], 부정 텍스트 확률 : 88.00%"
"[오늘 다녀온 베페 베이비페어 후기를 보여드리겠다며 아직까지 이렇게 깨어있습니다. 저는 오늘 시 분경에 코엑스에 도착해서 올라왔답니다.오늘따라 따님이 아침 낮잠을 길게 주무셨다죠. ㅠㅠ 코블록 선착순 이벤트는 역시나 끝났고요. 혹시나 명이니 모른다며 기대했는데 너무 큰 기대였나 봐요.제가 갔을 때는 이미 선착순 이벤트 들도 모두 끝난 상태였답니다. 제가 가본 선착순 이벤트 부스는 코블록], 부정 텍스트 확률 : 99.93%"
"[아벤트], 부정 텍스트 확률 : 71.31%"
"[콩코드], 부정 텍스트 확률 : 53.29%"
"[팔로우 등등 각각 요구하는 조건에 맞춰 응모하면 끝 근데 제가 갔을 때는 보령메디앙스의 회원가입 이벤트 일 명 빼고는 모두 끝났답니다.그렇게 선착순 이벤트를 다 허무하게 보낸 뒤에 아가방 앤 컴퍼니 부스에 들렸답니다. ], 부정 텍스트 확률 : 98.42%"
"[아가방에서도 팔로우 이벤트가 진행 중이라고 말씀드렸었는데 ], 부정 텍스트 확률 : 98.38%"
"[이건 오늘은 시 분부터 진행하더라고요.이렇게 오픈부터 선착순 말고 시간제로 선착순 이벤트는 그래도 노려볼만하겠죠?? 전 그 시간에 코코가 너무 지겨워해서 결국에는 참여도 못하고 빠져나와야 했지만 말이죠. ], 부정 텍스트 확률 : 99.99%"
"[아가방앤컴퍼니 부스는 이번에 엄청 크게 설치되고 그 안에 브랜드들도 굉장히 다양하게 진행되었답니다.우선 이번에 이벤트가 가장 많아 보이는 퓨토는 타임 서비스로 럭키 박스도 판매했답니다.주말에도 진행되는 걸로 알고 있어요.], 부정 텍스트 확률 : 97.96%"
"[일토요일 낮 시에는 퓨토의 모델인 ], 부정 텍스트 확률 : 84.99%"
"[소유진], 부정 텍스트 확률 : 53.29%"
"[퓨토 제품들이 전체적으로 저렴하게 나온 편이라서 퓨토쪽에 사람이 정말 많았답니다.스타필드 고양에서 만났던 네일 제품 유아용 도 있어서 구경도 좀 했답니다. ], 부정 텍스트 확률 : 89.91%"
"[저의 또 다른 목표는 유아 내의], 부정 텍스트 확률 : 52.76%"
"[외출복은 판매하지 않고 있었답니다.저는 아가방 내의 벌에 달팡 내의 하나 골랐어요.딸이지만 파란색이나 초록색 입히고 싶어서 골랐더니 직원분께서 아들 꺼 찾냐고하셔서전 딸인데 초록색 입힐 거예요.라고 하고 샀네요. ㅋㅋㅋ ], 부정 텍스트 확률 : 94.53%"
"[미니노어 인기가 많을 거라고는 생각했지만 이렇게 많을 줄은 몰랐어요.전 젖병 색상 변하는 게 궁금해서 보여달라고 했더니 제품이 완판되어서 보여줄 수 있는 게 없다고 ㅠㅠ그리고 다른 육아용품들도 할인율이 세다 보니 인기가 많더라고요. ], 부정 텍스트 확률 : 51.62%"
"[폴더 매트뿐 아니라 디자인스킨의 다른 다양한 제품들도 볼 수 있었는데 저는 쇼파류도 참 마음에 들더라고요. 테트리스 소파도 마음에 들지만 플레이 테이블 소파도 제 취향 저격 ], 부정 텍스트 확률 : 50.48%"
"[아이들이 디자인스킨부스에 오면 나가기 싫어하지 않을까요?미끄럼틀에 짐도 있으니 에너지 발산하기에 이만한 곳도 없지 싶었답니다.], 부정 텍스트 확률 : 79.63%"
"[제가 베페 베이비페어에서 처음으로 발견한 건 바로 플레이 테이블 소파의 핑크 색상], 부정 텍스트 확률 : 82.37%"
"[디자인스킨의 제품을 구매하시면 주방 매트를 함께 증정한다고 하니 구매하실 분들은 참고하세요 ], 부정 텍스트 확률 : 73.82%"
"[ 아가방앤컴퍼니 창고대개방에 초대합니다 ], 부정 텍스트 확률 : 55.53%"
"[자..잠깐만요...저도 돈좀 챙겨서...왜케 싼거죠?울 아가방대표님 장사를 밑지고하실건가요?저도 몇보따리 사다가 사돈의 팔촌까지 선물드려야할판이예요.. ], 부정 텍스트 확률 : 55.51%"
"[ 아가방앤컴퍼니 퓨토 명 대규모 체험단 모집안내 ], 부정 텍스트 확률 : 56.23%"
"[아가방앤컴퍼니의 유아동 프리미엄 스킨케어 브랜드], 부정 텍스트 확률 : 80.95%"
"[퓨토 ], 부정 텍스트 확률 : 53.29%"
"[대규모 체험단 ], 부정 텍스트 확률 : 53.29%"
"[을 모집합니다], 부정 텍스트 확률 : 68.33%"
"[모집안내 ], 부정 텍스트 확률 : 53.29%"
"[. 모집기간..목..화 ], 부정 텍스트 확률 : 58.49%"
"[. 모집대상만 세 이하 아이를 둔 육아맘대디 ], 부정 텍스트 확률 : 99.21%"
"[. 모집인원명 ], 부정 텍스트 확률 : 62.92%"
"[. 당첨발표..금 ], 부정 텍스트 확률 : 55.73%"
"[. 발표방법아가방앤컴퍼니 공식 카페당첨자 대상 개별발송 ], 부정 텍스트 확률 : 71.02%"
"[. 신청방법아래 신청하기버튼 클릭신청서 작성 ], 부정 텍스트 확률 : 71.69%"
"[. 활동내용퓨토 라인 종 제품만원 상당 체험 후기 작성세트퓨토 하우즈 세탁세제], 부정 텍스트 확률 : 96.44%"
"[섬유유연제세트퓨토 시크릿 로션], 부정 텍스트 확률 : 53.29%"
"[오일겔세트퓨토 시크릿 샴푸앤바스], 부정 텍스트 확률 : 64.14%"
"[크림 ], 부정 텍스트 확률 : 53.29%"
"[세트 순서는 랜덤으로 진행되며], 부정 텍스트 확률 : 91.19%"
"[자세한 내용은 당첨자 발표 후 공지됩니다. ], 부정 텍스트 확률 : 86.91%"
"[. 활동혜택퓨토 라인 종 제품 체험 베스트 리뷰어 포상등명 아가방앤컴퍼니 만원 상당 제품 증정등명 아가방앤컴퍼니 만원 상당 제품 증정 등명 신세계 만원 상품권 증정등명 스타벅스 기프티콘], 부정 텍스트 확률 : 73.06%"
"[ 문의. ], 부정 텍스트 확률 : 62.92%"
"[경험담을 공유소통하는 ], 부정 텍스트 확률 : 66.14%"
"[퓨토 ], 부정 텍스트 확률 : 53.29%"
"[대규모 체험단 ], 부정 텍스트 확률 : 53.29%"
"[그래서 저는 퓨토 로션을 듬뿍 발라주고 있는데요], 부정 텍스트 확률 : 67.66%"
"[유기농 인증을 받은 재료들을 사용한다는 문구가 눈에 띄죠? 울 애기들 피부에 아무거나 쓸 수 없잖아요 최대한 화학성분은 배제하고 몸에 좋은 것만 써야죠. 거기다가 입에 들어갈 수도 있는데 당연히 믿을 수 있는 제품을 쓰셔야합니다 ㅎㅎㅎ ], 부정 텍스트 확률 : 83.35%"
"[발림성 보시라구요렇게 크림처럼 슥 발려요.겉도는 느낌이 아니라서 좋아요.향도 거부감 없구요 ], 부정 텍스트 확률 : 84.98%"
"[아가방으로부터 제품을 제공받아 직접 사용해본 뒤에 작성한 솔직한 후기입니다. ], 부정 텍스트 확률 : 56.01%"
"[신생아 바디워시 아가방앤컴퍼니 퓨토시크릿 샴푸앤바스에는 피부 자극완화 성분인와 저자극 성분인 류 처방으로피부와 누에 닿아도 자극이 적어 연약한 신생아 피부를 퓨토처럼 건강하고 촉촉하게 지켜줘요 란 ? 미국 기준에 따른를 완료한 민감성 피부 완하 특허 등록물질로어성초], 부정 텍스트 확률 : 79.70%"
"[느릅나무], 부정 텍스트 확률 : 53.29%"
"[금전초], 부정 텍스트 확률 : 57.96%"
"[차천초], 부정 텍스트 확률 : 53.29%"
"[및 상엽의 천연 혼합추출물로 풍부한 보습을 주고건조한 아기피부에 영양을 공급하고 가려움을 완화시켜주는 천연양용추출물이예요.이러니 신생아 바디워시로 딱 좋죠], 부정 텍스트 확률 : 90.24%"
"[파라벤 미네랄오일에탄올색소는], 부정 텍스트 확률 : 88.74%"
"[無첨가 ], 부정 텍스트 확률 : 53.29%"
"[신생아바디워시 아가방앤컴퍼니 퓨토시크릿 샴푸앤바스는신생아의 머리와 몸을 물로 적신후 적당량을머리는 손바닥으로 몸은 아기용 타월에 묻혀 거품을 낸 후 부드럽게 마사지하듯 문지른 다음 물로 깨끗이 씻어요. ], 부정 텍스트 확률 : 88.43%"
"[신생아 바디워시 아가방앤컴퍼니 퓨토시크릿 샴푸앤바스를 적당량 덜어 머리를 손바닥으로 문질러요어머금세 거품이 생겨요부드러운 거품이 머리에서 퐁퐁 ], 부정 텍스트 확률 : 87.70%"
"[루이 금세 거품이 풍성하게 생기자 신기한지쳐다봐요오 샤워할때는 거품이 풍성하게 잘나야 기분이 좋은데딱신생아 바디워시 아가방앤컴퍼니 퓨토시크릿 샴푸앤바스이 그러네요오 좋으다 ], 부정 텍스트 확률 : 95.01%"
"[머리에 충분한 거품을 냈으니 이번에는 몸을 닦아볼까요손에 신생아 바디워시 아가방앤컴퍼니 퓨토시크릿 샴푸앤바스를 덜어보니색깔이 갈색? 황금빛?색깔또한 고급져요 ], 부정 텍스트 확률 : 60.39%"
"[ 에뜨와아가방앤컴퍼니 패밀리세일 다녀왔어요 ], 부정 텍스트 확률 : 84.60%"
"[오늘은 기다리고 기다리던 에뜨와 패밀리세일에 다녀왔슴돠이거 마이쮸가 알려준건지 엠제이가 알려준건지아주 재산탕진잼?ㅋㅋㅋ남편이한테 미리 얘기함... 옷좀산다고ㅋㅋㅋㅋ겁먹은 꾸엉이ㅋㅋㅋㅋㅋ 나중에 내가 이십배로 벌어다주께 겁먹디마 우쯋쯋 ], 부정 텍스트 확률 : 98.18%"
"[새벽일찍 나가서 원당역에 차 던지고 지하철타고 출발 엄마한테 애기등원 부탁좀ㅋ쑥쑤가 엄마가 이쁜옷 마니 사가꼬오껨 ], 부정 텍스트 확률 : 52.40%"
"[베트남식 코코넛 커피도 한잔 마셔주고 ], 부정 텍스트 확률 : 81.68%"
"[여긴 우연히 진짜 우연히 발견한 곳인데 진짜 매우괜찮았다 메뉴는 달랑 세개에 공간도 차고 같지만...나름 분위기 있음 이 건물에 다른 점포들은 다 망한거 같은 삘인데 이거 하나 유일하게 존재하는데 약간 차고 느낌 지하주차장 개조한건가... ], 부정 텍스트 확률 : 87.72%"
"[분되서 지하로 내려가니 대기실 온 순서가 아니라 걸로 바로 온 사람들 뒤에 줄세움대기실말고 밑으로 바로 내려가는 걸 추천합니다ㅋㅋㅋ너무 정신없어서 쇼핑하는 동안의 사진이 없음어떻게 집에 왔는지도 모르겠음 ㅜㅜ ], 부정 텍스트 확률 : 97.04%"
"[오늘의 쇼핑떼샷?ㅋㅋㅋ ], 부정 텍스트 확률 : 65.54%"
"[말무늬 집업 가디건도 간절기에 입히면 이쁠듯 헤헷 ♡ 이것도 오래 입히고픈데 사이즈가ㅋㅋ ], 부정 텍스트 확률 : 81.92%"
"[이건 여름에 장마철에 입힐 얇은 가디건하얀색이라 올해 한철 입음 땡일듯 ㅠㅡㅠ ], 부정 텍스트 확률 : 50.35%"
"[여누꺼 ], 부정 텍스트 확률 : 53.29%"
"[같이 간 엄마가 사준 옷ㅋㅋ 겨울에 잘 입힐 수 있을거 같구만♡한번 더가고싶다 ㅠㅡㅠ 힝 .?에뜨와패밀리세일에뜨와패밀리세일 .?아가방패밀리세일아가방패밀리세일 .?패밀리세일패밀리세일 ], 부정 텍스트 확률 : 61.68%"
"[ 카카오톡으로 아가방앤컴퍼니 출산선물 받았어요 ], 부정 텍스트 확률 : 59.02%"
"[안녕하세요. 둘째를 육아중인 온이맘이에요.다들 출산선물 어떻게 하시나요?사실 가까이 있으면 찾아가서 선물을 주면 되지만저는 인천에서 생활하다가 전주에 와서 인천 친구들이 출산을 하거나 돌잔치를 하면선물을 보낼 때 주로 인터넷으로 주문해서 택배를 보내거나카카오톡으로 선물하기를 했어요.그런데 이번에 카카오톡에서 아가방앤컴퍼니 출산선물 출시반갑더라구요 ㅎㅎ그래서 어떤 선물이 나왔나 들어가봤는데요.방법도 아주 간단해요 ], 부정 텍스트 확률 : 63.15%"
"[손싸개], 부정 텍스트 확률 : 64.12%"
"[애착인형치발기딸랑이 세트저는 두 종류 중 아가야 방가워 종세트를 선물받았는데요. ], 부정 텍스트 확률 : 72.85%"
"[상자의 단에는 내의와 손싸개], 부정 텍스트 확률 : 54.62%"
"[모자가 들어있구요.단에는 애착인형 토끼가 들어있어요 ㅎ사실 아기들 애착인형 하나 사려고 하면 엄청 비싼거 아시죠?온이도 몽슈 애착인형을 백일때 선물받았는데이렇게 받은 선물의 두배값이었거든요.그런데 저렴한 가격에 구성까지 알차니 정말 맘에 들구요. ], 부정 텍스트 확률 : 74.35%"
"[바지의 뒷부분은 이렇게 기저귀를 입히는 아기들에게 맞게절개가 되어있어서 움직일 때 ], 부정 텍스트 확률 : 53.79%"
"[이렇게 밴딩처리 된게 안벗겨지고 아기 손목도 너무 조이지 않고 좋더라구요.시보리로 처리된 손싸개를 써보니 자꾸 벗겨지고], 부정 텍스트 확률 : 90.83%"
"[출산선물로 아가방에서 자주하는 이유가 바로마감과 원단에 있는 것 같아요.무형광 원단은 물론 마감처리가 꼼꼼하게 되어있어요.저희 도우미이모님꼐서 이 일을 하시기 전에는미싱을 하셨는데], 부정 텍스트 확률 : 82.04%"
"[함께 온 애착인형도 살펴볼게요.토끼에게는 꼬리쪽에 방울이 들어있어서 인형에서 딸랑이 소리가 나요.딸랑이가 따로 필요없겠다는 생각이 들더라구요 ㅎㅎ진짜 가성비 갑이다. 싶구요. ], 부정 텍스트 확률 : 55.85%"
"[ 돌이 지나고 밖에 나갈때도 자꾸 데리고 나가고 싶어하는데], 부정 텍스트 확률 : 56.13%"
"[ 한번 애착이 형성되니 바꿔주기 쉽지 않더라구요.시행착오가 있다보니 달콩이는 좀 작은인형으로 해줘야겠다 했는데마침 딱 맞는 크기의 인형을 선물받았네요 ㅎㅎ ], 부정 텍스트 확률 : 74.19%"
"[우리 달콩이는 현재 생후 일 이지만요즘 내려만 놓음 안아줘병에 걸린 아기라..한장 찍고는 빨리 안으라고 울고불고 ㅋㅋㅋㅋ저러고 있으니 느낌이 백설공주에 나오는난쟁이 느낌도 나네요 ㅋㅋㅋㅋㅋㅋㅋㅋㅋ이모습마저 이쁜 도치맘아무래도 둘쨰는 그냥 뭘 해도 이쁜게 맞나봅니다. ], 부정 텍스트 확률 : 74.98%"
"[아직은 멀었나봅니다 ㅋㅋㅋ하지만 금방 친해질거라고 생각해요 ㅎㅎ어떤 출산선물을 해야하나 고민하신다면 카카오톡에서 아가방앤컴퍼니 검색해보세요업체로부터 제품만을 제공받았으나 솔직하게 작성된 후기 ], 부정 텍스트 확률 : 73.78%"
"[ 아가방앤컴퍼니 디어베이비 안성롯데마트점에 돌선물 사러왔어요 ], 부정 텍스트 확률 : 86.55%"
"[아가방앤컴퍼니 디어베이비 안성롯데마트점에 아기옷 돌선물 사러왔어요 ], 부정 텍스트 확률 : 86.55%"
"[안성롯데마트 디어베이비에는 신생아옷과 신생아용품], 부정 텍스트 확률 : 61.22%"
"[ 젖병], 부정 텍스트 확률 : 53.29%"
"[젖꼭지], 부정 텍스트 확률 : 53.29%"
"[젖병소독기. 아기내복], 부정 텍스트 확률 : 62.92%"
"[아기옷], 부정 텍스트 확률 : 53.29%"
"[신발 등등거기에 유모차와 카시트까지 없는게 없어요 ㅎㅎ ], 부정 텍스트 확률 : 54.69%"
"[카시트], 부정 텍스트 확률 : 53.29%"
"[ 유아로션은 아가방앤컴퍼니 퓨토 시크릿로션이지 ], 부정 텍스트 확률 : 80.62%"
"[아가방앤 컴퍼니 퓨토 전라인은 자연 자생적인 핵심성분 천연허브수를 베이스로 사용해 아기의 민감한 피부에 건강함을 부여해준답니다물 대신 천연허브수를 베이스로 사용한], 부정 텍스트 확률 : 74.47%"
"[사용 전에 전성분 확인은 필수 영유아 피부를 건강하게 가꾸어주는 대 핵심원료 어성초], 부정 텍스트 확률 : 54.03%"
"[금전초], 부정 텍스트 확률 : 57.96%"
"[차전초], 부정 텍스트 확률 : 53.29%"
"[느릅나무], 부정 텍스트 확률 : 53.29%"
"[퓨토 시크릿 로션], 부정 텍스트 확률 : 53.29%"
"[얼굴에 톡톡톡 스스로도 잘 바른답니다묽은 제형이라 아이가 스스로 바르더라도 잘 펴발라지고], 부정 텍스트 확률 : 56.06%"
"[다 바르고나니 얼굴이 반짝반짝해졌죠?원래도 건조한데다가 겨울철에는 피부가 더더욱 건조해지는데], 부정 텍스트 확률 : 83.99%"
"[올 겨울은 퓨토 유아로션으로 우리아이 피부 보습 챙겨줘야겠어요], 부정 텍스트 확률 : 60.61%"
"[겨울철], 부정 텍스트 확률 : 53.29%"
"[아가방앤컴퍼니 퓨토 시크릿로션으로 아이 보습관리해주세요], 부정 텍스트 확률 : 53.62%"
"[아가방앤컴퍼니 퓨토체험단에 선정되어 제품을 무상으로 제공받아 솔직하게 작성한 후기입니다 ], 부정 텍스트 확률 : 53.94%"
"[ 아가방앤컴퍼니 아기세제 “퓨토” 친환경으로 걱정없어요. ], 부정 텍스트 확률 : 82.31%"
"[ 첫 아기세제는 퓨토 하우즈], 부정 텍스트 확률 : 84.46%"
"[ 옷은 손빨래로 번 헹굼하고가재손수건은 좀 더 특별히 팍팍 삶기까지 했죠.출산 후에도 아기옷은 남편 담당손빨래와 삶기를 부탁했어요.그런데.....조리원에서 집으로 온 첫날.손빨래와 손수건 삶기가 불가능 하단 건 알았어요반나절만에 쌓인 아기 세탁물은...예상했던것보다 굉장히...굉장히 많더라구요... ], 부정 텍스트 확률 : 81.85%"
"[ 평소 익숙히 알고 있던 아가방에서 나온 유아세제퓨토하우즈 식물 유래성분을 사용한 친환경 세탁세제.공인인증기관 시험결과 높은 세척력 인증.어느덧 서른살이 된 저를 키우시던 친정엄마도 애용하시던 브랜드 아가방.오랜시간 사랑받아 온 아가방인만큼아가들을 위한 착한 세제를 만들었기를 기대하며 선정. ], 부정 텍스트 확률 : 52.70%"
"[ 프로 식물유래 세정성분. 인증원료.배 고농축. ], 부정 텍스트 확률 : 62.40%"
"[ 유해성분 무첨가로 성분이 안전해우리 아가 세제로 안심하고 쓸 수 있는 퓨토하우즈.배 고농축으로 은 ], 부정 텍스트 확률 : 86.92%"
"[ 통세척으로 깨끗하게 준비를 마친 세탁기에아기옷 코스로 세탁해봤어요.고농축으로 적은양 사용이 가능하니혹시나 잔여세제가 남지 않을까하는 걱정도 줄더라구요.짜잔 ], 부정 텍스트 확률 : 69.88%"
"[ 아침저녁으로 쌀쌀해진 날씨덕에긴팔 내복들을 준비했는데천연성분이라 가재손수건도 함께 세탁하니일이 한결 줄었다달빵이가 자랄수록 강한 세척력을 필요로 할텐데퓨토하우즈 세척력 기대해봅니다👍 ], 부정 텍스트 확률 : 83.64%"
"[퓨토 하우즈 유아세제 ], 부정 텍스트 확률 : 87.56%"
"[ 아가방앤컴퍼니 베이비오일 퓨토 오일겔], 부정 텍스트 확률 : 53.29%"
"[건조함에 피부를 긁기 시작하는 계절아이들뿐만 아니라 엄빠도 함께 쓸수있는베이이오일을 발견 흐르지않아 사용하기 너무 편한아가방앤컴퍼니 퓨토오일겔을 소개시켜드릴께요 ], 부정 텍스트 확률 : 56.55%"
"[민감한 영유아 피부를 위해 유해성 성분은 배제하고 식물성 오일을 사용하여 건조한 피부를 윤기있게 유지하고삼중 보습 성분으로 건조한 피부속 수분을 채워 빠져나가지 않도록 피부속 영양공급을 도와줘요영유아 뿐 아니라 민감한 피부의 성인도 함께 사용하는 제품이라제가 제일 열심히 사용중인 베이비오일이에요 ], 부정 텍스트 확률 : 83.97%"
"[제형이 약간 꾸덕해져있어서 오일이라 날이 추워서 얼었나??하고제품소개를 다시 읽어보니 흘러내리지 않는겔 타입의 베이비오일이더라구요첨 접해보는 겔타입의 오일이라 바로 사용해보았어요 ], 부정 텍스트 확률 : 60.95%"
"[오일이라고 말하지 않으면 아무도 오일이라 생각지 않을제형이렇게 손을 기우려도 흘러내리지 않아요.생각지도 못한 제형에 살짝 당황했어요ㅎㅎ ], 부정 텍스트 확률 : 52.00%"
"[살짝 문지르는 순간 피부체온에 순간적으로 녹아버리네요.흔한 오일의 미끄덩 거리는 느낌과는 차원이 다른 발림성이 일단 너무 좋구요.겉도는 느낌없이 바로 순간흡수되어 보습력도 완전 맘에 들어요 ], 부정 텍스트 확률 : 83.88%"
"[오일인데 오일답지 않게 끈적임없이 산뜻하게 흡수되었어요사실 용용맘은 액상오일 특유의 미끄덩 거림을 싫어해요], 부정 텍스트 확률 : 76.23%"
"[ ㅋ큰아이가 신생아일때 이후로 오일제품은 첨 써보는건데요퓨토 오일겔은 미끄덩 거림도 없을뿐더러오일겔 하나만 발라줘도 너무 촉촉하게 잘 흡수되는거 같아요. ], 부정 텍스트 확률 : 99.25%"
"[ 아가방앤컴퍼니포스트 이벤트 당첨후기 ], 부정 텍스트 확률 : 53.29%"
"[안녕하세요.아영이마미입니다아가방앤컴퍼니포스트에서 진행된할로윈이벤트에 당첨되었지요 ], 부정 텍스트 확률 : 75.42%"
"[여자이이라 핑크핑크진한핑크색이예요 ], 부정 텍스트 확률 : 78.48%"
"[인데 아직은 좀 크네요요즘핑크색을 좋아하는 아영이라이야이야옷을 보자마자입겠다고하더라구요 ], 부정 텍스트 확률 : 83.09%"
"[아가방포스트이벤트당첨후기입니다 ], 부정 텍스트 확률 : 54.65%"
"[ 아가방앤컴퍼니 퓨토 체험단 ], 부정 텍스트 확률 : 53.29%"
"[아가방앤컴퍼니 퓨토 체험단 ], 부정 텍스트 확률 : 53.29%"
"[모집안내 ], 부정 텍스트 확률 : 53.29%"
"[모집기간 ], 부정 텍스트 확률 : 53.29%"
"[.... ], 부정 텍스트 확률 : 70.23%"
"[모집대상 ], 부정 텍스트 확률 : 53.29%"
"[만 세 이하 아이를 둔 육아맘과 대디 ], 부정 텍스트 확률 : 99.34%"
"[모집인원 ], 부정 텍스트 확률 : 53.29%"
"[당첨발표], 부정 텍스트 확률 : 53.29%"
"[ .. ], 부정 텍스트 확률 : 57.07%"
"[발표방법 ], 부정 텍스트 확률 : 53.29%"
"[아가방앤컴퍼니 공식 카페당첨자 대상 개별발송 ], 부정 텍스트 확률 : 76.54%"
"[신청방법 ], 부정 텍스트 확률 : 53.29%"
"[〔신청하기〕버튼 클릭 후 신청서 작성 ], 부정 텍스트 확률 : 76.61%"
"[활동내용 ], 부정 텍스트 확률 : 69.87%"
"[퓨토 라인 종 제품 체험 후기 작성세트→ 퓨토 하우즈 세탁세제], 부정 텍스트 확률 : 87.56%"
"[섬유유연제세트→ 퓨토 시크릿 로션], 부정 텍스트 확률 : 53.29%"
"[오일겔세트→ 퓨토 시크릿 샴푸앤바스], 부정 텍스트 확률 : 53.29%"
"[크림 ], 부정 텍스트 확률 : 53.29%"
"[★세트 순서는 랜덤으로 진행되며], 부정 텍스트 확률 : 91.19%"
"[자세한 내용은 당첨자 발표 후 공지됩니다. ], 부정 텍스트 확률 : 86.91%"
"[활동혜택], 부정 텍스트 확률 : 53.29%"
"[ 퓨토 라인 종 제품 체험], 부정 텍스트 확률 : 53.29%"
"[베스트 리뷰어 포상등명 아가방앤컴퍼니 만원 상당 제품 증정 등명 아가방앤컴퍼니 만원 상당 제품 증정 등명 신세계 만원 상품권 증정등명 스타벅스 기프티콘], 부정 텍스트 확률 : 75.46%"
"[아가방앤컴퍼니 퓨토 체험단 응모하셔서 혜택 받아 보세요 ], 부정 텍스트 확률 : 62.25%"
"[대표카페지후맘주아가방앤컴퍼니 추운 겨울 엘츠 프리미엄 구스워머로 월동준비해보아요 ], 부정 텍스트 확률 : 71.56%"
"[박스 옆면에는구스 아기띠 워머의 세탁방법이 자세하게 나와있네요약 도의 물에서 중성세제로 손세탁을 권장하구요세탁기 사용시에는 울세탁하면 된다고 해요저는 무 조 건세탁기에서 울세탁으로 세탁을 해야겠어요그늘에서 자연건조...건조기 사용은 하면 안되겠네요건조기 사용 가능한 제품이 많이 만들어졌음 좋겠어요구스제품이니완전 건조후에는 구스들의 폭심함을 잘 살려줘야겠지요손바닥이나 패트병으로 두드려 주면구스의 폭신함이 살아나는거 잘 알고 계시지요 ], 부정 텍스트 확률 : 97.10%"
"[워머도 이제 스타일리쉬하게 가지의 컬러가 있어서 취향에 맞게 선택하면 되요저는 딸아이 엄마이니블링 블링 인디핑크 선택했어요쨍한 핑크가 아니라요즘 유행인 인디핑크라 너무 마음에 들더라구요 ], 부정 텍스트 확률 : 71.64%"
"[구스워머의 원단은생활 방수와 내구성이 뛰어난 나일론소재를 사용하였다해요가공 처리를 해서 방수성이 좋고 부드러우며 내구성도 좋다고 하네요엘츠 구스 워머는다운볼의 크기가 커서 더 풍성하고두터운 공기층을 만들기 때문에가벼우면서도 보온력이 높답니다 ], 부정 텍스트 확률 : 98.07%"
"[생활방수용 기능성 원단을 사용했다하구요방수기능이 있어서 물이 묻으면 탁탁 털어주기만 하면 된다고하니너무 좋으네요 ], 부정 텍스트 확률 : 56.12%"
"[ 리얼 여우털 폼폼 방울이 달려있어요모자 씌우면 폼폼이 때문에 더 귀엽더라구요 ], 부정 텍스트 확률 : 71.83%"
"[유모차 타고 외출할때도엘츠 프리미엄 구스워머요긴하게 사용하고 있어요저희 아가는 여우털 폼폼 방울을 엄청 좋아하더라구요계속 만지작 만지작부드럽다며 좋아해요ㅁ ], 부정 텍스트 확률 : 66.23%"
"[외출하면 아빠가 주로 아가를 안아주는데요아빠한테도 사이즈 넉넉히 잘 맞아요저희 아가는 외출해서 잠이 오면 아직도안아서 자고 싶다고 해요...ㅜㅜ이제는 몸무게도 좀 나가서..ㅜㅜ 힘들지만그래도 열씨미 안아주고 있어요올겨울그 어떤 강한 추위가 온다해요걱정 없어요ㅁ 엘츠 프리미엄 구스 워머 가 있으니까요ㅁ ], 부정 텍스트 확률 : 76.73%"
"[ 아가방앤컴퍼니 퓨토하우즈 아기세제로 빨래걱정 끝 ], 부정 텍스트 확률 : 73.94%"
"[ .?아가방앤컴퍼니아가방앤컴퍼니 에서 아가방의 년 노하우 프리미엄.?유아세제유아세제.?퓨토하우즈퓨토하우즈 를 만들었어요 ], 부정 텍스트 확률 : 79.67%"
"[기본모터는 당연 ], 부정 텍스트 확률 : 58.48%"
"[인공화학성분을 전혀 함유하지 않고], 부정 텍스트 확률 : 79.54%"
"[ 식물 유래성분만을 사용하여 아이에게 안전한 ], 부정 텍스트 확률 : 57.75%"
"[ .?프리미엄세제프리미엄세제 를 만들었죠 ], 부정 텍스트 확률 : 73.68%"
"[ 연약한 피부에 적합한 메디케어 베이스원료예요 ], 부정 텍스트 확률 : 59.00%"
"[ 제품 성분의 안전도를등급으로 설정하여 숫자가 낮을수록 안전함을 뜻해요. .?퓨토퓨토.?퓨토하우스아기세제퓨토하우스아기세제 는 모든 성분이 등급이예요 ], 부정 텍스트 확률 : 86.18%"
"[배고농축 이라 ], 부정 텍스트 확률 : 91.12%"
"[세탁물기준주 회 사용시 개월이상 사용이 가능해요유통기한은 제품 하단에 있어요 ], 부정 텍스트 확률 : 60.94%"
"[물 생분해도이상이라 세제 잔여물이 남지 않아요 ], 부정 텍스트 확률 : 77.46%"
"[아기옷 모드로 한썬의 빨래 시작 ], 부정 텍스트 확률 : 85.99%"
"[낮잠이불과 함께 돌리려고사용했어요 ], 부정 텍스트 확률 : 62.39%"
"[거품이 아예 없는 것도 아니고], 부정 텍스트 확률 : 90.93%"
"[ 그린향이 주는 상큼하고 청량한 탑노트장미], 부정 텍스트 확률 : 52.63%"
"[ 백합이 선사하는 은은함의 미들노트머스크], 부정 텍스트 확률 : 69.28%"
"[ 통카콩나무], 부정 텍스트 확률 : 53.29%"
"[ 우드 베이스가 어우러져 깨끗하고 포근한 이미지를 연상시켜요물론.?퓨토하우즈세제퓨토하우즈세제 는 ], 부정 텍스트 확률 : 64.58%"
"[프탈레이트 의 안전한 향만을 사용합니다 ], 부정 텍스트 확률 : 59.52%"
"[먼지털이로 한 번 더 돌릴 정도거든요.이런 노력에도 불구하고 세제가 좋지않으면 망하는데.?퓨토하우즈베이비세탁세제퓨토하우즈베이비세탁세제 로 안심하고 빨래할 수 있어서 정말 좋습니다주변에.?출산선물출산선물 혹은 아이의 피부질환으로 고민인 맘 혹은 안심성분의 세제로 바꾸고 싶은 분들이 계시다면 적극추천합니다 ], 부정 텍스트 확률 : 63.17%"
"[겨울에 아기띠하고 나갈려면 필수 아이템이 바로 워머죠워머 없이 나가면 아이는 추워요아니면 엄마 잠바로 아이를 덮어주다보면 불편하고 옷을 자꾸 떨어 뜨릴수 있고하지만 워머가 있음 따뜻한 외출할수 있죠엘츠 프리미엄 구스워머는 선물하기도 좋게 상자도 깔끔하게 되서배송이 된답니다 ], 부정 텍스트 확률 : 81.09%"
"[엘츠 구스워머는 최고급 폴란드산 구스 솜털 깃털 불필요한 기능은 빼고 디자인은가격은 오 좋다 ], 부정 텍스트 확률 : 73.89%"
"[엘츠 구스워머는 다운볼의 크기가 커서 더 풍성하고 두터운 공기층을 만들기 때문에가벼우면서도 보온력은 높아요그리고 구스털은 속통 원단으로 한번 더 감싼뒤겉감과 봉제하여 구스털 빠짐을 최소화 하였습니다 ], 부정 텍스트 확률 : 82.37%"
"[프리미엄 폴란드 구스로 필파워], 부정 텍스트 확률 : 64.02%"
"[필파워란 충전재를 온스를 시간 압축 시켰다가 다시 부풀어 오르는 복원력을 뜻합니다필파워가 높다는 것은 다운볼의 크기가 커서 풍성하고 두터운 공기층을 만들기 때문에 가벼우면서도 본온성이 큰것이 특징이며일반적으로 이 보통 이상이면 고급 이상을 프리미엄 급으로 평가 되고 있습니다 ], 부정 텍스트 확률 : 75.13%"
"[머리부분에는 이렇게 방울이 달려서 자칫 밋밋해 보일수 있는 워머를스타일리쉬하게 바꿔 놨어요시크한 컬러 라인업리얼 여우털 폼폼 ], 부정 텍스트 확률 : 89.80%"
"[아기띠하고 워머만 하면 쑥 흘러내려서 불편하겠죠버클 밴드가 있어서 흘러 내리는 불편함을 없앴어요길이도 늘렸다 줄였다 할수 있으니 체형에 맞게 조절하면 됩니다 ], 부정 텍스트 확률 : 85.66%"
"[아기띠 어깨끈 유모차 안전바 등에 탈부탁 가능한 고리끈도 있답니다뿐만 아니라 엘츠 프리미엄 구스워머는 생활방수용 기능성 원단이라방수성이 좋고 두드러우며 내구성이 좋아요물이 묻었을때는 탁탁 털어 주세요 ], 부정 텍스트 확률 : 56.45%"
"[ .. ..], 부정 텍스트 확률 : 59.13%"
"[ 아가방앤컴퍼니 스킨케어 브랜드 퓨토 대규모 체험단 모집 ], 부정 텍스트 확률 : 53.29%"
"[아가방앤 컴퍼니 유아동 프리미엄 스킨케어브랜드퓨토 체험단 모집 ], 부정 텍스트 확률 : 53.29%"
"[아가방앤컴퍼니의 유아동 프리미엄 스킨케어 브랜드], 부정 텍스트 확률 : 80.95%"
"[ 퓨토명 대규모 체험단을 모집합니다 모집안내. 모집기간..목..화. 모집대상만 세 이하 아이를 둔 육아맘대디. 모집인원명. 당첨발표..금. 발표방법 .?아가방앤컴퍼니아가방앤컴퍼니 공식 카페당첨자 대상 개별발송. 신청방법아래 신청하기버튼 클릭신청서 작성. 활동내용퓨토 라인 종 제품만원 상당 체험 후기 작성세트퓨토 하우즈 세탁세제], 부정 텍스트 확률 : 99.87%"
"[섬유유연제세트퓨토 시크릿 로션], 부정 텍스트 확률 : 53.29%"
"[오일겔세트퓨토 시크릿 샴푸앤바스], 부정 텍스트 확률 : 64.14%"
"[크림세트 순서는 랜덤으로 진행되며], 부정 텍스트 확률 : 91.19%"
"[자세한 내용은 당첨자 발표 후 공지됩니다.. 활동혜택퓨토 라인 종 제품 체험 베스트 리뷰어 포상등명 아가방앤컴퍼니 만원 상당 제품 증정등명 아가방앤컴퍼니 만원 상당 제품 증정등명 신세계 만원 상품권 증정등명 스타벅스 기프티콘문의. ], 부정 텍스트 확률 : 81.09%"
"[바로가기 ], 부정 텍스트 확률 : 53.29%"
"[ .?퓨토퓨토.?대규모체험단대규모체험단.?서포터즈서포터즈.?체험단체험단.?유아스킨케어유아스킨케어.?아기스킨케어아기스킨케어.?아가방앤컴퍼시아가방앤컴퍼시 ], 부정 텍스트 확률 : 74.62%"
"[ 후기 까까꿍마미아가방앤컴퍼니넥스트맘 퓨토 샘플신청이 도착했어요♡ ], 부정 텍스트 확률 : 62.50%"
"[ 아가방앤컴퍼니 ], 부정 텍스트 확률 : 53.29%"
"[ 퓨토 샘플신청 이벤트가 있어요♡ ], 부정 텍스트 확률 : 51.20%"
"[신청방법은 회원가입 후댓글달기너무 간단하죠?? ㅎㅎ ], 부정 텍스트 확률 : 69.58%"
"[ 출산선물추천 아가방앤컴퍼니 딸랑이. 카카오톡 선물하기로 간편하게 ], 부정 텍스트 확률 : 56.07%"
"[만원대로 저렴하고도 유용한 출산선물을 찾으신다면], 부정 텍스트 확률 : 88.65%"
"[딸랑이 세트를 추천하고 싶어요. 딸랑이가 사실 내 돈주고 사기에는 뭔가 아깝고.. 있으면 참 잘쓰게 되는 육아템이거든요 ㅎㅎ저도 출산전에 딸랑이세트를 선물받아서 지금 참 유용하게 잘 쓰고 있답니다. 딸랑이는 백일쯤 부터 쓰기 시작하니 백일선물로도 좋은 것 같아요.], 부정 텍스트 확률 : 93.19%"
"[아가방앤컴퍼니 딸랑이 셋트는 총 개로 구성되어 있는데요], 부정 텍스트 확률 : 50.03%"
"[단 돈 원 부담없이 선물하기 좋은 제품 같아요. ], 부정 텍스트 확률 : 90.81%"
"[딸랑이는 시력발달과 인지발달], 부정 텍스트 확률 : 72.11%"
"[각기 다른 모양의 딸랑이들. 치발기 딸랑이서부터 톱니바퀴 딸랑이까지 종류가 다양하네요 ], 부정 텍스트 확률 : 90.26%"
"[딸랑이 간혹 소독한다고 열탕하시는 분들 있는데..노노 ㅋㅋ 내열온도가 도라 위험해요. 저는 딸랑이 젖병세제로만 닦아주고 입에는 최대한 못넣게 지켜보면서 놀아준답니다.], 부정 텍스트 확률 : 93.23%"
"[이 상품은 카카오톡 선물하기에서만 구매가 가능한 제품이에요. 회사동료나 지인들에게 간편하게 출산선물 하기 좋겠더라구요 아무래도 출산후에는 산모면회가 당분간 어렵다보니 이렇게 스마트한 방법으로 선물하는 것도 좋겠죠? 만원대 가성비 좋은 육아템 인정 .?출산선물출산선물.?출산선물추천출산선물추천.?아가방앤컴퍼니아가방앤컴퍼니.?딸랑이딸랑이.?딸랑이추천딸랑이추천.?임신선물임신선물.?아가방딸랑이아가방딸랑이 ], 부정 텍스트 확률 : 98.84%"
"[아가방앤컴퍼니 기내반입용 엘츠 리제로 유모차로 여름휴가 떠나세요 ], 부정 텍스트 확률 : 61.75%"
"[엘츠 리제로 유모차], 부정 텍스트 확률 : 64.02%"
"[ .?기내반입용기내반입용 이라 작고 가벼워 이동하기에 좋은 유모차더라구요.], 부정 텍스트 확률 : 59.25%"
"[최대 도 등받이 각도조절단계 발판 각도조절로 더 편안하게 두 아이랑 이동할 때 안전하게 다닐 수 있을 것 같아요. .?바퀴바퀴 서스펜션으로 유모차 흔들림을 최소화하고 전용 캐리백까지.의 무게라서 여름휴가철뿐만아니라 병원], 부정 텍스트 확률 : 57.90%"
"[▼ 엘 ], 부정 텍스트 확률 : 53.29%"
"[▼ 츠 ], 부정 텍스트 확률 : 53.29%"
"[▼ 리 ], 부정 텍스트 확률 : 60.09%"
"[▼ 로 ], 부정 텍스트 확률 : 71.18%"
"[▼ 바 ], 부정 텍스트 확률 : 82.95%"
"[▼ 로 ], 부정 텍스트 확률 : 71.18%"
"[▼ 기 ], 부정 텍스트 확률 : 90.78%"
"[다른 한손에는 둘째 이렇게 동시에 나갈 때 정말 양손이 부족할 정도로 아이들을 돌보는데요.이런점에서 엘츠 리제로 유모차가 한몫하는 것 같습니다.], 부정 텍스트 확률 : 62.37%"
"[엘츠 리제로 유모차로 이동하다보면 둘째가 잠이들 때가 있을 것 같아요.그 때 단계 발판을 각도 조절해서 맞춰주고 등박이를 도까지 조절해주면 기내반입용 유모차에서 숙면을 취할 것 같아요. ], 부정 텍스트 확률 : 87.36%"
"[휴대용유모차는 흔들림이 심할꺼라는 생각을 하는데요.엘츠 리제로 휴대용유모타는 흔들림을 최소화해주니 유모차추천으로 많이들 하시더라구요 ], 부정 텍스트 확률 : 91.83%"
"[편리한 탈부탁 안전가드까지엘츠 리제로 기내반입용 유모차ㅏ 한대면 외출하기 너무 편할 것 같네요. ], 부정 텍스트 확률 : 94.14%"
"[.의 무게로 가벼운 휴대용 기내반입용 유모차엘츠 리제로 유모차는 넉넉한 바구니와 전용 키리백까지 있어서 해외여행갈 때 정말 취향저격하겠네요 ], 부정 텍스트 확률 : 60.07%"
"[ 코엑스 베페 아가방앤컴퍼니 디자인스킨 부스 방문 후기], 부정 텍스트 확률 : 53.29%"
"[코엑스 베페 아가방앤컴퍼니 디자인스킨 부스 방문 후기 ], 부정 텍스트 확률 : 53.29%"
"[제회 코엑스 베페 베이비페어 ], 부정 텍스트 확률 : 61.97%"
"[월 일 목요일월 일 일요일까지 ], 부정 텍스트 확률 : 54.39%"
"[오전 시오후 시], 부정 텍스트 확률 : 74.20%"
"[삼성역 ], 부정 텍스트 확률 : 53.29%"
"[ 번 출구로 가시면], 부정 텍스트 확률 : 56.24%"
"[스타필드 쪽으로 가셔서 베페 베이비페어 전시장 ], 부정 텍스트 확률 : 72.02%"
"[가는 길이 나오는데 에스컬레이터로], 부정 텍스트 확률 : 60.49%"
"[한 층 올라가시면 된답니다 ], 부정 텍스트 확률 : 74.57%"
"[첫날 코엑스 베페를 다녀왔어요], 부정 텍스트 확률 : 58.51%"
"[ 아가방앤컴퍼니 디자인스킨 부스를 다녀왔답니다], 부정 텍스트 확률 : 58.51%"
"[프리미엄 라운지 옆쪽에 자리해 ], 부정 텍스트 확률 : 62.96%"
"[찾기 쉬운 아가방앤컴퍼니 디자인스킨 부스 ], 부정 텍스트 확률 : 53.29%"
"[ 홀 ], 부정 텍스트 확률 : 53.29%"
"[아가방앤컴퍼니 디자인스킨 부스가 있다죠], 부정 텍스트 확률 : 51.20%"
"[소비자 만족 지수 위], 부정 텍스트 확률 : 56.80%"
"[다들 그 이유를 아실 거예요 ], 부정 텍스트 확률 : 64.46%"
"[코엑스 베페에 오셨다면 부스 이벤트도 놓치지 마세요 ], 부정 텍스트 확률 : 71.81%"
"[아가방앤컴퍼니 인스타그램 계정], 부정 텍스트 확률 : 53.29%"
"[ 팔로우 개를 하면 아], 부정 텍스트 확률 : 66.47%"
"[가방 발싸개 증정], 부정 텍스트 확률 : 53.29%"
"[개 팔로우하면 디자인스킨 방수네임스티커증정], 부정 텍스트 확률 : 51.55%"
"[개 팔로우하면 퓨토 시크릿 네추럴 비누증정], 부정 텍스트 확률 : 73.74%"
"[인스타그램 팔로우하시고], 부정 텍스트 확률 : 66.90%"
"[ 선물도 놓치지 마세요 ], 부정 텍스트 확률 : 85.04%"
"[명품 유아 놀이매트 디자인스킨], 부정 텍스트 확률 : 53.29%"
"[놀 수 있는 공간을 만들어 주는 ], 부정 텍스트 확률 : 58.21%"
"[폴더 매트를 ], 부정 텍스트 확률 : 58.51%"
"[미니미로 만들어 한], 부정 텍스트 확률 : 88.59%"
"[다양한 변형과 활용도로 ], 부정 텍스트 확률 : 57.06%"
"[ 만들어 주는 디자인스킨], 부정 텍스트 확률 : 71.74%"
"[친환경 소재로 신생아부터 사용할 수 있고], 부정 텍스트 확률 : 80.61%"
"[소리가 ], 부정 텍스트 확률 : 79.79%"
"[다양한 놀이가 가능한 ], 부정 텍스트 확률 : 75.70%"
"[라운드케이크소파], 부정 텍스트 확률 : 53.29%"
"[두 가지 스툴로 높낮이 조절로 무한 변신 ], 부정 텍스트 확률 : 61.59%"
"[다양한 놀이가 가능해요], 부정 텍스트 확률 : 75.70%"
"[쓸 수 있답니다 ], 부정 텍스트 확률 : 53.17%"
"[노란 터널소파], 부정 텍스트 확률 : 53.29%"
"[매트 ], 부정 텍스트 확률 : 53.29%"
"[스툴매트 ], 부정 텍스트 확률 : 53.29%"
"[듀얼시크 캔디매트], 부정 텍스트 확률 : 53.29%"
"[플레이테이블 소파는 ], 부정 텍스트 확률 : 66.26%"
"[책상의자], 부정 텍스트 확률 : 53.29%"
"[ 아기소파], 부정 텍스트 확률 : 53.29%"
"[ 아기미끄럼틀로], 부정 텍스트 확률 : 64.02%"
"[하우스매트], 부정 텍스트 확률 : 53.29%"
"[직접 물을], 부정 텍스트 확률 : 65.84%"
"[ 열고 닫는 ], 부정 텍스트 확률 : 53.29%"
"[까꿍 놀이], 부정 텍스트 확률 : 53.29%"
"[간이 테이블로], 부정 텍스트 확률 : 64.02%"
"[ 변신 ], 부정 텍스트 확률 : 53.29%"
"[매트를 세우면 ], 부정 텍스트 확률 : 58.51%"
"[마트 놀이도], 부정 텍스트 확률 : 61.06%"
"[하우스매트 ], 부정 텍스트 확률 : 53.29%"
"[놀이뿐만 아니라], 부정 텍스트 확률 : 70.92%"
"[ 펼치면], 부정 텍스트 확률 : 53.29%"
"[저도 사고 싶은 매트 중의 하나랍니다], 부정 텍스트 확률 : 50.60%"
"[한 가지만 할 수 있는 게 아니라 ], 부정 텍스트 확률 : 54.71%"
"[내 몸에 딱 맞는 편안함을 안겨주는], 부정 텍스트 확률 : 90.55%"
"[ 빈백소파와 책], 부정 텍스트 확률 : 56.28%"
"[상의자], 부정 텍스트 확률 : 76.54%"
"[ 소파], 부정 텍스트 확률 : 53.29%"
"[ 놀이공간으로], 부정 텍스트 확률 : 66.91%"
"[유아소파를 사야 하는데], 부정 텍스트 확률 : 60.25%"
"[고민 중이랍니다 ], 부정 텍스트 확률 : 69.04%"
"[케이크소파 활용도가 다양해서 ], 부정 텍스트 확률 : 75.70%"
"[자꾸 사고 싶어지는데 사려면 두 개를 사야 해서 ], 부정 텍스트 확률 : 58.17%"
"[테트리스소파 ], 부정 텍스트 확률 : 53.29%"
"[책상 의자], 부정 텍스트 확률 : 53.29%"
"[블록놀이], 부정 텍스트 확률 : 53.29%"
"[놀이공간], 부정 텍스트 확률 : 53.29%"
"[미니 낮잠 매트로], 부정 텍스트 확률 : 64.02%"
"[사고 싶은 제품 중의 하나랍니다], 부정 텍스트 확률 : 58.72%"
"[아가방앤컴퍼니 디자인스킨부스에], 부정 텍스트 확률 : 59.00%"
"[아가방앤컴퍼니 디자인스킨부스], 부정 텍스트 확률 : 53.29%"
"[디자인스킨 플레이범퍼세트], 부정 텍스트 확률 : 53.29%"
"[키즈카페 부럽지 않게 만들어진 플레이범퍼세트], 부정 텍스트 확률 : 75.66%"
"[아기침대], 부정 텍스트 확률 : 53.29%"
"[놀이공간], 부정 텍스트 확률 : 53.29%"
"[놀이방 매트로 변신], 부정 텍스트 확률 : 64.02%"
"[플레이범퍼세트랍니다], 부정 텍스트 확률 : 58.09%"
"[아가방앤컴퍼니 ], 부정 텍스트 확률 : 53.29%"
"[디자인스킨 박람회 특가], 부정 텍스트 확률 : 75.70%"
"[플레이테이블소파 ], 부정 텍스트 확률 : 53.29%"
"[롱케이크소파키즈테트리스소파], 부정 텍스트 확률 : 53.29%"
"[테트리스소파], 부정 텍스트 확률 : 53.29%"
"[롱케이크소파키즈테트리스소파 ], 부정 텍스트 확률 : 53.29%"
"[코엑스 베페 디자인스킨 부스에서 ], 부정 텍스트 확률 : 72.40%"
"[카카오톡 친구 추가 시 ], 부정 텍스트 확률 : 78.43%"
"[디자인스킨 매트나 소파 구매 시 ], 부정 텍스트 확률 : 81.24%"
"[아트스킨 주방매트 선착순 명 증정 ], 부정 텍스트 확률 : 56.23%"
"[이것도 놓치지 마세요 ], 부정 텍스트 확률 : 91.99%"
"[코엑스 베페 특가 ], 부정 텍스트 확률 : 75.70%"
"[카카오톡 친추하면], 부정 텍스트 확률 : 66.90%"
"[신생아 세트], 부정 텍스트 확률 : 53.29%"
"[오픈형범퍼가드캔디매트하우스매트], 부정 텍스트 확률 : 53.29%"
"[오픈형 범퍼가드캔디매트 ], 부정 텍스트 확률 : 53.29%"
"[편안하고 안전한 아기 침대로 사용할 수 있고], 부정 텍스트 확률 : 62.53%"
"[놀이방 매트로 놀이공간으로도 안전한 범퍼가드로 ], 부정 텍스트 확률 : 79.61%"
"[디자인스킨], 부정 텍스트 확률 : 53.29%"
"[사계절 프리미엄 면패드], 부정 텍스트 확률 : 83.74%"
"[ 순면 패드로 포근하고], 부정 텍스트 확률 : 64.02%"
"[ 편안한 면패드랍니다 ], 부정 텍스트 확률 : 81.06%"
"[디자인스킨 폴더 매트], 부정 텍스트 확률 : 53.29%"
"[맞춤형 사이즈로 ], 부정 텍스트 확률 : 64.02%"
"[은은하고 내추럴한 컬러가], 부정 텍스트 확률 : 66.54%"
"[코엑스 베페에 오신다면], 부정 텍스트 확률 : 61.22%"
"[아가방앤컴퍼니 디자인스킨 부스에 ], 부정 텍스트 확률 : 59.00%"
"[아이들이 좋아하는 제품은 다 이유가 있더라고요], 부정 텍스트 확률 : 74.71%"
"[매트를 구매하시면 아트 스킨 주방 매트가 선물이라니], 부정 텍스트 확률 : 64.58%"
"[디자인스킨 부스 ], 부정 텍스트 확률 : 53.29%"
"[들러 보시길 바래요], 부정 텍스트 확률 : 56.85%"
"[아기선물로도 최고랍니다], 부정 텍스트 확률 : 71.89%"
"[제가 사려고 했던 제품을 못사서 ], 부정 텍스트 확률 : 74.93%"
"[베이비페어만 가게 되면 착한가격에 ], 부정 텍스트 확률 : 86.18%"
"[양손 가득 무겁게 되네요 ], 부정 텍스트 확률 : 69.30%"
"[코엑스 베페에서 디자인스킨 매트나 소파를 ], 부정 텍스트 확률 : 67.11%"
"[구매하시게 되면 ], 부정 텍스트 확률 : 74.57%"
"[아트 스킨 주방매트가 선물이라는 사실], 부정 텍스트 확률 : 52.40%"
"[슈돌 윌리엄 매트로 유명한매트라죠 ], 부정 텍스트 확률 : 50.45%"
"[ 청소도 간편하고 ], 부정 텍스트 확률 : 61.06%"
"[아가방앤컴퍼니 퓨토부스에 방문하시면 ], 부정 텍스트 확률 : 62.96%"
"[스폐셜 한 혜택이 가득하답니다 ], 부정 텍스트 확률 : 68.92%"
"[만 원 상당의 퓨터 제품이 들어있는 럭키박스가], 부정 텍스트 확률 : 83.66%"
"[아가방앤컴퍼니 퓨토 부스도 들리시고 ], 부정 텍스트 확률 : 61.06%"
"[ 실시간년 아가방앤컴퍼니바자회 다녀왔어요후기], 부정 텍스트 확률 : 72.69%"
"[ 가격], 부정 텍스트 확률 : 53.29%"
"[ 위치 ], 부정 텍스트 확률 : 53.29%"
"[오늘 하루만 진행되는 바자회라서두르셔야 할것 같아요오전에 갔다왔는데 줄 안서고 바로 들어갔어요], 부정 텍스트 확률 : 96.58%"
"[ 참가비 만원 ], 부정 텍스트 확률 : 90.02%"
"[ 인스타 리그램시 무료 ], 부정 텍스트 확률 : 81.06%"
"[ 참여브랜드], 부정 텍스트 확률 : 53.29%"
"[ 아가방과 에뜨와], 부정 텍스트 확률 : 58.51%"
"[디어베이비], 부정 텍스트 확률 : 53.29%"
"[타이니플렉스], 부정 텍스트 확률 : 63.08%"
"[이야이야오 등 의류 섬유용품], 부정 텍스트 확률 : 63.32%"
"[쁘띠마르숑 등], 부정 텍스트 확률 : 71.36%"
"[ 자사 개 브랜드 제품 최대할인 ], 부정 텍스트 확률 : 71.02%"
"[ 디퓨저 브랜드 뷰티플 ], 부정 텍스트 확률 : 53.29%"
"[프리미엄 액세서리숍 ], 부정 텍스트 확률 : 53.29%"
"[ 프랑스 오일 수입업체 쁘띠에그랑 등], 부정 텍스트 확률 : 70.35%"
"[ 여성의류], 부정 텍스트 확률 : 53.29%"
"[액세서리], 부정 텍스트 확률 : 53.29%"
"[식품 등 총 개 업체가 참여 ], 부정 텍스트 확률 : 86.43%"
"[쁘띠 마르숑 ], 부정 텍스트 확률 : 53.29%"
"[ 유럽 아동복 브랜드로 유명하죵], 부정 텍스트 확률 : 64.02%"
"[양말선물세트 만원], 부정 텍스트 확률 : 53.29%"
"[쁘띠 마르숑 ], 부정 텍스트 확률 : 53.29%"
"[상하의 수트랑 남방 포함해서 만원정도??], 부정 텍스트 확률 : 88.21%"
"[ 쁘띠 마르숑 ], 부정 텍스트 확률 : 53.29%"
"[이것도 만원 정도?], 부정 텍스트 확률 : 90.40%"
"[쁘띠 마르숑 ], 부정 텍스트 확률 : 53.29%"
"[쁘띠 마르숑제품은 현재 매장에서 판매되고 있는 상품이라서 여기서 사시면 완전 득템 강남 엄마들 이쪽 매장에 다 포진 ], 부정 텍스트 확률 : 62.54%"
"[만원 타이니플랙스 ], 부정 텍스트 확률 : 63.08%"
"[ 원 쁘띠 마르숑 ], 부정 텍스트 확률 : 53.29%"
"[에뜨와 ], 부정 텍스트 확률 : 58.51%"
"[세트로 ], 부정 텍스트 확률 : 64.02%"
"[ 원 에뜨와택가격은 거진 만원대], 부정 텍스트 확률 : 82.76%"
"[세트로 ], 부정 텍스트 확률 : 64.02%"
"[ 원 에뜨와택가격은 거진 만원대], 부정 텍스트 확률 : 82.76%"
"[ 원 아가방 ], 부정 텍스트 확률 : 53.29%"
"[유모차 시트베개 ], 부정 텍스트 확률 : 53.29%"
"[ 원아가방], 부정 텍스트 확률 : 53.29%"
"[이건 다해서 만원아가방], 부정 텍스트 확률 : 88.08%"
"[지금 티몬에서 사는것 보다정도 더 쌈 이가격에 절대 못산다고 하심 ㅋㅋㅋㅋ ], 부정 텍스트 확률 : 85.60%"
"[급하게 올리느라 정리를 제대로 못했네요오늘 시 까지니 ㅎㅎㅎㅎ득템하세용 ], 부정 텍스트 확률 : 56.84%"
"[아가방 쁘띠 밤부 블랭킷 종세트 ], 부정 텍스트 확률 : 53.29%"
"[ ▼ ], 부정 텍스트 확률 : 53.29%"
"[ . ], 부정 텍스트 확률 : 62.92%"
"[ .제품 리얼후기 더보기 ∇ ], 부정 텍스트 확률 : 73.73%"
"[◆ 제조국 중국◆ 색상계열 화이트계열◆ 색상 화이트◆ 제품구성 종◆ 쿠팡상품번호 ◆ 품질보증기준 공정거래위원회 고시소비자분쟁해결기준에 의거하여 보상해 드립니다.◆책임자와 전화번호 상세 페이지를 참조 하세요◆ 제품 소재 쁘띠 밤부블랭킷 종 세트◆ 사용계절 여름용◆ 치수 ◆ 세탁방법 및 취급시 주의사항 손세탁◆ 제조자수입자 아가방앤컴퍼니 ], 부정 텍스트 확률 : 98.82%"
"[ . ], 부정 텍스트 확률 : 62.92%"
"[ .상품정보 더보기 ∇ ], 부정 텍스트 확률 : 73.73%"
"[ .?유아동유아동.?유모차블랭킷유모차블랭킷.?쁘띠쁘띠 .?아가방아가방.?유모차유모차 ], 부정 텍스트 확률 : 53.29%"
"[ .?종세트종세트.?웨건웨건 ], 부정 텍스트 확률 : 53.29%"
"[ .?출산출산.?웨건액세서리웨건액세서리 ], 부정 텍스트 확률 : 53.29%"
"[ .?블랭킷블랭킷.?밤부밤부 ], 부정 텍스트 확률 : 53.29%"
"[ 코엑스베페 베이비페어 아가방앤컴퍼니디자인스킨], 부정 텍스트 확률 : 53.29%"
"[엘츠 부스 첫날 방문후기], 부정 텍스트 확률 : 53.29%"
"[제회 베페 베이비페어 ], 부정 텍스트 확률 : 61.97%"
"[.목부터였죠?이번주 일요일까지 진행되는 코엑스베페 ], 부정 텍스트 확률 : 75.90%"
"[첫 날 발 빠르게 다녀왔어요.], 부정 텍스트 확률 : 88.82%"
"[베페 온라인회원이시라면등록대에서 간단한 회원인증문자로], 부정 텍스트 확률 : 56.77%"
"[출입증 출력 가능], 부정 텍스트 확률 : 53.29%"
"[디자인스킨 ], 부정 텍스트 확률 : 53.29%"
"[연예인매트], 부정 텍스트 확률 : 53.29%"
"[명품매트], 부정 텍스트 확률 : 53.29%"
"[슈돌매트로익히 알려진.?디자인스킨디자인스킨저 역시 디킨홀릭맘 기로 활동했기에그냥 지나칠수가 없었던], 부정 텍스트 확률 : 83.02%"
"[부스위치입구에서 바로 보입니다 ], 부정 텍스트 확률 : 63.11%"
"[이아가방앤컴퍼니 부스], 부정 텍스트 확률 : 53.29%"
"[근 년을 써보니 꺼짐 없고밟아도 소리 없으며놀이가 가능한 디킨매트 정말 강력추천하는 아이템], 부정 텍스트 확률 : 90.08%"
"[퓨토 ], 부정 텍스트 확률 : 53.29%"
"[후후고농축이라 조금씩만 사용하면 되니넘나 착한 용량과 가격 ], 부정 텍스트 확률 : 63.06%"
"[인기폭발 미니노어 ], 부정 텍스트 확률 : 53.29%"
"[후기에서 종종 봤던 미니노어 젖병둘째 예정이다보니 관심가는 품목 ], 부정 텍스트 확률 : 52.67%"
"[ .?네일매틱키즈네일매틱키즈특별가], 부정 텍스트 확률 : 82.51%"
"[엘츠 ], 부정 텍스트 확률 : 53.29%"
"[저 이거 직접 보니 탐났어요.], 부정 텍스트 확률 : 59.30%"
"[ 너무 유심히 보고 사진까지 찍으니직원분이 오셔서 혹시 엘츠체험단이냐며ㅋㅋㅋㅋㅋㅋㅋ 출산준비물로 아기띠], 부정 텍스트 확률 : 86.63%"
"[유아매트 세제], 부정 텍스트 확률 : 53.29%"
"[젖병 고민하시는 분들.일일까지 코엑스몰 전시관입구에서 바로 만나보실 수 있는 .?아가방앤컴퍼니아가방앤컴퍼니 ], 부정 텍스트 확률 : 63.16%"
"[디자인스킨의 부스는 홀 . ], 부정 텍스트 확률 : 57.04%"
"[회 베페 베이비페어에서 만난.?디자인스킨디자인스킨홀. 번입구에 들어오자마자 알록달록 매트로 반겨준 디자인스킨부스 ], 부정 텍스트 확률 : 54.99%"
"[디자인스킨의 매트라인들이랍니다.매트 사이즈를 쉽게 알수있도록 한쪽에 전시되어 있어요 이건 진짜 아이디어에요수치로만은 사실 매트사이즈기 얼마정도 하는지 감이 안오는데 이렇게 보니 참 좋네요 ], 부정 텍스트 확률 : 90.93%"
"[슈돌에 승재매트로 유명해진 디자인스킨 범퍼매트랍니다.범퍼침대가 필요없이 요거 하나면 출산준비절반은 성공으라고 생각하시면되요.사실 범퍼침대는 딱 개월 정도 사용하는거 같아요 아기가 기어다니기 시작하면 범퍼가드를 넘어다니거든요.근데 디자인스킨의 범퍼매트는 오픈형범퍼가드이기때문에매트로도 범퍼침대용으로도 사용이 가능하다는점 하나의 가격으로 가지의 효과를 누리실수 있어요 ], 부정 텍스트 확률 : 87.90%"
"[요즘 가장 핫한 .?플레이범퍼매트플레이범퍼매트놀이도 가능하고 범퍼침대도 가능하고 매트로도 가능하고석조의 효과를 누릴수있는 최대의 매트랍니다.이건 진짜 하나 있음 너무너무 좋을꺼 같아요베페특가로 가격도 너무 저렴하답니다. ], 부정 텍스트 확률 : 73.61%"
"[케이크쇼파와 터널소파 키드플레이터널세트도 디피되어있어요엄마들이 편안히 디자인스킨 제품을 구경하는동안 아이들에겐 키즈카페가 따로 없네요안간다고 우는아이들부터 사달라고 우는 아이들까지 베페에 온게 아니라 디자인스킨 키즈카페에 온거 같았어요 ], 부정 텍스트 확률 : 92.95%"
"[년 소비자 만족지수위.브랜드 만족지수 위이러니 디자인스킨에 반하나안반하나 ], 부정 텍스트 확률 : 78.89%"
"[벽면에 자리하고있는 귀요미 매트라인들 미니어처는 언제봐도 참 귀엽죵내일까지만 만나보실수 있다는점 아직도 안가셨어요?프로불참러가 되실껀 아니시죠???꼭 베페에 구경오신다면 디자인스킨 아가방앤커퍼니 방문해주세요 ], 부정 텍스트 확률 : 68.20%"
"[팬사인회와 함께.?소유진럭키박스소유진럭키박스 이벤트도 진행되었어요.명 한정판매로 만원 상당의 퓨토 제품을 만원에 판매하는 행사랍니다.시 싸인회였는데 분도 안되서 분 끝진짜 인기가 어마어마 하시더라구요 두근두근], 부정 텍스트 확률 : 92.63%"
"[ .?실화인가요실화인가요 .?애기엄마맞나요애기엄마맞나요 .?소유진씨소유진씨 실제로 처음봤는데 와 진짜 이쁘시네요... 연예인은 연예인다워요이번에 셋째 임신으로 다둥이맘에 입성하신 소유진씨에게우리 지호와지유 이름으로 싸인도 받았어요], 부정 텍스트 확률 : 53.74%"
"[년만에 베페에 함께한 아가방앤컴퍼니도 만나보세요 ], 부정 텍스트 확률 : 68.79%"
"[아가방앤컴퍼니는 국민 토종 브랜드에요 아기내복만 판매하던 아가방에 패밀리들을 만나 엄청난규모로 짜자잔 하고 나타났어요.디자인스킨또한 아가방소속이랍니다.디자인스킨 . 퓨토 . 미니노어 . 에뜨와 . 넥스트맘까지. 다양한 패밀리와 함께하고있어요.이번에 한국에 처음 런칭된 스페인유모차 베이비몬스터도 할인된 가격으로 만나보실수 있어요 ], 부정 텍스트 확률 : 57.47%"
"[아기띠의 명품 엘츠저도 사용해보고 싶었던 엘츠 힙시트 하나면 아기띠까지 사용할수있는다기능 제품. 엄마들 후기를 들어보니 엄청난 제품이였어요 ], 부정 텍스트 확률 : 59.61%"
"[아가방 내복은 진짜 유명한거 다들아시죠?? 저렴하게 베페에서만 판매중이며아가방에서 기저귀도 나온다는사실 처음알았어요팩에 원 실화냐...디자인이 이뻤답니다 ], 부정 텍스트 확률 : 84.51%"
"[ 베페 베이비페어 아가방앤컴퍼니 디자인스킨 부스 방문후기], 부정 텍스트 확률 : 53.29%"
"[코엑스 베페 베이비페어 부스방문후기월 일목부터 월 일일까지회 코엑스 베이비페어진행중이라는사실다들 아시고 계실텐데요리버포레스트가 이번에유난히 관심을 많이 가지며열심히 보고왔던 부스는 바로디자인스킨과 아가방앤컴퍼니 부스ㅋㅋㅋㅋㅋ], 부정 텍스트 확률 : 78.32%"
"[ 코엑스 홀], 부정 텍스트 확률 : 53.29%"
"[포레스트양은오늘 그러니까토요일 오후 시즈음에 방문했는데요전에 이벤트 소개했던대로토요일 오후 시에는퓨토 모델인 소유진씨 ], 부정 텍스트 확률 : 75.99%"
"[건강이와 둘째양을 집에 재워놓고신랑에게 맡기고혼자서 룰루랄라 구경나온거라ㅋㅋㅋㅋㅋ꼭 방문해보고싶었던부스들만 얼른 보고 왔었는데요아가방앤컴퍼니의 베스트 브랜드들도빼놓지않고열심히 구경하고왔답니다 덴마크에서 온 스마트한 육아용품미니노어예비엄마들의 시선을 사로잡고있더라고요그리고다양한 컬러와 디자인으로육아에 스타일을더한 스페인브랜드베이비몬스터요것도 반응이 핫한 것 같았어요 ], 부정 텍스트 확률 : 85.13%"
"[유아동 스킨케어 브랜드], 부정 텍스트 확률 : 53.29%"
"[럭키박스 이벤트로 정말정말 핫했는데요], 부정 텍스트 확률 : 80.71%"
"[이번에 럭키박스 구매하신분들은], 부정 텍스트 확률 : 51.84%"
"[요 주방매트는디자인스킨 부스에서디킨제품 구매고객에게증정하는 제품이라는거이번기회 놓치지않으시길ㅋㅋㅋㅋㅋ ], 부정 텍스트 확률 : 91.19%"
"[ 베페 현장이벤트 자세히보기 ▼▼▼ ], 부정 텍스트 확률 : 56.83%"
"[ 디자인스킨 바로가기 ▼▼▼ ], 부정 텍스트 확률 : 53.29%"
"[순한 아기화장품 퓨토 ], 부정 텍스트 확률 : 53.29%"
"[▲역삼역번출구에서 만 직진하면 보이는 ], 부정 텍스트 확률 : 93.62%"
"[퓨토맘기의 발대식 장소는 바로 여기랍니다 ], 부정 텍스트 확률 : 77.69%"
"[발대식 장소 ], 부정 텍스트 확률 : 53.29%"
"[▲이름 체크하고 명찰받고 스타벅스 케이터링 아메리카노와 샌드위치같은 간식들을 준비해 주시더라구여 ], 부정 텍스트 확률 : 80.42%"
"[맛있는 간식], 부정 텍스트 확률 : 53.29%"
"[▲맛난 샌드위치], 부정 텍스트 확률 : 89.78%"
"[스벅 케이터링 아메리카노], 부정 텍스트 확률 : 53.29%"
"[과일 이렇게 챙겨 주셨는데점심시간이 딱 걸리는 시간이라 넘 맛있게 먹었지요 ], 부정 텍스트 확률 : 96.09%"
"[퓨토 오투베베 ], 부정 텍스트 확률 : 53.29%"
"[퓨토테라피 ], 부정 텍스트 확률 : 64.12%"
"[퓨토시크릿 ], 부정 텍스트 확률 : 53.29%"
"[▲퓨토 시크릿민감성 전용라인이라 어린아가들 부터 쓸수 있는 제품들♡ 얼른 써보고 싶어용 ], 부정 텍스트 확률 : 72.34%"
"[퓨토 하우즈 ], 부정 텍스트 확률 : 87.56%"
"[에코뮤 ], 부정 텍스트 확률 : 53.29%"
"[퓨토의 다른제품들 ], 부정 텍스트 확률 : 54.52%"
"[▲유아용 매니큐어여아들 바르는 안전한 매니큐어인데 물에도 지워진데요너무 이쁘고 아기자기하네여 ], 부정 텍스트 확률 : 90.60%"
"[▲쉬는 시간에 만나봤던 ], 부정 텍스트 확률 : 91.22%"
"[유아용 매니큐어와 ], 부정 텍스트 확률 : 86.28%"
"[ 및 아가방브랜드 ], 부정 텍스트 확률 : 53.29%"
"[▲퓨토란 르네상스 시대그림에 자주 나오는 토실토실한 아기천사의 모양을 뜻하는데용우리 아기의 피부를 처럼 맑고 건강하게 만들고 싶어하는 엄마의 소망을 담은 스킨케어예용 ], 부정 텍스트 확률 : 73.05%"
"[▲아가방앤컴퍼니는 년도에 설립되었다고 하는데요국내 최초 유아의류 및 아기용품 업체로 올해 주년을 맞고 내년엔 주년을 맞이 하겠죠오래된 회사인 만큼 더 믿음직 스럽네요수상내역도 화려하네요 ], 부정 텍스트 확률 : 91.59%"
"[▲브랜드들도 다양하더라구요패션], 부정 텍스트 확률 : 62.63%"
"[퓨토 시크릿과 퓨토 하우즈 ], 부정 텍스트 확률 : 84.96%"
"[▲퓨토 모델 소유진씨가 나와서 퓨토를 소개하는 인터뷰 영상인데요이미지가 너무 딱 들어맞아서 너무 잘 어울리더라구요집중해서 보게 되더라구요 ], 부정 텍스트 확률 : 58.88%"
"[물대신천연약용추출물을 사용하여 민감한 아기피부전용으로 나온 라인인데요물대신 자연유래원료를 사용해서 증발율도 적고 피부흡수율도 높다고 해요 ], 부정 텍스트 확률 : 62.37%"
"[퓨토 하우즈 제품들 소개도 봤는데단순 세제와 섬유유연제 뿐만이 아니라 세탁조 클리어등 다양한 상품이 많아 매력적이었어요 ], 부정 텍스트 확률 : 68.85%"
"[퓨토맘기 서포터즈 체험 및 미션 ], 부정 텍스트 확률 : 53.29%"
"[▲퓨토맘기 서포터즈들이 앞으로 체험할 상품들에 대한 설명도 들었구요미션도 간략하게 들었지요 ], 부정 텍스트 확률 : 65.22%"
"[▲먼길 오신 퓨토맘위한 럭키 드로우전 못 받았어요 ㅜㅜ내 운 어디 간거니? ], 부정 텍스트 확률 : 96.22%"
"[▲오신분들 기준으로 추첨권으로 선물을 나눠 주셨는데요등이 본인이 뽑아 본인이 가져가셨다는 사실이 놀라웠어요], 부정 텍스트 확률 : 59.43%"
"[선물 가득가득 ], 부정 텍스트 확률 : 53.29%"
"[ 베페 베이비페어], 부정 텍스트 확률 : 53.29%"
"[아가방앤컴퍼니 디자인스킨 방문기 ], 부정 텍스트 확률 : 90.78%"
"[베페 베이비페어], 부정 텍스트 확률 : 53.29%"
"[ 아가방앤컴퍼니 디자인스킨 방문기 ], 부정 텍스트 확률 : 90.78%"
"[대규모 육아박람회가 열리는코엑스 베페], 부정 텍스트 확률 : 75.70%"
"[베이비페어에 다녀왔답니다 월 일목월일일까지 열리는], 부정 텍스트 확률 : 51.71%"
"[제 회 코엑스 베이비페어저는 어제 토요일 오후에 다녀왔어요 ], 부정 텍스트 확률 : 68.88%"
"[아가방앤컴퍼니 계열과바로 유아매트 ], 부정 텍스트 확률 : 64.02%"
"[디자인스킨을집중적으로 둘러보고 왔답니다. ], 부정 텍스트 확률 : 72.16%"
"[파스텔 디자인이라 엄마취향 저격이고요.계단으로 올라가서 미끄럼틀을 타도범퍼가 막아주니 다칠 염려 없겠더라구요. ], 부정 텍스트 확률 : 76.18%"
"[ 또래 아이들이 신나게 놀고 있더라구요.무슨 놀이방인줄 알았어요 ㅋㅋㅋ그만큼 아이들이 좋아하고 인기있어서아이방에 디자인스킨 제품으로전체를 도배하고 싶은 심정이었네요 ], 부정 텍스트 확률 : 68.29%"
"[케이크 소파도 보였는데블럭소파라 소파], 부정 텍스트 확률 : 60.42%"
"[조만간 이제 케이크소파에서독서활동도 하고 편안하게 쉴 수 있는공간을 만들어줘야겠어요 ], 부정 텍스트 확률 : 65.94%"
"[그런데 .토 오후시에 진행했던퓨토 이벤트가 있었으니바로 소유진씨 사인회가 있었어요 ], 부정 텍스트 확률 : 82.79%"
"[한정판매로 ], 부정 텍스트 확률 : 64.02%"
"[덴마크에서 온 육아용품], 부정 텍스트 확률 : 72.40%"
"[미니노어에서 전품목세일까지 한다니저렴하게 득템할 수 있는 기회네요 ], 부정 텍스트 확률 : 72.29%"
"[ 원과 ], 부정 텍스트 확률 : 57.06%"
"[그리고 디자인스킨 부스를 방문하고주방매트를 득했어요 ㅎㅎ디자인스킨 제품 구매고객에게주는 사은품이랍니다. ], 부정 텍스트 확률 : 65.51%"
"[푹신해서 서 있을때 다리에 무리도 없고디자인도 예뻐서 주방 인테리어도 어울리네요코엑스 베페 베이비페어], 부정 텍스트 확률 : 66.24%"
"[ 아가방앤컴퍼니와 디자인스킨 부스에방문하셔서 저렴한 가격에 구매하시고이벤트도 참여하셔서사은품도 푸짐하게 타가셔요 ], 부정 텍스트 확률 : 53.75%"
"[아가방앤컴퍼니 초경량 힙시트엘츠에서 나온 바람막이 워머에요.제일 먼저 눈에 띄는 점은신생아부터 개월 아기까지 불편함이 없는넉넉한 크기랍니다. ], 부정 텍스트 확률 : 61.77%"
"[앞면에는 핸드폰이나 카드 등간단한 물품을 수납할 수 있는 주머니가 있어요. ], 부정 텍스트 확률 : 79.79%"
"[생각보다 굉장히 넓어서이것저것 참 많이도 넣고 다녔네요 ], 부정 텍스트 확률 : 93.93%"
"[아기를 안고 추울 땐양손을 맞잡을 수 있는 구조로되어 있어서 아기뿐만 아니라엄마도 배려해 만든 워머랍니다. ], 부정 텍스트 확률 : 75.08%"
"[무게도 무겁지 않고색깔은 남색이랑 두 가지였는데], 부정 텍스트 확률 : 77.08%"
"[아기들 걸어 다니려 하면아기띠나 유모차에 잘 안 탄다고 해서비싼 거 사고 싶지 않았는데], 부정 텍스트 확률 : 54.64%"
"[ 저렴하게 구매해서 겨울내 포근하게너무 잘 사용한 것 같아요 ], 부정 텍스트 확률 : 60.89%"
"[ 코엑스 베페 ], 부정 텍스트 확률 : 53.29%"
"[아가방앤컴퍼니 패밀리 브랜드를 만나러가요 ], 부정 텍스트 확률 : 61.90%"
"[코엑스 베페], 부정 텍스트 확률 : 53.29%"
"[아가방앤컴퍼니 ], 부정 텍스트 확률 : 53.29%"
"[패밀리 브랜드를 만나러가요 ], 부정 텍스트 확률 : 61.90%"
"[아가방앤컴퍼니 부스는 코엑스 홀 ], 부정 텍스트 확률 : 66.26%"
"[퓨토덴마크에서 온 스마트한 육아용품], 부정 텍스트 확률 : 58.42%"
"[아가방다양한 컬러의 디자인으로 유모차에 스타일을 더한], 부정 텍스트 확률 : 79.50%"
"[베이비몬스터깨물거나 뒤틀어도 망가지지 않는 치발기 소재 선글라스], 부정 텍스트 확률 : 61.41%"
"[코엑스 베페 아가방앤컴퍼니 이벤트], 부정 텍스트 확률 : 53.29%"
"[ 아가방앤컴퍼니 패밀리 브랜드의 인스타그램 공식계정 팔로우 이벤트인데요.디자인스킨 퓨토미니노어아가방넥스트맘에뜨와개 팔로우 시 아가방 발싸개], 부정 텍스트 확률 : 53.06%"
"[개 팔로우 시 디자인스킨 방수네임스티커], 부정 텍스트 확률 : 60.23%"
"[개를 팔로우하면 퓨토시크릿 네추럴 비누를 증정한다고 하니까요. 미리미리 팔로우 하시고 사은품도 꼭꼭 챙기시길요요런 간단한 이벤트는 우선 참여 하고 보는거죠], 부정 텍스트 확률 : 66.50%"
"[코엑스 베페 아가방앤컴퍼니 이벤트], 부정 텍스트 확률 : 53.29%"
"[퓨토 모델 소유진 베페 부스 방문 및 싸인회 ], 부정 텍스트 확률 : 53.29%"
"[퓨토를 사용한다고 하는데요.월 일 토요일 오후 시에 퓨토 부스에서 팬사인회 가 열린다고 합니다. 게다가만 원 상당의 퓨토제품이 들어있는 럭키박스를 만원에 겟할 수 있는 기회까지 있다고 하니토요일에 방문 예정이신 분들은 시에 알람 맞추셔야 할 듯요저도 물론 갑니다요. ㅋㅋㅋㅋㅋ], 부정 텍스트 확률 : 67.68%"
"[코엑스 베페 아가방앤컴퍼니 이벤트], 부정 텍스트 확률 : 53.29%"
"[베페 베이비페어의 아가방앤컴퍼니 부스는 홀 ], 부정 텍스트 확률 : 55.26%"
"[코엑스 베페], 부정 텍스트 확률 : 53.29%"
"[아가방앤컴퍼니 ], 부정 텍스트 확률 : 53.29%"
"[패밀리 브랜드를 만나러가요 였습니다. ], 부정 텍스트 확률 : 58.49%"
"[ 아가방앤컴퍼니 엘츠 아기띠워머 부드럽고 따스한 느낌 가득 ], 부정 텍스트 확률 : 65.19%"
"[아가방앤컴퍼니 초경량 힙시트엘츠에서 나온바람막이 워머에요제일 먼저 눈에 띄는 점은신생아부터 개월 아이들도 불편함이 없는넉넉한 크기랍니다 기존에 써왔던 것보다는 확실히 넉넉한 크기라유모차 워머로 더 자주 손이 가는 거 있죠 ], 부정 텍스트 확률 : 76.73%"
"[앞면에는 핸드폰이나 카드 등간단한 물품을 수납할 수 있는 주머니가 있어 아기를 안고 추울 땐양손을 맞잡을 수 있는 구조로아이뿐만 아니라 엄마도 배려한 워머랍니다], 부정 텍스트 확률 : 73.41%"
"[아기띠에 사용이 가능하면서도유모차 풋머프 대신 든든한 역할을 할 때흘러내림을 방지하는 끈이 어깨와 허리에 있어바람이 들어갈만한 틈을 주지 않는다는 장점도 있어요], 부정 텍스트 확률 : 71.03%"
"[유모차에 블랭킷을 덮어주다 보면바닥에 흘리고 떨어뜨린 경험이 많은데엘츠 아기띠워머를 장착하면 그런 걱정이 없답니다 유모차에 걸어두면 이렇게 고정이 되어 좋다는 거.], 부정 텍스트 확률 : 70.59%"
"[ 후기잘봣습니당], 부정 텍스트 확률 : 62.90%"
"[후기 잘 봤어요], 부정 텍스트 확률 : 81.24%"
"[후기 잘 봤습니다], 부정 텍스트 확률 : 81.24%"
"[유모차라이너는 역시 폭신폭신해야 좋은것 같아여], 부정 텍스트 확률 : 50.30%"
"[ 저기에 쿨젤 넣어서 다님 완전 시원한지 애도 등을 자꾸 기대더라구요 ㅋㅋ], 부정 텍스트 확률 : 92.38%"
"[ .. ..네이버 인스타 위젯], 부정 텍스트 확률 : 74.53%"
"[에이스 하나만은 착하고 건강한 아이로 키우고싶습니다], 부정 텍스트 확률 : 52.07%"
"[응모해요♡ ... ...유모차라이너 네이버 인스타 남아 개월], 부정 텍스트 확률 : 70.13%"
"[첫째나 둘째나 모두 편안하게사용 가능해보여 신청합니다. 첫째나 둘째 병원가는길유모차 사용할때 좀 더 편하게 사용할 수 있을것 같아요.디자인까지 너무 맘에 드네요 당첨된다면 정성후기 리얼후기 약속드려요제품상세설명 및 유모차에 설치], 부정 텍스트 확률 : 59.44%"
"[ ... ...블랭킷 네이버 인스타 남아 개월도톰한 블랭킷사용으로 꿀잠자는 후기 올리겠습니다], 부정 텍스트 확률 : 61.18%"
"[ ... ...개월여아네이버 인스타아이가 유모차에서 엄청 편할것같아요부드러움의 극치], 부정 텍스트 확률 : 51.70%"
"[ .. .. 아이디 인스타카스위젯은 언제나 완료 체험단 응모하기 작성 완료남아개월블랭킷요즘 너무 유용하게 쓰일 블랭킷부드러우면서 보온성이 높아서 어린이집 낮잠이불로 딱이네요], 부정 텍스트 확률 : 65.14%"
"[.. ..], 부정 텍스트 확률 : 59.13%"
"[ ..? ..?], 부정 텍스트 확률 : 53.29%"
