"[수원베이비 페어에 처음가서 아넥스를 알게됐습니다. 원래 보던건 스토], 긍정 텍스트 확률 : 79.02%"
"[레인커버 요렇게 다 있었던거 같아요....... ......? 본문 이미지차양막이 다른 유모차에 비해 깊어요 사진으로는 안보이지만 시트형을 앉혔을때 거의 다 덮히는게 정말 좋았어요. 엄청 깊게 덮이는게 마음에 듭니다...... ......? 본문 이미지프린팅이 아니라 자수에요방수도 됩니다. 저는 천보다는 인조가족이 마음에 듭니다. ...... ......? 본문 이미지그외 악세서리들요다만아쉬운점이 있다면 요람이 카시트 호환되묜 좋을것 같아요. 그리고 설명서는 가방안에ㅡ들어있습니다 ㅋㅋ저희는 못찾아서 막 눌러보고 해서 했는데 문의하니 가방에 ㅋㅋ예정일이 내년월이라 아직아기는 못태웠어요. 아무튼 핸들링이며 소재며 가격], 긍정 텍스트 확률 : 99.37%"
"[ .제품들을 경험해보자는 마음으로 한참 둘러보던 중에 .처음보는 생소한 유모차가 동행한 저희 가족들 모두의 눈에 띄었어요. .겉으로 봤을 때], 긍정 텍스트 확률 : 96.10%"
"[엄청 세련되고 깔끔한 모습에 높은 가격일거라 예상했지만.만족스럽지 않은데도 유명세로 헉소리나는 유모차 브랜드가 엄청 많더라구요 ], 긍정 텍스트 확률 : 95.56%"
"[ . 눈에 띄는김에 그래도 보기라도 해보자며 부스 안으로 들어갔는데], 긍정 텍스트 확률 : 50.69%"
"[.솔직하고 시원시원하게 설명해주시는 직원분들도 너무 감사했고 ], 긍정 텍스트 확률 : 97.52%"
"[ .유모차를 직접 자세히 보고나니 시트의 재질], 긍정 텍스트 확률 : 51.23%"
"[옵션까지 진짜 너무 마음에 쏙 들더라구요. .바로 꽂혔지만], 긍정 텍스트 확률 : 88.37%"
"[충동구매같아서 ㅋㅋ 다른데 둘러보다가 결국엔 다시 돌아와 구매하기로 결정했어요 ㅋㅋ.유명한 제품만 고집하지 않았기에 더욱더 저희 가족한테는 인연이라 생각하는 아넥스에요 ], 긍정 텍스트 확률 : 92.22%"
"[ .구매하고 저희 집에 처음 조립된 모습이에요..직원분보다 제가 집에 늦게 도착해서 얼마나 죄송했는지 ㅠㅠ .가시고 나서 제가 들어보고 조립해보고 접어보며 몇번을 반복하면서 편한지 안정감 있는지 계속 확인했구요. .집에 와서 보니 더 만족스러웠어요. 컬러는 그레이입니다 . ], 긍정 텍스트 확률 : 98.44%"
"[ ..요람 내부모습이에요. ..공간이 충분히 넉넉해서 제가 들어가고 싶을정도로 안락해보이는ㅋㅋ. ], 긍정 텍스트 확률 : 99.07%"
"[ ..위에는 요람을 부착한 상태구요 이사진은 시트유닛 이에요.조금 더 커서 사용하는 건데 방수기능이 되는 풋커버가 특히 좋았어요.ㅎㅎ 탈부착도 다 시도해봤구요. ], 긍정 텍스트 확률 : 99.71%"
"[접고 필 때 쓰는 버튼들이에요. ], 긍정 텍스트 확률 : 90.84%"
"[.다른 브랜드들의 시트가 최고로 만족스럽지는 않았었어요. .까슬한 느낌이 심한데도 있고], 긍정 텍스트 확률 : 73.91%"
"[ㅎㅎ 이건 베페때 설명도 충분히 해주셨어요 .뱃속에 아가가 직접 타보면서 후기쓰면 좋겠지만.. 얼른 나와서 내집처럼 사용하기를..], 긍정 텍스트 확률 : 98.85%"
"[ 수납공간 역시 엄마인 저에게는 중요한데], 긍정 텍스트 확률 : 85.35%"
"[아래쪽에도 하나], 긍정 텍스트 확률 : 59.08%"
"[위에 추가적으로 기본옵션으로 주시는 가방까지너무 꿀템이에요 ㅋㅋ 이게 백팩으로도 가능해서 메고 간다면 다른 자잘한 것들을 걸고 가도 되겠더라구요 ], 긍정 텍스트 확률 : 89.01%"
"[ 디럭스유모차인만큼바퀴가 굉장히 안정감이 있었고], 긍정 텍스트 확률 : 65.88%"
"[길의 요철로 인한 충격을 최소화 시켜주는스프링이 장착되어 있다고 보여주셨어요. 안정감이 중요하니까요 더 디테일 한 부분까지 찍고 후기를 남겨보고 싶었는데 너무 투머치가 될 것 같아서 핵심부분정도로 찍었어요.외출이 가능하기 전까지 집에서 요람으로 바운서 겸 유모차 적응할 수 있게사용하려고 생각중이에요 태어나면 얼른 태우고 싶네요 저희 부모님도 만족하셨고], 긍정 텍스트 확률 : 96.54%"
"[또 계획중인 새언니에게도 추천하려구요 잘 사용해보겠습니다], 긍정 텍스트 확률 : 91.79%"
"[ 이 포스팅은 실제 아넥스 유모차를 구입하신 고객님의 후기 포스팅 입니다.실구매 고객님의 실제 후기에서 발췌 및 편집한 솔직한 아넥스 후기 포스팅입니다.발췌 및 편집후기원문.... ], 긍정 텍스트 확률 : 56.24%"
"[. 오늘은 디럭스 유모차를 소개하려고 합니다...유모차를 블로그에 소개하게 될 줄이야... .나이먹고 있다는게 실감되는 듯 ㅎㅎ ..아넥스 디럭스 유모차.올해 처음으로 한국에 런칭되어 판매하고 있는 아넥스 유모차입니다...코엑스 베페에서 처음 봤었는데 유모차와 카시트로 유명한 “리카로” 부스에서 같이 진열되어있었어요...저의 구입처는 “고양 스타필드” 입니다. ..리카로 수입처에서 같이 수입해서 판매하는거 같아요 ㅎㅎ..지금 구입하면 리카로 신생아용 카시트를 개월 무료 대여 이벤트를 하고 있어요 . ], 긍정 텍스트 확률 : 99.69%"
"[ .공홈에서 퍼온 사진입니다...처음에 조금 튀지 않을까 걱정을 많이 했는데], 긍정 텍스트 확률 : 60.68%"
"[주변에서 이쁘다고 반응이 좋네요 ㅎㅎ..디자이너 과 콜라보레이션한 디자인입니다..누군지는 잘 모르지만... 한정판이라니... ㅎ..암튼 다른 색상보단 유니크해서 맘에 들어요 .. ], 긍정 텍스트 확률 : 99.15%"
"[ .주말에 구입했는데 화요일에 배송되는... 빠름 ㅎ..분명 집에 있는데 문자로 택배 현관에 두었는다는... 뭐지? 나는 집에 있는데... ..현관에 나가보니 박스가 겁나 크더라구요.. ], 긍정 텍스트 확률 : 69.21%"
"[ .개봉 .깔끔하게 잘 포장되어있어요. ㅋㅋ..하나하나 꼼꼼하게 쌓여있더라구요. .], 긍정 텍스트 확률 : 64.55%"
"[ .조립 완성..설명서 없이 조립하느라 개고생했다는... .조립다하고 나니 가방에서 설명서가 딱...ㅎㅎ.뭐 그래도 나는 조립다했으니...ㅋㅋ..조립다하고나니 더 이쁜거 같아요 ..고급스러움 메이드 인 폴란드에요 ..대부분 수입브랜드도 제조는 중국산이 많은데 이건 폴란드네요 ㅎㅎ. ], 긍정 텍스트 확률 : 83.37%"
"[보온 등등의 장점이 있다고 합니다..자세한건 공홈에서... ..또한 스포츠 모델이라 바퀴쪽 쇼바가 엄청나요...제 주변에 절충형 유모차 탔다가 덜컹거려 아기가 자다가 깨서 결국 디럭스로 바꾸었다는 분들이 있었는데], 긍정 텍스트 확률 : 79.96%"
"[ 에어부산등 비행기 탑승위한결제와제주도 렌트카 예약으로 이미 출발이다.봄 여름 가을 겨울 어느 어느계절 이랄것없이 아름다움을 뽐내는 제주 이지만 시월에서 십일월까지 가을에서 초겨울 이르는 제주는 잠들고 싶지 않은 날들의 연속 이었다 ], 긍정 텍스트 확률 : 92.89%"
"[ 아무도 찾지 않아도 매일 바빠서 어쩌다 보니], 긍정 텍스트 확률 : 73.91%"
"[항공권은 구입하고제주도렌트카예약을 잊었다. 항공권은기간 여유있게착한가격으로 사놓고 공휴일이 낀 날짜라서급하게제주렌트카추천 제주도렌트카싼곳이라고 검색했다.여러군데 이용했지만], 긍정 텍스트 확률 : 60.72%"
"[같은 곳을 이용할때도 있고 새로운 이벤트로 저렴한 조건이 있나 찾아 볼때도 있다. ], 긍정 텍스트 확률 : 98.04%"
"[ 비행기 안에서 이호테우해변의 말등대를 볼 확률은 얼마나 될까?일기예보나 방속국 헬기에서 항공촬영했을때 가능한광경이 순식간에 나타났고 나는 셔터을 재빠르게 눌렀다.인생화보 한장 추가 하는 날 이었다 ], 긍정 텍스트 확률 : 55.78%"
"[제주 제주가을여행 왔다는 자체만으로도 이미 입안에 사탕 물고 있는 달콤함 이었기에 캐리어쯤이야..... ], 긍정 텍스트 확률 : 87.24%"
"[종합보험 포함자차보험을 사전 가입 하였더라도 현장에서 운전 미숙할 경우 및 경력 등에 따라 보험 가입이 거절 및 대여가 불가할 수 있습니다.유모차와 카시트는 무료 대여 품목이 아니므로 업체와 가까운곳에 위치하고 있는 유 료 대여 업체로 별도 예약하시어 이용 부탁드립니다.유모차], 긍정 텍스트 확률 : 87.09%"
"[ 버스에 올라 차장밖으로 지나가는 풍경을잠깐 보는 사이금새 제주원 렌트카에 도착 했다.십분이 짧게 느껴진건 여행에 대한 기대감 이었으리라.즐겨가는용담해안도로카페배솔트블루근처였다. ], 긍정 텍스트 확률 : 95.16%"
"[ 제주공항과 제주항 렌트카 간의 순환버스는 분에서 분 간격으로 운행되고 있다 ], 긍정 텍스트 확률 : 71.50%"
"[ 차량 계약 사항에 대한 설명과 예약 내용을 꼼꼼하게 확인했고 친절하게 안내해준다. 일인 운전 예약이라서 면허증와 신용카드와 사인으로제주여행시동 완료 ], 긍정 텍스트 확률 : 63.88%"
"[ 비행기가 지나고 있다. 인수받은 차량을 시계 방향으로 하나씩 촬영했다 물론 렌트카 회사에서 미리 촬영한 사진을 보내줘], 긍정 텍스트 확률 : 74.42%"
"[휴대폰에 있으니 나중에 비교하면 되지만 만사불여튼 튼님이 하나씩 확인하며 사진으로 남겼다 .차는 깨끗했다 ], 긍정 텍스트 확률 : 59.76%"
"[ 냄새 없고 청결했다. 나만의렌트카쾌적하게 사용하기는빈 아메리카노 테이크아웃 용기에생로즈마리를 차안에 두는 거다.로즈마리는식사를 한 모처에서몇줄기아닌 두줌정도 얻었다. 정말이지차문열고 운전석에 앉으면 특유의 향이 머리칼은 물론 얼굴까지 허브테라피 된다사장님 감사해요. 로즈마리 나눠줘서.. 고마워서 후기 써드리고싶어졌으니 또 갈게요. ], 긍정 텍스트 확률 : 62.19%"
"[큰 차이도 안날것 같고 설사 가격 차이나도 아이스크림 하나 값일텐데 싶어서 였다. 무디게 사니여행이 즐거워졌다. ], 긍정 텍스트 확률 : 82.62%"
"[ 조금 전떠나온 제주공항을 비껴간다. 설렘으로 차안의 볼륨을 올렸다.], 긍정 텍스트 확률 : 84.04%"
"[단지 디아넥스 호텔 부대시설만 이용해도 충분히매력 있는 곳 이었다. ], 긍정 텍스트 확률 : 97.00%"
"[ 국수전골은 샤브식으로 먹게 되어 있어서], 긍정 텍스트 확률 : 84.64%"
"[여유로운 점심을호텔에서호수 풍경과 누렸다. 점점 새로운 곳 보다 익숙한 곳을 찾게 된다. ], 긍정 텍스트 확률 : 98.31%"
"[직원의 추천으로 제주에서 제일 먼저 핑크뮬리를 심었다는 말에수영장 이용을 뒤로 미루고], 긍정 텍스트 확률 : 74.84%"
"[ 높고 높은 가을 하늘아래 물위의 교회도 자동차도 사람들도 판넬액자 같았다. 색감을 더이상 뽑아낼 수 없는 자연의 붓텃치에 그림보다 사진으로 관심 돌리기를 잘했구나 싶었다. ], 긍정 텍스트 확률 : 94.81%"
"[ 순간을 영원히 ], 긍정 텍스트 확률 : 62.74%"
"[ 빙주교회 핑크뮬리는 생각보다 소박하게 정원이 이루어져 있었다 .한편으로 사람들도 많지 않아서 돌담 사이로 멀리 산방산과 바다가 보여서 운치 있었다. ], 긍정 텍스트 확률 : 80.23%"
"[가을 풍경속으로 나를 이끌어준 제주원렌트카의 년식 소나타 뉴라이즈도 사진으로 남겼다. ], 긍정 텍스트 확률 : 60.48%"
"[ 물놀이는어른도 어린이가 되게 한다. 나 역시. ], 긍정 텍스트 확률 : 59.78%"
"[ 마음먹은 대로 할수 있어서스트레스 지수인 제주 여행 첫날은 디아넥스와 방주교회에서제주의 숨결을 느꼈다. ], 긍정 텍스트 확률 : 76.43%"
"[ 다음날단잠자고 늦게 일어났다.디아넥스 호텔 후기는 이미 적었으므로 따로 언급하지는 않겠다서귀포를 떠나며 길가의 귤밭에서 귤들이 눈뜨는걸 봤다. 매일 조금씩 달콤함을 품어가고 있는 겨울철 제철과일 국민간식 귤 제주지승이네가 생각났다 ], 긍정 텍스트 확률 : 92.36%"
"[ 오후의 홍차를 좋아하세요?홍차가게에 들러 제주최고의 홍차를 누렸다.지구에서 오직 제주에서만 맛 볼수 있는 네꼬야티하우스의 홍차육지에도 분점이 있으면 좋을텐데. ], 긍정 텍스트 확률 : 96.83%"
"[ 이호테우해수욕장에서는 서핑 남녀들을 만났다 . 흔쾌히 초상권동의 해줘이 자리를 빌어 다시 감사를 드린다 빛나라 청춘 건강하다 청춘즐겨라 청춘 ], 긍정 텍스트 확률 : 89.43%"
"[ 그대로 이호테우에서 해질녘을 보내도 되는데], 긍정 텍스트 확률 : 57.00%"
"[ 애월해안도로을 따라 가며 이미 해는 바다로 들어가고 있었다.이호테우에서출발시간을 앞당겨야 했다.협재로 가는길은 협재가 아니여도 감동의 울림주는 가을비다 였다.제.주.도.에 살고 싶다. ], 긍정 텍스트 확률 : 77.29%"
"[ 같은 장소 다른날 머물러도 영혼은 힐링♡ ], 긍정 텍스트 확률 : 72.29%"
"[배가 살짝 고파왔다. 제주에서 외국 휴양지 이국적인 풍경이 연출되는곳은 여러곳 있지만], 긍정 텍스트 확률 : 76.43%"
"[ 딱새우회와 제주흑돼지숯불구이와 생맥주와 라이브 음악.. ], 긍정 텍스트 확률 : 82.61%"
"[ 그리고 참을성 많았던 고양이.... ], 긍정 텍스트 확률 : 70.32%"
"[이곳은 사실 분위기 맛집이라고 해야할것 같았다. 부실공사하는 건물은 주의를 받는데], 긍정 텍스트 확률 : 66.73%"
"[제주시내 비지니스호텔급 음식구성이었다 신선도와 맛은 좋았다 . 단지 음식가짓수가 아쉬웠다..내입에만 그렇다는 말이다. ], 긍정 텍스트 확률 : 92.66%"
"[ 체크아웃을 하기 전 지난밤부터 기다려온 아침수영을 했다복층 풀빌라의 장점을 갖춘 루프탑 수영장은 아침햇살에 물빛이 무지개빛으로 잔물결 쳤다. 행복한 순간이줄이어 다가오는 가을제주는 별일 없이 살아가고 있는 내게인상적인 특별함을선물했다. 한국에서 비행기 타고 해외여행오는 제주섬은 점점 고향이 되고 있다 ], 긍정 텍스트 확률 : 76.83%"
"[갈대가 있는 팔각정에 올랐다.난개발로 근본없는 요상한 카페들이핫플레이스 된걸 봐서인지정자는 운치있어쉬고싶은 마음이 일게했다 제주도 렌트카는 주인이 변덕을 부려 가다가 쉬고 오다가 멈추고해도 다 이해해준다.후후 유니호텔 나서서 일분만에정차 함.. ], 긍정 텍스트 확률 : 81.45%"
"[ 안녕 꿈결같았던 제주풀빌라 유니호텔.... 또 ..만나. ], 긍정 텍스트 확률 : 59.38%"
"[ 제주에서 인생 첫걸음하는신랑신부를 보니], 긍정 텍스트 확률 : 59.56%"
"[이효리의 야외결혼식이 생각난다. ], 긍정 텍스트 확률 : 70.18%"
"[며칠동안 나의 손과 발이 되준 착하고 고마운 백마 제주원 렌트카를 반납 하러 갔다. 분명히 렌트카인데], 긍정 텍스트 확률 : 75.49%"
"[오랫동안 함께 한 자가용 인듯돌려주려니 뭔가 묵직함이 마음에남는다. 처음 제주도 렌트카를 빌린것도 아닌데], 긍정 텍스트 확률 : 94.09%"
"[ 다음에도 또 이용하고 싶은 렌트카비교 사이트로 ], 긍정 텍스트 확률 : 76.94%"
"[제주여행시에 제주원렌트카를고른 내 순발력을칭찬한다. ], 긍정 텍스트 확률 : 58.41%"
"[ ...룸 들어서자마자 꺄 넓고 쾌적하고..♥.하이체어도 있었던 디아넥스호텔 베이비룸..연서는 늘 우리와 같은 시간에 밥을 먹기 때문에.여기에 앉아 밥먹을 일은 없었지만.. ], 긍정 텍스트 확률 : 96.43%"
"[보틀워머까지보틀워머까지 있는 곳은 처음이었다. ], 긍정 텍스트 확률 : 54.82%"
"[ 지난 여행 때는 포도호텔까지 와서그 유명한 왕새우튀김우동을 못먹었던게 아쉬워서굳이 포도호텔에 새우튀김우동 먹으러 감...ㅋㅋ ], 긍정 텍스트 확률 : 63.02%"
"[더 운치있었던.?방주교회방주교회 ], 긍정 텍스트 확률 : 79.46%"
"[ 아기아기했던 그녀 ], 긍정 텍스트 확률 : 81.94%"
"[ 넥타이 두른 부장님..?낯선곳에서 잠자리 안가리고 잘 자준 연서 덕에고생 않고 잘 다녀왔었지만.. 대신 낯선데서 안먹어서ㅋㅋㅋㅋㅋㅋㅋㅋㅋ살 빠져서 돌아왔던 제주여행 . ], 긍정 텍스트 확률 : 56.87%"
"[.?디아넥스호텔북카페디아넥스호텔북카페연서 유모차에서 재우는 동안 정적인 데이트도 즐겼다.구비된 책들을 보며 확실히 아이 친화적인 호텔이라는생각이 들었다.다만 이름은 북카페이지만], 긍정 텍스트 확률 : 95.25%"
"[우리가 갔을 땐가 비어 있어서 커피는 식당서테이크아웃해온 것이었다.지금쯤이면 리뉴얼해서 북카페로 운영하고 있으려나? ], 긍정 텍스트 확률 : 94.55%"
"[ 포도호텔도 멋졌는데], 긍정 텍스트 확률 : 93.24%"
"[ 디아넥스호텔 로비도 이렇게 멋지다. ], 긍정 텍스트 확률 : 92.79%"
"[ 다음날 조식], 긍정 텍스트 확률 : 85.76%"
"[절.대 가만히 안있는 그녀와 ㅋㅋㅋㅋ개월의 김따복 증말 쪼그맣다. ], 긍정 텍스트 확률 : 58.27%"
"[이유식 하는 어린 아기와 함께가기 좋은 제주디아넥스호텔을 추천합니다 ], 긍정 텍스트 확률 : 93.11%"
"[ 출산 전엔 당장 끌 일이 없어서 유모차를 안사고있다가 아기가 슬슬 일 되어가고 겸사겸사 베페 갔다가 우연히 만났어요 ㅎㅎ사실 아넥스 유모차 보기 전에 타사 브랜드 구입하고 아기식탁의자 구매하고 집에가려다가 바로 옆 부스에 있는데 너무예뻐서 구경만 하고 가자 하다가 뿅 반해버린 제품이에요 ㅎㅎㅎ결국 기존에 샀던 유모차는 환불처리하고 아넥스로 다시 구입 했네요ㅎㅎㅎ베페에서 구매하고 일 뒤쯤 제품 가져다 주셨어요.조립 하는것을 보는데 뭔가 멋짐 뿜뿜 ㅎㅎ....... .......? 본문 이미지하..ㅎㅎ베페에서 봤을때보다 더 예쁘더군요 ...], 긍정 텍스트 확률 : 99.36%"
"[...? ....... .......? 본문 이미지시트형도 너무 예쁘죵?이건 울 아기가 좀 더 크면 잘 사용할것 같아용 ㅎㅎㅎ확실히 요람형이 있으니 밖에서 재우기 너무 좋더라구요아무런 벨트없이 침대처럼 눕혀서 재울수 있으니 아기에게도 좋구 외출하기도 부담이 없네요 ㅎㅎㅎ접는것두 어렵지않고 손잡이 각도 조절도 다양해서 본인에게 딱 맞는 각도를 찾아 끄니까 더 편한것같아용또 유모차 안에있는 시트 모두 싹싹 빨아서 쓸수 있으니 넘나 개운한거쓸수록 매력 있는 유모차네요], 긍정 텍스트 확률 : 84.21%"
"[ 스토케카시트 등등 파는게 많고 나도 여기서 물건을 많이 사는편..ㅋㅋ 집이랑 일단 가깝고 내가 좋아하는 용품이 잔뜩 있으니ㅎㅎ..타슈에서 유모차가 필요하면 무조건 바퀴가 튼튼한것과 휴대용은 기내용이 가능한것 그리고 .차를 타고 다니면 접어서 넣고 다녀야 하기때문에 그런것들을 생각해보고 구입하면 좋을듯 하다.. ], 긍정 텍스트 확률 : 89.25%"
"[ 갈 때 마다 새로운 오사카 자유여행], 긍정 텍스트 확률 : 76.35%"
"[ 갔던 곳이기에 가벼운 마음으로 떠나지만 다녀오면 항상 메모리 가득 사진으로 채워져있는 오사카입니다만날때마다 새롭고], 긍정 텍스트 확률 : 99.51%"
"[먹을때마다 맛있는 오사카 여행. 오사카를 자유여행으로 떠나게 된다면 가장 먼저 생각나는 장소가 바로 난바에 위치한.?도톤보리도톤보리 인데요 여행 중 꼭 한번은 들르게 되는 곳], 긍정 텍스트 확률 : 97.97%"
"[오사카의 랜드마크와도 같은 도톤보리 강 근처에서 글리코상과의 인증샷과 함께 많은 맛집과 상점들을 돌아볼 수 있어서 여행을 하며 꼭 방문하게 되고 많은 여행객들이 난바], 긍정 텍스트 확률 : 97.41%"
"[ 난바는 이렇게 수많은 여행객들이 모이는 곳이다보니 오사카 간사이 공항에서 난바로 넘어오는 열차], 긍정 텍스트 확률 : 67.48%"
"[특히나 오감을 자극하는 맛집? 들을 볼때면 ㅋㅋ 분 분이 전혀 길게 느껴지지 않아요], 긍정 텍스트 확률 : 93.13%"
"[얼른 호텔에 들어가 짐을 내려놓고 이 곳으로 먹으러 나와야지 생각이 들 뿐], 긍정 텍스트 확률 : 74.43%"
"[오히려 발걸음이 빨라집니다], 긍정 텍스트 확률 : 52.54%"
"[ 또한], 긍정 텍스트 확률 : 87.51%"
"[난바역닛폰바시역 근처에서 출발하여 교토를 가는 방법들이 꽤나 편리하고 익숙해서 교토나 고베 등 근처로 함께 여행하실 분들이라면 더더욱 이 부근에 호텔을 잡으시는걸 추천드립니다 ], 긍정 텍스트 확률 : 91.73%"
"[ 오사카 이곳저곳], 긍정 텍스트 확률 : 91.16%"
"[그리고 교토와 고베의 이곳저곳을 돌다보면 어느새 밤... 이제 자기 위해 숙소로 돌아오는데이미 내 몸은 지쳐 침대위에 누워있지만 이렇게 밝고 흥겨운 도톤보리로 돌아오면 다시금 살아나는 나의 영혼....ㅎㅎㅎ그치 이대로 잘수없어], 긍정 텍스트 확률 : 99.19%"
"[오꼬노미야끼에 생맥주라도 한잔 걸치고 들어가는것이 오사카 여행의 참 매력이 아닐까 생각해봅니다 ㅎㅎㅎ 오사카를 자유여행하며 머물렀던 호텔들을 소개해드리려고 하는데요도톤보리 강에서 도보로 이동이 가능한 근접거리에난바], 긍정 텍스트 확률 : 71.15%"
"[신사이바시 등 가까운 지하철역이 많아 이곳저곳 자유롭게 여행하기 좋은 두개의 호텔과 가격 정보를 드릴께요], 긍정 텍스트 확률 : 97.45%"
"[ 이비스 스타일스 오사카 남바도톤보리 강에서 도보 분거리 자유여행객에게 최고의 위치와 더불어 가성비마저 훌륭한 호텔. 홀로 여행객 혹은 친구와 함께 여행하는 분들께 추천드립니다난카이 열차 라피트 열차를 이용하여 난카이 난바역에서 도보로 분 소요], 긍정 텍스트 확률 : 99.50%"
"[빠른걸음으로 분이면 도톤보리강의 화려함을 바로 만날 수 있어요], 긍정 텍스트 확률 : 80.32%"
"[ 딱 일본의 비즈니스 호텔다왔던 작고 아담했던 욕실 ㅎㅎ 그러나 엄청 깨끗함 모든 회용품과 비누], 긍정 텍스트 확률 : 91.27%"
"[ 태국에서 처음 경험해본 이비스 스타일스와는 톤 자체가 너무나 다른 곳이라 ㅋㅋㅋ 처음에는 적지않게 당황했으나], 긍정 텍스트 확률 : 63.83%"
"[일본식 비즈니스 호텔만의 깔끔한 특징에 이비스 스타일스의 감각이 더해져 나름 젊은 느낌의 비즈니스 호텔이라고 보시면 되겠습니다 ㅎㅎ 신축 건물의 이비스 호텔이 아니다보니 이비스의 넘치는 컬러 감성은 느낄 수 없었지만 ㅎㅎ 그래도 싱글룸을 이용했지만 생각보다 넓어서? 만족했어요 일단 침대가 퀸사이즈 잖아요 ㅎㅎ 싱글사이즈 베드가 놓여있지만 짐을 펼칠 수 없는 인용 싱글룸이 오사카에 얼마나 많게요 ], 긍정 텍스트 확률 : 98.93%"
"[ 오사카에 도착한 첫 날], 긍정 텍스트 확률 : 77.61%"
"[ 처음 로비를 볼때만해도 이비스 스타일스 다운 느낌을 받았거든요], 긍정 텍스트 확률 : 87.83%"
"[나름의 컬러풀한 스툴들도 있고 알록달록 컬러들을 보며 이비스 스타일스 라고 생각했는데 객실에서 온통 검정색을 보게 될 줄이야...... 반전이었어 ㅎㅎㅎ층 로비 왼편으로 세븐일레븐 편의점이 바로 연결되어 있습니다. 전용 출입구가 있기때문에 비가와도 문제없이 바로 입장할 수 있다는게 좋았구요또 제가 좋아하던 세븐일레븐이라 ㅎㅎ 이런저런 간식을 쟁여 방에서 살찌우는 재미도 좋았어요], 긍정 텍스트 확률 : 99.88%"
"[ 이비스 스타일스는 투숙객에게 무료로 조식을 제공하는 참 착한 호텔인데요 ㅎㅎㅎ 식당이 제법 넓은 편인데도 웨이팅이 걸리는 진짜 인기 좋은 호텔...투숙객이 그리 많은지 몰랐습니다.....ㅎㅎㅎ ], 긍정 텍스트 확률 : 84.94%"
"[ 좋은 위치에 착한 가격], 긍정 텍스트 확률 : 73.98%"
"[혜자로운 서비스까지 오사카를 마음껏 돌아다니고픈 자유여행객에 추천하는 호텔이비스 스타일스 오사카 남바 . 가격정보 확인예약하기 클릭], 긍정 텍스트 확률 : 61.15%"
"[편한 휴식을 함께 누리고픈 자유여행객분들께 추천드리는 호텔 위치도 좋고 신축 호텔이라 컨디션도 좋아요하루 여행을 마치고 자기전 대욕장에서의 온천욕을 강추합니다], 긍정 텍스트 확률 : 94.83%"
"[ 여행객들에게 무한 사랑을 받았던 도미 인 프리미엄 난바 호텔에서], 긍정 텍스트 확률 : 77.41%"
"[이전부터 인기가 좋던 도미인 프리미엄 난바 호텔은 가격이 더 저렴하지만 약간 어둑한 분위기가 있어서 남성분들께 추천 ㅎㅎㅎ 여성 여행객 분들이라면 조금 더 가격이 오르지만 환하고 안정된 분위기의 아넥스를 더욱 추천드립니다], 긍정 텍스트 확률 : 98.23%"
"[ 로비부터 일단 좀 더 밝고 화사함 ㅎㅎ 한국인 직원분이 계시니 편하게 서비스 받으실 수 있습니다. 서로 짧은 영어 더 짧은 일어로 소통을 하긴 하지만], 긍정 텍스트 확률 : 89.99%"
"[역시 한국인 직원분이 계실때면 마음의 안정감....이건 무시할수없는거같아요 ㅋㅋㅋ], 긍정 텍스트 확률 : 92.60%"
"[ 기존 도미인 프리미엄 난바 바로 건너편 호텔임 ㅎㅎ 에 비해서 벽지도 밝고], 긍정 텍스트 확률 : 62.52%"
"[가구도 밝아서 ㅋㅋ 투숙할때 훨씬 안정감을 느꼈습니다. 새 호텔이기도 하니 컨디션도 물론 좋구요동일하게 싱글룸을 신청했는데 업그레이드가 되었는지... 혹은 가장 작은 싱글룸이 이 사이즈인지 모르겠으나 암튼 나름 여유로운 사이즈의 침대], 긍정 텍스트 확률 : 65.57%"
"[객실을 얻어 편하게 잘 쉬었어요.바닥이 카펫이긴 하나 일본의 호텔들은 늘 깨끗하다는 편견? 에 그래도 늘 마음놓고 투숙하게 되는거 같구요. 기존의 도미인의 가장 베이직한 객실들과 동일한 구조를 가진 호텔입니다. 개인적으로는 난바 도톤보리 신사이바시 닛폰바시 일대를 통틀어 가장 개취의 호텔이었어요 ㅎㅎ 마구마구 추천해줬는데 한가지 아쉬운점이 딱 가까운 지하철 역이 없다는것...... 어디로든 분 가까이 걸어야해서 도보가 쉽지 않은 여행객 가족 여행객 등 이라면 추천이 약간 망설여지는 호텔입니다. 두 다리 튼튼하고 유모차 등 없이 열심히 걸을 수 있는 여행객분들이라면 가격대비 너무 괜찮은 이 호텔을 추천하구요. ], 긍정 텍스트 확률 : 100.00%"
"[ 이래봐도 저래봐도 컨디션은 몹시 맘에 드는 호텔. 아침 일찍 짐을 두고 교토고베를 다 훑고 오느라 도착하니 밤이 되어서... 방 분위기가 나름 음산하게 찍혔어요 ㅎㅎ 이보다 훨씬 더 샤방샤방한 방이었는데요 ㅎㅎㅎ ], 긍정 텍스트 확률 : 88.73%"
"[ 아무래도 오픈한지 몇 년 아니된 새 호텔이다보니 신식입니다. 침대 근처에 모든 전원장치와 컨트롤러들이 깔끔하게], 긍정 텍스트 확률 : 79.19%"
"[충전하기도 참 좋았구요 ], 긍정 텍스트 확률 : 65.65%"
"[ 도톤보리 근처라 관광하기도 좋고], 긍정 텍스트 확률 : 73.24%"
"[대욕장이 있어서 휴식하기 좋지만], 긍정 텍스트 확률 : 82.13%"
"[세상 모르게 자는 바람에 조식도 놓치고 잠을 잤어요 ㅠㅠ 아침에 일어나 화들짝 놀란건 조식을 못먹은건 진짜 평생 기억될 사건이었습니다 ㅎ 제가 조식을 안먹고 잘리가 없거든요 ㅋㅋㅋ .조식러버 조식욕망녀 ], 긍정 텍스트 확률 : 92.43%"
"[ 대욕장을 가실때는 객실에 구비된 수건 타월 꼭 가져가셔야하구요], 긍정 텍스트 확률 : 73.89%"
"[저 몇차례나..... 이걸 두고 일단 씻고보니 수건이 없는 당황스런일 ㅋㅋㅋㅋㅋㅋㅋㅋㅋㅋㅋㅋㅋㅋㅋㅋㅋ 근데 저만 그러던게 아니었....ㅋㅋㅋㅋㅋㅋ 꼭 챙겨갑시다 저처럼 울면서 티슈로 닦다가 감기 옴팡걸릴수있어요 ㅋㅋㅋ ], 긍정 텍스트 확률 : 70.92%"
"[코인세탁기 등 부대시설을 꼼꼼히 이용해봅니다 특히나 대욕장 이용 후 흰우유 마시기는 나름의 매력이 있는], 긍정 텍스트 확률 : 84.05%"
"[그리고 새벽늦게까지 일하다가 혹은 놀다가 맥주가 생각나면 늘 고마운 자판기인데요 이뿐 아니라호텔 층 로비에서 역시나 연결되는 편의점 ♡ ], 긍정 텍스트 확률 : 74.72%"
"[ 바로 연결이 되니 참 편리했어요도미인 프리미엄 남바 아넥스 호텔에서는 로손 편의점과 바로 연결이 됩니다. 모찌롤이 트레이드 마크죠 ㅎㅎ도미인의 언제나 고마운 서비스], 긍정 텍스트 확률 : 88.86%"
"[ 저녁 일찍 호텔로 돌아오신다면 가볍게 대욕장에서 힐링을 즐기시고 마지막으로 야식 소바 한그릇 몰고 객실에 들어가시면 딱이예요 맥주는 사랑 ㅎㅎ 여기서 세상 경험할 수 없는 완벽한 조식도 진행된다는데 세상에.... 못먹어보고 자고 있던거 실화야 ㅠㅠ 조식때매라도 다시 방문해야할 호텔입니다 ㅋㅋㅋ ], 긍정 텍스트 확률 : 99.95%"
"[ 좀 더 편안하게 투숙할 수 있는 호텔], 긍정 텍스트 확률 : 57.43%"
"[ 사우나포함굴림체잘 다녀온거 같아요 굴림 굴림체 맑은 고딕굴림체체크인 굴림체굴림체시 체크아웃 굴림체굴림체시인데 굴림 굴림체체크인 전에 먼저 맑은 고딕굴림체일찍 수영 가능해요 맑은 고딕굴림체저희는 운좋게 일찍 체크인 해주셔서 맑은 고딕굴림체시부터 룸 배정받았어요 맑은 고딕 맑은 고딕굴림체안덕면 이쪽이 조용하고맑은 고딕굴림체나름 괜찮더라구요 맑은 고딕굴림체본태박물관 투숙객할인 해줘요 맑은 고딕굴림체바로 앞에 있어서 산책삼아맑은 고딕굴림체다녀오기 괜찮습니다 굴림맑은 고딕굴림체재고 있을 경우 범퍼침대예약도 가능해요 굴림 굴림체 맑은 고딕굴림체저희는 범퍼침대하기엔 너무 커서 맑은 고딕굴림체침대가드 요청했고맑은 고딕굴림체유모차 퀴니 대여 받았어요 맑은 고딕굴림체바닥이 마루로 되어있어서맑은 고딕굴림체아이가 편하게맑은 고딕굴림체다닐 수 있어요 굴림 굴림체 맑은 고딕굴림체침대 굴림체굴림체개 붙히는거요청했으나맑은 고딕굴림체헤드가 고정되있어서 옮기는거맑은 고딕굴림체불가능하다기에 맑은 고딕굴림체침대개 있는 룸 배정받았구요 굴림 굴림체 맑은 고딕굴림체수영장 사우나굴림체굴림체개월부터비용맑은 고딕굴림체발생 어린이요금굴림체굴림체원이예요 굴림 굴림체 맑은 고딕굴림체편의점 프론트 옆에 위치에 있어서 맑은 고딕굴림체급한 간식거리 살때 요긴하게 이용했습니다 굴림 굴림체 맑은 고딕굴림체시간 오픈되어있는 북카페도맑은 고딕굴림체구비되어있는 책들 상태도 좋으니 맑은 고딕굴림체한번쯤 들려보시구요 굴림 굴림체 맑은 고딕굴림체특별한 키즈프로그램은 따로 없더라구요 맑은 고딕굴림체유명한 비오토피아 레스토랑도 맑은 고딕굴림체도보로 금방이예요맑은 고딕굴림체방주교회도 걸어갈 수 있는 거리이곳 가실 분께 조금이나마도움이 되었으면 좋겠네요 ....... .......? 본문 이미지총 층인데 전 층이였고 뷰는 머 이정도예요], 긍정 텍스트 확률 : 93.32%"
"[오랜만에 연락온 친구가 드디어 아기를 낳았다는 기쁜 소식 유아용품에 대해 물어볼께 있다며 저에게 연락을 ㅋㅋㅋ워낙 잉스타 블록에 아이물건 리.뷰 올리다보니 친구들도 뭐 물어볼거 있음 종종 연락을 많이 하는데요 디럭스유모차 순위 궁금하다며 물어보더라구요], 긍정 텍스트 확률 : 89.82%"
"[ 아넥스 디스커버리제품으로 너무나 고급스러운 자태에 뿅 ...실제로 보면 정말 멋스러움이 폭팔 합니다 뿜뿜 사실 디럭스하면 조금 허...허세를 부리고 싶어지는게 엄마의 욕심 ? ㅋㅋ저도 기능도 많이 봤지만 멋짐도 놓칠수가 없더라구요 가죽이 주는 멋스러움과 고급스러움은 나는 디럭스유모차 순위를 평정하러 왔다 이런느낌이 들던데요 ? ], 긍정 텍스트 확률 : 62.16%"
"[ 부가적인 악세사리도 너무 고급스럽고 요람과 함께 유아용시트까지 함께 있는데 밀어보니 아주 부드럽게 잘 밀려서 앞으로 많은 분들이 좋아하실지 않을까 생각이 드네요 친구도 아넥스유모차의 화려환 느낌에 이런것도 있냐며 ㅋㅋ명품백 느낌이라며 놀라더라구요], 긍정 텍스트 확률 : 99.39%"
"[맥시코시 라이카가 있습니다 저는 이렇게 사용하는거도 나쁘지 않다 봅니다 어차피 나중에 디럭스유모차를 태우다 절충형 또는 휴대용으로 넘어가야 하거든요 그럴바엔 애초에 절충을 구입후 오래 태우는 것도 육아용품 가성비 있게 구입하는 꿀팁입니다 아무나 알려주지 않음 ㅋ후훗 ], 긍정 텍스트 확률 : 88.77%"
"[ 특히 레카로는 핸들링 안정감 폴딩 모두 너무나 좋기 때문에 인기가 아주 많죠 가볍기도 가볍고요 친한친구가 실제로 첫 유모차인데 바꾸지 않고 지금까지 잘쓰고 있기에 유모차유목민인 분들에게 꼭 알려드리고 싶은 레카로입니다], 긍정 텍스트 확률 : 99.63%"
"[회전양대면 유모차였어요], 긍정 텍스트 확률 : 57.95%"
"[ 대박이죠 ? ㅋㅋㅋㅋ디럭스유모차 사면 휴대용유모차를 준다니 한개사면 두대를 가져가는 개이득찬스입니다 디럭스를 태우다 아이가 크면 점차적으로 가벼운 휴대용유모차를 구매하는데 이렇게 한번에 두대를 다 준비할수있다니 이런 대박이 어디있냐며 친구에게 이거다 이거를 외쳤죠 오이스터 하면 기능도 아주 좋습니디ㅏ 일단 프레임이 아주 강하고요 핸들링이 아주 안정적 이랍니다], 긍정 텍스트 확률 : 61.14%"
"[ 지난 여행들을 하나씩 꺼내보려 한다. 년 월 개월], 긍정 텍스트 확률 : 61.35%"
"[개월 그리고 나와 당신이 떠난 오키나와 여행.둘째녀석의 돌의 맞이하여 계획한 여행이다. 따라서 돌잔치는 생략여행 기간은 월 일부터 월 일까지 짧다면 짧았던 여행. 그래도 딸램], 긍정 텍스트 확률 : 96.47%"
"[아들램 아프지 않고 무탈하게 잘 다녀왔던 기억이 난다. 우리 가족 완전체 첫 해외여행이기도 했다.], 긍정 텍스트 확률 : 92.15%"
"[ 오키나와는 굉장히 짧은 비행시간이어서 아이동반 여행으로는 좋은 선택지가 될 수 있다. 먼저], 긍정 텍스트 확률 : 96.02%"
"[우리는 개월 아기가 있었기 때문에 고민의 여지 없이 유모차를 동반하였다. 절충형이라기엔 조금더 무거웠던 퀴니제프모델이었지만 나쁘지 않은 선택이었다.유모차가 이용 항공기는 제주항공이었고], 긍정 텍스트 확률 : 97.28%"
"[짱 나는 이 콘도를 강추한다. 주부가 된 이후 여행의 끝은 늘], 긍정 텍스트 확률 : 73.55%"
"[빨래고 정리였다. 그것이 나름 일인지라 이곳에서의 숙소의 편리성이 강추의 이유이다. 내가 묵은 룸은 아넥스 스위트룸인데. 스위트룸이라고 해봐야 기본룸의 하나이다.ㅎ 여하튼 리노베이션된 룸이었다고 기억하는데 세탁기], 긍정 텍스트 확률 : 88.12%"
"[그리고 그외 온갖 필요한 잡화는 거의 대여가 된다. 그것도 무료로 일부 유료있음 나는 돌아오기 전 룸의 세탁기를 이용하여 빨래와 건조를 아주 잘하고 왔다. 방음도 잘되는 것 같다. 한밤 중까지 빨래가 돌아간 날도 있었는데 우리 방에서 조차 거슬리는 소음은 없었다. 진심... 집에 돌아와서 짱 편했다. 무언가 해먹기도 참 편리하고], 긍정 텍스트 확률 : 99.94%"
"[깨끗하고. 우리가 아침 공항에서 두 아이를 이끌고 우리끼의 첫 해외여행인지라 정신적인 스트레스가 꽤 있었는데 숙소에 도착하자마자 누군가 마법을 부린 것 처럼 정신이 맑아지고 마음의 평화가 찾아왔다는 후문이...ㅎㅎ 그 정도로 이 숙소의 만족도가 진심 높았다. 하지만.... 크나큰 단점이 하나 있었으니. 그것은 수영장의 협소함이다. 물놀이를 좋아하는 아이들에게 살짝 미안했지만], 긍정 텍스트 확률 : 99.82%"
"[그래도 이때만해도 아이가 어려서 인지 나름 작은 수영장에서도 잘놀았다. 하지만 실외수영장 이기 때문에 여름이 아니고서는 수영의 어려움이 있었보인다. 그리고 호텔위치가 막 좋진 않았다는 거. 오르락 위치에서 도보로 다니기에 다소 힘들 수 있다. 그러나], 긍정 텍스트 확률 : 63.74%"
"[나의 개인적인 의견에서 기타 모든 단점을 수용할 정도로 굉장히 짱 좋았다. ㅎㅎ 마루바닥도 좋았다. 다음번 오키나와를 다시 간다면 다음에도 이곳을 이용할 생각이 충분하다.], 긍정 텍스트 확률 : 100.00%"
"[ 년 월초 부모님들과 함께 갔던 두번째 오키나와 일정표.사실 오키나와는 그 해 월에 한번 더 갔었다. 그때는 부모님을 모시고 갔던 터라 가장 가성비 좋기로 소문난 리잔씨에서 묵었는데], 긍정 텍스트 확률 : 78.07%"
"[ 월 가족여행에서는 어른명], 긍정 텍스트 확률 : 90.39%"
"[아이명 박 일 일정으로 약 백만원 전후의 예산을 사용한 것 같다. 예산 계획표는 있는데 사용한 내역표가 보이지 않네..흠.. 월 성인 ], 긍정 텍스트 확률 : 63.41%"
"[ .ㅜ 오늘의 후기 끄읏 뿅. .?여행일정표여행일정표.?오키나와일정오키나와일정 ], 긍정 텍스트 확률 : 76.57%"
"[ 드디어 디럭스 유모차를 샀습니다. 아이 물품 고르는 게 선택의 연속이라더니 정말 그러네요. 월 중순에 아기가 태어날 예정이라 디럭스와 절충형 사이에서 참 많이 고민했는데], 긍정 텍스트 확률 : 58.74%"
"[요람 포함한 가격], 긍정 텍스트 확률 : 56.98%"
"[중 서스펜션으로 안정적인 것도 마음에 들었습니다. 내년 봄에 날씨 풀리기 전까진 집 안에서라도 열심히 끌고 다니려고요.. 스포츠 제이콥과 디스커버리 사이에서도 많이 고민했습니다.처음엔 두 유모차가 기능이 같은줄 알고], 긍정 텍스트 확률 : 98.74%"
"[디스커버리 디자인이 보기에 너무 예쁘고 고급스러워보여 끌렸는데..다시 보니 스포츠 제이콥이 바퀴도], 긍정 텍스트 확률 : 76.14%"
"[한국어 설명서가 아니라 제대로 읽어보지 않게 되더군요. 한국어 설명서가 포함되었으면 좋겠습니다.핸들링 매장에서도 느꼈지만 정말 부드럽고 좋습니다.집 안 여기저기로 끌고다녀봤는데], 긍정 텍스트 확률 : 98.95%"
"[가죽이라 다루기 조심스럽긴 할 것 같아요. 나중에 아기가 마음에 들어했으면 좋겠습니다 ...... ......? 본문 이미지...... ......? 본문 이미지...... ......? 본문 이미지...... ......? 본문 이미지...... ......? 본문 이미지. ....?], 긍정 텍스트 확률 : 65.37%"
"[ 일 예비맘 산모수첩 이벤트등서울베이비페어에서는 물티슈 대잔치가 열려요 ], 긍정 텍스트 확률 : 57.72%"
"[ 요즘 웨건도 탐나고 둘째나면 카시트고 필요해서저는 관 먼저 구경을 했어요유모차 • 카시트를 구매할꺼면 여기가 성지 더라고요 ], 긍정 텍스트 확률 : 90.95%"
"[ 입구에는 아이랑 아기띠가 있어요블루], 긍정 텍스트 확률 : 50.41%"
"[유모차 성지인 이 곳에 로토토베베의 귀여운 바디슈트랑 역류방지 쿠션이예요 ], 긍정 텍스트 확률 : 80.83%"
"[ 타보유모차 ], 긍정 텍스트 확률 : 60.89%"
"[ 에르고아기띠아래 부스사진에도 보이겠지만진짜사방이 다 카시트유모차 부스 예요코너를 돌고 도를 돌아도 ㅋ그래서진짜 서울베이비페어에 오면 최선의 동선으로찾고자 하는 최고의 제품을 찾을 수 있어요 ], 긍정 텍스트 확률 : 81.38%"
"[ 해님젖병소독기클래식 제품이 새로 나왔대요육아하면서 젖병소독기 있음 휠씬 편하고 좋아요 ], 긍정 텍스트 확률 : 88.07%"
"[ 에이블유모차요즘 핫한 에이블유모차예요유모차 안타는 아이들도 에이블은 탄다고 하네요 ㅋ저도 되게 고민했지만 이제 거의 개월이라아쉽지만 포기했는데 요거 타는 아이들 요즘 자주 보여요 ], 긍정 텍스트 확률 : 99.25%"
"[ 킨즈웨건진짜 이건 말이 필요없습니다모든 엄마들의 워너비 제품이지요♡특히 아이들 둘 이상인 집들은 웨건이 필수라든데저도 요즘 웨건 살라고 돈모으고 있어요 ], 긍정 텍스트 확률 : 89.20%"
"[ 다이치카시트확장형 주니어 카시트를 특별할인가격 종 사은품에구매할 수 있는 절호의 찬스를 서울맘아랑베이비페어에서 잡으세요 ], 긍정 텍스트 확률 : 84.82%"
"[카시트 업체 들이 산재되어 배치되어 있어서 구경 다니다가 지치게 되는데 서울베이비페어는이런 엄마들의 고민과 불편을 한방에 해결 해주네요관을 먼저 구경하고 관으로 넘어갔어요우리 아기들 시원하게 입을 수 있는 여름내의가 많아요 ], 긍정 텍스트 확률 : 82.77%"
"[ 이쁜 우리아기 더 예쁘게 만들어 주는 장식들이네요 ], 긍정 텍스트 확률 : 87.85%"
"[ 귀여운 아기 덧신과 양말도 팔고 있어요애기들꺼라 발이 엄청 작으니 너무 귀엽더라고요 ], 긍정 텍스트 확률 : 98.50%"
"[ 여름철베이비페어는 쿨제품들이 많이 나오는데요서울맘아랑베이비페어도 쿨시트], 긍정 텍스트 확률 : 61.30%"
"[쿨매트 등이 많아요은은한 디자인부터 쨍한 색감의 디자인까지엄마아빠 취향대로 다양한 종류의 제품을 고를 수 있어요], 긍정 텍스트 확률 : 76.55%"
"[ 태아보험은 필수죠현대해상은 어느베이비페어에 가나 있는것 같아요상담도 받아보고 상담선물도 한 번 받아보세요 ], 긍정 텍스트 확률 : 86.60%"
"[ 저도 이제 둘째 임신해서 곧있음 임부복 사야하는제스타일리쉬한 임부복패션부터 몸을 예쁘고 편안하게잡아주는 임산부 속옷들도 서울맘아랑베이비페어에서모두 다 비교], 긍정 텍스트 확률 : 86.89%"
"[구매 할 수 있어요 ], 긍정 텍스트 확률 : 70.85%"
"[ 진짜 편안함과 스타일을 모두 만족하는 제품들이 많아뭘 사야 하나 한참을 고민했네요 ㅋ ], 긍정 텍스트 확률 : 84.05%"
"[쏭쓰베이비도 이번 서울맘아랑베이비페어에 입점했더라고요율이도 철마다 여기서 옷사서 입는데 진짜 가성비 굿이요벌에 만원으로 올 여름 내의 준비 끝인거죠♡ ], 긍정 텍스트 확률 : 98.75%"
"[ 근데 서울베이비페어 둘러보니 쏭레브같은 귀엽고 가격착한 여름 내의가 많더라고요월 장마가 지나가면 무더위가 시작될텐데시원한 여름내의로 스타일과 시원함을 동시에 잡아줘요 ], 긍정 텍스트 확률 : 56.30%"
"[ 야구모자도 있어요], 긍정 텍스트 확률 : 68.32%"
"[ 집에서 편히 입을 수 있는 신생아 내복들도 많아요 ], 긍정 텍스트 확률 : 78.13%"
"[ 율이가 애정하는 블루래빗 부스도 있어요 ], 긍정 텍스트 확률 : 58.50%"
"[팝업북등이 저렴하게 판매되고 있어서선물용이나 구매용으로도 모두 좋아요 ], 긍정 텍스트 확률 : 52.80%"
"[ 원에 구매할 수 있어요 ], 긍정 텍스트 확률 : 65.29%"
"[ 율이도 사용하는 리베로 기저귀도 있고요 ], 긍정 텍스트 확률 : 73.74%"
"[.?서울베이비페어서울베이비페어.?베이비페어베이비페어.?서울맘아랑베이비페어서울맘아랑베이비페어 .?서울베페서울베페.?센터센터.?육아맘육아맘.?선착순이벤트선착순이벤트 .?육아스타그램육아스타그램.?베페이벤트베페이벤트.?무료입장무료입장.?사전등록사전등록 .?아이와나들이아이와나들이서울베이비페어 서포터즈로 작성한 포스팅입니다 ], 긍정 텍스트 확률 : 83.14%"
"[그리고 개월아기 동윤이와 함께 한 방은 디럭스룸가든뷰 헐리우드트윈 이였어요헐리우드 트윈은 어른인용 싱글침대 두개가 배치된 객실이에요.혹시나 동윤이가 아기침대에서 안잘 수 있어서 더블룸보다는 헐리우드 트윈으로 선택롯데호텔은 아기들을 위한 물품 대여 서비스가 있는데 대부분무료예약 전 저희는 아기침대침대안전가드아기욕조세면대발판가습기유모차를 대여요청 했습니다.제가 대여한 서비스 외에 아기변기커버], 긍정 텍스트 확률 : 83.19%"
"[ 우선 유모차대여 체크인할때 유모차를 대여해줘서 바로 동윤이를 태우고 갈 수 있었어용저희는 웨건을 대여했기때문에], 긍정 텍스트 확률 : 65.75%"
"[호텔내에서 사용할 수 있는 유모차가 필요했는데 이점이 너무 편했답니다 ㅋㅋㅋ참고로 롯데호텔 유모차는 호텔내에서만 사용이 가능하니 참고해주세용 ㅋㅋㅋㅋㅋㅋㅋㅋ개월아가라 뛰어다니고 객실에서 놀 수 있을만큼 공간이 필요했거든요.그래서 온돌객실호텔도 알아본게 이때문이에요 제주 롯데호텔 객실은 사진으로봤을 때 작을까봐걱정했는데 객실이정말 생각보다 커서 맘에들었어요ㅋㅋㅋㅋㅋ 동윤이가 아주 신나게 다녔답니다 ㅋㅋㅋㅋㅋㅋㅋ ], 긍정 텍스트 확률 : 83.52%"
"[ 객실 들어오자마자 있는 옷장이에요.옷장안에는 건조대가 있어서 옷을 두기가 너무 편했어요 옷걸이도 넉넉하고 옷을 두기에도 공간도 충분했답니다 ㅋㅋㅋㅋㅋ캐리어는 밖에 둬야합니다 ㅋㅋㅋ], 긍정 텍스트 확률 : 64.09%"
"[ 옷장바로 옆에는 차를 먹을 수 있는 곳과], 긍정 텍스트 확률 : 77.83%"
"[아래 냉장고가 있어요 물과 티백은 서비스지만 맥주], 긍정 텍스트 확률 : 65.09%"
"[음료 등등은 유료서비스에요가격은 위에 참고해주세용 ㅋㅋㅋㅋㅋㅋㅋㅋㅋㅋㅋ옷장 맞은편에있는 화장실], 긍정 텍스트 확률 : 52.11%"
"[ 화장실이 넓고 변기], 긍정 텍스트 확률 : 51.21%"
"[샤워실이 분리가 되어있어서 좋았어요ㅋㅋㅋㅋ ], 긍정 텍스트 확률 : 86.67%"
"[ 세면대발판은 목욕시킬때 좀더 편하게 씻기려고 요청했는데 유용하게 썼어요 ㅋㅋㅋ 대여한 아기욕조도 동윤이가 씻기 충분했고], 긍정 텍스트 확률 : 69.71%"
"[물빠짐이 있어서 편하게 사용 했습니다 ㅋㅋㅋㅋㅋㅋㅋㅋㅋ ], 긍정 텍스트 확률 : 65.85%"
"[ 객실이 동윤이가 다니기에는 충분했어요온돌방이아니라 카페트였는데], 긍정 텍스트 확률 : 58.27%"
"[동윤이가 침대에서 좀더 편하게 놀 수 있도록 붙였어요 ㅋㅋㅋㅋ움직입니다 ㅋㅋㅋㅋㅋ 그래도 침대와 침대사이틈은 조심시켜주셔야해용 ㅋㅋㅋㅋㅋㅋ몸이빠지지않지만 발이살짝 빠질 수 있거든요 ㅋㅋ그래도 저렇게 붙일 수 있어서 더블침대보다 훨 넓어서 좋았습니다 ㅋㅋㅋㅋ그리고 대여한 아기침대와 안전가드도 보이네요 ㅋㅋㅋㅋ], 긍정 텍스트 확률 : 99.43%"
"[남편이랑 동윤이재우고 맥주 한캔 하기 딱 좋았네요 ㅋㅋㅋㅋㅋㅋㅋ], 긍정 텍스트 확률 : 75.05%"
"[ 제주 롯데호텔 아기침대는 뉴나침대였어요 아기침대 대여하길 너무 잘했어요 ㅠㅠ 진짜 요기나게 썼거든요다행이 동윤이가 혼자 누워있어도 답답해하지않고 잘 자줘서 너무 꿀템이였던 아기침대 ㅋㅋㅋㅋㅋㅋㅋ침대안에 아기이불과 배게가 함께있었는데 진짜 너무 귀엽지않아요 ㅋㅋㅋㅋㅋㅋㅋㅋㅋㅋ ], 긍정 텍스트 확률 : 96.41%"
"[ 동윤이가 또래에비해 큰편은아니지만 개월 아기가 눕고 자기에 충분했던 뉴나침대입니다 ㅋㅋㅋㅋㅋㅋㅋㅋㅋㅋㅋ테라스에서 본 풍경은 동영상으로 공유할게요 ], 긍정 텍스트 확률 : 62.55%"
"[ 낮풍경이에용 ㅋㅋㅋ 아침에 조식먹고와서 찍은사진 ㅋㅋㅋㅋㅋㅋㅋㅋㅋ야외수영장이보이는 뷰라 너무 좋았어요 정말 밖에볼때마다 초록초록하니 아침마다 괜히 기분이 상쾌했답니다 ㅋㅋㅋㅋㅋㅋㅋ ], 긍정 텍스트 확률 : 88.25%"
"[ 밤풍경이에용 ㅋㅋㅋㅋㅋㅋ풍차라운지에서 들리는 노래가 여기까지들렸어요하지만 테라스 문닫으면 객실안은 완전 조용 분위기는 진짜 좋았어요 ㅠㅠㅠㅠ야경도 너무 예쁘네용 ㅋㅋㅋㅋㅋㅋㅋㅋ제주 롯데호텔 디럭스 가든뷰 후기를 정리하면 장점개월 아기와 함께 하기 좋은 호텔 이유는 물품대여 서비스가 무료라 좋았어요객실이 생각보다 넓어서 아이가 답답해하지 않고 객실에서 잘 놀았습니다 ㅋㅋㅋㅋ조식레이크프라자이 맛있었어요 그리고 개월 아기가 먹을 수 있는 음식이 다양했고생선], 긍정 텍스트 확률 : 97.68%"
"[과일등등조식은포스팅예정이유식도 따로 있었어용야외수영장], 긍정 텍스트 확률 : 71.97%"
"[조식레이크프라자먹으러 가는 길이 가까웠어요서비스는 정말 좋았고], 긍정 텍스트 확률 : 61.85%"
"[야외수영장이 온수풀이라 수영하기 좋았답니다 수영장포스팅예정단점로비], 긍정 텍스트 확률 : 81.69%"
"[실내수영장 호텔내부대시설을 이용하기에 거리가 멀었어요.제가있던곳은 별관이였습니다호텔내 편의점이 없었고 편의점까지는 차를타고 가야해서 불편했습니다 차로분이내 편의점은 있었어요호텔내에 저녁먹기에 딱히 마땅한 장소는 없었어요 모모야마 무궁화 등은 가격이 비쌉니다 ㅋㅋㅋ실내수영장이 따뜻하지 않았고 유아풀이 생각보다 물이 차가웠어요 ㅠㅠ 온수풀이 작게 마련되어있지만 넓은곳은 물이 생각보다 차가웠습니다 ㅋㅋ제주 롯데호텔은 처음 가봤는데 너무 좋았어요 ㅋㅋㅋㅋㅋ서비스와 시설 조식등 만족해서 재방문할의사있답니다 ㅋㅋㅋㅋㅋㅋㅋㅋㅋㅋㅋ ♥ ], 긍정 텍스트 확률 : 99.96%"
"[ 사진은 아직 핸드폰에서 안옮겨서 생략하고..간단하게 코스], 긍정 텍스트 확률 : 63.47%"
"[숙박 및 맞집 등 후기 올릴께요 저희 엄마와 저], 긍정 텍스트 확률 : 56.19%"
"[보말죽], 긍정 텍스트 확률 : 54.45%"
"[갈치탕수육으로 변경되었어요. 시 분에 가서 바로 먹었고요 시 분경에 보니 인통갈치는 마감되었어요. 평일이라 대기하는 분은 없었습니다. 아기의자 있어요 디아넥스 호텔바닥이 마루라 아이 동반한 가족은 추천해요. 방도 깨끗하고 난방도 잘되었고요. 더블침대에 아기], 긍정 텍스트 확률 : 50.17%"
"[어른 자기에 좁지 않았습니다. 온천 강추예요. 조식도 가짓수가 많은건 아닌데.. 정말 먹을만한 것들로만 구성되어 있어서 좋았어요. 재방문의사 있습니다. 일차방주교회주상절리정방폭포식사오라방횟집에코랜드식사성선포뚝배기숙박코업시티호텔 성산 방주교회사진예쁘게 나와요 주상절리엄마가 신기해하셨어요. 유모차 안되요 정방폭포제가 좋아하는 곳이라 ㅋ 강추입니다. 유모차 안되요 오라방횟집아기가 있어서 조용하고 룸인곳을 선호하다보니..스끼다시많다는 인터넷 맛집 패스하고 갔는데], 긍정 텍스트 확률 : 99.68%"
"[정말 강추예요 ㅎ 참돔 저렴하게 잘먹었고요. 맛도 깔끔합니다. 재방문의사 있어요. 아기의자 없어요 에코랜드월은 시에 숲해설 있어요. 저희는 좀 늦게 가서 아쉬웠어요. 다른 계절에 다시 방문하고 싶네요. 관람시간 시간 정도 잡고 가심 될꺼같아요. 유모차 가지고 가셔도 되요 성산포뚝배기시까지 운영합니다. 전복뚝배기 맛있습니다. 전복], 긍정 텍스트 확률 : 99.80%"
"[ 오키나와가기전 오달에서 정보 많이 얻어 저도 도움이될까 적어봅니다월 일부터 월일까지 신랑 저 친정엄마 만갤딸램 여행후기입니다아기밥은 짱죽 실온이유식 가져갔구요], 긍정 텍스트 확률 : 88.44%"
"[비쥬얼은 짱짱 이든데 맛은...전 이마트 초밥이 더 맛있습니다ㅎㅎㅎ그리고 로손편의점가서 호텔서받은 엔쿠폰으로 빵이랑 컵라면ㅎ우리신랑일컵라면했습니다ㅋㅋㅋ담날호텔조식ㅎ걍 무난하게 괜찮았습니다숙소올라와서 준비하고], 긍정 텍스트 확률 : 89.43%"
"[멤버쉽보여주고 할인받고 티켓 끊고 셔틀타려다가 바로 앞에서 놓쳐서 걸어갔는데 걸어가도 분정도? 좀 늦게도착한덕에 저희가탄 보트는 저희랑 중국인 한팀ㅋㅋ여유롭게즐겼네요 밑에 정말 깨끗하게 잘보이고 넘 신기하고 좋았습니다ㅎ그리고 점심먹으러 플리퍼스테이크고고가니 대기가 좀 있더라구요한분정도 기다리구 안심스테이크로 인당한개씩신랑은 점보로ㅋㅋㅋ정말 맛있고 입에서 녹았습니다스테이크 별로 안 좋아하는 울엄마도 다드셨네요그리고 코우리대교 지나서 코우리 오션타워ㅎ카트타고 올라가는데 한국어 설명나오고 카트타고올라가는게 좋았어요오션타워 올라가서 내려다보니 정말멋지더군요그다음 찾아간곳은 추라우미 수족관ㅎ시이후 입장이라 차액환불받고 수족관고고여긴 갤 우리딸도 눈이 똥그래져서 두리번 두리번ㅋ고래상어는 진짜 압권이였어요눈을뗄수가 없었네요시 고래상어 먹이줄때사람이 정말 많았지만 그래도 인생사진 하나건지고 왔습니다그리고시반 오키짱쇼보고해양박공원둘러보고], 긍정 텍스트 확률 : 99.96%"
"[ 다이자에몬으로 저녁먹으러갔습니다ㅎ여긴 구글맵이 더정확했어요네비치니 근처가서 안나와서ㅠ파티플레이트인가], 긍정 텍스트 확률 : 81.57%"
"[ 스시랑 회는 진짜 맛있더군요ㅎ근데우동은 제입엔 쫌...ㅠ여긴 현금결제고 부가세따로 붙더군요그리고 숙소로다음날아침 베셀체크아웃아메빌 백엔샾가서 쇼핑좀하고남부로내려와서이시비우나가서 점심첨에 못찾아서 근처에가서 한 네바퀴돈듯ㅠㅡㅠ입구가 매우작더라구요 자세히 안보면 찾기힘들어요주차는 로손편의점 옆 동전주차창 이용했구 점심시간이라 주차 할인쿠폰 주세요한십분대기하고 테라스쪽 앉아서 오징어먹물소바 두부볶음 가지볶음 정식 다먹었구요 맛은 쏘쏘ㅋ 정원은 정말예뻤어요그리고 슈리성가서 무료구간만 한바퀴돌고 블루씰 먹고], 긍정 텍스트 확률 : 96.09%"
"[ 한시간정도주차했는데 주차비가얼마나온듯ㅎ 그런다음 미야코호텔체크인담날오전비행기라 저렴한 미야코 예약겉은 좀 허름했지만 룸컨디션은 괜찮았어요트리플룸 예약했는데 한단계 업그레이드ㅎ잠시 휴식후 류보백화점 가서 프랑프랑 쇼핑텍스프리도 받고], 긍정 텍스트 확률 : 93.97%"
"[ 프랑프랑구매했더니 두시간주차무료라 주차비는 따로 안들었네요그리고 숙소와서 쉬다가 담날 오전시체크아웃렌트카반납 까지 한분걸렸네요출근시간이라 차가 좀 막힌듯앞주유소에서 주유], 긍정 텍스트 확률 : 54.26%"
"[ 진짜많이다닌듯한데 대략 다닌것같은데 주유비엔연비 진짜 짱입니다요그리고 공항와서 티켓팅하고 면세점서 로이스구매ㅎㅎ시분비행기타고 귀국했습니다정신없이 적었는데 도움됐음좋겠네욤오키나와또가고싶습니다ㅠㅡㅠ], 긍정 텍스트 확률 : 99.89%"
"[월 일 코엑스 베페 마지막날 유모차 구입을 위해 외출.], 긍정 텍스트 확률 : 78.70%"
"[ 분소요 도착 ], 긍정 텍스트 확률 : 62.08%"
"[ 배송은 일만에 도착했음편하라고 미리 앉히기 연습중인데 앉아서 티비도 잘 보고 좋아하네], 긍정 텍스트 확률 : 87.83%"
"[ 미세먼지 없는날 외출가자♡ 오르빗.?도도 회전.?회전회전 유모차 .?멜란지그레이멜란지그레이.?디럭스유모차디럭스유모차.?베페베페 유모차.?신생아유모차신생아유모차 유모차 비교.?유모차추천유모차추천 ], 긍정 텍스트 확률 : 61.89%"
"[안녕하세요제주도 포스팅은 아직 끝나지 않았는데요 ㅋㅋ엄청 많이 남아있어용 ㅋ그중에 본태박물관 다녀온 후기를 간단하고 빨리 써보려고 해요아기와 가기에 괜찮은 곳이라 간단하게 후기를 써보겠습니당ㅋ ], 긍정 텍스트 확률 : 96.60%"
"[ 제주 서귀포시 안덕면 신록남로번길 디 아넥스 호텔 옆에 위치매일 대인 ], 긍정 텍스트 확률 : 70.77%"
"[ 원청소년 ], 긍정 텍스트 확률 : 52.23%"
"[디아넥스 호텔 및 포도 호텔 투숙객이 방문한다면할인을 받을 수 있다는 거죠 ㅎ할인 받으시려면 숙소 결제하신 영수증 챙겨가시면 바로 할인해주신답니당 ㅋ디아넥스호텔 아기랑 가기에 너무 좋은데 그리고 그 외 할인받 을 수 있는 팁은네이버에서 티켓 구입하는거에용 ㅋ 까지는 아니지만 할인을 받을 수 있답니다 ㅎ온라인 구매 시간 이후 사용이 가능하다구 하니 참고하세용 ㅎ ], 긍정 텍스트 확률 : 75.68%"
"[ 먼저전시장이에요 ㅎ내부로 들어가기 전에 옥상으로 올라가봤는데요건축물 자체가 안도타다오 건축가가 지은것 같더라구요콘크리트를 활용하고 하늘과 잘 어울러지게 디자인 되어있는게 ㅎㅎ옥상으로 올라가서 풀어줬더니 리카도 신나서 엄청 뛰어다니더라구요 ㅋㅋ옥상에 올라가니 산방산 전경이 한눈에 들어오는게 가슴이 확 틔여서 기분 좋더라구용조형물도 보고 ㅎ 뉴욕 신행가서 보려고 했었는데 시간을 못내서 못봤었거든요 ㅋㅋ아쉬운대로 제주도에서 봐서 ㅋㅋ 제 나름 만족했다는 ㅎ ], 긍정 텍스트 확률 : 99.99%"
"[ 전시장은 삶의 정서가 깃든 불교미술의 매력을 전시 중이구요내부는 이런 불상 등을 위주로 전시되어 있어요그림과 함께], 긍정 텍스트 확률 : 90.55%"
"[ 이건전시장이에요 전시장은 피안으로 가는 길의 동반자꽃상여와 꼭두의 미학이 전시중이었어요생각보다 화려한게 많아서 저는 결혼식에 쓰이는 소품들인가 했는데알고보니 전통 상례에 쓰는 소품들이더라구요 몰랐던 사실이라서 유익한 전시인것 같았어요 ], 긍정 텍스트 확률 : 92.93%"
"[ 전시관은 쿠사마 야요이 상설전인데요유명한 도 전시 되어있구요본태박물관에서 제일 유명한 무한 거울방이 있는 곳이 바로 여기에요내부로 들어가면 엄청 몽환적인 분위기라 기분이 묘했어용조명거울물의 조합은 진짜 최고였어용문앞에 직원분께서 지키고 계시구요 분 정도 시간을 준다고 하셨었는데저는 평일이었어서 그런지 좀더 오래 볼 수 있게 해주시더라구요 ㅋ리카도 조명을 엄청 좋아하는 아기라서 신기하게 손가락으로 가르키면서 좋아하더라구요 ㅋ.ㅋ ], 긍정 텍스트 확률 : 99.95%"
"[ 전시관 사이사이 이동하는 곳 중간에이렇게 전시물도 있구요사진 찍으려고 했더니 카메라 뺏으려는 우리 리카 ㅋㅋ파란색 옷을 입혀놨더니 머리도 짧고.. 더 아들 같네용 ㅋㅋㅋ ], 긍정 텍스트 확률 : 81.83%"
"[ 리카는 천장에 달린 작품 보느라고 ㅋㅋㅋ 저 쪼그만한 키로 천장을 저리 쳐다보는데 ㅋㅋㅋ 너무 웃기더라구요 ㅋㅋ ], 긍정 텍스트 확률 : 94.03%"
"[ 다양한 작품도 있고여긴 신발을 벗는것도 특이한데층으로 되어있어서 계단이 있어용 ㅋ저때의 리카는 계단 오르락 내리락 하는게 취미였기에 한참을 아빠와 계단을 오르내렸구요저는 그 동안에 백남준 작품이랑 안도타다오 명상실을 나홀로 보고 왔어용 ㅋ ], 긍정 텍스트 확률 : 61.92%"
"[ 먼저 백남준 작가 작품이에용다른곳에서 백남준 작품을 번 봤었던것 같은데티비속에 있는 금붕어는 아주 신선했어요 ㅋㅋㅋ ], 긍정 텍스트 확률 : 76.04%"
"[ 그리고 제가 좋아하는 안도 타다오의 작품? 이에요제주도의 지니어스로사이원주의 뮤지엄 산두군데 다 가봤는데 너무너무 좋았었어서본태박물관도 가보게 된거였어용콘크리트와 하늘풍경의 조화를 기가막히게 잘 디자인 하는것 같아요제주도에 지니어스로사이도 꼭가보시길 강추해드려용 ㅋ거기 민트레스토랑도 너무 이뻐용 ], 긍정 텍스트 확률 : 100.00%"
"[ 다음은 전시장 가는 길에 너무 이뻐서 사진을 찍어봤어용 ㅋ안도 타다오 건축물 스타일이 다 이런식이에요콘크리트와 물과 햇빛을 조화 이런쪽으로 잘알못이지만 보면 뭔가 마음이 편안해지더라구용 ㅋ.ㅋ ], 긍정 텍스트 확률 : 72.25%"
"[ 전시관은 한국전통공예품이 전시가 되어있구요밥상], 긍정 텍스트 확률 : 52.83%"
"[.?본태박물관본태박물관.?제주본태박물관제주본태박물관.?디아넥스호텔디아넥스호텔.?디아넥스호텔본태박물관할인디아넥스호텔본태박물관할인.?본태박물관할인본태박물관할인.?본태박물관주차본태박물관주차.?본태박물관비용본태박물관비용.?본태박물관아기랑본태박물관아기랑.?아기랑본태아기랑본태.?안도타다오안도타다오.?제주도아기랑제주도아기랑.?제주도아기랑가볼만한곳제주도아기랑가볼만한곳.?제주도실내여행지제주도실내여행지.?제주도비오는날가볼만한곳제주도비오는날가볼만한곳.?제주도무한거울방제주도무한거울방.?제주도핫플레이스제주도핫플레이스 ], 긍정 텍스트 확률 : 84.75%"
"[아기랑 후쿠오카 여행 숙소하카타 그린 호텔 넘버조식 곳 후기 ], 긍정 텍스트 확률 : 86.11%"
"[ 한국인들이 가장 많이 가는 해외여행지는단연 일본이라고 해요.지지난해부터는 베트남으로 떠나는 여행자가급증을 하고 있다고는 하지만베트남만해도 비행시간이 시간을 넘기다보니휴가 없이 주말을 이용해서도 다녀올 수 있는일본여행자의 인구는 뛰어넘기 힘들어 보입니다.짧은 비행시간에가까운 거리], 긍정 텍스트 확률 : 50.11%"
"[ 저비용항공사들의 쏟아지는 프로모션 항공권덕분에 가끔은 서울부산비용 보다도저렴한 가격으로 후쿠오카 여행을 다녀올 수도 있으니당분간 그 인기가 사그라지지는 않을것 같습니다.일본가서 우동 한 그릇 먹고올까?드라마에서 재벌 세만 할 수 있는말이 아니게 되었어요 ], 긍정 텍스트 확률 : 59.95%"
"[ 물론 아이와 함께하는 해외여행지로가장 추천하는 곳이 여기는 아니에요.날씨 좋고 수영장에서 시간을 보낼 수 있는괌이나 다낭], 긍정 텍스트 확률 : 98.36%"
"[쇼핑할만한 곳], 긍정 텍스트 확률 : 57.42%"
"[ 자세한 위치는 위의 지도를 클릭해보면 아시겠지만하카타역 지쿠시 출구로 나와서왼쪽으로 첫번째 골목패밀리 마트를 끼고으로들어가면 아래 사진에서 제가 빨간색 화살표로 표시해 놓은곳이에요.지쿠시 출구로 나와서 도보 분 거리쯤?진짜 가깝고 찾기 쉽답니다 ], 긍정 텍스트 확률 : 91.59%"
"[ 공항에서 하카타역까지 버스를 타거나지하철을 타도 금방이지만혹시 유모차가 있거나아이가 많이 어리다면 택시를 타도많이 부담스럽지 않은 금액이에요.대략 ], 긍정 텍스트 확률 : 85.43%"
"[ 엔 가량사실 택시비 비싼 일본에서택시는 꿈도 못꾸는편이지만후쿠오카에서만큼은 짐이 많거나 일행이 있을땐 택시를 타곤 한답니다.암튼 인천에서 시간 남짓], 긍정 텍스트 확률 : 71.00%"
"[ 아기랑 여행 시 중요한것들이 몇 가지 있는데그 중 하나가 호텔의 카페트 바닥인지 아닌지], 긍정 텍스트 확률 : 80.37%"
"[ 여긴 그린 호텔 넘버로비를 지나서 있는자코야 라는 레스토랑인데뷔페 스타일의 음식을 먹을 수 있는 곳 입니다. ], 긍정 텍스트 확률 : 93.57%"
"[파스타와 요거트 등의음식을 보면 서양식 같지만고등어 구이도 있고수란과 명란젓], 긍정 텍스트 확률 : 86.48%"
"[ 나이가 들면서 뷔페가 점점 싫어지는지라깔끔하게 제공되는 이 곳 조식도 좋았습니다. ], 긍정 텍스트 확률 : 92.32%"
"[ 아침 이외의 시간엔 일식당으로 운영되는지라벽엔 각종 사케와 판매되는 메뉴들이 적혀 있는이런 소소한 분위기였고요. ], 긍정 텍스트 확률 : 83.17%"
"[ 식사는 이렇게 제공되었어요.생선구이와 그 옆에 명란이 함께 나오고밥과 미소장국], 긍정 텍스트 확률 : 70.77%"
"[김과 두부요리와 샐러드 ], 긍정 텍스트 확률 : 56.69%"
"[ 그리고 따로 수란을 가져다 주셨어요.가짓수는 적지만 깔끔하게 한 끼 먹기 좋았습니다.호텔 내에 위치한 두 곳의 조식 레스토랑 모두기대보다 괜찮았으니박 이상 하시는분은 한번씩 골고루 드시면 될것 같고요.좀 귀찮더라도 길 건너 아넥스 호텔 레스토랑도참 괜찮으니.. 길 건너가는게 귀찮지 않다면이용해보세요 ], 긍정 텍스트 확률 : 81.69%"
"[ 아기와 후쿠오카 여행 가시는 분들 중다다미 스타일의 숙소를 찾는 분], 긍정 텍스트 확률 : 71.66%"
"[ 하카타역 가까운 가성비 괜찮은 숙소 찾는 분들에게 추천합니다. ], 긍정 텍스트 확률 : 80.60%"
"[ 본 포스팅은 본인의 경험을 바탕으로 작성되었으며 익스피디아로부터 원고료를 받았습니다. ], 긍정 텍스트 확률 : 51.56%"
"[ 제주 가족호텔 디아넥스 호텔 숙박후기 온천여행강추], 긍정 텍스트 확률 : 96.63%"
"[ 국내유일의 아라고나이트 고온천 온천수가 좋고 실내수영장이 있어 아이랑 오기 좋다는 지인추천으로 예약한 디아넥스 호텔 서귀포시 안덕면 핀크스 골프리조트와 함께 있어요포도호텔 바로 인근이고 중문관광단지에서 약 분정도 걸려요오는길에 자동차박물관], 긍정 텍스트 확률 : 95.82%"
"[조식과 수영장이 포함되어있었어요], 긍정 텍스트 확률 : 67.34%"
"[ 주변이 정말 조용하고 공기가 달라요 바로 옆에 본태박물관도 있어서 조용한걸 좋아하는 분들께 추천요 ㅎ 낮시간 한적해서 호텔 바로앞에 주차하고 들어갔어요], 긍정 텍스트 확률 : 97.67%"
"[ 디아넥스 호텔 체크인시이후 체크아웃시 이전전날 갔던 롯데호텔과는 다르게디아넥스 만의 조용한 분위기도 참 좋아서가족 호텔로 괜찮은거 같아요전체층 층으로 층에 온천이 연계되어있고온천수영장], 긍정 텍스트 확률 : 97.00%"
"[ 온천은 숙박객이 아니어도 이용하실 수 있어요물이 정말 좋아요 온천여행 좋아하는분이라면 왕강추 층에 편의점이 있어서 급할때 나름 이용할 수 있어요편의성으로 따져보면 숙박한 세개 호텔중에 젤 잘되있던 순서로는더본호텔 편의점롯데호텔 나가서 가까운디아넥스 자체 편의점 이긴하지만요], 긍정 텍스트 확률 : 83.48%"
"[ 저희는호를 배정받았구요 이 티켓은 온천이용시카운터에 제출하시고 이용하시면 되어요 룸 카드키는 개에요], 긍정 텍스트 확률 : 71.96%"
"[디아넥스 투숙고객은 원 이에요저희는 패키지를 이용해서 포함 ], 긍정 텍스트 확률 : 80.74%"
"[영유아 사용시 사고의 위험이 있어 주의를 기울이라고 적혀있어요 ], 긍정 텍스트 확률 : 51.86%"
"[실제로 이용시에도 수영장도 미끄럼방지패드가 없는곳도 조금 미끄럽고온천 내부에선 아이들 뛰면 위험해요 ], 긍정 텍스트 확률 : 80.61%"
"[ 다리미다리미판 선착순가능해요 저상침대가 있는 베이비룸도 있던데유아가 있는 가족은 이용하기 좋을거같아요], 긍정 텍스트 확률 : 74.08%"
"[ 방마다 있는 베란다와 테이블 작은뜰도 있고 저앞에 한라산이 보이고 공기가 너무 좋더라고요], 긍정 텍스트 확률 : 95.78%"
"[ 미니바가 무료라는점컵도 종이컵이라 저는 더 좋더라고요], 긍정 텍스트 확률 : 59.66%"
"[오렌지주스 초코샌드 가 무료에요], 긍정 텍스트 확률 : 65.31%"
"[ 세면도구와 컵도 비치 되어있어요 객실을 볼수 있는 유리는 블라인드로 가려져있고요 룸에는 샤워부스였어요 ], 긍정 텍스트 확률 : 59.87%"
"[ 디아넥스 숙박객에게는 본태미술관 할인도 되니 좋은거같아요핀크스 여행가이드엔온천과 함께하는 미식여행], 긍정 텍스트 확률 : 88.36%"
"[건축문화여행을 추천하고 있어요근처에 비오토피아], 긍정 텍스트 확률 : 76.87%"
"[방주교회], 긍정 텍스트 확률 : 52.19%"
"[포도호텔 등을 구경하셔도 좋고 내부에선 본태미술관], 긍정 텍스트 확률 : 88.33%"
"[ 제주최고의 아라고나이트 고온천입구에요숙박기간내 회이용이에요 아침에도 가고싶었는데 일찍 출발해야해서 아쉽 ..ㅎ], 긍정 텍스트 확률 : 99.89%"
"[제가 예약한 패키지가 보이네요 ], 긍정 텍스트 확률 : 57.81%"
"[당 현종과 양귀비가 목욕을 즐긴 서안온천과도 성분이 매우 유사합니다.는 스페인의 중북부에 있는 아라곤의 외곽지명에서 유래되었고], 긍정 텍스트 확률 : 89.61%"
"[ 잘게 나누어진 광물’이란 의미로 주 성분은 탄산칼슘’입니다. 수 억년 전 형성되어 만년 전에 모양을 갖춘 지하 화강암 위에순수한 물이 유입되어 형성된 아라고 나이트 고온천은 심도 ], 긍정 텍스트 확률 : 91.69%"
"[ 마그네슘 등을 풍부하게 함유하여 우유 빛깔을 가지는 핀크스 고온천은 신경통], 긍정 텍스트 확률 : 76.10%"
"[오십견], 긍정 텍스트 확률 : 53.30%"
"[ 통유리창이 정말 이쁜 제주 디아넥스 호텔 이에요 메인 온수풀 아이도 들어갈 수 있으나무조건 수영모 착용해야해요 물은 약간 미지근한정도라 놀기 좋았어요 깊이는 미터정도], 긍정 텍스트 확률 : 98.72%"
"[ 아이들이 놀기좋은 얕고 조금더 따뜻한 온수풀이에요], 긍정 텍스트 확률 : 99.62%"
"[ 디아넥스 온천이용시제일 주의해야할점이 바닥이 미끄럽다는 점인데요 곳곳마다안내판이 있어요 수영장에서도 저 미끄럼방지 매트가 없는곳은 정말 미끄러워서 조심하셔야겠더라고요...온천 내부도 미끄럼방지 매트없는곳은 미끄러워요 온천 내부에서 어떤분이 넘어지시는걸 직접 목격했어요 ㅠㅠ온천수가 미끄러워서그런지 정말 미끄러움 ], 긍정 텍스트 확률 : 98.33%"
"[ 온천수라 물상태는 넘넘 좋구요온수라 어린 아기들도 놀기 좋겠더라고요 ], 긍정 텍스트 확률 : 78.03%"
"[ 물놀이 기저귀와 튜브도 판매하고 있고], 긍정 텍스트 확률 : 74.80%"
"[구명조끼도 무료구비되어있어요], 긍정 텍스트 확률 : 65.97%"
"[ 첨에 미키 남아용있는줄 모르고 여아용 입혔던 ㅋㅋ남자는 핑크죠], 긍정 텍스트 확률 : 90.08%"
"[ 물엔 금방 적응했어요], 긍정 텍스트 확률 : 51.52%"
"[ 아침에도 수영하고 와서 저녁에도 디아넥스온천수영장 수영 하루종일 수영하네요 ㅎ], 긍정 텍스트 확률 : 87.64%"
"[신랑이 차니데리고 수영하는동안 저는 온천을 더 즐겼는데온천은 사이즈가 작은편이지만정말정말 온천수가 좋더라고요하얀색 우유같이 뽀얀데 일본 홋카이도에서 즐긴 온천못지않게 정말 좋았어요 피부가 훨씬 더 부드러워지고 피로가 쏴악 풀리는 느낌이었어요 아라고나이트 고온천 다음에도 또 오고싶음], 긍정 텍스트 확률 : 63.67%"
"[ 다음날 아침], 긍정 텍스트 확률 : 85.76%"
"[ 모두들 푹 잤어요], 긍정 텍스트 확률 : 58.81%"
"[ 맑고 넓은 제주의 하늘 깨끗하고 조용한 디아넥스에서의 아침], 긍정 텍스트 확률 : 52.07%"
"[ 제주 디아넥스 호텔 조식먹으러 왔어요 오전시부터 시까지에요], 긍정 텍스트 확률 : 69.65%"
"[ 호수정원을 보며 조식을 먹을 수 있어서 운치있고 좋아요 ], 긍정 텍스트 확률 : 70.21%"
"[한식 모두 있구요씨리얼], 긍정 텍스트 확률 : 84.61%"
"[ 카레 등이있어요특히 매운 소고기 무국이 너무 맛있어서 두번 먹었어용], 긍정 텍스트 확률 : 54.07%"
"[ 디아넥스호텔 조식 이렇게 보니 엄청 먹었네요 ㅋㅋ ], 긍정 텍스트 확률 : 73.41%"
"[ 식당에 아기의자와 뽀로로식기도 있구요 바깥에 호수가 보이는 풍경이 너무 좋았어요저앞이 본태미술관이에요], 긍정 텍스트 확률 : 98.17%"
"[ 호수에 있던 오리친구들이 차니앞에 꽉꽉하며 왔다갔다 ㅋㅋ차니 넘 좋아했구요], 긍정 텍스트 확률 : 60.77%"
"[ 출발전 마지막 커피는진하게 한잔 멋진풍경과 함께 일본의 고온천을 즐길수 있는아라고나이트 온천 수영장이 있는 휴식하기좋은 가족호텔제주디아넥스 방문기였어요], 긍정 텍스트 확률 : 96.69%"
"[ 개월 아드님 모시고 떠난 첫 가족여행제주도 개월 아기를 위한 준비물 짐싸기항공예약숙소예약제주 디아넥스], 긍정 텍스트 확률 : 74.05%"
"[ 개월 아드님 모시고 떠난 첫 가족여행제주도 개월 아기를 위한 준비물 짐싸기 ], 긍정 텍스트 확률 : 74.05%"
"[. 조식이 포함된곳], 긍정 텍스트 확률 : 78.65%"
"[. 조용한곳.열심히 알아본 결과 제주 포도호텔의 저렴이 버전인 제주 디아넥스 호텔과조식조식 외치는 신랑을 위해 조식 맛있다는 제주 신라스테이로 결정.첫째날 박을 할], 긍정 텍스트 확률 : 63.77%"
"[내부 이타미준이 건축한 포도호텔의 세컨브랜드급으로 깨끗하고 깔끔한 신축호텔치고는 저렴했다.박 조식수영장], 긍정 텍스트 확률 : 75.47%"
"[ 원꼴], 긍정 텍스트 확률 : 52.23%"
"[ 원에 예약끝왠만한 예약은 완료했으니 준비물준비해두고 아기짐과 우리짐 챙기기. ], 긍정 텍스트 확률 : 63.78%"
"[ . 개월 아드님의 옷과 용품들 ], 긍정 텍스트 확률 : 65.09%"
"[분유는 스틱분유로 준비.큰 바디타월 장과 현우가 가장 좋아하는 애착인형], 긍정 텍스트 확률 : 63.83%"
"[극세사 담요.혹시 몰라 일반 수건도 장 챙겨갔다. ], 긍정 텍스트 확률 : 51.79%"
"[그 외에는 우리의 여벌옷 장과 속옷들.저 연두색 파우치와 분홍색 파우치가 끝.수영복들과 수영모자까지 챙겼다. ], 긍정 텍스트 확률 : 86.79%"
"[ 총 준비한 물품 리스트 ], 긍정 텍스트 확률 : 56.98%"
"[대형하나], 긍정 텍스트 확률 : 53.05%"
"[ 그 외의 준비물은 엄마], 긍정 텍스트 확률 : 76.63%"
"[아빠 여벌옷과 속옷마지막으로 가장 고민했던 ], 긍정 텍스트 확률 : 85.95%"
"[ 개월 아기와 오키나와 여행 베셀호텔몬트레이호텔 짤막 후기 ], 긍정 텍스트 확률 : 62.66%"
"[다음날 조식먹으러 메뚜기떼 출동 ], 긍정 텍스트 확률 : 83.52%"
"[박 일 급한 일정에 쫓겨 체크아웃하자마자 아메리칸빌리지에 있는 오르골당으로 고고 ], 긍정 텍스트 확률 : 68.00%"
"[가는 길마다 바다며], 긍정 텍스트 확률 : 50.48%"
"[하늘이며 너무나 예쁩니다.그리고 요새 너무 뜨거워 조심히 집어들어야 한다는 호텔 몬트레이 오키나와], 긍정 텍스트 확률 : 78.28%"
"[이 방도 마찬가지로 급하게 예약된 곳이라 선택의 여지가 없었네요ㅠㅠ더블룸 하나 남은거 삼십만원 정도에 간신히 집어들었어요. ], 긍정 텍스트 확률 : 65.91%"
"[개월 아기와 놀아주기엔 아직은 엄격진지한 대자연입니다.조카가 조금 더 크면 다시 오기로 하고 수영장으로 급히 이동 ], 긍정 텍스트 확률 : 67.12%"
"[저녁은 딱히 먹을 메뉴가 생각나지 않고 운전해서 나가기 귀찮기도 해서 호텔 내 뷔페식당을 갔어요.음식 종류가 전반적으로 다 맛있어서 다음날 아침 뷔페도 기대되더군요 ㅋ저녁먹고 리조트 안에 있는 편의점과 기념품 샵에서 소화시킨 뒤], 긍정 텍스트 확률 : 99.55%"
"[다음날을 위해 일찍 취침했죠. ], 긍정 텍스트 확률 : 52.80%"
"[층에는 니모와 도리가 반겨주고 있구요.츄라우미 수족관 안 가기 잘 한 듯 캬캭 ], 긍정 텍스트 확률 : 78.34%"
"[기름값도 돌려줄 때 엔 주유했구요.가격이 저렴한 만큼 안 좋은 일들이 생겨 다음번엔 렌트할 때는 꼭 비싸더라도 좋은데서 하자고 마음먹고ㅠㅠ ], 긍정 텍스트 확률 : 78.03%"
"[돌아갈 땐여신님이 기다려주고 있군요. ], 긍정 텍스트 확률 : 82.69%"
"[츄라우미 수족관 안 간 이유는 사실담에 또 오려는 핑계를 만든거였다능그러니 담번에 또 보자 오키나와야오키나와 다이스키 .?오키나와오키나와.?대한항공대한항공.?개월아기와여행개월아기와여행.?몬트레이호텔몬트레이호텔.?베셀호텔베셀호텔 ], 긍정 텍스트 확률 : 53.62%"
"[ 온천도 있고 조용조용한 분위기가 마음에 들어서그러나 신랑이 토스카나로 가자고 해서 급변경 ], 긍정 텍스트 확률 : 86.35%"
"[우리집 필수품 리틀라이프가방...건이가 뛰면 잡을 수가 없기에.... 꼭 저렇게 가방을 메고 끈으로 잡고 다녀하는데....지나가는 사람들 마다 웃는........ ], 긍정 텍스트 확률 : 82.30%"
"[제주도 토스카나 더블룸으로 예약했는데...수영장 뷰는 아쉽게도 트윈룸이여야 가능하다는 사실...이걸 알았다면... 트윈룸으로 예약했을텐데 매우 아쉬웠어요. 저녁에 수영장뷰가 매우 굿이더라고요], 긍정 텍스트 확률 : 97.95%"
"[그래도 신랑 임직원몰에서 포인트로 완전 저렴하게 결제했으니 만족만족], 긍정 텍스트 확률 : 71.82%"
"[제주도 토스카나 호텔 화장실음... 깔끔하고 완전 좋아요. ], 긍정 텍스트 확률 : 86.55%"
"[우리의 강건씨도 맘에 드는 표정 ], 긍정 텍스트 확률 : 83.60%"
"[다음날 아침 제주도 토스카나 호텔 조식 먹으러 고고 ], 긍정 텍스트 확률 : 83.52%"
"[방문한 연예인 사진과 싸인이 장식 되어있더라고요. ], 긍정 텍스트 확률 : 75.37%"
"[건이 오자마자 의자도 셋팅해주시고 아기 수저도 셋팅어린이 식판도 있고 좋더라고요 ], 긍정 텍스트 확률 : 58.09%"
"[제주도 토스카나 호텔 조식 후기는음... 음식도 나쁘지 않았어요첫날 보다 둘째 날 조식이 더 맛있더라고요.흑임자 죽이 있었는데 진짜가지수도 생각보다 많고 기대 안하고 먹었는데 생각보다 나쁘지 않아서 먹기 잘했다 생각이들었어요. ], 긍정 텍스트 확률 : 60.53%"
"[집에가는 마지막이 날씨가 제일 좋았네요 ], 긍정 텍스트 확률 : 63.91%"
"[제주 토스카나 호텔 수영장수영장 오픈은 월 일부터라고 하네요여름에 오면 진짜 좋을 것 같아요. ], 긍정 텍스트 확률 : 71.39%"
"[너무 예쁜 토스카나 수영장 기회가 된다면 여름에 다시 오고 싶은 호텔이에요. ], 긍정 텍스트 확률 : 98.40%"
"[저녁이 훨씬 더 예쁜 호텔이에요.수영장 옆에 스크린도 있고], 긍정 텍스트 확률 : 82.35%"
"[신랑 임직원몰 포인트로 온거라], 긍정 텍스트 확률 : 64.23%"
"[ 아기와 함께하기 편한 곳], 긍정 텍스트 확률 : 92.27%"
"[깨끗한 곳], 긍정 텍스트 확률 : 88.76%"
"[수영장이 괜찮은 곳], 긍정 텍스트 확률 : 95.24%"
"[그러면서도 가격도 괜찮은 곳이었다.열심히 찾던 중 내 눈에 딱 들어온 디아넥스 호텔결과적으로 참 잘한 선택 암튼], 긍정 텍스트 확률 : 99.09%"
"[너무 좋았던 디아넥스 호텔 포스팅을 룸컨디션수영], 긍정 텍스트 확률 : 84.18%"
"[층 방으로 배정받았다. 호텔 자체가 층이 최고층뷰는 산방산 쪽 바다가 보이는데 워낙 멀기도 하고 우리가 간 날은 안개도 상당해서 보일듯 말듯했다. 뷰는 포기 ㅋ이 호텔을 예약할 때 가장 마음에 들었던 건 마루바닥이라는 것.주구장창 기어다니는 개월 초록이에겐 마루바닥이 제격이다. 카펫은 탈락역시나 초록이 내려놓지마자 여기저기 다니느라 바쁘다.문을 열고 들어오자마자 첫느낌이 깨끗], 긍정 텍스트 확률 : 89.36%"
"[침구도 보송보송 좋았다.침대 모서리에 모서리방지캡까지 해놓은 센스 ], 긍정 텍스트 확률 : 57.82%"
"[인용 패브릭 쇼파에는 얼룩이 더러 묻어있는것 외에 전반적인 룸 청결도는 굿 ], 긍정 텍스트 확률 : 76.05%"
"[그리고 서랍을 열면 일회용 칫솔], 긍정 텍스트 확률 : 60.72%"
"[어째 여기 오니 비는 더 오는 것 같고 왠지 협재는 맑을 것 같고ㅋㅋ ], 긍정 텍스트 확률 : 65.53%"
"[미니 건조대가 있어 빨래를 말렸는데 하나도 안마를 것 같더니 역시나 다음날까지 마르지 않았다는 슬픈 이야기 ], 긍정 텍스트 확률 : 97.03%"
"[초록이를 믿으니까], 긍정 텍스트 확률 : 72.15%"
"[제일 먼저 수영복 입고 기다리는 중꾸러기 식사교실 보고 있음 ㅋㅋ엄마가 보고 싶다 아들그리고], 긍정 텍스트 확률 : 99.03%"
"[영상에 대한 아기들의 집중력은 놀랍다.수영하러 가자요], 긍정 텍스트 확률 : 62.38%"
"[인기 리조트 리스트추천 포인트 편 ], 긍정 텍스트 확률 : 68.41%"
"[편 보러가기], 긍정 텍스트 확률 : 55.55%"
"[인기리조트리스트추천포인트 ], 긍정 텍스트 확률 : 79.58%"
"[콘도 동 그리고 년 월 신설된 아넥스 동 까지 이렇게 총 개의 동으로 이루어진 전 객실 오션뷰의 리조트입니다.모든 객실에 주방이 있으며 오키나와의 다른 리조트 객실보다 넓은 구조이기 때문에 가족 단위의 오키나와 자유여행객들에게 큰 호응을 얻고 있으며 투숙객들의 체류를 지원하는 약 종의 렌탈 아이템을 준비하고 있습니다.이에 더해 리조트 부지 내에는 곳의 레스토랑과 카페가 있어 음료나 디저트를 테이크 아웃하실 수도 있으며. 곳의 수영장 테라스에서 한가로이 시간을 보내시는 것도 추천합니다.], 긍정 텍스트 확률 : 90.70%"
"[전 세계 호텔 비교 사이트 실시간 검색 결과로], 긍정 텍스트 확률 : 56.61%"
"[이 가격은 변동될 수 있습니다.], 긍정 텍스트 확률 : 71.46%"
"[인기리조트리스트추천포인트 ], 긍정 텍스트 확률 : 79.58%"
"[오키나와 최고의 경승지 하면 떠오르는 만좌모를 대항하는 또 다른 경승지인 만자 케이프 반도 전체를 호텔 리조트로 사용하고 있는 인터컨티넨탈만자비치리조트.], 긍정 텍스트 확률 : 85.47%"
"[일본 유명 여행 잡지에도 에메랄드 빛 아름다운 해변을 지닌 리조트로 자주 선정되면서 오키나와 자유여행객들의 눈길을 사로잡고 있는 곳입니다.], 긍정 텍스트 확률 : 93.95%"
"[이 곳 리조트에서는 년 내내 해양 스포츠를 즐기실 수 있는데요 그 중에서도 단연 눈에 띄는 것은 오키나와 유일의 벤치 시트 타입의 파라셀링을 즐길 수 있다는 점입니다. 최대 명까지 벤치에 앉아서 편하게 파라셀링을 즐기실 수 있습니다.], 긍정 텍스트 확률 : 99.80%"
"[또한 리조트 로비에서 초에 위치한 야외 가든 풀은 초봄부터 월 초순까지 이용이 가능한 것도 이 곳의 자랑입니다.], 긍정 텍스트 확률 : 91.25%"
"[전 세계 호텔 비교 사이트 실시간 검색 결과로], 긍정 텍스트 확률 : 56.61%"
"[이 가격은 변동될 수 있습니다.], 긍정 텍스트 확률 : 71.46%"
"[노래장], 긍정 텍스트 확률 : 74.11%"
"[ 오키나와자유여행인기리조트리스트추천포인트 오키나와메리어트리조트스파 ], 긍정 텍스트 확률 : 79.58%"
"[오키나와 최대급 길이 의 거대한 수영장이 매력인 리조트입니다.객실은 평방 미터 이상으로 전 객실 오션뷰의를 자랑하는 넓은 객실에는 한쪽 벽면이 유리로 된 크리스탈 테라스가 설치되어 있어객실 내에서도 탁 트인 해방감을 맛볼 수 있습니다.], 긍정 텍스트 확률 : 97.47%"
"[서두에 언급한 길이 의 수영장 외에도 수심 .의 어린이 수영장이 하나], 긍정 텍스트 확률 : 75.82%"
"[이렇게 총 가지 풀이 있으며 기타 시설로는 전망대], 긍정 텍스트 확률 : 56.85%"
"[거품 목욕을 즐길 수 있는 바스 등 다양한 시설을 이용하실 수 있습니다.], 긍정 텍스트 확률 : 86.25%"
"[기타 시설로 특히 추천하는 것은 길이 .의 워터 슬라이드로 이 길이는 오키나와 현에 있는 리조트 중에서 단연 긴 길이를 자랑하기 때문에 어린이신장이상뿐만 아니라 어른들도 스릴을 느끼실 수 있습니다.], 긍정 텍스트 확률 : 88.92%"
"[전 세계 호텔 비교 사이트 실시간 검색 결과로], 긍정 텍스트 확률 : 56.61%"
"[이 가격은 변동될 수 있습니다.], 긍정 텍스트 확률 : 71.46%"
"[다른 오키나와 자유여행 포스팅 보러가기], 긍정 텍스트 확률 : 50.01%"
"[열흘 남짓 남겨두고 호텔을 미친 듯이 검색맘에 드는 녀석들은 이미 방이 없거나 왕복 비행기 곱절이나 되는 비용. 이런.. 쒸..드됴 찾아낸 호텔 인텔리전트 아넥스결과는 대만족히로시마 역 남쪽 출구로 나와 구글맵 켜고 죽 걷는다.가뿐한 성인이면 분 정도?우린 개월 뚜와 함께그래도 분 남짓..], 긍정 텍스트 확률 : 78.08%"
"[낭만의 전차촌스럽게 흥분 흥분], 긍정 텍스트 확률 : 52.07%"
"[마침 청소된 방이 있다며 들어보내준 친저리들 ], 긍정 텍스트 확률 : 77.04%"
"[트윈룸입니다. 트윈룸은 건물 코너에 있어요방에 창문이 무려 개탁 트인 이런 전망을 마주할 수 있어요강과 브릿지], 긍정 텍스트 확률 : 63.20%"
"[이 창문 저 창문어디서 봐도 강 조망 ], 긍정 텍스트 확률 : 73.76%"
"[일본의 다른 호텔보다 룸이 넓어요 큰 캐리어를 펼쳐놓고도 넉넉해요 ], 긍정 텍스트 확률 : 51.52%"
"[도큐핸즈를 쉼 없이 쌰핑한 우리.쉬어쉬어번화가 핫초보리와는 전차로 정거장아무 부담 없이 들어와 쉽니다 ], 긍정 텍스트 확률 : 50.83%"
"[두 번째 먹을 때 찍었던 사진..첫날은 사실... 이렇게 맛있을 줄 몰랐어.. ㅋ아쉬운 마음에 담아 갑니다 ], 긍정 텍스트 확률 : 99.48%"
"[식당도 전경이 아주 굿 ], 긍정 텍스트 확률 : 91.97%"
"[ 아이와 제주여행 숙소 추천 호텔리조트키즈펜션 비교 ], 긍정 텍스트 확률 : 58.11%"
"[안녕하세요. 디테일의 여왕입니다.박일간의 제주여행 후기를 마치고], 긍정 텍스트 확률 : 82.39%"
"[별외로 제주도 숙소 선정시 고민했던 사항들을 한 번 정리해볼까 합니다.아이와 함께 제주도 여행 가실 때 조금이나마 도움이 되셨으면 하는 마음으로..], 긍정 텍스트 확률 : 91.01%"
"[최근 새로 생긴 켄싱턴 호텔까지....저는 켄싱턴만 빼고 모두 숙박해본 경험이 있습니다.숙박가격을 고려하지 않고 어디가 제일 좋았나 생각해보면], 긍정 텍스트 확률 : 56.24%"
"[당연 신라 갑ㅎㅎ신라해비치롯데 신라는 호텔리어들이 정말 친절하고], 긍정 텍스트 확률 : 68.26%"
"[젊고 잘생긴 직원분이 유모차를 저보다도 더 잘 접어요..가족 단위 손님들이 많다보니 다들 유모차 접기], 긍정 텍스트 확률 : 68.28%"
"[호텔 안에서만 박일 놀아도 충분한 프로그램과 시설들이 있죠. 따뜻한 온수풀], 긍정 텍스트 확률 : 95.40%"
"[예쁜 산책로], 긍정 텍스트 확률 : 88.10%"
"[기타 키즈 프로그램들..등등아... 포스팅하다보니 너무 가고 싶습니다... ㅋㅋ근데 치명적인 단점이 있어요 바로 가격... 제주도 호텔 중 가장 비쌉니다.ㅠ보통 비성수기 주말성수기 평일엔 박 만원대], 긍정 텍스트 확률 : 98.12%"
"[눈물을 머금고 다른 호텔로 눈을 돌리게 되는 이유이기도 합니다. ], 긍정 텍스트 확률 : 66.40%"
"[역시 직원들이 매우 친절하고 어린 아이들에게 친화적인 호텔입니다.다른 호텔은 저녁 시면 키즈카페 문을 닫는 데 비해 해비치 놀멍은 밤 시까지 오픈하므로], 긍정 텍스트 확률 : 97.92%"
"[룸서비스 가격이 착하다는 것도 큰 장점 중 하나예요.리조트와 통로가 연결되어 있어 편의점], 긍정 텍스트 확률 : 70.59%"
"[세탁실 이용이 가능하며], 긍정 텍스트 확률 : 51.21%"
"[마지막으로 롯데... 는 제 기대에 약간 못 미쳤던 곳입니다.롯데호텔의 규모가 매우 크다 보니 프론트에서 객실룸까지의 이동루트가 너무 길었고], 긍정 텍스트 확률 : 96.46%"
"[아이와 함께 산책하기엔 풍차가 있는 것보다 아기자기한 정원이 더 나은 것 같습니다.개인적으로 아이가 있는 가족에겐 롯데보다 신라나 해비치같이 객실규모가 더 작은 호텔이 더 적합할 것 같다는 느낌.장점이라면], 긍정 텍스트 확률 : 94.87%"
"[성급 호텔 중 가장 저렴한 가격과 수영장해온의 온수풀이 다양하게 잘 되어있다는 점.그리고 딸이 있다면 한 번쯤 키티룸에서 숙박해볼만 하다는 점.작년인가 올해 중문관광단지에 새로 생긴 이랜드 계열의 켄싱턴호텔.키즈프로그램이 매우 잘 되어있기에 올해 제주여행때 여기서 묵어볼까 하고 고민을 많이 했으나], 긍정 텍스트 확률 : 83.44%"
"[결국 선택에서 제외했었죠.아쉬운 마음에 한 번 방문해봤는데], 긍정 텍스트 확률 : 81.75%"
"[깨끗하고 모던해보이는 내부와 매우 잘 꾸며진 산책로를 보니 언제 한 번 오고 싶단 생각이 듭니다. 가격은 롯데와 비슷한 수준인 것 같았어요. ], 긍정 텍스트 확률 : 92.92%"
"[가격 경쟁에서 탈락했어요ㅋㅋ근데 지금 다시 찾아보니 박 만원대로], 긍정 텍스트 확률 : 87.56%"
"[더포그레이스리조트와 비슷한 수준으로 가격이 내려갔네요..디아일랜드 마리나는 객실룸 안에 싱크대가 있어서 간단한 취사가 가능하다는 점이 큰 장점입니다.단], 긍정 텍스트 확률 : 53.55%"
"[이제 제주 서쪽으로 넘어가보겠습니다. 앞에서 소개한 디아일랜드 마리나와 같은 계열사로 보이는 디아넥스.마룻바닥에 유아 수영장이 따로 있고], 긍정 텍스트 확률 : 81.43%"
"[관광지로의 접근성이 유리한 위치. 가격대도 만원대로 괜찮으며], 긍정 텍스트 확률 : 58.97%"
"[온천을 즐길 수 있는 메리트까지.여기는 이동경로상 다른 키즈펜션과 경쟁후보에 나란히 올렸다가], 긍정 텍스트 확률 : 94.94%"
"[결국 아이를 위한 선택으로 키즈펜션에게 밀려났네요.ㅎ하지만 다음 기회에 꼭 숙박해보고 싶을 정도로 좋아보입니다. ], 긍정 텍스트 확률 : 94.05%"
"[중문관광단지 쪽에 위치하고 있어], 긍정 텍스트 확률 : 62.99%"
"[끝까지 숙소 후보에 올려놨던 곳이예요.수영장이 온수풀이고], 긍정 텍스트 확률 : 84.97%"
"[리조트 숙박시 객실이 넓고 취사가 가능하여 아이들과 함께 가족단위로 오기 좋은 곳.하지만 저희는 여행 달 전까지도 소셜사이트에 사전 예약이 풀리질 않아서 그냥 포기했습니다. 다음 제주도 여행시 여기서도 꼭 묵어보고 싶어요.조식도 꽤 맛있어 보이더라고요. ], 긍정 텍스트 확률 : 95.24%"
"[서귀포 중문관광단지와 가까운 곳에 위치한 또다른 중저가 호텔], 긍정 텍스트 확률 : 85.48%"
"[파크선샤인.블로그 후기를 보니 꽤 깔끔해보였지만], 긍정 텍스트 확률 : 63.56%"
"[별다른 특징이 없는 듯 하여 .아이와 함께 하는 여행이다 보니], 긍정 텍스트 확률 : 63.17%"
"[새로 지어진 곳들보다 시설도 그냥 그럴 듯하여], 긍정 텍스트 확률 : 60.42%"
"[제주 섬오름호텔.바닷가 근처라 경치도 좋고], 긍정 텍스트 확률 : 91.64%"
"[중문 쪽에 위치한 제주 씨에스호텔앤리조트.주변 경치가 아름답고 한옥 스타일의 건물이 특이해서 드라마에도 여러 번 나왔다고 합니다.사진 보자마자 와 하고 감탄했으나], 긍정 텍스트 확률 : 84.34%"
"[오래되어서 낡은 시설과 벽지에 여기저기 곰팡이가 피어있었다는 후기를 보곤 포기했습니다.ㅠ새로 깨끗하게 리모델링한 뒤라면 숙박 의지 충분히 있어요ㅎㅎ ], 긍정 텍스트 확률 : 97.56%"
"[메종글래드 디럭스 온돌룸.구 그랜드호텔을 리모델링하여 새롭게 탄생한 호텔이라고 합니다.저는 아이와 함께 여행하기에 뒹굴뒹굴 구르면서 잘 수 있는 온돌방이 훨씬 편한데요], 긍정 텍스트 확률 : 97.53%"
"[ 온돌방이 있는 몇몇중저가 호텔들은 청결 상태에 의심을 하게 되는 후기들도 있었는데], 긍정 텍스트 확률 : 87.31%"
"[이 곳은 꽤 깔끔해보이는 게 괜찮을 듯 했습니다.키즈카페와 수영장도 있어 아이들 놀기에도 좋을 것 같았고요.하지만 공항 근처라서 관광지 다니기에 위치가 그리 편하진 않았고], 긍정 텍스트 확률 : 55.04%"
"[온돌룸으로 선택할 경우 숙박가격도 꽤 있었습니다. ], 긍정 텍스트 확률 : 86.64%"
"[디아일랜드 마리나와 동일한 계열사인지], 긍정 텍스트 확률 : 60.73%"
"[제주도에는 정말 좋은 숙소들이 많은 것 같아요.이 많은 곳들], 긍정 텍스트 확률 : 95.90%"
"[죽기 전엔 다 가볼 수 있겠죠?ㅋ ], 긍정 텍스트 확률 : 64.46%"
"[먼저 저희가 최종 결정한 키즈펜션은 올해 새로 생긴 흰수염고래리조트였습니다.블로그 검색하다가 우연히 발견한 곳으로], 긍정 텍스트 확률 : 96.73%"
"[환경 친화적인 인테리어가 돋보이는 곳입니다.하지만 박 만원대로 왠만한 호텔들에 못지 않은 숙박가격이 단점입니다.아이들이 명 정도 있는 가족에겐 적합한 곳일 듯 합니다. ], 긍정 텍스트 확률 : 99.15%"
"[여전히 모던하고 깔끔한 인테리어가 돋보입니다.실내에 아이들 장난감이 참 많고], 긍정 텍스트 확률 : 79.95%"
"[작지만 미끄럼틀이 딸려있는 침대도 있습니다.숙박가격은 박 만원대. 독채 키즈펜션 가격대 역시 다 비슷 비슷하군요.아이들이 둘 이상만 되어도 이런 곳에 묵으면 참 좋을 텐데.. 하고 아쉬워해봅니다. ], 긍정 텍스트 확률 : 97.93%"
"[여긴 풀빌라가 있는 키즈펜션이였던 듯 한데], 긍정 텍스트 확률 : 60.96%"
"[이름이 뭐였는지 잘 기억이 안 나요..풀빌라 펜션에 관심있는 분들은 한 번 링크 타고 들어가보세요], 긍정 텍스트 확률 : 69.71%"
"[ 이 글에 인용된 모든 숙박업체는 순전히 블로그 후기 검색으로 찾아낸 곳들이며], 긍정 텍스트 확률 : 77.74%"
"[. 개인적인 하소연..며칠 전], 긍정 텍스트 확률 : 63.88%"
"[뜬금없이 모 한의원이 제가 작성한 관련된 포스팅들에 대해 전부 게시중단을 요청했습니다. 한동안 까맣게 잊고 있었던 사건인데...네이버에서 검색해보니 아직 달 남짓밖에 되지 않은 사건임에도 불구하고 블로그에서 모든 관련 글들이 사라졌더군요.소비자의 알 권리보다 더욱 중요한 것이 사기업의 권리 보호던가요?억울한 마음에 네이버 측에 항소를 요청했는데], 긍정 텍스트 확률 : 90.65%"
"[홍보 글만 가득하고 불만이나 단점이 담긴 글은 거의 찾아볼 수 없는 현실이 매우 안타깝습니다.저 또한 이번 기회를 통해 뼈아픈 경험을 했기에], 긍정 텍스트 확률 : 93.87%"
"[세수하고 옷입고 조식먹으러 고고디아넥스 호텔 조식은 참 소박하고 간소했다.첫날엔 솔직히 좀 실망했었는데 그래도 먹을만한거 다있고 애기도 먹을 것도 있고 나쁘지 않다는 생각이 들었다.조식을 중요하게 생각하는 사람들은 조식 후기를 한번 찾아보고 가는 것도 나쁘지 않을듯나만 첫날 뾰로통했고 울 남편과 미니미는 불만없이 만족 ㅎㅎ ], 긍정 텍스트 확률 : 67.85%"
"[배도 부르고 외출하기전에 너무나 맘에 들던 테라스에서 제주 전경을 즐겨본다.빌딩슢이 아닌 자연속에 녹아든 느낌조용하다 못해 고요한 느낌이 드는 아침이런 느낌 얼마만인지...객실수가 적어서인지 사실 다른 숙박객을 만나기도 쉽지 않았다.내가 원하던 거였다. ], 긍정 텍스트 확률 : 98.84%"
"[정말 가을하늘이었다.높고 푸른사실 이날 저녁부터 태풍이 온다고 해서 오전부터 서둘러 움직였다.태풍 차바...그렇게 무서울 줄은 이때까지 전혀 예상하지 못했고...ㅠ.ㅠ ], 긍정 텍스트 확률 : 95.54%"
"[제주 디아넥스 호텔디아넥스 호텔은 이렇게 아담하다.제주도에 녹아든 듯한 호텔.참 그리고 여기 아라고나이트 온천이 유명하다고 해서 온것도 있었는데정말 좋다부들부들우유빛 온천물인데 온천에도 사람이 없어서 거의 내가 전세내 듯이 사용했다.골프치고 나서 사우나 하러 오시는 분들을 한두번 마주쳤을 뿐이다. ], 긍정 텍스트 확률 : 76.81%"
"[오우 좋다.여기 유명하다던데 이유가 있었네. ], 긍정 텍스트 확률 : 64.53%"
"[진짜 내 평생 이런 바람은 처음이었다.유모차가 밀리는 기분.앞서가는 사람들 모자가 날라오는거 예사.머리를 묶어도 머리가 미친듯이 풀어헤쳐졌다.그 와중에 우리 미니미는 제일 신남...... ㅋㅋㅋ ], 긍정 텍스트 확률 : 68.46%"
"[송악산 둘레길 주상절리는 마치 호주 그레이트 오션로드를 보는 느낌이 들었다.스케일은 다르지만 그런 느낌적인 느낌.저 사진 찍는데 진짜 바람때문에 저 절벽으로 떨어질 것 같은 무서움이 드는 바람이었다.저기까지 갔다가 내려옴 ㅎㅎㅎ나중에 미니미가 더 잘 걷게되면 송악산 둘레길을 온전히 누려보리라 ], 긍정 텍스트 확률 : 74.96%"
"[제주 올레시장귤 하르방그냥 호텔에 가려다가 태풍오니까 뭐라도 사가지고 들어가자라고 해서 또 급하게 올레시장에 갔다.ㅋㅋㅋㅋ스케줄따위 없는 우리...올레시장은 공영주차장도 잘 되어 있어서 주차하고 구경하기 편했다.귤 하르방에 줄 서있길래 사봄. ], 긍정 텍스트 확률 : 51.18%"
"[달인수산미니미가 어묵먹던 가게에서 꼬마김밥을 사고 건너편 달인 수산에서 회를 포장했다.맛집따위 검색 안하고 그냥 보이는데서 사온 우리.그래도 다 만족스러웠다. ], 긍정 텍스트 확률 : 59.21%"
"[ .?제주도박일제주도박일대학생때부터 넘 가고 싶었던 제주.?포도호텔포도호텔스무살 때 모 교수님께서 제주도 가면 여기 가봐라. 너무 좋다. 했던 걸기억해뒀다가 드디어 가봤네요 ㅋㅋ다녀 온 결과 조식 빼고 대 만족 조식은 따로 포스팅 하겠습니다], 긍정 텍스트 확률 : 84.80%"
"[체크인 하고 룸 안내 해주시는 복도 오른편에는 사용 할 수 있는 곳이 있었습니다.이용시간은 새벽 시부터 밤 시까지 프린터 이용시엔 인쇄비용 청구됩니다. ], 긍정 텍스트 확률 : 50.84%"
"[침대에서 보이는 모습.티비는설치 되어 있었습니다 ], 긍정 텍스트 확률 : 67.82%"
"[옷장 안 쪽에 있던 금고그리고 바닥에 체중계도 있었어요.둘째날 잔뜩 먹고 체중계 쟀더니 ... 몸무게 심각하더라고요 .......한달에이상 찌면 안된다던데 ... ㅠㅜ ], 긍정 텍스트 확률 : 72.71%"
"[다음은 욕실.욕실도넓은 편이라맘에 들었어요], 긍정 텍스트 확률 : 72.71%"
"[바디밤 등 있고요.칫솔], 긍정 텍스트 확률 : 63.67%"
"[한실은 히노끼욕조가 있는데 양실엔 일반 욕조가 있어요.양실에도 온천수는 나옵니다 그리고 욕조 크기는 한명 들어갈 수 있는 사이즈였습니다. ], 긍정 텍스트 확률 : 73.10%"
"[다음은 미니바녹차 티백], 긍정 텍스트 확률 : 54.30%"
"[오렌지쥬스 병 이렇게 있었습니다.웰컴 과일 빼곤 숙박하는 동안 채워주시니까 맘껏 드세요 전 맥주를 못 마셔서 ... 너무나 아쉬웠습니다 ㅠㅜ ...대신 남편이 다 마셨어요 ㅋㅋ ], 긍정 텍스트 확률 : 67.59%"
"[호텔 슬리퍼 갈아신고 사진 남기기 ㅋㅋ ], 긍정 텍스트 확률 : 79.98%"
"[객실이용규정물품 대여 서비스만 적어보자면노트북], 긍정 텍스트 확률 : 52.99%"
"[마지막 날 체크아웃 전 포도호텔 테라스 동영상입니다 소리 주의 이상 제주 포도호텔 디럭스 양실 숙박 후기 끝], 긍정 텍스트 확률 : 73.91%"
"[ 떠나요 제주도 여행 뒷이야기 편비행기], 긍정 텍스트 확률 : 78.90%"
"[ 할 수 있을때 하자 ], 긍정 텍스트 확률 : 79.71%"
"[ 소 잃고 외양간 고치지 말기제인생 모토라서피곤한 감이 없지 않아 있지만짬을 내어 작성해요 ], 긍정 텍스트 확률 : 57.46%"
"[제주도 여행은 요 가지부터 예약하면서시작하는 것 같아요.복잡한건 싫어하는 알콩맘은알콩파파에게 그 어렵다던], 긍정 텍스트 확률 : 54.24%"
"[ 알.아.서.미션을 던져줬어요 ], 긍정 텍스트 확률 : 54.56%"
"[ 시간전에 도착해서체크인짐공항 보안 확인만거치면 되므로 매우 간단하나..탑승전 아기 기저귀맘마 챙길시간까지생각해서 좀 더 여유롭게 출발하시길추천해요 ], 긍정 텍스트 확률 : 69.08%"
"[ 아기 등본생년월일 확인만 있음 되요이륙할때 간혹 귀가 멍 할 수 있으므로알콩맘은 빨대컵을 챙겨틈틈히 먹였어요], 긍정 텍스트 확률 : 73.37%"
"[이번 여행시 효자 아이템 등록이유식 먹일때], 긍정 텍스트 확률 : 81.95%"
"[스테인레스로 위생도 굳제주공항 도착 후 렌터카 번 게이트에서셔틀버스수시로 운행 탑승 후 분 거리에 위치한], 긍정 텍스트 확률 : 97.29%"
"[산 근처에 있고 싶었던 마음에 결정했어요 ], 긍정 텍스트 확률 : 80.53%"
"[ 해비치는 웬만한 유아용품을 무료로 대여 가능하기 때문에 사전에 꼭 예약을하시길 추천하고 ], 긍정 텍스트 확률 : 66.57%"
"[ ....대에 접어든 세친구 여행.개월에 접어든 아기와 엄마], 긍정 텍스트 확률 : 61.92%"
"[ 우리 중 유일하게 운전할줄 아는 임산부], 긍정 텍스트 확률 : 69.22%"
"[ 둘째날부터는 계속 화창해서 다행. ], 긍정 텍스트 확률 : 76.24%"
"[ 배고픈 우리의 첫 일정은 제주도 흑돼지 먹으러가기.제주 현지 친구에게 추천받은 식당 포도원에 갔다.같이 먹은 김치찌개와 냉면은 별루였지만고기는 인정 ㅋㅋㅋㅋㅋㅋㅋㅋㅋ ], 긍정 텍스트 확률 : 85.48%"
"[이마트에서 야식거리와 맥주를 사들고 숙소로 갔다.장시간 비행으로 지쳤을 친구들과 아이를 위해 무리한 여행은 하지 않기로둘째날], 긍정 텍스트 확률 : 68.31%"
"[ 가장 먼저 눈에 띈 와이키키 제주.넓은 주차장 어디서든 앉아서 먹을 수 있고], 긍정 텍스트 확률 : 72.04%"
"[돗자리와 간이 테이블도 몇개 놓여있었다.두시쯤 갔는데 주문이 밀려서 분정도 기다린것같다.그리고 우리가 먹기 시작할 쯤엔 재료가 다 소진되어서 마감. ], 긍정 텍스트 확률 : 95.65%"
"[ 소화시킬겸 협재해수욕장에 왔다.이곳 바다 색은 언제나 한결같이 예쁘다. ], 긍정 텍스트 확률 : 53.36%"
"[ 저녁먹으러 숙소 주변 식당을 찾으니], 긍정 텍스트 확률 : 61.72%"
"[편의점에서 사온 제주맥주.식당에서 바로 먹는것만 못하지만 그래도 맛있는 한끼였다. ], 긍정 텍스트 확률 : 51.59%"
"[ 여행 셋째날], 긍정 텍스트 확률 : 75.16%"
"[ 초입부터 끝까지 데크가 깔려있어 유모차 끌고 산책하기 좋은 곳이다. ], 긍정 텍스트 확률 : 78.86%"
"[ 카페에서 바라보는 경치가 엄청 좋다.파스타 전문점인데], 긍정 텍스트 확률 : 66.20%"
"[비주얼로 보나 냄새로 보나 진짜 맛있어 보였다.하지만 우리가 마신 커피는 네스프레소 캡.슐.커.피.우리 셋다 라떼를 주문했는데], 긍정 텍스트 확률 : 73.89%"
"[ 거품기로 거품낸 우유에 커피를 직접 타마셔야했던...담엔 커피말고 파스타먹으러 꼭 한번 다시 와봐야겠다. ], 긍정 텍스트 확률 : 96.44%"
"[ 커피마시면서 기다리고 있는데], 긍정 텍스트 확률 : 82.41%"
"[ 명진전복에서 생각보다 빨리 연락이와서 분만 기다려달라고하고 얼른 달려갔다.나오는 길에 카페 입구에서 만난 귀여운 강아지 ], 긍정 텍스트 확률 : 74.94%"
"[ 드디어 명진전복 입성.우리 셋다 기다리는거 진짜 싫어하는데 진짜 맛있다는 친구의 말과], 긍정 텍스트 확률 : 96.95%"
"[안먹으면 후회라는 후기들을 보니 꼭 먹고싶어졌다. ], 긍정 텍스트 확률 : 85.96%"
"[ 인 전복돌솥밥과 전복구이 주문. ], 긍정 텍스트 확률 : 50.87%"
"[ 진짜 너무 너무 맛있었다 ㅠㅠ사진보니까 또 먹고시품 ㅠㅠㅠㅠ앞으로 제주도에 간다면 매번 꼭 찾아먹어야겠다. ], 긍정 텍스트 확률 : 98.24%"
"[ 이 근처 종달리카페들이 유명하다던데], 긍정 텍스트 확률 : 65.12%"
"[ 그중에서도 우리가 가려고 했던 미남미녀카페는 쉬는날이라 그냥 편하게 쉴 수 있는 아무 카페나 가기로했다.첫번째로 들렀던 카페 달리.바다가 보이는 푹신한 자리는 이미 누군가 차지했고], 긍정 텍스트 확률 : 64.43%"
"[ 다음으로 들린 지미 스테이 앤 카페.건물이 되게 멋있었다.펜션 겸 카페라 이곳도 전문적인 카페는 아닌듯했다. ], 긍정 텍스트 확률 : 74.74%"
"[ 일광욕도 하면서 여유를 느끼고 왔다. ], 긍정 텍스트 확률 : 71.33%"
"[ 해지기 전에 숙소로 돌아와서이날 저녁은 호텔 레스토랑에서 먹었다.디아넥스 호텔이 좀 외진 곳에 위치했지만 자연경관은 정말 멋있었다. 특히 해질녘 풍경.밤엔 별도 엄청 많이 볼 수있음. ], 긍정 텍스트 확률 : 92.07%"
"[ 마지막날 아침], 긍정 텍스트 확률 : 90.53%"
"[숙소 옆에 있는 본태박물관을 안보고 가면 아쉬울 것 같아서 개장시간에 맞춰 방문했다. ], 긍정 텍스트 확률 : 62.10%"
"[비오토피아 투숙객은 입장료를 할인받을 수 있다. ], 긍정 텍스트 확률 : 65.98%"
"[ 안도 다다오가 설계한 본태박물관.자연과 어우러진 콘크리트 건물에서 고요하고 정적인 느낌을 받았다.내부는 촬영금지라 내 눈에 잘 담아왔다. ], 긍정 텍스트 확률 : 80.37%"
"[ 유일하게 실내 촬영이 가능했던 쿠사마 야요이 전. ], 긍정 텍스트 확률 : 69.11%"
"[더 숙연하게 보게 되었던 작품. ], 긍정 텍스트 확률 : 79.27%"
"[ 본태박물관을 끝으로 박일 제주여행을 마무리 짓고 돌아왔다.친구 아이까지 함께해서 더 기억에 남았던 여행.앞으로 또 언제 이렇게 다같이 떠날지 모르겠지만], 긍정 텍스트 확률 : 98.34%"
"[멀지 않은 때였으면 좋겠다.이 친구들과의 여행은 무엇으로도 대체할 수 없는 것이니까. ], 긍정 텍스트 확률 : 59.62%"
"[ 이 포스팅에서 소개해드릴 물건은 이번달에 인기 많은 물건입니다 쿠팡내 상품코드 ], 긍정 텍스트 확률 : 79.32%"
"[ 원 입니다 할인이면 얼마정도일까요 이 아넥스디럭스유모차은 세일가 자주 변동됩니다.현재 얼마에 판매중인지 궁금하신가요? 아래쿠팡사이트에서 확인해보세요재고량도 확인가능합니다 품절이 생길 수 있으니 확인해보세요 . 지금 판매가는? 확인해보기 세일을 세게하거나 일부 한정판을 판매 할 때가 있으니 바로 확인해보세요 구매옵션으로는 아넥스디럭스유모차준비되어 있습니다.사용기를 훑어보면 대체적으로 별점이 높은 제품입니다. 아넥스에서 만든 제품들이 가심비도 좋아서적립금은 최대 ], 긍정 텍스트 확률 : 55.27%"
"[쿠팡활동 일환으로 이 글이 작성되었습니다 그에 따른 보상을 받습니다], 긍정 텍스트 확률 : 66.86%"
"[금일 제품 정말 마음에 쏙 드실꺼에요], 긍정 텍스트 확률 : 88.55%"
"[쇼핑꿀팁을 드립니다 현재 이 아넥스디럭스유모차 빅딜중입니다 제품일련번호코드 원래 정가가 현재가는 얼마일지 확인해보세요. 가격변동이 있는 제품중 하나입니다. ], 긍정 텍스트 확률 : 75.05%"
"[사진으로 봐서는 거의 갖고싶죠세련되게 잘 만들어졌습니다아넥스에서 만든거라 품질은 믿고갑니다쿠팡에서 사면 총알배송되고 가격도 현재 할인중이라 상당히 매력적입니다.이글 올리는 기준일 시 분 가격이라 재확인해보세요. 할인액이 커졌는지 동일한지할인비율이 종종 달라집니다. 이 블로그에 할인율을 기억해서 꼭 비교해보세요 . ], 긍정 텍스트 확률 : 99.13%"
"[특가전으로 할인금액 대박 크게해서 한정수량을 판매 때가 있으니], 긍정 텍스트 확률 : 71.06%"
"[지금 체크해보세요아넥스디럭스유모차 유의사항에도 별다른건 없지만 그래도 한번 보세요 ], 긍정 텍스트 확률 : 93.07%"
"[제조국 ■ 제조국폴란드■ 제조사아넥스구매옵션이 이렇게 준비되어 있습니다아넥스디럭스유모차구매평 확인해보시고], 긍정 텍스트 확률 : 56.57%"
"[지금 구매하시면 최대 ], 긍정 텍스트 확률 : 72.70%"
"[적립금도 받으세요아넥스디럭스유모차 리얼 구매평 확인제품 실사용후기 보기 ], 긍정 텍스트 확률 : 57.78%"
"[ 지금 아넥스 유모차를 구매하시면 레카로의 바구니형 카시트 프리비아를 개월간 무료로 렌탈서비스를 해드리고 있습니다. 따로 구매나 렌탈비 들일 필요없이 아넥스 유모차 하나로 신생아 시절의 유모차 카시트 고민을 해결하세요], 긍정 텍스트 확률 : 68.56%"
"[나는곧부자앗 고객님도 물론 이용가능하십니다. 로 전화주시면 처리 도와드리겠습니다], 긍정 텍스트 확률 : 90.81%"
"[레카로이벤트송도 베페때 샀는데 바구니 카시트 대여 저도 가능한가요..?ㅠㅠ], 긍정 텍스트 확률 : 54.25%"
"[스칼렛또로 문의주시면 상담 도와드리겠습니다], 긍정 텍스트 확률 : 85.76%"
"[ 소중한 구매후기 감사합니다 와 함께 즐거운 생활하시길 바랍니다], 긍정 텍스트 확률 : 99.69%"
"[답변을 늦게 달아드리네여ㅜㅜ눈대중으로 봤을땐 도 정도 올라가는거같아요.도움이되실지는 모르겠지만 참고용 사진 같이 올려드릴게요. 최대한 올려서 찍은 사진이에요], 긍정 텍스트 확률 : 99.68%"
"[안녕하세요 아넥스 입니다. 배시넷의 경우 도 정도 까지 올라오며 시트유닛의 경우 최대 눕는 각도는 도 정도입니다. 감사합니다.], 긍정 텍스트 확률 : 85.34%"
"[레카로이벤트안녕하세요. 혹시 위 사진에 검정색버튼 용도가 뭘까요?? ㅎ], 긍정 텍스트 확률 : 51.94%"
"[안녕하세요 아넥스 입니다. 위 사진이라면 배시넷 안쪽 버튼을 말씀하시는거 같은데 버튼의 용도는 배시넷의 캐노피를 뒤로 젖힐때 필요한 버튼입니다.], 긍정 텍스트 확률 : 76.57%"
"[ 참고하겠습니다 감사합니다], 긍정 텍스트 확률 : 71.25%"
"[와 여기 궁금했는데 감사합니다], 긍정 텍스트 확률 : 82.24%"
"[ 와자세한 설명덕에 여행분위기가 머리속에 그려졌어요모레 출발이라 메모합니다저도 아이가 있어서 일정에 많이 참고되네요꿀후기감사합니다], 긍정 텍스트 확률 : 96.05%"
"[도움되셨음 좋겠어요], 긍정 텍스트 확률 : 75.41%"
"[제대로 자세히 쓰셧네요 감사드려요], 긍정 텍스트 확률 : 72.52%"
"[도움이 되셨음 다행입니당], 긍정 텍스트 확률 : 62.21%"
"[와 상세한 후기 너무 감사해요여행갈때 큰 도움이 될것 같아요], 긍정 텍스트 확률 : 93.12%"
"[도움되었음 다행이에요 여행 잘 다녀오세여], 긍정 텍스트 확률 : 93.63%"
"[온천 찾아보고 있었는데후기감사합니다저희도 대라 아쿠아플렛함 가봐야겠어요], 긍정 텍스트 확률 : 97.10%"
"[네넹 대 이벤트 누려보세여가족관계증명서 챙기시구요], 긍정 텍스트 확률 : 56.85%"
"[확실히 무게감은 휴대용이나 절충형에 비해 있더라구요ㅠㅠ 차가 없어서 혼자 있을땐 아기띠나 슬링 또는 유모차 무조건이거든용... 고민 되네요 ㅠㅠ], 긍정 텍스트 확률 : 84.78%"
"[역시 디럭스는 무게가...ㅠㅠ 전 면허가 없어서 혼자 나가면 뭐라도 태우거나 슬링이나 띠 등등 사용각이에요ㅠㅠ 일단 계획은 둘째도 있어서 남편이 중고말고 새거 구입하자더라구용 ㅠㅠ 친언니가 굳이굳이 디럭스 준다고 사지말랬는데도.....ㅋㅋ 전 디럭스 받고 나중에 휴대용이나 사고싶은디..ㅋㅋ], 긍정 텍스트 확률 : 94.96%"
"[전 뚜벅이 아이둘 엄마에요. 저는 윗분들과 다르게 큰애는 디럭스로 키웠어요. 둘째가 이제 돌이 지나서 휴대용 좋은걸로 샀는데 아무래도 아이한테 편한거나 안정감 그리고 제가 끌어보니 턱 넘어가거나 할때는 사실 디럭스가 훨씬 좋긴하더라구요. 어차피 먼곳 외출할 땐 신랑이 같이 하니 머 무거워도 제가 폴딩하진 않아서 디럭스 불편함 없이 잘 썻어요. 지금도 휴대용보단 디럭스가 전 편해요ㅜ 휴대용은 말그대로 휴대용인거 같아요제 개인적인 생각입니당ㅎㅎㅎ], 긍정 텍스트 확률 : 99.94%"
"[오 저도 뚜벅이라 고민하는거거든요ㅠㅠ 휴대용이 가볍고 편해서 휴대용 들이면 결국 다들 차에 실어두고 휴대용 쓰시는거 많이 봤는데...제가 차가 없는게 문제라ㅠㅠ 저도 멀리갈땐 어차피 차 있어야해서 남편이 폴딩해야하고...생활패턴 생각하면 디럭스각인데... 디럭스가 호불호가 많아서미치겠어요ㅠㅠㅠㅠ], 긍정 텍스트 확률 : 82.31%"
"[가볍다 이거 하나같다는...개인적인 생각입니다..], 긍정 텍스트 확률 : 58.67%"
"[역시 무게군요 ㅋㅋㅋㅋ 사용하는 사람마다 다르네여 육아용품...그래서 진짜 더 어려운거 같아용...ㅋㅋ], 긍정 텍스트 확률 : 93.16%"
"[ 해선식당 텐동 소자가 밥만 적나보네요 위에 튀김들은 어마어마한게 다른 일반 대자와 비슷해보이네요 다음주 가는데 꼭 먹어야겠어요], 긍정 텍스트 확률 : 63.63%"
"[안녕하세요갤 아이와 부산 출발 여행 준비중이에요. 후기 넘넘 감사해요], 긍정 텍스트 확률 : 99.54%"
"[저희도 월에 베셀로 예약했는데 남은 여행 즐겁게 하세여후기도 남겨주세요], 긍정 텍스트 확률 : 81.08%"
"[너무 좋아보이네요ㅎ], 긍정 텍스트 확률 : 98.43%"
"[아이데리고 다니디 너무 좋죠? 이제 오키나와에 마법에 걸리실꺼예요 저는 작년월에 시작해서 내일 또 번째 오키나와입니다 이젠 아이가 오키나와를 찾아요 ㅎ], 긍정 텍스트 확률 : 96.44%"
"[정말 좋아보여요저도 올 월에 아가랑 여행가서 즐거웠음 좋겠네요ㅎㅎ], 긍정 텍스트 확률 : 99.80%"
"[애기랑 함께하기 정말 좋은 곳이네요], 긍정 텍스트 확률 : 98.99%"
"[맞아요...오키나와 진짜 깨끗하고 친절하고...자꾸 가고싶은 매력이 있어요 ㅎㅎ], 긍정 텍스트 확률 : 89.05%"
"[해선식당 꼭 들려보고 싶네요], 긍정 텍스트 확률 : 86.33%"
"[ 하비 이지워커 접기도 편하고 가격대도 좋고 다른 디럭스에 비해 가볍고 핸들링도 좋아욤], 긍정 텍스트 확률 : 97.00%"
"[ 후기 잘 읽었어요 저희아이도 많이 예민해서 첫여행이 너무힘들어서 마음접고 딱 살부터 여행다니기 시작했는데 지금 세인데 많이 바뀌고 매일 오키나와 노래를 해요 아이들은 정말 크면서 많이 바뀌더라구요 요건 작은 팁인데 약국에서 손세정제 에탄올 작은거 하나사서 가방에 넣어 다니면서 수시로 비벼 닦아주니 맘도 편하고 아이도 덜아픈거 같더라구요 다음 여행은 분명히 아이도 엄마도 더 행복할거라 믿어요 고생하셨어요], 긍정 텍스트 확률 : 100.00%"
"[아아기에게 소독용 손세정제 쓸수있단 생각을 못했나봐요. 앞으로도 가지고 다니며 해줘야겠어요. 꿀팁 감사해요 사실 넘 힘들었어서 한 년후에나 또 갈수있을까? 생각이 드는데... 북부를 못다녀온 아쉬움이 너무 남아... 내년쯤 다시 도전해봐야겠어요 ㅎㅎ 꿀팁 감사합니다 ], 긍정 텍스트 확률 : 94.51%"
"[아구 고생하셨어요ㅜㅜ 저는 세 쌍둥이 데리고 왔는데 개월 왔을적 보다 훨씬 살만하네요 입짧고 초 예민한 녀석들인데 저도 요령이 생겨 어떻게 챙겨먹이게 되어식당에선 진짜 안먹네여 ㅠㅠ 더 통통해져 가는듯요 ㅋㅋㅋㅋ 다음에 좀 더 길게 북부여행 꼭 가셔보시길 바래요 아픈아이 간호 ㅜㅜ 힘내시구요], 긍정 텍스트 확률 : 99.95%"
"[아 ... 챙겨먹이셧군요 챙겨먹여야햇는데 박일 엄마편하고자 굶겻네요ㅠㅠ 담번엔 챙겨먹이는 여행 해볼게요 ㅋㅋㅋ 감사합니다], 긍정 텍스트 확률 : 94.32%"
"[네 나아서 이제 영양제열시미챙겨먹이고 어디나갈때 신생아마냥 먹을거 챙겨다니려고 오늘도 먹을거 챙겨 나왔어요 ㅋㅋ 안먹이느니 뭐라도먹이는게 맞는거같아요 이번에 경험해보니ㅋ 올해 살인데 살 살 되면 나아지겟죠? ㅋㅋ 관심가져주셔서 감사해요♡], 긍정 텍스트 확률 : 77.07%"
"[아 유튜브에서 다운로드받을수가잇더라구요유투브 영상 다운로드 치니까 나와서 다운로드받앗어요 ㅎㅎ], 긍정 텍스트 확률 : 85.56%"
"[개월맘오감사해요💗], 긍정 텍스트 확률 : 62.08%"
"[저도 갤아기랑갈까하는데 두렵네요ㅠㅠ], 긍정 텍스트 확률 : 79.28%"
"[참고되셨다니 저도 기분이 좋아요 ㅎ], 긍정 텍스트 확률 : 83.45%"
"[생생한 후기 잘봤어요오라방횟집 주차힘들어서 뺑뺑돌았던일 생각나네요ㅎㅎ], 긍정 텍스트 확률 : 93.78%"
"[저는 점심시간 피해가서 바로 앞에 주차했어요 ㅎ 또 먹고 싶네요 ㅋ], 긍정 텍스트 확률 : 98.12%"
"[시간상 더마파크랑 점보빌리지 둘중 하나 보라면 더마파크가 낫겠죠? 더마에서 협재 넘어갈라했는데 그렇게 가셨다니 맘이 놓이네요ㅎㅎ감사해요 ㅎ], 긍정 텍스트 확률 : 95.44%"
"[저라면 더마파크요 ㅋ 더마파크랑 협재 가까와요], 긍정 텍스트 확률 : 92.52%"
"[좋은글 잘봤습니다. 이번 여행은 색시님이 일정 짜보기로 했는데 이 글 참고하라고 보여줬어요 ㅎㅎ감사합니다], 긍정 텍스트 확률 : 97.54%"
"[즐거운 여행 되세요 또 가고잡네요 제주 ㅎ], 긍정 텍스트 확률 : 97.98%"
"[ 후기 잘봤어요], 긍정 텍스트 확률 : 76.83%"
"[가을에 개월 아기 데리고 갈 예정이라 많은 도움 됐어요감사해요ㅎ], 긍정 텍스트 확률 : 88.69%"
"[월에 아기대리소 제주 여행계획중인데 후기 잘봤습니다 도움많이됐어요 감사합니다], 긍정 텍스트 확률 : 94.61%"
"[월 개월되는아가랑 갈 계획인데 글 감사해요], 긍정 텍스트 확률 : 74.02%"
"[와 정말 고맙습니다 ], 긍정 텍스트 확률 : 66.36%"
"[와 진짜 박일 알차게보내셨네요.근데 롯데호텔안묵으셨는데해온이용하셨나요?아기데리고 제주여행계획중이었는데 많은도움되었습니다.], 긍정 텍스트 확률 : 90.77%"
"[ 사진과 글 너무 잘봤어요저는 일출발이고 카후박 예약했는데 궁금한게 있어서요 저는 별관 스위트룸 예약했는데 아넥스동 스위트룸과 다른건물인가해서요 ], 긍정 텍스트 확률 : 89.05%"
"[침대 네개 코너스위트룸이지요? 같은 아넥스동입니다 즐겁고 화창한 여행되세요], 긍정 텍스트 확률 : 67.33%"
"[침대 네개 스위트룸이시지요? 저흰 침대 개 아넥스스위트룸이었구요 같은 아넥스동입니다 아넥스동 코너 스위트룸으로 알고 있어요 즐겁고 화창한 여행 되세요], 긍정 텍스트 확률 : 89.06%"
"[저는 싱글침대 두개에요아넥스동 맞군요답변 감사해요], 긍정 텍스트 확률 : 85.99%"
"[ 세세 딸둘이 함께 지낼수있을까요?? 시부모님이라 점 불편할거같기도해서그냥 객실을 두개로 해야하나...아님 함께 지낼수 있다면 함께 지내야하나 고민이네요...일단 명이 지낼수있는지가 궁금하네요... 침대가 동남아나 괌리조트들처럼 넓은 더블베드면 딸래미들 하나씩 끼고 자면 될텐데 그냥 볼땐 침대가 그리 넓어보이진 않네요 ㅜ], 긍정 텍스트 확률 : 60.47%"
"[인디감사합니다], 긍정 텍스트 확률 : 81.07%"
"[인디중남부에서 지낼땐 인디님이 알려주심 문오션 이용하면 될거같구요 혹시 북부쪽에서도 하루 이틀 쉴까 하는데 저희 조건에 맞는 숙소 추천할만한곳 있을까요??], 긍정 텍스트 확률 : 85.01%"
"[아우 정말정말 감사드려요이렇게 디테일하게 답변해주시니 넘 감사해용], 긍정 텍스트 확률 : 96.27%"
"[ 공항에서 오는데 가는데 차 찾고 반납하고이런거 걸린 시간 알려주셔서 많이 도움될꺼 같아요개월아기도 데리고 잘 다녀오셨네요 ㅎ사실 애가 더 크면 클수록 더 힘든거같기도하고 ㅎㅎ], 긍정 텍스트 확률 : 98.72%"
"[저희도 평일인데 기대해봐야겠네요감사합니다], 긍정 텍스트 확률 : 93.32%"
"[채도주맘네넹ㅎ 업글꼭되시길빌께욤], 긍정 텍스트 확률 : 94.73%"
"[여기까페에올려주신거 다운받아서갔어요], 긍정 텍스트 확률 : 63.28%"
"[ 가격 엔 내신거죠??엔이라고 되있어서요 ㅎ저도 다음주에 박일로 대가 가거든요 ㅎㅎ], 긍정 텍스트 확률 : 94.48%"
"[카야아 렌트비용까지군요 ㅎㅎ], 긍정 텍스트 확률 : 79.79%"
"[말씀하신와이파이 정보좀 알수있을까요?ㅎㅎ], 긍정 텍스트 확률 : 50.43%"
"[저 후라노호스텔 예약 컨펌은받은 메일에 답장으로 하셨는지요?주말포함이지만 일이 지나도록 메일 개봉을 안하셔서요], 긍정 텍스트 확률 : 50.82%"
"[카야어머나 스팸메일함에 있었네요 감사합니다], 긍정 텍스트 확률 : 84.34%"
"[ 포도호텔은 호텔자체가 너무 예쁜거 같아요], 긍정 텍스트 확률 : 56.62%"
"[가고싶은 목록에 포도호텔있었는데ㅡ이렇게 자세히 설명해주시니 너무 좋네요], 긍정 텍스트 확률 : 95.55%"
"[가고싶은 목록에 포도호텔있었는데ㅡ이렇게 자세히 설명해주시니 너무 좋네요], 긍정 텍스트 확률 : 95.55%"
"[포도호텔은 정말 좀 특별하죠. 전 곧 디아넥스 가는데 후기 감사해요], 긍정 텍스트 확률 : 83.69%"
"[ 저도 카후에서 박하고 어제 돌아왔습니다. 입구는 정말 공감 ㅋㅋ 저도 쉐라톤에서 유턴 ㅎ 즐거운 여행되세요], 긍정 텍스트 확률 : 98.82%"
"[전 그저께 입국했습니다 겹친 날도 있네요 반갑습니다 쉐라톤서 유턴할 차들 많겠더라구요ㅋㅋ 아직 한국 적응이 안되서 멍때리고 있습니다 오키나와 투명한 바다와 파란 하늘이 그립네요], 긍정 텍스트 확률 : 76.23%"
"[애기가 너무 귀엽네요], 긍정 텍스트 확률 : 91.63%"
"[감사합니다], 긍정 텍스트 확률 : 84.51%"
"[정보 감사합니다], 긍정 텍스트 확률 : 84.51%"
"[정보 감사합니다], 긍정 텍스트 확률 : 84.51%"
"[정보 감사해요], 긍정 텍스트 확률 : 84.51%"
"[감사해요ㅎ], 긍정 텍스트 확률 : 94.73%"
"[ 와이프 자고있을때 주변둘러보고 다음날 먹을거 챙기고...좋은 아빠네요], 긍정 텍스트 확률 : 99.14%"
"[ 엄청나게 리얼한 여행기네요 글도 넘 잘쓰시구요 스크랩해두고 내달 여행할때 참고하겟습니다. 땡큐요], 긍정 텍스트 확률 : 93.64%"
"[감사합니다], 긍정 텍스트 확률 : 84.51%"
"[너무 재밌어서 졸린 눈을 억지로 비벼가며 정독했어요 번 봐도 재밌을 후기예요 저도 도미인 아넥스로 가거든요 아이둘 데려가는데 바닥에 이불깔고 잘 공간이 나올까요? ㅋㅋㅋㅋ], 긍정 텍스트 확률 : 97.38%"
"[날씨가 맑았네용자세한후기 감사해요], 긍정 텍스트 확률 : 66.34%"
"[후기 넘 재밌어요ㅋㅋㅋ자세히적어주셔서 많은도움될것같아여고맙습니다좋은하루되세요], 긍정 텍스트 확률 : 99.33%"
"[곧 가려는데 좋은정보가 많네요 감사합니다], 긍정 텍스트 확률 : 93.89%"
"[후기 너무 감사합니다월에가는데 비행기표만 구입했어요ㅜㅜ막연했는데 정리잘해준 후기있어서 일정짜는데 도움될꺼같아요], 긍정 텍스트 확률 : 64.61%"
"[후기 감사합니다. 혹시 숙소정보 부탁드려도될까요?], 긍정 텍스트 확률 : 91.86%"
"[ 좋아보이네요.ㅎ], 긍정 텍스트 확률 : 96.40%"
"[좋더라구요], 긍정 텍스트 확률 : 88.39%"
"[즐거운 여행 좋아요], 긍정 텍스트 확률 : 96.24%"
"[저도 좋습니다.], 긍정 텍스트 확률 : 90.08%"
