"[이제다가올 봄을 맞이하여 아들을 위해휴대용 유모차를 준비했습니다], 부정 텍스트 확률 : 74.07%"
"[ 짜잔아발론 슈퍼슬림 휴대용유모차가도착하였습니다 여행을 좋아하는 우리 가족을 위해기내반입이 가능한 유모차로선택하였죠 ], 부정 텍스트 확률 : 91.02%"
"[ 조립은 바퀴 개], 부정 텍스트 확률 : 64.64%"
"[안전가드], 부정 텍스트 확률 : 53.29%"
"[플라스틱제크기는 무게는 . ], 부정 텍스트 확률 : 84.60%"
"[ 사용연령은 신생아부터 개월까지 이내의 아기가 사용하기에 좋답니다 지금 개월], 부정 텍스트 확률 : 57.14%"
"[ 벨트는 안전한 점식 벨트예전에 벨트의 중요성을 잊고 사용하다가한눈 판 사이 아들이 유모차에서 내릴려다가떨어질뻔한 아찔할 기억이 있는데그 이후론 안전벨트는 필수로 착용시킨답니다ㅠㅠ안전벨트를 풀시에 사진상의 중앙부를눌러주면 풀어지는 간단한 방식이라편했어요], 부정 텍스트 확률 : 61.75%"
"[ 오염 방지 매쉬 단조절 발판사진으로 보시듯 이렇게 각도 조절이가능해서 아이의 성장에 맞게조절 하여 사용하기 좋아보였어요 ], 부정 텍스트 확률 : 76.70%"
"[ 사실 바퀴를 처음 봤을때 내심 실망을조금 했었는데요 ㅋㅋㅋ 너무 흔하디 흔하게 생겨먹었다며ㅋㅋ그런데 알고 보니 평범한 바퀴가 아니더군요사진상 화살표가 가르키는 부분을 보시면아시겠지만 앞], 부정 텍스트 확률 : 96.90%"
"[ 뒤 바퀴에 개의 독립 서스펜션으로 충격과 흔들림을최소화시켜 준다고 합니다 그리고 부드러움 승차감을 위한볼베어링이 총 개가 장착되어바퀴당 개개회전축개완벽한 핸들링을 구사한다니기대되는걸요], 부정 텍스트 확률 : 93.52%"
"[ 아발론 ], 부정 텍스트 확률 : 53.29%"
"[슈퍼슬림 휴대용유모차튼튼한 아노다이징 프레임에사이에 보이는 문구가 눈길을 끄는군요], 부정 텍스트 확률 : 72.48%"
"[ 개인적으로 이 휴대용유모차가마음에 드는 또 하나바로 최대 도 까지 등받이를눞힐 수 있다는 장점입니다 휴대용유모차 치고 이렇게 등받이의각도가 조절이 되는 제품은 처음보았어요아이가 유모차에서 잠이 들었을때각도 조절이 많이 안되어 불편했던 적이많았기에 저에겐 굉장히 특별한 기능으로느껴졌다죠 도], 부정 텍스트 확률 : 82.19%"
"[도 단계로 조절이가능해요 ], 부정 텍스트 확률 : 66.00%"
"[ 통풍창이 있어서 여름에 굉장히 효과적으로사용할 수 있을꺼 같았어요사진으로 봐도 뻥뚤린 기분이죠?유모차에 아이를 태우고 산책하다가시원한 나무 그늘 아래 세워두고이렇게 통풍을 시켜주면아이가 잠이 솔솔 잘오겠군요 ㅋㅋ ], 부정 텍스트 확률 : 69.48%"
"[ 캐노피 뒷쪽엔 수납공간이 있답니다 간단하게 소지품이나 스마트폰], 부정 텍스트 확률 : 72.58%"
"[ 지갑등을 보관하기 좋을꺼 같아요 ], 부정 텍스트 확률 : 59.93%"
"[ 브레이크 레버에요발로 레버를 딸깍 소리가 날때까지눌러주면 바퀴가 고정되구요 우측레버를 위로 올리면 해제가 된답니다좌측 ], 부정 텍스트 확률 : 94.97%"
"[처음 본 휴대용유모차에대한 반응이 어떨지 살펴볼겸앉혀봤습니다], 부정 텍스트 확률 : 82.44%"
"[ 그 순간 ㅋㅋㅋ 희번득 거리는아들의 눈초리 를 발견 ㅋㅋㅋ사진찍다가 깜놀했다는 ㅋㅋ무슨 표정일까요 ㅋㅋㅋ날 모델로 썼으니 과자를 준비해라는 표정 같기도 하구요 ㅋㅋ ], 부정 텍스트 확률 : 93.06%"
"[ 이제 아발론 슈퍼슬림 휴대용유모차의하이라이트이지폴딩 원터치 로 휴대용유모차를접었다 폈다 할 수 있는 기능인데요], 부정 텍스트 확률 : 94.22%"
"[ 이 아발론유모차 같은 경우 조금특이했습니다왼쪽 사진의 제 왼손을 보시면핸들을 쥐고 있죠?핸들을 돌려 아래로 힘을 주면폴딩이 된답니다], 부정 텍스트 확률 : 83.19%"
"[ 폴딩을 한 상태는 매우 컴팩트한사이즈로], 부정 텍스트 확률 : 89.08%"
"[기내반입은 물론자동차 트렁크], 부정 텍스트 확률 : 75.15%"
"[경차 앞좌석까지좁은 공간에서도 세워서 보관이가능해요 ], 부정 텍스트 확률 : 60.81%"
"[ 아발론 슈퍼슬림 휴대용유모차를접는 참고 영상이에요], 부정 텍스트 확률 : 96.10%"
"[ 펴는 방법까지참고하시구요], 부정 텍스트 확률 : 54.97%"
"[ 아발론유모차에 아이를 태우지 않고접어서 이동해야 된다면?걱정 캐리어 기능도 있어서손잡이를 잡고편하게 끌고 다니면 된답니다ㅋㅋ ], 부정 텍스트 확률 : 65.08%"
"[ 아발론 ], 부정 텍스트 확률 : 53.29%"
"[휴대용유모차인데 반해장점이 많아 인기가 많을듯한 유모차임에는분명해 보이는군요 그럼 돌아오는 사용후기 탄까지기대해주세용 ], 부정 텍스트 확률 : 87.87%"
"[와이업지니 이런걸 추천하던데초경량 유모차의 정의부터 제대로 짚고 넘어가야할 듯ㅋ광고인지 분간안되는 답글때문에 짜증만 남여기서 말하는 초경량이라는건본체무게 이하를 말한다내가 지금 쓰는 타보 베이지스텝이 가 넘음.요요도 마찬가지. 비슷한 모양새의 모델들 다 대라고 보면 됨.그게 어떻게 초경량이냐고요...........?내가 찾는 초경량 유모차는. 본체무게 이하. 각도조절 필요없음. 기본프레임에 천만 씌운 가벼운 형태. 접었다 폈다 쉽고. 어깨 한쪽에 걸쳐매기 쉬운 그런 유모차.여기서 기본 전제는 아기가이미 충분히 잘 걷는 아이 여야 한다.이런 초경량 유모차가 필요한 이유 자체가애는 이미 혼자서도 잘 걷지만가끔 한번씩 못 걷겠다 안으라 하거나잠들어 버렸을 때 안고 다니기 벅찬 무게 이상기 때문에간단하게 태우고 다닐 유모차가 필요한거다.그리고 특히 뚜벅이일 경우.애짐가방유모차??? 몇야 진짜...넘는 유모차는 이미 애유모차만 해도 인데...검색을 좀 해보니], 부정 텍스트 확률 : 100.00%"
"[이런 초경량휴대용 유모차들은유모차 타기도 민망한 나이인데 걷기 싫어하는 애를 둔 부모님들이나뚜벅이로 여기저기 많이 다니는 분들해외여행 가는데 급하게 저렴한거 하나 사고싶은 분들이 주로 사시는 듯.아발론 슈퍼라이트쿨키즈플러스웰본 로브스또 플러스젤 많이 쓰는 건 아발론], 부정 텍스트 확률 : 96.02%"
"[ . 쿨키즈 플러스 ], 부정 텍스트 확률 : 62.92%"
"[ . 웰본 로브스또 ], 부정 텍스트 확률 : 62.92%"
"[ 초경량 휴대용 유모차의 경우 서로서로 크게 차이는 없는 것 같다.높이는 다들전후이고시트폭도정도.접는 법은 뒷바퀴 위에 고리를 접어서 장우산처럼 길게 접는거고각도조절은 도 정도 된다고 광고하지만 사실상 별 의미는 없고장바구니도 작아서 별 의미없고안전바는 추가로 구매가능하지만 안전바가 있으면 접는게 안된다는미니포켓과 컵홀더를 사은품으로 주지만 후기를 보면 질이 좋지는 않다고 하는.정말 딱 초경량 휴대용이라는 기능에 충실한가격대도 만원 후반만원 후반대로 비슷하게 설정되어 있다.차이가 뭐가 있나 봐보니쿨키즈는 등받이 제일 윗 부분과 차양 사이가 뚫려있고아발론], 부정 텍스트 확률 : 99.84%"
"[웰본 막혀있음아발론 안전바는 가운데 열림버튼으로 눌러서 양옆으로 엘리베이터문처럼 열리는게 편해보인다.쿨키즈], 부정 텍스트 확률 : 72.44%"
"[웰본은 그냥 일자임주의?해야할 단점으로는 아무래도 가벼운 유모차다 보니까손잡이 부분에 짐을 많이 걸면 뒤로 넘어가는 경우가 있다고 하니 주의해야할 것 같고아기를 태운 상태에서도 짐이 너무 무거워서 넘어간 경우가 있다고 본 것 같다.디럭스나 타보 등에 비해 바퀴가 작으니 딱 그정도의 승차감과 핸들링일 것이고시트가 작아서 ], 부정 텍스트 확률 : 99.28%"
"[ 살 큰 아이들은 좀 끼거나두꺼운 옷 입었을 때 안전벨트가 여유없이 빡빡하다.. 는 후기를 봄.아마 개 유모차 다 거기서 거기일 것 같다.저 비슷비슷한 스펙을 보건데 어느 하나가 크게 좋거나 나쁘거나 할 수가 없음 ㅋㅋ아무튼 그래서 뭘 사야할지 고민이란 말이지..내 주변 애기엄마들은 아직 다 요요타보 수준의 유모차를 타고 다녀서저런 초경량 유모차가 있는 엄마는 아직 없다.담주에 친정가면 애기랑 지하철타고 국중박 가려고 했는데어린이대공원 상상나라도 가야하는데그 전까지 사야한다.......... 뭐사지...... ], 부정 텍스트 확률 : 67.65%"
"[ . 구매후기 추가댓글로 많이들 궁금해 하셔서], 부정 텍스트 확률 : 93.20%"
"[의식의 흐름대로 써봅니당. 긴글주의저는 웰본샀어요. 다른 이유는 없구요 그냥 손잡이 높이가 이게 젤 높아서 요걸로 샀습니다.추석즈음 날씨기 너무 안좋아서 대중교통 이용은 못해봤구 동네에서만 주로 몰았어요.참고로 우리애는 개월입니다. 키는 에 몸무게는 사이.가격은 만 천원인가? 주고 샀어요. 컵홀더랑 핸들바 다 포함해서요.생각보다 괜찮아요. 핸들링 주행성 다 기대이상가격대비입니다.다만 손잡이 모양 특성상 한손핸들링은 힘들어요. 한손으론 방향컨트롤이 잘 안됩니다.대신유아차 고리 따로 필요없어요. 손잡이에 가방이나], 부정 텍스트 확률 : 99.57%"
"[톨은 억지로 꽉 끼면 들어갈까?싶은데 안빠질것 같아서 시도는 안해봄.그래서 그냥 빼놨어요. 그냥 테이크아웃컵 잡고 동시에 핸들잡고 밀고다니는데 할만해요.접고 피는게 좀 번거로워요. 왜냐믄 핸들바를 제거하고 해야되니까?만약 대중교통 타고 나갈거라면 첨부터 핸들바 없이 나가는게 접고 피기 수월할것 같고.쿨키즈나 아발론보다 접고피는데 한단계가 더 있는 느낌이라 좀 번거로울수도?다 접은다음에 옆에 고리로 꽉 끼우는게 있는데 이게 좀 악력이 약하거나 하면 힘들수도 있음.등받이 단계로 조절된다고 해서 아 허접하다 했는데 생각보다 유용합니다.애가 잠들었을 때 뒤에 벨트 풀러주면 목이 덜 꺾어요.그리고 정말 의외였던 점.우리애 한정 유아차에서 잘 잡니다. 헐헐헐.우리애는 아주 아가때 말고는 앉고], 부정 텍스트 확률 : 95.44%"
"[기기 시작한 이후로는 절대 네버 유아차에서 안자는 유난스러운 아기인데.웰본에서 자요. 아마 시트등받이가 천으로 된 자형 구조라 몸이 폭 쌓여서 그런가??아발론], 부정 텍스트 확률 : 92.89%"
"[쿨키즈 다 그러쵸 이건오전낮잠시간에 유아차 태워서 동네 한바튀 도는데], 부정 텍스트 확률 : 89.20%"
"[ 핸들바가 중요하다], 부정 텍스트 확률 : 68.46%"
"[하면 아발론 살 것 같고아발론 핸들이 더 편해보임 가운데버튼땜에], 부정 텍스트 확률 : 63.46%"
"[ 난 애도 많이 컸고 그냥 잠깐 쓰고 말거다], 부정 텍스트 확률 : 95.52%"
"[하면 중고로 나온것 중 아무거나 살 것 같아요.나는 내가 뭘 원하는지 모르겠다], 부정 텍스트 확률 : 55.28%"
"[.?아발론유모차아발론유모차 .?쌍둥이유모차쌍둥이유모차.?휴대용유모차휴대용유모차 ], 부정 텍스트 확률 : 91.72%"
"[ 지난 제주여행을 앞두고], 부정 텍스트 확률 : 57.68%"
"[ 다섯살 딸램과 개월 아들녀석이녀석들을 데리고 여행을 어찌할까?고민하다가 구입하게 된쌍둥이 유모차아발론 쌍둥이 휴대용 유모차입니다.이름 길다 ㅋㅋㅋ ], 부정 텍스트 확률 : 97.13%"
"[ 올 월 쿠팡으로 급 구입한 아발론 쌍둥이 유모차.년형업그레이드 된 버전이죠색깔도 그레이.모던하고 무난한 디자인이예요. ], 부정 텍스트 확률 : 61.28%"
"[ 지금은 좀 더 저렴한 듯 ], 부정 텍스트 확률 : 70.55%"
"[안아달라졸리니 유모차에 눕겠다”등등의 요구가 많은 친구거든요. ㅎㅎ게다가 개월 둘찌는당시에도 에 육박하는 무거운 베이비였어요둘을 안고 힘든 여행을 할것이냐유모차를 두대 가져갈 것이냐.. 고민하다가 결국 여행 며칠 전], 부정 텍스트 확률 : 65.07%"
"[쌍둥이유모차를 구입현재 만족도는 매우 높아요], 부정 텍스트 확률 : 54.45%"
"[ 제주도 여행에서 아주 제대로 활용을 잘 했구요.다만], 부정 텍스트 확률 : 56.84%"
"[얄쌍해서여행용으로는 제격이예요 ], 부정 텍스트 확률 : 90.93%"
"[ 휴대용임을 감안하면 감수하고 쓸 만 합니다. ], 부정 텍스트 확률 : 84.27%"
"[ 이번 괌 여행에서도 없었으면 어쩔뻔 너무 잘 사용했어요. ], 부정 텍스트 확률 : 87.57%"
"[인 남편 모두손잡이때문에 불편하진 않았어요.핸들링 괜찮아요다만], 부정 텍스트 확률 : 85.72%"
"[ 둘이 잠든 모습을 볼 때면그렇게 흐뭇할 수 없다죠 아발론 유모차는 등받이 각도조절이 안되요.그렇지만 애들은 잘자요 ㅋㅋ등판 부분이 약간 해먹느낌이라아이들이 앉으면 편안해보이긴 하거든요불편하면 이리 꿀잠은 안잘텐데], 부정 텍스트 확률 : 99.19%"
"[등받이 각도조절 안됨.휴대용 유모차임을 감안해야 함 ], 부정 텍스트 확률 : 90.30%"
"[ 자녀가 둘인데 첫째가 다섯살이라면들이시길 권해드리구요], 부정 텍스트 확률 : 79.39%"
"[돌잔치가 끝나고], 부정 텍스트 확률 : 77.22%"
"[밀려드는 미세먼지 때문에...진짜 몇일째 집순이 인지 모르겠어요.때문에 요즘 키카로 애기들이 엄청 많이 몰려든다는데괜히 키카 갔다가 감기나 장염이라도 옮아올까봐혼자 섵불리 가지도 못하겠더라구요.그래서 요즘 신생아용품 판 돈으로], 부정 텍스트 확률 : 96.64%"
"[공개해볼게용ㅋㅋㅋ휴대용 윰차가 생겼지만나갈 곳은 차타고 가는 마트 뿐입니다.섣불리 걸어서 마트까지 가는 것도조심스러워용...또르르..그나마 문센은 집앞에서 버스타면], 부정 텍스트 확률 : 92.40%"
"[친정 부모님이 저희를 픽업와주셨고마트 갔다가], 부정 텍스트 확률 : 72.44%"
"[마트안에 소아과에서 돌접종 가지 하공 왔답니당 ], 부정 텍스트 확률 : 83.76%"
"[ 오늘이 마침 삼겹살 데이인거 아시죠?그래서인지 마트에 삼겹살 할인을 어마어마하게 하더라구요둘마트에서는 그람에 원인데], 부정 텍스트 확률 : 93.74%"
"[거기에 또 카드할인 가 되서], 부정 텍스트 확률 : 64.21%"
"[ 거의 키로를 원돈에 업어왔습니당물론 친정엄마 찬스...흐흐흫아기키우고], 부정 텍스트 확률 : 67.97%"
"[마트가는길에 잠이든 또또다행히 또또의 윰차가 도까지 줍혀지고], 부정 텍스트 확률 : 92.69%"
"[풀차양이 되서또또도 한참동안을 딥슬립 했어용 ], 부정 텍스트 확률 : 61.51%"
"[ 거의 도로 눕혀지는데 약간 오목하게 되어 있어서오히려 아기가 더 포근하게 누워있을 수 있떠라구용특히 다리 받침때쪽은 메쉬 받침으로 되어있어서다리를 그냥 막 뻗어도 편하게 받쳐주니제가 직접 누워보지는 못했지만 아기가 잘 자는걸 보니 참 편한가봐용ㅎㅎ ], 부정 텍스트 확률 : 75.34%"
"[ 차양을 풀로 피면 이렇게 윗부분은 메쉬로 되어 있어서 아기 확인하기도 좋공], 부정 텍스트 확률 : 73.57%"
"[ 애착인형이고 나발이고 ㅋㅋ 기절해서 일어나질 못해용ㅎㅎ바퀴쪽에 휠쪽에 서스펜스가 있어서 충격흡수가 잘되구요바퀴마다 볼베어링이 들어있어서 부드럽게 밀려요가뜩이나 마트나 쇼핑몰은 땅이 편편하게 잘 다져져 있어서 더 부드럽게 윰차가 밀리니아기가 요람에서 자듯 정말 잘 잘 수 있는거 같아용 ], 부정 텍스트 확률 : 72.67%"
"[ 오늘 돌접종 가지를 했는뎅], 부정 텍스트 확률 : 56.96%"
"[주사맞을때 간호사님이랑 자기를 꽉 옥죄는 그게 아기를 더 무섭게 하는거 같아용그래도 움직이면 위험하니 ㅜㅜ 안할수도 없공ㅎㅎ윰차를 도 각도로 세워놔서 잠시 앉히며 진정시켰는데곧 이내], 부정 텍스트 확률 : 84.47%"
"[ 윰차가 정말 슬림한 편이라 이렇게 카시트 아랫쪽에 세워서 데리고 다녀도 좋아용ㅎ짐이 많을때는 트렁크에 싣기도 하지만트렁크에서 꺼내고 아기쪽 문열고 하느니 ㅎㅎ그냥 아기쪽 문열어서 윰차 꺼내고], 부정 텍스트 확률 : 59.44%"
"[아기 꺼내 앉히는게 더 수월하더라구요기내반입 가능한 유모차라], 부정 텍스트 확률 : 64.18%"
"[접히면 폭이 .로 접힌다니짐이 많아서 윰차 못가지고 나가겠다 소리가 절로 들어갑니당 ㅋㅋㅋ ], 부정 텍스트 확률 : 84.39%"
"[ 아참], 부정 텍스트 확률 : 60.14%"
"[그리고 제가 윰차 알아볼때 주변사람들 한테들었던 얘기중에바퀴가 개짜리보다 이렇게 링짜리가 핸들링이 더 좋다던데역시나. 좋네용ㅋㅋ서스펜스는 요철이나 충격에 좀 더 안정접으로 잡아주구요브레이크 살짝 잠궈보면 바로 볼베어링이 또르르르 느껴지는데바퀴 안에 알알이 베어링이 있어서승차감이나 핸들링도 부드럽게스르륵 운행이 가능한거 같아용 ], 부정 텍스트 확률 : 74.16%"
"[ 구매에 관심 있으신분들은 요 링크로 고고띵히힛], 부정 텍스트 확률 : 69.18%"
"[오늘 저녁은 신랑 오는 날이에요.약간 오늘이 저희 가족한테는 금요일 저녁같은 날이랍니당.하지만 이렇게 오면 내일 모래 시에는 다시 출근하러가용 ㅜㅜ내일모레는 야간근무라... 신랑은 잠을 자다가 출근해야하기때문에내일 모레는 있으나 마나에용ㅋㅋㅋ내일도 미먼이 심한거 같은뎅 ㅜㅜ또르르. 언넝 또또의 신상 장난감이 왔음 좋겠네용다들 미먼조심하세요저는 요즘 매일 밤마다 기침과의 씨름이랍니당 ㅜㅜ끝까지 읽어주셔서 감사합니당], 부정 텍스트 확률 : 83.93%"
"[내가 내 돈 주고 웬만하면 블로그에 후기를 남기지는 않는데이것도 그냥 복직 준비의 일환이라 생각하고 간단하게 남겨보는아발론 슈퍼라이트 플러스 휴대용 유모차 직접 구입 후기 ], 부정 텍스트 확률 : 94.24%"
"[ 우리집에 있는 휴대용 유모차가 디자인 이쁘고 다 좋은데폴딩이 좀 빡세서 새로운 초경량 유모차를 하나 더 샀다아발론 슈퍼라이트 플러스랑 쿨키즈 플러스를 두고 끝까지 고민하다가그냥 아발론으로 구입생각보다 큰 박스에 좀 당황초경량 유모차라고 해서 샀는데 ], 부정 텍스트 확률 : 51.73%"
"[ 앞바퀴가 빠진 채 와서 직접 조립해야 하는 번거로움이 있는 것 같았지만번거로움은 무슨 그냥 끼우기만 하면 끝똑딱거리는 소리 나면 끝이다넘나 쉬움 ㅋㅋㅋㅋㅋ그 외에 내가 할 건 딱히 없었다 ], 부정 텍스트 확률 : 94.83%"
"[ 아기는 본인 제품이라 그런지 흥미를 가지고 와서 구경하고 만져보는 중...웅 니꺼야 ], 부정 텍스트 확률 : 67.80%"
"[ 사용방법이나 조절방법], 부정 텍스트 확률 : 84.65%"
"[사용 시 주의사항도 한 장이 딸랑 전부일 정도로번거로움이 없다접거나 펼치는 폴딩 언폴딩도 그냥 발로 하면 끝맨발로 하기에는 조금 아프고 신발로 하면 간편했다 ], 부정 텍스트 확률 : 99.45%"
"[ 아직 밖에서 끌어보진 않았지만어차피 실내에서만 끌 용도로 구매했고보도블럭이나 밖에서 끄는 유모차는 따로 있어서 그 부분은 언급하지 않겠음색상은 그레이를 구매했는데 괜찮았다다크그레이보다 나은 것 같기도 하고 ㅎㅎㅎㅎ다만 안전바는 추가구매했는데 다른 사은품으로는휴대용 유모차 컵홀더], 부정 텍스트 확률 : 61.41%"
"[장바구니], 부정 텍스트 확률 : 53.29%"
"[보조가방 개를 주는데보조가방은 조금 거추장스러워서 그냥 빼버렸다], 부정 텍스트 확률 : 76.33%"
"[다른 곳에 달아서 쓸 듯캐노피제외 . 라 확실히 가볍고등받이 조절은 가능하나 잘 안 쓰게 될 것 같으며색상이나 디자인은 좋은 데다가 손잡이가 길어서 키 큰 사람도 불편하지 않고기내반입이 가능하다는 게 장점], 부정 텍스트 확률 : 89.72%"
"[벨트 푸는 게 조금 불편하다 엄청 꽉 눌러야 함아 어깨끈 따로 있는데 이것도 일단 떼버림 ㅎㅎㅎㅎㅎ햇빛가리개는 풀차양이라 이것도 좋은듯 하다], 부정 텍스트 확률 : 83.35%"
"[실내에서만 쓸 거라 상관없을 듯 하지만 ], 부정 텍스트 확률 : 83.10%"
"[안녕하세요 오늘은 베이비셀 이벤트 상품으로 받은 유모차를 포스팅할게요 ], 부정 텍스트 확률 : 65.50%"
"[ 그리고는 홈페이지 이벤트 페이지를 보니 마침 상담 경험이나 보관 후기 작성 이벤트가 있어서 응모해봤지요 ], 부정 텍스트 확률 : 72.84%"
"[ 당첨 운이 많이 없던 터라 기대하진 않았었는데꺅 등이라니등 상품은 아발론유모차예요안 그래도 저희는 중고 아기침대 살 때 판매자분께서 안 쓰신다며 주신 유모차밖에 없었거든요. 이제 울산이 좀 크면 놀러 갈 때 가지고 갈 휴대용유모차가 필요했었는데 너무 잘 됐지요고마워요 베이비셀 사랑해요 베이비셀 ], 부정 텍스트 확률 : 91.71%"
"[ 택배가 왔습니다유모차가 왔습니다 ], 부정 텍스트 확률 : 61.70%"
"[ 박스 해체휴대용이라 그런지 정말 가벼워요몸체를 펼친 후 바퀴만 조립해주면 된답니다. ], 부정 텍스트 확률 : 84.06%"
"[ 울산이를 태워봤어요유모차에 태워서 앞뒤로 흔들어주니 부드럽게 잘 밀려서 그런지 울산이가 좋아하더라고요아직 외출은 못해봤지만 조만간 울산이 데리고 동네 산책이라도 가야겠어요베이비셀 유모차 잘쓸게용 .?베이비셀베이비셀 .?제대혈제대혈 .?제대혈은베이비셀제대혈은베이비셀 .?아발론유모차아발론유모차 .?휴대용유모차휴대용유모차 .?유모차유모차 ], 부정 텍스트 확률 : 91.65%"
"[휴대용유모차 슈퍼슬림 아발론 개봉기 ], 부정 텍스트 확률 : 91.66%"
"[요즘 미세먼지 최악이잖아요..그래서 차 타고 실내 백화점이나 쇼핑몰을 자주 가게 되더라구요.그런데 디럭스를 들고다니자니], 부정 텍스트 확률 : 97.48%"
"[생각만해도 나가기 싫어지고 ㅠㅠ휴대용유모차의 폴딩 끝장판인 슈퍼슬림 아발론 개봉기를 남겨볼게요 ], 부정 텍스트 확률 : 94.25%"
"[ 제가 휴대용유모차를 선택하면서 중점을 둔 기준은가볍고], 부정 텍스트 확률 : 88.66%"
"[그러면서도 안정감있는 주행], 부정 텍스트 확률 : 76.25%"
"[폴딩이 얼마나 얇게 접히길래 박스가 이리 얇은지 놀라울정도였어요. ], 부정 텍스트 확률 : 52.31%"
"[ 부드러운 승차감 을 위해서 볼베어링을 총 개 장착하였다고 해요.그리고 투명휠로 고급스러움과 부드러운 핸들링을 극대화 했어요. ], 부정 텍스트 확률 : 90.50%"
"[ 디자인도 심플하고 깔끔한게 너무 예뻐요.특히 저는 다리 받침이 매쉬 소재라는 점과 신생아부터 최대 개월까지사용 가능하게 와이드시트 라 아이의 신체 사이즈 변화에도 사용이 편리하게 만들었다는 점에서 높은 점수를 주고 싶어요. ], 부정 텍스트 확률 : 99.54%"
"[ 이 부분이 매쉬라서 신발신고 유모차 타도 관리가 편리할 것 같아요.발판은 단 조절이가능하여 아이가 활동할 때는 밑으로 내려서 사용하고], 부정 텍스트 확률 : 53.99%"
"[잠 들었을 때는 일자로 세워주면 편리하답니다. ], 부정 텍스트 확률 : 91.86%"
"[ 풀캐노피로 햇빛을 완벽 차단할 수 있다는 점도 좋아요.중간에 지퍼를 옆면윈도우 뷰로아이가 무얼하고 있는지 확인할 수 있어요. ], 부정 텍스트 확률 : 57.82%"
"[ 휴대용유모차 슈퍼슬림 아발론의 최대 장점은 바로초 폴딩이아닌가 싶어요.정말 리얼 초 폴딩이죠?최대 도에서 도까지 단계로 등받이 조절 이 가능해요.줄이 아닌레버로 조절 이 가능한 점도 아주 만족스러워요.영상으로 초 폴딩 확인해보세요. ], 부정 텍스트 확률 : 99.98%"
"[ 벨트는 안전한점식 벨트 타입 에 안전 가드도 버튼으로 손 쉽게 분리가 가능해요. ], 부정 텍스트 확률 : 78.71%"
"[ 그나마 미세먼지 없는 날 골라서 산책 나갔어요.휴대용 유모차 너무 낮으면 지열과 배기가스로부터 안전하지 못한데], 부정 텍스트 확률 : 98.86%"
"[ 아발론 휴대용유모차는 높이감도 꾀 있어서 안전하고식당을 가도 의자처럼 사용하기 편리한 높이예요. ], 부정 텍스트 확률 : 54.71%"
"[ 군더더기 없는 깔끔한 디자인에 안전성을 갖춘 휴대용유모차 슈퍼슬림 아발론이네요.가격도 거품없이 저렴해서 육아맘들이 선호하는 것 같아요저도 휴대용유모차 아발론을 만나고 디럭스는 고이 접어두었답니다더 자세한 내용이 궁금하시다면 아래 이미지를 클리해주세요.▽ 클릭 시 홈페이지 이동 ▽ ], 부정 텍스트 확률 : 98.43%"
"[ 초경량 가벼운 유모차 추천아발론 슈퍼라이트 휴대용 유모차 ], 부정 텍스트 확률 : 52.21%"
"[시내버스], 부정 텍스트 확률 : 53.29%"
"[ 육아카페 추천 글도 많이 읽어보고길가다 보이는 휴대용 유모차 이름은 메모장에 적어두고 집에와서 검색해보고 ..일주일 넘게 검색만 검색만 하다가 드디어 샀다. ], 부정 텍스트 확률 : 86.30%"
"[ 내돈주고 구매한 인증샷만원 가격도 착하다 ㅋ.ㅋ유모차에옵션인 모기장], 부정 텍스트 확률 : 85.59%"
"[레인커버], 부정 텍스트 확률 : 53.29%"
"[컵홀더], 부정 텍스트 확률 : 53.29%"
"[안전가드까지다 구매한 가격이다. ], 부정 텍스트 확률 : 50.17%"
"[기내반입도 된다고 한다. ], 부정 텍스트 확률 : 54.43%"
"[ 점식 안전벨트.어깨와 허리 다리사이 다섯군데를 잡아준다.아찔했던게 유모차를 밀다가 돌같은데 걸려서아기도 앞으로 순간 쏠렸는데안잔벨트 안했으면 튕겨 나갔을거다ㅠㅠ있어도 안하는 아가들을 많이 봤는데.. 그럴때마다 불안하다. ], 부정 텍스트 확률 : 87.14%"
"[ 그리고유모차 양쪽에 이런 주머니 두개 있는데잘 사용하진 않는다.택시 내리면서 거스름돈 받은거 급히 넣었던적 한번?ㅋㅋ ], 부정 텍스트 확률 : 98.61%"
"[ 컵홀더........천원인가 주고 옵션으로 샀는데....스벅 톨사이즈 컵도 잘 안들어간다.급할때 걸치는 정도.생수병 넣는 정도?근데 또 막상 없으면 불편하다.물티슈나 작은 쓰레기를 잠시 놓기도 한다. ], 부정 텍스트 확률 : 96.00%"
"[ 발 등으로 빨간 레버를 왼쪽으로 미는 동시에위로 올려주면 접힌다.한두번 하면 익숙해져서 쉽다. ], 부정 텍스트 확률 : 84.39%"
"[ 손잡이 잡고 들고다녀도 편하다. ], 부정 텍스트 확률 : 86.01%"
"[ 문센 끝나고 마트에서 장보고기다차고 택시타고 집앞에 내렸는데더 논다고 해서 뛰댕기는 중. ], 부정 텍스트 확률 : 94.84%"
"[ 이마트 쇼핑백 배정도 크기이다. ], 부정 텍스트 확률 : 63.54%"
"[ 가벼워서 아무데나 들고다니기 편하다.야구장에도 들고감. ], 부정 텍스트 확률 : 65.51%"
"[ 이건전철타고문센가는 모습.유모차가 없으면 분명 뛰어다닌다고 난리쳤을건데얌전히 앉아있는다.친정에 가려면 기차시간 전철시간인데그전엔 아기띠로 안고다녔고지금은 유모차가 있어서 가능하다. ], 부정 텍스트 확률 : 90.09%"
"[ 등받이 조절이 버클로 단계 된다고 하지만 큰 차이는 없다.휴대용 유모차 구매하면서 정말 많이 고민한게 등받이 각도 조절인데생각해보면 카시트도 완전히 눕는게 아닌데두세시간 탈 때 있지 않은가...그래서 각도가 눕혀지는게 필요한건 친정갈때 한두번이니등받이를 포기하고 가벼움을 택했다. ], 부정 텍스트 확률 : 50.34%"
"[ 파란색 라인이 열차 복도 폭인데의자와 의자 사이도 아주 슬림하게 이동할 수 있다. ], 부정 텍스트 확률 : 67.91%"
"[ 이건고속버스 발 아래 두면 된다.사진은 못찍었지만택시 탈때도그냥 뒷자석에 가지고 탈 수 있다.친절하신 기사님들은 트렁크에 넣고 빼고 해주신다. ], 부정 텍스트 확률 : 98.29%"
"[ 이렇게 도망다니는 아기를 잡아서 ], 부정 텍스트 확률 : 79.31%"
"[ 누군가가 그랬다.유모차에 애기를 태우지 못하면 짐이라도 태우는거라고 ㅋㅋ ], 부정 텍스트 확률 : 70.49%"
"[ 암튼 가성비 갑 유모차 대만족이다 ], 부정 텍스트 확률 : 79.81%"
"[요즘 미세먼지 최악이잖아요..그래서 차 타고 실내 백화점이나 쇼핑몰을 자주 가게 되더라구요.그런데 디럭스를 들고다니자니], 부정 텍스트 확률 : 97.48%"
"[생각만해도 나가기 싫어지고 ㅠㅠ휴대용유모차의 폴딩 끝장판인 슈퍼슬림 아발론 개봉기를 남겨볼게요 ], 부정 텍스트 확률 : 94.25%"
"[ 제가 휴대용유모차를 선택하면서 중점을 둔 기준은가볍고], 부정 텍스트 확률 : 88.66%"
"[그러면서도 안정감있는 주행], 부정 텍스트 확률 : 76.25%"
"[폴딩이 얼마나 얇게 접히길래 박스가 이리 얇은지 놀라울정도였어요. ], 부정 텍스트 확률 : 52.31%"
"[흔들림을 최소화시켜주고], 부정 텍스트 확률 : 80.84%"
"[부드러운 승차감 을 위해서 볼베어링을 총 개 장착하였다고 해요.그리고 투명휠로 고급스러움과 부드러운 핸들링을 극대화 했어요. ], 부정 텍스트 확률 : 90.50%"
"[ 디자인도 심플하고 깔끔한게 너무 예뻐요.특히 저는 다리 받침이 매쉬 소재라는 점과 ], 부정 텍스트 확률 : 87.73%"
"[와이드시트 라 아이의 신체 사이즈 변화에도 사용이 편리하게 만들었다는 점에서 높은 점수를 주고 싶어요. ], 부정 텍스트 확률 : 96.70%"
"[ 이 부분이 매쉬라서 신발신고 유모차 타도 관리가 편리할 것 같아요.발판은 단 조절이가능하여 아이가 활동할 때는 밑으로 내려서 사용하고], 부정 텍스트 확률 : 53.99%"
"[잠 들었을 때는 일자로 세워주면 편리하답니다. ], 부정 텍스트 확률 : 91.86%"
"[ 풀캐노피로 햇빛을 완벽 차단할 수 있다는 점도 좋아요.중간에 지퍼를 옆면윈도우 뷰로아이가 무얼하고 있는지 확인할 수 있어요. ], 부정 텍스트 확률 : 57.82%"
"[ 휴대용유모차 슈퍼슬림 아발론의 최대 장점은 바로], 부정 텍스트 확률 : 88.36%"
"[초 폴딩이아닌가 싶어요.정말 리얼 초 폴딩이죠?최대 도에서 도까지 단계로 등받이 조절 이 가능해요.줄이 아닌레버로 조절 이 가능한 점도 아주 만족스러워요.영상으로 초 폴딩 확인해보세요. ], 부정 텍스트 확률 : 99.91%"
"[ 벨트는 안전한점식 벨트 타입 에 안전 가드도 버튼으로 손 쉽게 분리가 가능해요. ], 부정 텍스트 확률 : 78.71%"
"[ 그나마 미세먼지 없는 날 골라서 산책 나갔어요.휴대용 유모차 너무 낮으면 지열과 배기가스로부터 안전하지 못한데], 부정 텍스트 확률 : 98.86%"
"[ 아발론 휴대용유모차는 높이감도 꾀 있어서 안전하고식당을 가도 의자처럼 사용하기 편리한 높이예요. ], 부정 텍스트 확률 : 54.71%"
"[ 군더더기 없는 깔끔한 디자인에 안전성을 갖춘 휴대용유모차 슈퍼슬림 아발론이네요.가격도 거품없이 저렴해서 육아맘들이 선호하는 것 같아요저도 휴대용유모차 아발론을 만나고 디럭스는 고이 접어두었답니다더 자세한 내용이 궁금하시다면 아래 이미지를 클리해주세요.▽ 클릭 시 홈페이지 이동 ▽ ], 부정 텍스트 확률 : 98.43%"
"[ 연년생 남매입니다혼자서 둘을 데리고다닐일이있거나 유모차로 재우고싶을때유용하게 사용되어질까여?웨건이답인줄알고 구매했다가방치중이에여애둘태우니 무게가 감당이안되고자꾸 둘이싸우거나 신발신고벗기기불편하더라구여오샤인아발론쌍둥이유모차검색만미친듯이하는데 어떤가여?쓰시는분 후기궁금합니다웨건처럼 또 안써질까봐여ㅜ], 부정 텍스트 확률 : 99.88%"
"[저 혼자 아이들 데리고 나들이 갈땐 너무너무너무 힘들어서 죽겠더라구요..], 부정 텍스트 확률 : 73.56%"
"[ 그래서 저 혼자서도 거뜬하게 들수 있는초경량쌍둥이유모차 를또 다시 찾았습니다.초초초 가벼운걸 원했어요.저 혼자 한쪽 어깨에 거뜬히 들 수 있는 그런거. .?검색검색 하니 바로 나오더라구요.여러가지 나오더라구요.그 중 이틀 동안 열심히 고심하고 고심하고 가장 가벼운걸 선택하기로 했어요.그게], 부정 텍스트 확률 : 56.37%"
"[ 년 새로운 버젼의 신상이랍니다.주문에서 배송까지 딱 일 걸렸습니다.너무너무 기다렸어요], 부정 텍스트 확률 : 65.99%"
"[ 구성품유모차추가 사은품컵홀더], 부정 텍스트 확률 : 53.29%"
"[안전바추가상품방풍커버 ], 부정 텍스트 확률 : 82.95%"
"[ 조립은 참 쉬워요.그냥 바퀴만 끼우명 땡 ], 부정 텍스트 확률 : 94.07%"
"[ 안전바는 뗏다 붙였다접었다 폈다 할때 귀찮아요.. ], 부정 텍스트 확률 : 59.47%"
"[ 컵홀더 끼우는 곳이 어디인지 한참을 찾았죠.컵 홀더는 꽉 끼우세요 끝까지 딱 소리나게요.그러면 절대 않빠져요], 부정 텍스트 확률 : 78.87%"
"[ 방풍커버는 솔직히 유모차 값이랑 다른 유모차 방풍커버랑 비교했을 때], 부정 텍스트 확률 : 83.09%"
"[유모차 가격에 비해 절대 싼 가격 아닌데..저 구멍은 뭔지....... 참...... 미세먼지 있는 날 어쩌라구...... ], 부정 텍스트 확률 : 96.29%"
"[ 그래도 점점 추워지는 날씨를 생각해보면 있는게 낫긴하죠. .?벨로쌍둥이유모차는벨로쌍둥이유모차는 방풍커버 없는게 너무 아쉬웠거든요.], 부정 텍스트 확률 : 63.93%"
"[벨로쌍둥이 유모차는 앞뒤로 되어 있어서 엘리베이터 탈때 공간을 많이 차지 하지 않아서 좋았어요. 그런데], 부정 텍스트 확률 : 94.20%"
"[ 둘째가 컷나봐요.웨건도 서서타는데.. .?아발론쌍둥이유모차는아발론쌍둥이유모차는 너무 잘 앉아있어요 ], 부정 텍스트 확률 : 58.39%"
"[ 그래서], 부정 텍스트 확률 : 65.64%"
"[가장 중요한핸들링참 좋았어요 울퉁불퉁한 길도 척척 잘가요 유모차 높이도 적당해서 미는데 아무 문제 없었답니다. 이번에도 역시단점나열들어갑니다..등받이안넘어 가는거 알고 샀으니 뭐..그래도 아가가 자니 아쉽더라구요. .방풍커버도데체 옆에 구멍은 왜있나요.. 구멍 없어도], 부정 텍스트 확률 : 90.84%"
"[뒤에서 바람이 숭숭 들어가게 생겼던데... 미세먼지도 막아준다고 했던거 같은데.. 그럼 미세먼지를 어찌 막을려고... 촴나...안전바접을땐 빼야하고], 부정 텍스트 확률 : 87.05%"
"[ 둘만의 장점들을 이용하면서 잘 사용하려고 합니다. 사려고 하시는 분들 참고가 되셨으면 합니다.걱정마세요. 광고성 글 아니예요. 제 돈주고 구입해서], 부정 텍스트 확률 : 86.47%"
"[ 여행갈때 유모차 필요할까 싶어서 고민했는데여론 가 필요하다라는 결론이 나서휴대용으로 구입하기로 했어요그냥 저렴이로 마루스사려했는데아발론], 부정 텍스트 확률 : 89.57%"
"[쿨키즈도 괜찮다하고..마루스는 넘 허접하다는 글이 많네요지금 인 대랑 커넥터도 생각하고 있는데..실제 사용하고 계신 유모차 생생후기 좀 들려주세요후보는 마루스], 부정 텍스트 확률 : 65.29%"
"[아발론], 부정 텍스트 확률 : 53.29%"
"[쿨기즈], 부정 텍스트 확률 : 57.31%"
"[인대커넥터이구요..둥이는 개월됐고예산은 만원이예요], 부정 텍스트 확률 : 74.06%"
"[ 색상은 다크그레이], 부정 텍스트 확률 : 52.97%"
"[베이지], 부정 텍스트 확률 : 53.29%"
"[ 휴대용 유모차를 쓰지 않을 때], 부정 텍스트 확률 : 65.63%"
"[ 소재는 전체적으로 캐노피 까지 멜란지 원단을 사용했기 때문에 고급져 보이고 유럽형 점식 안전벨트라서 안전성 보장도 확실하답니다], 부정 텍스트 확률 : 94.00%"
"[ 아기가 뭘 하는지 궁금할 때에는 고개 숙여 볼필요 없이 덮개만 젖히면 매쉬타입의 유아관찰창으로 아기를 볼 수 있구요 단계로 조절되는 풀차양 햇빛 가리개가 있어서 아기가 그대로 햇빛 받을 염려도 없지요 참고로 차양막은 탈부착이 가능하답니다], 부정 텍스트 확률 : 91.95%"
"[ 간단한 짐을 넣을 수 있는 장바구니와 측면에는 보조 가방까지 있어요 보조 가방은 아기 간식 넣어다니기딱이더라구요], 부정 텍스트 확률 : 68.51%"
"[ 유모차 손잡이 위치도 년도 버전에 비해 센치 더 길게 업그레이드 된 제품이라서 키가 큰 저에게도 알맞는 위치였어요 남편이 잡았을 때는 허리가 약간만 숙여지는 정도 .], 부정 텍스트 확률 : 92.93%"
"[ 차양막을 걷었을 때는 이런 느낌이에요 밑에는 아기띠워머로 덮어준 건데꼭 세트같구 막ㅎ사진은 합천 나들이 갔을 때인데 아발론 휴대용 유모차에 편안하게 앉혀서 합천테마파크 한바퀴 구경하고 왔답니다], 부정 텍스트 확률 : 66.31%"
"[ 아기 발이 허공에 떠 있지 않고 발 지지대가 있으니 더 편해보이구요], 부정 텍스트 확률 : 79.89%"
"[...? .?아발론유모차아발론유모차...? .?아발론휴대용유모차아발론휴대용유모차...? .?슈퍼라이트유모차슈퍼라이트유모차...? .?가벼운유모차가벼운유모차...? .?휴대용유모차휴대용유모차...? .?기내반입유모차기내반입유모차...? .?유모차추천유모차추천...? .?휴대용유모차추천휴대용유모차추천...? .?아발론아발론해당 업체로부터 제품만을 지원받아 솔직하게 작성된 후기입니다], 부정 텍스트 확률 : 98.10%"
"[ 고민 끝에 산 아발론 슈퍼라이트 플러스 유모차예요. ], 부정 텍스트 확률 : 63.15%"
"[ 그러나..이 접은 모습에서 보이듯이..단점이 있어요..길이는 접히지 않기 때문에 접어도 길어요..뭐 이건 그렇다쳐도쫌 불편한 단점은..이게 접은상태로는 세워지질 않아요..셀프스텐딩뿐만 아니라 벽에 기대도 세워지지 않아요ㅠ바퀴앞에 신발이라도 받쳐놔야 세워집니다.하지만 얼마나 가벼운지슬리퍼 한짝만 받쳐놔도 세워지더라구요ㅋ ], 부정 텍스트 확률 : 98.36%"
"[ 원 정도 비쌈에도 불구하고아발론을 선택한 이유는 시트 크기였는데...이게 시트 크기는 안나오고 가로], 부정 텍스트 확률 : 80.67%"
"[세로 길이만 나오니까..가로길이를 집중적으로 봤는데..틀렸으..ㅠㅠ쿨키즈는 가로가 ], 부정 텍스트 확률 : 64.28%"
"[아발론은 이정도면 앞뒤길이도 쿨키즈가 승리인듯 하네요초경량 유모차 가장 큰 선택기준이이 시트 크기 였는데...누군가의 이런 글만 있었으면... 흑...시트 크기가 관건이라면 참고하세요 ], 부정 텍스트 확률 : 76.38%"
"[ 우리 아들 다리가 밖으로 저렇게 ㅠ시트의 앞뒤길이가 너무 짧음...발판에 다리 안 올리면 질질 끌림하지만 어떤 유모차도 세 아이 다리까지안 끌리는 건 없을꺼라 생각하며 만족하려함 ], 부정 텍스트 확률 : 92.44%"
"[ 다음은 차양막 길이예요이것도 참 중요하죠아이들은 자거나할 때 햇빛이 얼굴에 오면...잘 못자잖아요.근데 아발론 슈퍼라이트 플러스 유모차는차양막은 합격입니다 햇빛 전혀 안들어와요 ], 부정 텍스트 확률 : 99.14%"
"[ 바퀴의 크기는 핸들링이 중요하기 때문에많이들 보시죠?아발론은 참 상세크기가 잘 안나왔어요..심지어 바퀴크기도 안 나와있죠..제가 젠 바퀴 크기입니다어디서 재야할지 모르겠어서..사진에서 보이듯이 바퀴 옆부분 중간에서부터반대쪽 바퀴 옆부분까지 쟀습니다.그랬을때 정도 되더라구요.쿨키즈는 네요또 졌다..ㅠㅠ그래도 아파트 단지에 유모차에 아들 태워서돌아다녔는데 울퉁불퉁한 곳도 있고오르막도 있었는데 핸들링은 굿 이더라구요 ], 부정 텍스트 확률 : 81.01%"
"[ 다음은 벨트입니다.점식 벨트인데요안정적이예요.전 안전바를 추가 구매하지 않았어요.아이가 크기도 했고..점식 벨트면 안전바 없이도 안전할꺼 같아서요.어느분 글에 보니 안전바가 있으니불편하다고는 하더라구요.그래서 구매 안했는데큰 아이라 안하길 잘했어요그리고 큰 아이는 점식 벨트가 어깨를 넣어야해서 불편하다고 하신분이 있는데요.요거는 아래 그림처럼 이렇게 어깨쪽은분리해서 빼고 허리랑 다리만 하면 괜찮을꺼 같아요 ], 부정 텍스트 확률 : 83.17%"
"[ 바로 이렇게요어깨쪽 벨트는 뺀 모습이예요그 다음은 접는 방법 ], 부정 텍스트 확률 : 55.64%"
"[ 의자 뒷쪽에 아래에 이렇게손잡이가 있어요요걸 살짝 구부려주고 접으면한번에 쫙 접혀요접고 펴는거 편해요길게 아발론 슈퍼라이트 플러스 유모차 후기를 적어봤는데요정리하자면요 ], 부정 텍스트 확률 : 57.28%"
"[ 여행 대비해서 둥이용 휴대용 윰차를 살까하는데 아발론 둥이 휴대용 유모차 써보신 분 어떠신지 후기 좀 부탁드려요손잡이가 낮아서 불편하다던데 제키 인데 괜찮을까요?그리고 혹시 중고로 파실 분 있으면 대환영이에요], 부정 텍스트 확률 : 78.36%"
"[ 사용후기 좀 부탁드려요], 부정 텍스트 확률 : 68.08%"
"[ 괌 도착 새벽 시이구귀국은 한국 오전 시쯤입니다.유모차 우찌할까요?ㅜ휴대용이 아예 없어서 하나 장만하려합니다.쌍둥이유모차 사도 둘이 년정도 쓸까요?후기보니 놀이동산 갈때도 쓰고 하더라구요아니면 걍 인 개만 저렴이로 살까요. 쌍둥이유모차아발론이나 쿨키즈. 인 휴대용 개만?타보나 쿨키즈], 부정 텍스트 확률 : 99.79%"
"[ 컵홀더], 부정 텍스트 확률 : 53.29%"
"[ 가드포함이라 다른곳에비해 저렴해요 ...? ...?], 부정 텍스트 확률 : 50.59%"
"[안녕하세요유리마미예요지난번 포스팅으로 아발론유모차 슈퍼라이트유모차 소개해드렸었죠? ], 부정 텍스트 확률 : 78.05%"
"[ 혹시나 못보신분 있으실까봐 링크 남겨요자세한 개봉기가 나와있답니다 오늘은 날씨가 너무 좋았어요미세먼지도 좋음보통정도 되고 바람이 살짝 차갑긴 했지만 햇빛이 따스해서 나들이하기 더할나위없이 좋은 날이였답니다오늘은 벚꽃 구경 다녀왔어요 ], 부정 텍스트 확률 : 82.03%"
"[ 출발 신랑이 오늘 처음으로 아발론유모차 를 몰아봤는데요슈퍼라이트유모차 사용하기 전에는 좀 못미더워 하더라구요너무 가벼워서 충격흡수 안될 것 같고 덜컥거릴것 같다며..그런데 몰아보더니 헐 이거 진짜 괜찮은데?하더라구요 ], 부정 텍스트 확률 : 87.39%"
"[ 풀차양막이라 햇빛으로부터 안전썬스틱 바르고 나왔지만 햇빛으로 부터 철통보안해줘서 좋더라구요 ], 부정 텍스트 확률 : 72.61%"
"[ 벚꽃이 너무 예뻐서 윰차 세워놓고 찰칵풀차양막도 너무 마음에 들고가벼워서 오르막 끌면서 오르는데 별로 안힘들더라구요 ], 부정 텍스트 확률 : 90.82%"
"[ 다 놀고 집으로 돌아가는길 또 한 컷잘때가 다되서 그런가 표정이 점점 뾰루퉁해요평소같으면 안아달라고 난리를 쳤겟지만 오늘은 뭔가 볼것도 많고 아발론유모차 도 편해서인지징징거리지 않고 얌전히 앉아있더라구요 ], 부정 텍스트 확률 : 85.65%"
"[ 윰차 끌고 가다가 아기가 안아달라고 울기 시작했어요 ㅠ 자야할 때가 됐슴다...그래서 아기는 안고 윰차는 끌고다니기가 귀찮아서 접어서 매고 가기로 했어요아주 손쉬운 폴딩 초 초 간단 ], 부정 텍스트 확률 : 77.79%"
"[ 너무 가볍다며 신랑이 거뜬하게 매고 목적지까지 갔어요카페가서 커피마시고 고깃집 가려고 택시도 타고택시 트렁크에도 거뜬히 실림 그리고 또 윰차 태우고 가다가 계단 발견 ], 부정 텍스트 확률 : 58.86%"
"[ . 아발론 유모차 ], 부정 텍스트 확률 : 62.92%"
"[ 아래 바구니], 부정 텍스트 확률 : 53.29%"
"[ 컵홀더 바구니는 이미 달려있음 ], 부정 텍스트 확률 : 69.47%"
"[ 포장 비닐을 벗기면 요렇게 됩니다 ], 부정 텍스트 확률 : 65.89%"
"[ 펼쳐서 눕혀놓고 바퀴을 끼우면 되는데요바퀴외에 조립할건따로 없어요 ], 부정 텍스트 확률 : 81.22%"
"[ .쿨키즈 ], 부정 텍스트 확률 : 62.92%"
"[ 다양한 종류의 휴대용유모차가 많은 브랜드인 쿨키즈그중 가장 가볍다는 으로 구매를 했습니다박스를 제거하면 역시나 비닐에 쌓인모습이 나오는데요사은품은 컵홀더 바구니는 기본적으로 달려있습니다 ], 부정 텍스트 확률 : 65.40%"
"[ .아발론과 쿨키즈 쌍둥이 유모차 비교. 포장 상자택배 상자는 아발론이 좀더 높습니다그닥 중요하지 않았어요. 왜 그런지 이유는 잠시뒤.. ], 부정 텍스트 확률 : 69.26%"
"[ . 겉모습아발론은 그레이 와 다크그레이가 있고쿨키즈는 색이 그레이 하나인데요둘다 그레이로 했음에도 쿨키즈가 색이 더 연합니다. 쿨키즈는 좀더 어두운 색감이네요 ], 부정 텍스트 확률 : 80.15%"
"[ 나란히 놓고 보면 등받이시트는 쿨키즈가 좀 더 높네요 ], 부정 텍스트 확률 : 58.67%"
"[ 사진에서도 확인가능하듯이 차양막은 아발론 유모차가 더 길어요 ], 부정 텍스트 확률 : 81.64%"
"[시트 크기 ], 부정 텍스트 확률 : 53.29%"
"[ 시트의 세로 사이즈는 비슷합니다 ], 부정 텍스트 확률 : 69.03%"
"[ 요 등받이 부분은 쿨키즈가 센티 정도 더 높습니다 ], 부정 텍스트 확률 : 63.29%"
"[ 등받이 위의 차양막인데요아발론은 뒷부분이 천으로 가려진 반면쿨키즈는 뒷부분 차양막이 없습니다. 그 외 비교. ], 부정 텍스트 확률 : 90.94%"
"[ 뒷버클 부분입니다아발론은 끈조절이 가능하게 되어있지만둘다 크게 젖혀지지는 않아요비슷한 정도 ], 부정 텍스트 확률 : 56.81%"
"[ 잠금 장치인데요아발론은 두개의 잠금장치로 되어있고쿨키즈는 하나로 되어있습니다 ], 부정 텍스트 확률 : 86.53%"
"[ . 핸들링사실 엄마들이 가장 궁금해 하는 부분이죠결국 쌍둥이 유모차를 데리고 다닐때 좀 더 손쉽게 다니느 목적이니까사실 태울 아이들이 키로 키로의 개월 개월 아이들이다보니 유모차에 태워 다니는게 너무 힘들면 어쩌나 싶어 엄청 검색을 했었는데요ㅎㅎ확실히 실제로 애들을 태워보니 감이 오는것 같아요ㅋ바퀴는 쿨키즈가 좀더 큰편이고 둘이 크게 차이나지는 않습니다하지만 저는 개인적인 견해로 아발론이 좀더 안정감이 있다는 느낌을 받았다. 내가 샀기 때문인지도..ㅋㅋ친구는 크게 차이나지 않는데 아발론이 쪼금더 나은거 같기도 하지만 잘 모르겠다고 하네요집에 매트가 깔려있어서 정확한 판단은 어렵지만 엄청난 차이가 있진 않아요. 느낀점위에 적지 않았는데 둘의 무게는 거의 비슷합니다체중게에 올려보니 둘다 .정도 나왔는데손으로 살짝 잡고 잰거라 오차는 살짝 있을수도 있어요아발론은 시트가 좀 옛날 느낌이랄까년전에 산 타보와 시트가 비슷하네요그에 반면에 쿨키즈는 좀더 매끈한재질이에요겉모습은 쿨키즈가 더 맘에 든다색도 쿨키즈가 더 이뻐요♡다만 아발론이 차양막이 길어서 아이들잘때 햇볕을 좀더 가려준다는 장점이 있고아주 조금더 안정감있는 핸들링이 장점이나등판에 오샤인이라고 새겨진건 상당히 마음에 안드네요ㅋㅋ내가 본 두 모델은 많이 비슷하고 각자 장단점이 조금씩은 있다고 생각합니다.하지만 이미 샀으니 뽕을 뽑아야죠ㅎㅎ], 부정 텍스트 확률 : 61.14%"
"[ .쿨키즈랑 아발론 사이에서 고민했는데 쿨키즈는 차양막이 별로인 거 같아서 아발론으로 결정했어요. 또 너무 알록달록하거나 원색안 예쁜 원색인 거는 별로여서 아발론으로 구매했어요...그리고 로배송으로 오는 게 아발론이었음. ㅋㅋ 토요일에 주문해서 일욜에 받고 월욜에 바로 사용했어요. .금요일에 집에서 가까운 베이비파크 오프라인 매장도 방문해서 기내반입 유모차키로 이상를 몇 개 끌어보고 들어봤지만.. 이걸 들고 뚜벅이 장롱면허 엄마가 택시를 타는 건 무리라고 판단해서 얼른 마음을 접었어요...일단 원터치 폴딩 및 언폴딩이 안 되다는 점을 숙지하고 샀어요. 착한 가격에 컵홀더 포함에 안전바도 추가구매거의 패키지로 묶여있었지만도 되는 부분이 좋았어요...박스는 신랑이 개봉해서 바퀴랑 다 달아줬어요. 친절한 우리 신랑 ..오늘 하루 아기와 함께 시간 정도 외출해서 실내에서 아기를 앉히는 용으로 사용해 본 결과.장점은 가벼워요. 그리고 택시 앞좌석에 무리없이 실려요 .앞자리에 좀 실을게요 했더니 다행히 제가 만난 기사님들은 싫은 기색없이 유모차 싣는 걸 도와주더라구요. ..단점은..... 아기가 앞으로 흘러내린다..이건 모.. 저렴한 가격에 알록달록 하지 않은 원단에 차양막도 나름 풀차양에 아이확인 창 까지 있는 디자인에 바라면 안 되겠쥬.. .급 구매해서 급 사용하다보니 제가 등받이를 덜 세운 걸 수도 있겠구요.. .같이 구매한 안전바를 꼭 달아주어야겠어요. 안전바를 꼽으면 유모차가 안 접히는 줄 알고 안 달고 갔었는데 집에 와서 자세히 살펴보면서 안전바도 달아보니 반으로 쩌억 갈라지면서 열려서 달아도 접히더라구요.물론 뚜벅이 장롱면허 엄마가 들고 이동 시 무게는 늘어나겠... 크흡.오늘 갔던데가 건물 외부로 나와서 택시 타는데까지 가는 길에 계단이 좀 있었더니 .차양막 제외의 초경량이어도 아기를 아기띠로 안고], 부정 텍스트 확률 : 99.90%"
"[뒤에 백팩 맨 상태에서 들고 계단을 내려가다보니... 날씨도 덥고.. 힘들.. ], 부정 텍스트 확률 : 82.44%"
"[ .... 단점 접은 상태에서 들고 이동 시 위로 들린 앞바퀴가 자꾸 내려옴..크흡.. 앞바퀴가 자꾸 덜커덕 내려와서 고생 좀 했어요. 혹시 이거 따로 고정장치가 있는 건가욤?? 나만 모르나??.아님 걍 이렇게 쓰는 건가요ㅜㅜ ..덧..접을 때 앞바퀴가 차양막에 닿는 문제는 비닐을 씌워서 해결한다고 해서 오호 좋은 아이디어다 해서 어제 피자집에서 테이크 아웃하고 받은 비닐약간 두껍고 투명한 뽀작뽀작한 느낌의 그 비닐 있잖아요?을 씌웠는데 택시에서 집 앞에 내려서 유모차 가지고 가는데 하필 바람이 불어서 비닐이 휭 날아갔지 모예요..참 나.. 도저히 아기띠로 아기 안유모차까지 들고있는 상황에서 그걸 잡으러 수가 없었음요.. 당황해서 어어어 비닐 비닐 하고 작게 외치기만 했다는요.. 다행히 지나가는 친절한 학생이 잡아줌. ㅜㅜ 크흡 ..덧..음.. 장바구니는 유모차 접을 때 쓰는 비닐 넣어두는 용도로 쓰면 될 거 같아요?ㅋㅋ 년도 형에서는 없다가 나름 개선되서 존재한다는 사실에 한표. 뭐든 없는 거 보다는 있는 게 나으니까요 ㅎㅎ..양쪽에 달린 주머니가 유용할 거 같아요. 아기 간식 넣어놓으면 정말 편할 거 같아요. 나는 왜 오늘 안 넣고 꾸역꾸역 백팩기저귀 가방에서 힘들게 꺼내 줬던가 ㅋㅋ..그리고 컵홀더도 있으니까 좋을 거 같네요..? 읭?.나는 왜 컵홀더도 미리 안 달아놔서 애기 우유 먹일 때 손이 하나 더 있었으면 좋겠다 했는가 ㅋㅋ ..집에 와서 애들 저녁 먹이고 뒷정리하고 나서 얼른 다 풀장착? 했답니다 ㅎㅎ..직접 구매하고 내 카드가 협찬한 후기입니다.그나저나 저 바퀴 덜커덕 내려지는 거 어떻게 합니꽈?? .기똥찬 아이디어 있으시면 살짝 알려주세용.... ], 부정 텍스트 확률 : 87.40%"
"[둘째가 태어나고 첫째 등원용], 부정 텍스트 확률 : 90.60%"
"[장보러 다니러 디럭스 쌍둥이 유모차를 쓰고 있었어요그러나 둘째가 개월], 부정 텍스트 확률 : 50.27%"
"[ 첫째와 몸무게가 키로 밖에 차이가 나지않고...손목이 너무 아파서 휴대용 쌍둥이유모차 검색을 몇일을 했던것 같아요.디럭스는 앞뒤로 되어있는 유모차라 나란히형으로 찾아봤어요.손목도 그렇지만 사실 미세먼지 너무 심한데 개월 된 아기가 마스크도 못쓰고 그렇다고 안나갈수도 없고 유모차 공기청정기를 하나 사서 설치하려고 방풍커버가 하나만 필요한 나란히형으로 찾아본거였어요.아발론과 쿨키즈가 주로 많이 보이길래 계속 비교하다가 아발론으로 결정하고 근처 맘스맘으로 구매하려고 가는길에아발론 오샤인 체험단 응모당첨 소식이 문자로 왔고 다음날을 기다렸어요.나에게도 이런 일이 ], 부정 텍스트 확률 : 98.39%"
"[ 택배가 다음날 바로 왔어요. 블로거로 첫 내딛는 글인데 사진은 못찍음..박스도 비닐포장도 바퀴 끼우는 모습도 다 사진 못찍음....아발론 쌍둥이유모차 오자마자 바로 서울대공원에 갔어요날씨도 좋고 미세먼지도 좋은날이라 애들 데리고 바로 출발역시나 사람이 많고 유모차도 많고 우리는 주차장에서 바로 유모차 피고 표 끊는곳까지 갔어요.첫 휴대용 쌍둥이유모차 끌고 신랑과 저는 놀람 ㅋㅋㅋㅋㅋㅋㅋㅋㅋ이렇게 가벼울 수가 ㅋㅋㅋㅋㅋㅋㅋㅋ ], 부정 텍스트 확률 : 99.08%"
"[ 동 물원가서 찍은사진 이게 다인거 실화입니까???? 호랑이 이렇게 가까이서 보다니 사진보다 진짜 커서 놀랬어요동물원에서 써본 유모차는 첫째개월 ], 부정 텍스트 확률 : 63.16%"
"[그치만 이게 크면 휴대용유모차로서 소용없는거라 생각하고 담요랑 간식거리 몇개 넣었어요.그리고 짐을 유모차 뒤에 걸어놨는데 너무 무거운지 애들 다 내리니까 유모차가 발라당 하는데 혹시나 가벼운 아가들은 엄마가 꼭 봐줘야 될 것 같아요.등받이 조절이 많이 안되서 유모차 사랑하는 우리 첫째가 아쉬워하지 않으까 했는데 타고 바로 잠듬 ㅋㅋㅋㅋㅋㅋㅋ 애들은 편한가봐요. ], 부정 텍스트 확률 : 60.91%"
"[기존에 디럭스랑 절충형유모차를 물려받아 쓰고있었는데여행다녀보니 절충형유모차도 무겁더라구요ㅠ초경량유모차를 찾다가마켓에서 .짜리 아발론 슈퍼라이트 플러스가 핫딜로 만원대에 올라온걸보고다른후기들 둘러보다 가격대비괜찮대서 구매했어요 ], 부정 텍스트 확률 : 81.89%"
"[.?아발론아발론.?아발론유모차아발론유모차.?휴대용유모차휴대용유모차 .?휴대용유모차추천휴대용유모차추천.?초경량유모차초경량유모차 .?아발론슈퍼라이트플러스아발론슈퍼라이트플러스 .?유모차핫딜유모차핫딜.?마켓마켓.?유모차추천유모차추천], 부정 텍스트 확률 : 95.23%"
"[ 신랑이 인형유모차가 오는거아니냐고했는데막상보니 ㅋㅋ 괜찮다고사실 초경량이라서 아기들이 가지고노는인형유모차같으면 어쩌나 걱정했거든용 ], 부정 텍스트 확률 : 60.76%"
"[ 덕소삼패아울렛갈때도 잘사용하고 ], 부정 텍스트 확률 : 67.43%"
"[.오늘 소개 해드릴 상품은 ], 부정 텍스트 확률 : 60.54%"
"[ .제품 사진. ], 부정 텍스트 확률 : 68.39%"
"[ .리뷰애둘연년생], 부정 텍스트 확률 : 62.92%"
"[ .갑자기 둘다 입원하게 되서급하게 삿어요케어하기 힘들엇는데아침에 눈뜨자마자 지 짐 싸서 앉아잇어요..나가자고..병원생활 이 유모차가 할 햇습니다단점은한명만 앉아 잇으면 한쪽으로 돌거나둘다.앉아 잇을경우에도 뒤로 재껴질것같은한불안함은 잇습니다하지만.연년생 육아템에 이정도 가격에 활용도.높은 제품입니다접는것도.쉽고 보관도.용이합니다 .▼▽ 자세한정보알아보기▼▽ ], 부정 텍스트 확률 : 76.98%"
"[ .▲△ 최저가 구매 하러가자 ▲△ ], 부정 텍스트 확률 : 71.53%"
"[ 아이도 끌수있는 너무나도 탁월하고부드러운 핸들링 과방지턱이 많아도 손목아플 걱정없는 엄마를 위한맞춤형 핸들각도 조절 ], 부정 텍스트 확률 : 59.68%"
"[ 디럭스 유모차에만 된다는도 까지시트각도조절], 부정 텍스트 확률 : 81.37%"
"[ 아이의 상황에따라 세밀하게 버튼으로 조절가능한발받침 각도 조절모든 조절이 상황에 맞게 쉽게 가능하답니다 ], 부정 텍스트 확률 : 50.99%"
"[ 캐리언라이트는본체 바퀴 풋워머 로 구성되어있습니다.조립 방법은 아주 쉬워서 엄마도 쉽게 조립할 수 있습니다앞바퀴와 뒷바퀴를 맞게 끼워주시면 끝 ], 부정 텍스트 확률 : 78.26%"
"[ 앞바퀴 ], 부정 텍스트 확률 : 58.74%"
"[ 본체 조립영상입니다. 그냥 보시는대로 끼워 넣으시면 됩니다 ㅡ이대로 캐리언라이트의 조립은 완성 엄마 혼자 조립을해도 초만에 끝나는조립부터 아주 쉬운 유모차에요이와같이 양대면 전환도 아주 쉬우니 참고해주세요 ], 부정 텍스트 확률 : 86.88%"
"[ 핸들 부분은 멋스런 가죽소재로 제작되었으며총 단계 단계조절이 가능 하여 키가 큰 아빠도 키가작은 엄마도버튼으로 조절하여손목에 부담가지 않도록사용가능해요 ], 부정 텍스트 확률 : 96.14%"
"[ 안전바역시 오염에 강한멋스런 가죽소재 로 되어있으며혹시나 앞으로 쏠릴 상황이 생기더라도 몸이 흔들리지 않도록 잠금장치에 신경썼어요아이는 쉽게 해제하지 못하지만 엄마가 장착하기 쉬운점식 안전벨트 로 안전하게 간단하게 ], 부정 텍스트 확률 : 98.87%"
"[ 등받이 조절버튼을 누르시면 단계로 각도조절이 가능하며], 부정 텍스트 확률 : 81.25%"
"[ 아이가 졸려하면 바로 버튼으로요람형 으로 눕혀주세요또한풀 차양막 으로 햇빛을 완벽하게 막아준답니다 ], 부정 텍스트 확률 : 61.60%"
"[ 이렇게 버튼으로 쉽게 포지션 변경이 가능합니다.앞보기 와 뒤보기 로 상황에 맞게 바꿔서 사용해주세요 ], 부정 텍스트 확률 : 85.52%"
"[ 발끝까지 센스있게풋워머추워진 날씨에도 걱정 그만 캐리언라이트는 도톰한 풋워머까지있어 춥지않게 센스있게 이용할 수 있어요], 부정 텍스트 확률 : 89.06%"
"[해외여행 일 앞두고이제야 정신차린 나이것저것 검색하다도저히 절충형 지금 현재 유모차는아니되오 아니되오가격만 보고남의편 친구 부인 추천으로 사게된 ], 부정 텍스트 확률 : 96.23%"
"[ 현재 유모차는 무겁기도 하고너무 핸들링도 싫고 이러저러해서 고민에 고민중에검색에 검색 돌입이럴때 좋은 불면증 🤦🏻♀️??찾았다년형 머 업글업글 댔다며 후기 개안 가격개안 .?아발론슈퍼라이트플러스휴대용아발론슈퍼라이트플러스휴대용색도 딱블랙이면 좋겠는데 .?다크그레이다크그레이있길래 안전가드 추가 해서장바구니 담고이제 백수..... 이기에 신랑 컴펌 기다리고 있는 주말 부부 주부인생🙋🏻♀️답없어서 나도 까먹고 있었드....할헐역시대박애정하는 카페에 어느분이 핫딜 올려주심만원가량 더 쌈바로 산다고 저나 하고 삼 ㅋㅋㅋㅋㅋㅋㅋㅋ하루만에 배송 와서문센 갔다 오니 오늘 와 있었음 ㅋㅋㅋㅋㅋ근데 남의편 번호로 해놔서 저나 안받았는지 ㅡㅡ경비실에 둠 ㅡㅡ가벼워서 진짜 다행 자는애 안꼬 들고 올라옴.감사합니당 🙏🏻🙏🏻 ], 부정 텍스트 확률 : 81.69%"
"[ 대충 크기가 비겨 될랑가 ], 부정 텍스트 확률 : 60.50%"
"[ 저 스티로폼 감싸서 온 부분에 바퀴 끼움뎀 ], 부정 텍스트 확률 : 62.56%"
"[ 오점식 벨트라 벨트도 튼튼 하고 충격흡수되는 시스템이라 바퀴 덜컹 거림도 훨씬 덜한 느낌적인 느낌외출 하고 후기는 다시 적어 봐야 하나 ㅋㅋㅋㅋ여튼 지금은 백점 에서 더 뿔뿔 내돈주고내가삼욤 ], 부정 텍스트 확률 : 57.14%"
"[할인 아발론 쌍둥이 휴대용 유모차], 부정 텍스트 확률 : 89.07%"
"[그레이], 부정 텍스트 확률 : 53.29%"
"[ 원 즉시할인가 ], 부정 텍스트 확률 : 75.70%"
"[ 휴대용유모차 아발론 캐리언라이트 절충형유모차 실사용 후기♡ ], 부정 텍스트 확률 : 89.07%"
"[절충형유모차 휴대용유모차아발론유모차캐리언라이트 실사용 후기 ], 부정 텍스트 확률 : 89.07%"
"[어제 밤에 산책을 다녀왔는데요아침 내내 낮잠 한번 안자고징징거리는 지우 데꼬 .?아발론유모차아발론유모차 캐리언라이트에 태우자마자분만에 꿀잠 득템했어요ㅋㅋㅋㅋㅋㅋㅋㅋㅋㅋㅋㅋㅋㅋㅋ첨엔사실 뭐지?그냥 집에서 자면 나도 자는데....ㅠㅠㅠㅠㅠㅠㅠㅠ싶었는데 이리 유모차에서그냥 슥 자버리니진짜 편해서 이리 잘 자나 싶더라구요ㅋㅋㅋㅋㅋㅋㅋㅋㅋㅋㅋㅋㅋㅋㅋ지우처럼 푹 잠들었을땐단계 차양막을 조절해서제일 밑으로 내리면아기가 안정감을 느끼고 깰 일이 없겠지요♡이러고 시간 넘게 자서카페가서 여유를 즐겼지요 ], 부정 텍스트 확률 : 97.19%"
"[그리고 오늘 째지게 주말을 즐기고ㅋㅋㅋㅋㅋㅋㅋㅋㅋㅋㅋㅋ집안일 다 집어치우고카페가자고 남편이랑 나왔는데지우가 낮잠을 푹 잔편이라 아기띠를 할까하다워낙에 잘 있는.?아발론휴대용유모차아발론휴대용유모차 에태워서 나왔지요♡오늘처럼 자지않을때는굳이 차영막을 올리진않구요아기가 엄마아빠를 잘 확인하게끔요렇게 차양막을 내려줬어요그리고 항상 안전벨트 확인 .?캐리언라이트유모차캐리언라이트유모차 는 안전벨트가중잠금장치라절대 아기혼자 풀수 없어서정말 안전하다는점 ], 부정 텍스트 확률 : 64.08%"
"[ .?요람형유모차요람형유모차 가 된다는 사실지난번에 보여드렸죠?아니 디럭스도 아닌데 .?도유모차도유모차 되는거 실화냐??저같은 경우 세미요람형도 자주 사용하는데제가 사용한건 요람형에살짝 등받이만 올려서바로 요람형으로 바꿀수 있는 모드로 설정해놨어요우리 이웃님들께서도아마 실제 사용하시다보면요람형으로 이용할지기존 모드를 이용할지 편하실대로 사용하실텐데저는 은근 요람형이 편하더라구요그런데 요람형에서 기본형으로 바꿀때살짝 버튼을 잠그고 버클을 채우는 동작이 있어서 요건 단점같다는 생각이 들었어요제가 생각하는 .?아발론휴대용유모차아발론휴대용유모차의 유일한 단점이 아닐까 싶었어요이거 빼고 다 장점이에요ㅋㅋㅋㅋㅋㅋㅋㅋㅋㅋㅋㅋㅋㅋㅋㅋㅋㅋ ], 부정 텍스트 확률 : 89.61%"
"[아기가 편할수 있도록발받침도 각도조절이 가능하다고말씀드렸었죠?전 요람형에서 살짝저만의 세미요람을 만들었을때다리가 떨어지지않도록 올리고는 하는데혹시 아기가 불편해하면 어쩌지 했는데왠걸ㅋㅋㅋㅋㅋㅋㅋㅋㅋㅋㅋㅋㅋㅋㅋㅋ다리까지 꼬고넘나 잘 있고요 ], 부정 텍스트 확률 : 75.68%"
"[발받침은 엄마가 아기편한 자세에 맞춰서발받침 각도를 설정하면 되기때문에신생아부터 개월 아기까지사용가능합니다♡ ], 부정 텍스트 확률 : 92.19%"
"[요렇게 아기확인창도 있어서전체적인 통풍도 가능해서엄마 안심여름에 시원두개다 득템이 아닐까 싶네요♡저는 휴대용이지만 .?디럭스디럭스 같은 양대면을 이용해서요건 여름에 아기 통풍창으로이용하면 너무 좋겠다 싶더라구요 ], 부정 텍스트 확률 : 86.46%"
"[라이언 태우깈ㅋㅋㅋㅋㅋㅋㅋㅋㅋㅋㅋ저 큰 라이언이 들어갈수 있나 싶었는데은근 사쥬가 커서 머리큰 라이언 머리빼고들어가네욬ㅋㅋㅋㅋㅋㅋㅋㅋㅋㅋㅋ ], 부정 텍스트 확률 : 78.46%"
"[ 제품만을 제공받아 솔직하게 작성하였습니다 ], 부정 텍스트 확률 : 69.86%"
"[직접 구매하고 쓰는 후기임 ], 부정 텍스트 확률 : 67.05%"
"[직접 구매하고 사용 후 쓰는 후기 ], 부정 텍스트 확률 : 80.60%"
"[것도 직접사서 쓰는 후기예요 ], 부정 텍스트 확률 : 83.66%"
"[택배도착하자마자 바로 사용하다시피했다보니], 부정 텍스트 확률 : 70.99%"
"[사진들이 친절하진 않아요], 부정 텍스트 확률 : 60.13%"
"[그대로 쭉 펴서 바퀴만 꽂으면 끝....], 부정 텍스트 확률 : 96.43%"
"[일단 첫째는 현재 개월 둘째는 개월 정도 .. 입니다 ㅋㅋㅋ유모차 상품설명에 까지였나? 권장이던데주변에도 그렇고 다들 더 이상도 태우고 다니더라구요 ㅎㅎ이건 사시는분들이 판단하시길 근데 저는 이렇게? 작은 휴대용 유모차는 정말로 처음 사봐서 첨에는 사실 너무 약해보이기도하고밖에 나가서 끌면 밀릴까 싶었거든요 ㅋㅋㅋ ], 부정 텍스트 확률 : 63.37%"
"[ 가격은 만원 좀 안되게 주고 샀어요지마켓에서 쿠폰쓰고 해서 만원대였음], 부정 텍스트 확률 : 81.14%"
"[첫째는 키가 많이 작은편인데도저렇게 발받침 닿이는 부분이 둘째랑 차이가 나긴하죠?키가 큰 아이들이라면 좀 불편할수도 있겠다 싶어요 ㅜ.ㅜ ], 부정 텍스트 확률 : 50.12%"
"[그리고 장바구니가 아랫쪽에 각각 있긴한데너무작아서 큰 쓸모?는 없는듯해요..게다가 아기가 앉으면 그 무게만큼 밑으로 내려오다보니 공간이 더 작아짐 ㅋㅋㅋㅋ ], 부정 텍스트 확률 : 60.74%"
"[그리고 저는 키가 작은편인데제가 밀기 딱 좋은 손잡이 높이였어요 아마 내일 남편이 밀다보면 허리가 약간 구부정하게 밀듯한데일단 키가 많이 크신분들이라면 이점은 불편하실수도 그래도 제가 산게 년 리뉴얼?된 제품인데이전 제품은 손잡이 높이가 더 낮았다고 하던데..여튼.. ], 부정 텍스트 확률 : 94.63%"
"[ 쌍둥이유모차 아발론 캐리온 쌍둥이 유모차 직접구매후기 ], 부정 텍스트 확률 : 53.29%"
"[ 결국 어린이집 입학 앞두고 샀다 샀어 ], 부정 텍스트 확률 : 67.57%"
"[풀차양 캐노피로 자외선 차단까지 문제없다], 부정 텍스트 확률 : 66.15%"
"[ 캐노피 상단에 이렇게 아이상태를 관찰하기도 하고 더운 여름철에는 환기쾌적하게 해줄윈도우창까지 있다. ], 부정 텍스트 확률 : 88.80%"
"[년 아발론 유모차를 구매하면컵홀더에 안전가드], 부정 텍스트 확률 : 61.27%"
"[장바구니], 부정 텍스트 확률 : 53.29%"
"[휴대용 어깨근까지 있으니유모차를 접으면 어깨에 매고 쉽게 휴대가능하다], 부정 텍스트 확률 : 71.65%"
"[ 누나가 오기전에 한번 앉혀보았다.아무래도 움직임이 많은 시기라서 안전벨트는 필수인데 점식 안전벨트라 잘 잡아주고 아이도 편안해했다 ], 부정 텍스트 확률 : 55.30%"
"[발받침대에 발을 올려놓으니 더 편안해 보인다 ], 부정 텍스트 확률 : 89.40%"
"[두아이의 몸무게는 합쳐서 가 조금 안되는데 유모차 자체가정도 밖에 안되고 초경량유모차라서 부담없이 끌 수 있었다 ], 부정 텍스트 확률 : 76.00%"
"[ 아발론 휴대용유모차의 장단점 ], 부정 텍스트 확률 : 88.61%"
"[ .?마마스앤파파스마마스앤파파스.?어보어보돌전부터 유모차를 거부하던 리아엄청 답답해했다.젤로 많이 쓸 줄 알았던 육아템 첫 실패 ], 부정 텍스트 확률 : 90.97%"
"[ .?난이걸몰고싶어난이걸몰고싶어생후개월때의 리아 ], 부정 텍스트 확률 : 84.61%"
"[집근처에선 지붕없는 푸시카만 타고 다녔다.그래서 휴대용은 완전 저렴으로 구비했다. .?아발론슈퍼라이트아발론슈퍼라이트 ], 부정 텍스트 확률 : 95.47%"
"[어보는 키로 넘어서 차에 싣기도 힘들었고 힘들게 싣고갔는데 아이가 안탄다하면온갖 기운과 혼이 다 빠져나가는 기분이었는데요건 .키로였나.아주 초경량 ], 부정 텍스트 확률 : 93.10%"
"[근데 안타도 그만일듯하여초저렴으로 샀는데만원정도로 기억아이가 커가면서 꾀도 늘고 편한것도 알고하면서는 매우 자주 잘 탄다는 반전], 부정 텍스트 확률 : 80.86%"
"[이렇게 될 줄 알았으면휴대용을 좀 좋은걸로 살 걸 그랬다.요야? 그거 단으로 접혀 국내선 반입도 되던데..아발론 슈퍼라이트는 가볍고 접기도 편하지만..좀 낮은 거 같고 여기저기 하도 끌고다녔더니바퀴가 굴러가는게 아니고 기냥 밀려다니는 느낌이 들기 시작했다.뭐니뭐니해도 최고의 단점은싼티가 난다는거ㅋ내돈 내고 사서 써서 너무 진솔한 후기 끝 .?아발론휴대용유모차아발론휴대용유모차 .?아발론슈퍼라이트아발론슈퍼라이트 .?내돈내고사서쓴유모차후기내돈내고사서쓴유모차후기 ], 부정 텍스트 확률 : 94.83%"
"[ 아발론 지글 절충형 유모차 할인 ], 부정 텍스트 확률 : 69.06%"
"[ ..? ], 부정 텍스트 확률 : 53.29%"
"[ ..?], 부정 텍스트 확률 : 53.29%"
"[ ..?할인아발론 지글 절충형 유모차], 부정 텍스트 확률 : 69.06%"
"[ ..? ], 부정 텍스트 확률 : 53.29%"
"[현제 상품은 ], 부정 텍스트 확률 : 63.57%"
"[ 원 ], 부정 텍스트 확률 : 53.29%"
"[이나 쿠팡에서], 부정 텍스트 확률 : 72.40%"
"[ 원 ], 부정 텍스트 확률 : 53.29%"
"[ ..? ], 부정 텍스트 확률 : 53.29%"
"[ ..? ], 부정 텍스트 확률 : 53.29%"
"[ ..?오늘 택배받자마자 설치했네요], 부정 텍스트 확률 : 57.67%"
"[이건 무슨 설치가 쉬워도 너무 쉬워요], 부정 텍스트 확률 : 95.80%"
"[ㅎ 바퀴도 똑딱 초도 안되서 설치했구요], 부정 텍스트 확률 : 79.52%"
"[다 설치하는시간이 분도 안걸렸어요], 부정 텍스트 확률 : 90.68%"
"[어디서 들었는데 유모차 바퀴는 커야 흔들림도 적다고 들었어요], 부정 텍스트 확률 : 72.27%"
"[신생아 일 된 아들이 탈거라서 다른제품도 보고 비교해보고 색상도 보고 일동안 검색해보고 네이버에서도 검색해서 보고 결국 아발론 유모차 구매했는데 기대했던 그 이상입니다], 부정 텍스트 확률 : 66.46%"
"[신생아는 목보호베개는 필수네요 그래서. . 유모차주문하면서 목보호베개도 같이 주문했네요 이건 가격대비가 아니라 정말 최고인것같아요], 부정 텍스트 확률 : 80.86%"
"[ ..? ], 부정 텍스트 확률 : 53.29%"
"[ ..? ], 부정 텍스트 확률 : 53.29%"
"[ ..? ], 부정 텍스트 확률 : 53.29%"
"[ ..? .?아발론유모차아발론유모차.?절충형절충형.?아발론아발론.?유모차유모차.?지글지글.?], 부정 텍스트 확률 : 54.10%"
"[ ..? ], 부정 텍스트 확률 : 53.29%"
"[자세한 문의 사항은 판매자에게 문의 바랍니다 ], 부정 텍스트 확률 : 70.56%"
"[ ..? ], 부정 텍스트 확률 : 53.29%"
"[해당 상품 바로가기 ], 부정 텍스트 확률 : 53.29%"
"[본 블로그는 쿠팡 파트너스와 함께 합니다. ], 부정 텍스트 확률 : 50.91%"
"[ 일환으로 소정의 광고 수수료를 받습니다. ], 부정 텍스트 확률 : 64.89%"
"[ 절충형 유모차 아발론 캐리언라이트유모차 후기 ], 부정 텍스트 확률 : 53.29%"
"[디럭스 유모차리안스핀로얄만 보유한 아니네. 지금보다 더 초보 엄빠 시절], 부정 텍스트 확률 : 54.94%"
"[베페에 들렸다가 유모차 브랜드 잘.알.못 상태로충동구매하고 ], 부정 텍스트 확률 : 86.47%"
"[집.에.서.만 잘 사용하고 있어요ㅜ..육아대디 덕분에 차량으로 이동하고 카페투어가 잦다보니 짐도 많은데부피가 큰 디럭스는 짐..스핀로얄이 나쁘다는 것은 절대 아니랍니다], 부정 텍스트 확률 : 65.53%"
"[생각해 보니 혼자 외출 할 일이 없고 남편이랑 대부분 동행인 ], 부정 텍스트 확률 : 59.29%"
"[저의 경우엔굳이 디럭스가 필요했나... 차라리 절충형을 살걸.. 싶더라고요ㅜㅜ 그러다가 알게 된 ], 부정 텍스트 확률 : 89.87%"
"[아발론 캐리언라이트 휴대용유모차 ], 부정 텍스트 확률 : 89.07%"
"[엄마가 들기에도 부담없는 초경량 절충형으로 .요람형시트 포함안전성을 모두 갖추고 있음에도합리적인 가격과고급스러운 디자인기능을보유한 똑똑한 유모차랍니다], 부정 텍스트 확률 : 89.41%"
"[최대중량 신생아부터개월 까지색상 ], 부정 텍스트 확률 : 91.04%"
"[멜란지 그레이 ], 부정 텍스트 확률 : 53.29%"
"[나들이가 잦은경우 지면에서높이로 설계된 ], 부정 텍스트 확률 : 75.53%"
"[하이포지션 시트여서 외출시 카페], 부정 텍스트 확률 : 53.29%"
"[.. ], 부정 텍스트 확률 : 57.07%"
"[.. ], 부정 텍스트 확률 : 57.07%"
"[양대면 모드로 아이와의 교감 ], 부정 텍스트 확률 : 56.55%"
"[아발론.?휴대용유모차휴대용유모차.?캐리언라이트유모차캐리언라이트유모차 는양대면이 가능해요.아래 반짝이는 부분을 양손으로 콕 눌러서 들어올리면 앞방향], 부정 텍스트 확률 : 92.31%"
"[뒤방향으로 초 안에 변환이 가능하답니다. ], 부정 텍스트 확률 : 85.50%"
"[컴팩트한 폴딩으로 기내반입도 가능해요 ], 부정 텍스트 확률 : 52.22%"
"[폴딩. 캐노피를 끝까지 젖힙니다.. 핸들 사이드 양쪽 래버를 당기면 프레임이 접혀요 ], 부정 텍스트 확률 : 90.84%"
"[언폴딩. 제품 측면 고정장치를 풀어줍니다.. 프레임을 잡고 앞으로 털어주듯 펴줘요. ], 부정 텍스트 확률 : 52.41%"
"[단계는 앞서 구경했으니 요람형으로 단계 각도 조절하고 양대면 모습어떤 각도를 해도 양대면에 전혀 문제가 없어요. ], 부정 텍스트 확률 : 94.83%"
"[알차게 신경쓴 디테일 포인트 ], 부정 텍스트 확률 : 74.95%"
"[가죽느낌의 핸들안전바 부분 ], 부정 텍스트 확률 : 73.48%"
"[본체 색상은 멜란지 다크그레이 핸들 부분과 안전바 부분이 짙은 갈색 가죽느낌의재질로 만들어져 포인트로 좋아요 ], 부정 텍스트 확률 : 66.34%"
"[운전자 맞춤 손잡이 높이 조절 ], 부정 텍스트 확률 : 53.29%"
"[소재도 소재지만 이 핸들의 매력은 사용자 편의에 맞게 높이가 조절이 된다는 점인데요 ], 부정 텍스트 확률 : 86.57%"
"[남편이 찍어주고 ㅋㅋ 너무 와일드하게 하는거 아니냐고...ㅋㅋㅋ ], 부정 텍스트 확률 : 91.43%"
"[.. ], 부정 텍스트 확률 : 57.07%"
"[수납력 킹왕짱 와이드 장바구니 ], 부정 텍스트 확률 : 63.04%"
"[평소 이 장바구니 안에는..지난번 포스팅 한엄청나게 많은 양이 들어가는 기저귀가방축복렌즈가 장착된 데세랄 카메라 아니땅 블랭킷 외 잡다한 물품이들어가 있지만 더 들어가도 될거 같은 넉넉함이 있어요 ], 부정 텍스트 확률 : 53.45%"
"[발끝까지 편안한 발 받침 각도조절 ], 부정 텍스트 확률 : 93.82%"
"[오랜 시간 앉아있어도], 부정 텍스트 확률 : 81.90%"
"[발끝까지 편안하고 안전함을 줄 수 있도록 발 받침 각도도 조절이 가능해요 ], 부정 텍스트 확률 : 90.97%"
"[...최근 까진 요람형 으로 많이 타고 다니다 오늘은 앉아서 양대면 변경하며 앞보기], 부정 텍스트 확률 : 75.18%"
"[뒤보기로 아기랑 돌아다녔는데편안한지 연신 하품을 하더니 잠들었답니다 ], 부정 텍스트 확률 : 81.30%"
"[....가볍고 부드러운 핸들링이 가장 마음에 들어요곳곳에 버튼들이 있어서 뚝딱 눌러주며 아가에게 그때그때 가장 편안한 자세를 만들어 주는것도좋다고 생각해요 참고로 두개를 연결하여 쌍둥이용 유모차로도 사용이 가능하데요 아발론 캐리언 라이트 절충형 유모차가 궁금하시다면 구경가 보셔요 . . ], 부정 텍스트 확률 : 80.28%"
"[ 직접구매아발론 슈퍼라이트 플러스 휴대용 경량 유모차요야유모차], 부정 텍스트 확률 : 87.01%"
"[ 쿨키즈플러스와 비교 ], 부정 텍스트 확률 : 70.38%"
"[아기낳기 전엔 유모차는하나면 되겠지 했는데애 키워보니디럭스절충형휴대용나름 다 쓰이게 되더라는..우리 아인 네 살이 가까워지고디럭스], 부정 텍스트 확률 : 60.35%"
"[절충형은 벌써 졸업하고아마 돌 지나고 나서부터인가휴대용 요야를 선물 받아잘 쓰고 있었다.그러나.. 참 장점이 많은 유모차이긴 한데킬로 대가 나에겐 무겁기도 하고해외여행이나 버스를 이용할 땐그 원터치라는 게 어차피 한 번 접어서버튼을 잘 눌러야 접히고슬슬 불편함이란 게 보였다.그래서 부피 많이 차지하지 않고좀 더 가벼우면서 폴딩이 편한 게 있으면어깨끈도 고려좋겠다 싶어서 혼자서 여러 개를비교하다가드디어 발견한 ], 부정 텍스트 확률 : 68.13%"
"[아발론 슈퍼라이트 플러스 휴대용 경량 유모차 ], 부정 텍스트 확률 : 89.07%"
"[ 장바구니주머니도와 컵홀더가 포함된 ], 부정 텍스트 확률 : 52.57%"
"[구성이라 가격 대비 괜찮았다.색깔은 세 가지 중 선택인데우린 다크 그레이. ], 부정 텍스트 확률 : 50.39%"
"[바퀴 끼우기 참 쉽죠잉그냥 딸깍 소리만 나면 완성. ], 부정 텍스트 확률 : 94.42%"
"[요야랑 높이 비교에선 거의 비슷하다아발론은 두 개의 손잡이를 잡는 방식인데요야의 같은 높이로 비교하면 높이는 거의 비슷. ], 부정 텍스트 확률 : 90.10%"
"[ 풀차양막이라 아발론이 승 ], 부정 텍스트 확률 : 78.18%"
"[ 오점식 벨트 ], 부정 텍스트 확률 : 73.80%"
"[ 도 ], 부정 텍스트 확률 : 65.01%"
"[큰 보조 주머닌 아니라도 양 사이드에이런], 부정 텍스트 확률 : 60.96%"
"[ 장바구니는 그리 크진 않다.디럭스], 부정 텍스트 확률 : 79.05%"
"[절충형은 아닌지라그래도 년형에 비해 기본 장착이 되고요야보다 세로로 좀 길어 안정감 있다. ], 부정 텍스트 확률 : 61.52%"
"[ 풀 ], 부정 텍스트 확률 : 53.29%"
"[ 휴대용 유모차가 그러하듯 아기가 앉은 자세가 도까진 되지 않는다. ], 부정 텍스트 확률 : 94.03%"
"[지금센티 가까이 되는 아긴데발받침도 편안해 보였다. ], 부정 텍스트 확률 : 85.95%"
"[.?휴대용유모차휴대용유모차 ], 부정 텍스트 확률 : 91.72%"
"[ 아발론유모차 ], 부정 텍스트 확률 : 53.29%"
"[ 아발론슈퍼라이트플러스 ], 부정 텍스트 확률 : 53.29%"
"[ 초경량유모차 ], 부정 텍스트 확률 : 57.96%"
"[날씨가 너무 더워요 구매만족해서 사람들에게 알리려궁유모차 후기쓰러 오랜만에 들어왔네요연년생 낳고 키우다보니 유모차는 두개이상이고 ㅋㅋㅋ심지어 웨건까지 선물받아 쓰고있었어요근데 둘째가 정말...우량아거든욤 웨건도 무겁고...이사을 해서 한 계단 여섯개정도 왓다갔다해야하는데 둘데리고 웨건 들락날락 너무 힘들었어요 ㅠㅠㅠㅠ ], 부정 텍스트 확률 : 85.59%"
"[그래서 진짜 한 이주정도 휴대용쌍둥이유모차 폭풍 검색하다가“아발론캐리언쌍둥이유모차”로 겟했네요 ], 부정 텍스트 확률 : 85.96%"
"[자리도 많이 차지안해요 ㅋㅋ옆에 유모차는 페도 기내반입 가능한 절충형 휴대용 유모차예요휴대용 절충형이지만 무게가 키로가 넘어요ㅠㅠ그리구 한명밖에 못태워요 첫째 어린이집가고 둘이나갈땐 딱입니다 ], 부정 텍스트 확률 : 93.25%"
"[고정하는 부분도 있어서세워둘때 절때 혼자 펴지지않아용 ], 부정 텍스트 확률 : 78.32%"
"[아발론캐리언쌍둥이유모차는 요렇게애들 확인하는 창도 되어있어요선택한 이유중 하나예요차양막도 다른 휴대용쌍둥이유모차보단긴거 같더라구요 ], 부정 텍스트 확률 : 91.13%"
"[둘째는 졸려해서 재우고 첫째는 탄다고 해서한명만 태우고 바퀴 굴려봤는데 잘굴러가고쏠림도 없는거같아요. 가운데 바퀴가 살짝 뜨는거같긴하지만불안한 요소는 하나두 없었네요둘태우고 집 돌아댕기면 재우기도 가능할거같아요 ㅋㅋㅋ다른어머님은 여기서 재우셧던데막 도 도 눕혀지는건 없는데유모차에서 자두 불편하진 않을거같아요 ], 부정 텍스트 확률 : 69.61%"
"[처음 시승모습ㅋㅋㅋㅋ개월], 부정 텍스트 확률 : 50.23%"
"[ 아발론 초경량 휴대용 유모차 구입후기부제영역은 지식백과에서만 사용되지만 포스트 엔드에 마크업은 잔존하게 됩니다 기본적으로요소는 입니다 ], 부정 텍스트 확률 : 98.53%"
"[산이랑 해외여행을 가기위해 휴대용 유모차를 구입했어요 작년 월에 구입한 건데 반년동안 써보고 이제 후기를 올려봅니다. 국내가 아닌 해외여행이고 잘 돌아다니다 와야하는데 유모차가 짐이되면 안된다는 부담감이 있어서 유모차 하나 구입하는데 정말 이것저것 많이 따져보았어요. . 비행기안에 가지고 탈 수 있는 것. 산이가 혼자서 막 뛰어다니는 시기라 아이를 챙길 여력이 없을때 유모차에 묶어놔야 하는데 비행기 타기 직전까지 갖고 탈 수 있는 초경량이 필요했어요.아발론은 출입국 심사대를 지나 비행기 타기 직전까지 탈 수 있고 승무원들이 알아서 포장해서 기내로 반입하고 나중에 내릴때도 알아서 빼주더라구요. 아이를 동반해서 남들보다 빨리 비행기를 탈 수 있었고 내릴땐 유모차를 받아야 하기 때문에 남들 다 내릴때까지 기다려야 했어요 . 어깨끈이 있는 것이동시 접어서 어깨끈으로 들 수 있는게 편하겠더라구요. 짐이 많을텐데 끌고 다닐 수 없을땐 어깨에 메는게 실용적일 것 같았어요. 결론적으로 이 부분에서 아발론은 편하긴한데 제가 들기엔 어깨가 많이 아프더라구요. 남편이 메야 했는데 오래 메긴 힘들어요. 끈이 어깨를 파고들고 초경량이라해도 유모차 자체가 무겁더군요 . 유모차에서 낮잠을 자기도 하므로 햇빛가리개가 있는 것. 햇빛가리개 없는 완전 초경량도 있었는데 햇빛을 피하려면 요건 필수겠죠. 챙이 넓은 것으로 알아봤어요. 아발론은 투명창이 있어서 아이의 상태도 확인 가능했어요. 등받이 조절이 되는 것 젤 저렴한 건 등받이 조절이 안되더라구요. 유모차에서 낮잠을 자기도 하는데 조금이라도 누워서 편히 잤으면 하는 마음에 등받이 조절이 되는 걸 찾았어요.결론적으로 이 부분에서 아발론은 단계로 조절이 된다는데 실제로 보니 크게 차이가 나진 않더라구요. 핸들링이 편한 것 여행을 계속 걸어다니며 밀고 다녀야하는데 유모차 핸들링이 불편하면 엄마아빠 몸이 힘들 것 같아 이 부분도 신경을 썼어요. 초경량으로 많이 구입하는 쿨키즈 유모차를 중고로 구입했었는데 가볍긴 정말 가벼웠지만 핸들링이 불편했어요. 그리고 유모차가 작다보니 우리 아이가 불편할 것 같더라구요. 너무 바닥에 붙어버린 느낌이에다 뭔가 불안한 느낌?.. 반면에 아발론은 적당한 무게에 프레임이 철이라 튼튼해보였어요. 모든 부분에서 그리고 가성비를 따져봤더니 잠시 사용하는 여행용유모차는 아발론 유모차가 제일 괜찮겠더라구요. 그래서 구매를 했습니다.], 부정 텍스트 확률 : 100.00%"
"[요렇게 펴진 모습이에요 완전 초경량 유모차는 짐 넣는 망이 없었어요. 아발론은 아래엔 없고 등판에 망이 붙어있어서 간단한 짐은 여기에 넣을 수 있어 편했어요. 하지만 조금 무거운걸 넣었다 아이가 일어날 경우 유모차가 넘어지기도 하니깐 무게가 좀 나가는건 넣으면 안돼요. 전 요 망에 버블티 개 넣었다가 유모차가 넘어가는 바람에 물 천지가 되었다는], 부정 텍스트 확률 : 91.58%"
"[뒷바퀴에 브레이크가 있어서 정지해 놓을때 유용해요. ], 부정 텍스트 확률 : 81.22%"
"[요렇게 접히구요. ], 부정 텍스트 확률 : 62.92%"
"[이게 어깨끈인데 딱딱하고 두꺼운 끈이라 어깨가 아프더라구요. 그래도 없는 것 보단 편리하단 장점이개월 사용 후기 휴대용 유모차가 몇 번 쓸 일도 없고해서 가성비를 젤 따져 그 중 괜찮았던 아발론을 샀는데 들고다니다보니 정말 초경량 유모차보단 무게가 좀 나가서 초경량이란 단어를 써도 될까 의심스런 무게였어요. 하지만 너무 가벼운 유모차는 아이가 탔을때 바닥의 굴곡을 다 느낀다고해서 엄마아빠가 들고 다니기 좀 힘들어도 아이가 편한 유모차를 고르자 해서 아발론을 샀어요. 여행은 잘 다녀왔고 큰 무리 없이 가지고 다녔어요. 잠시 여행갈때 필요한 거라면 아발론은 굿 초이스가 아니었나 싶어요 여행 후 개월쯤 되서 나갈때 썼었는데 이젠 아이가 커서 발이 바닥에 닿더라구요. 두돌이 넘는 아이에겐 작아져버린 유모차... 또 요즘은 유모차 태우면 탈출하려고 하는데 어깨끈도 확 빼버리고 혼자 일어서 버리니 유모차는 쓰러지고.. 그렇게 난감 할 수 없었어요. 개월 이하 아이에게 추천합니다.], 부정 텍스트 확률 : 60.61%"
"[ 휴대용 쌍둥이 유모차 장만 아발론 오샤인 ], 부정 텍스트 확률 : 86.55%"
"[ 휴대용 유모차를 검색하면 다양한 가격대의 많은 제품들이 나옵니다.그런데 거기에 쌍둥이라는 말을 하나 더 붙이면... 그 숫자는 대폭 줄어들죠.그나마내외의 가벼운 제품은 두가지 밖에 없습니다.쿨키즈와 아발론 두가지죠.이런저런 검색과 고민 끝에 결국 아발론 오샤인 쌍둥이 유모차로 결정했네요.], 부정 텍스트 확률 : 96.75%"
"[ 주문한 바로 다음날 집에 도착했습니다.베이비조거 유모차는 상자가 현관을 가득 채웠는데], 부정 텍스트 확률 : 59.85%"
"[아발론 유모차는 크기도 작고], 부정 텍스트 확률 : 71.97%"
"[ 제품 구성은 상당히 간단합니다. 본체에 모든 것이 장착되어있는 상태로 접혀있고], 부정 텍스트 확률 : 51.02%"
"[ 앞바퀴 개만 따로 들어있어서 방향만 맞춰서 끼우기만 하면 되더라구요.설명서도 간단하구요.어린이집 다녀온 아들녀석이 접혀있는 유모차를 보며 모야 모야? 해서 펼쳐 태워주니 나가잡니다.ㅎㅎ그래 함 나가자], 부정 텍스트 확률 : 95.58%"
"[ 입니다.ㅠㅜ 아이들이 좀 작은 편이죠.지난 주에 촬영한 쌍둥이는 ], 부정 텍스트 확률 : 62.87%"
"[라고 하던데...ㅜㅠ작으면 어쩌나 했는데], 부정 텍스트 확률 : 75.77%"
"[할미 하며 할머니한테 가자고 하네요.그래 나온김에 할머니한테 가자미터 정도 거리의 할머니 가게로 슬슬 걸어가는데], 부정 텍스트 확률 : 92.07%"
"[핸들링이 생각했던 것 보다 괜찮네요.인테넛 후기들을 보면 무게 외에는 많은 것을 포기해야한다는 말이 많아 아무런 기대가 없어서 그랬는지생각보다 좋은 핸들링에 살짝 놀랐네요.그동안 타던 베이비조거는 자체 무게도 있어 아이들을 태운 상태로 유모차를 드는 건 상상도 못했는데], 부정 텍스트 확률 : 51.04%"
"[ 아발론 오샤인 유모차는 아이들 둘을 태우고도 유모차와 함께 들어지네요.ㅎㅎㅎㅎㅎㅎ적당한 무게감이 있어야 관성으로 턱을 넘어가기 편한데], 부정 텍스트 확률 : 62.74%"
"[단순히 낮은 것 때문이라기 보단손잡이가 개로 분리되어 있어 양쪽 끝을 벌려서 잡아야 하다보니 자세가 불편해질 수 밖에 없네요.게다가 바퀴가 앞뒤로 개씩 있다보니 허리를 덜 숙이려고 유모차에 바짝 다가서다보면 가운데 바퀴에 자꾸 발이 걸립니다.적응되려면 시간이 제법 걸릴 것 같네요.], 부정 텍스트 확률 : 90.49%"
"[ 물론 일반 휴대용 유모차보다 무겁고], 부정 텍스트 확률 : 87.44%"
"[ 아발론 라이트앤무브 쌍둥이유모차 ], 부정 텍스트 확률 : 53.29%"
"[세키로 세키로 연년생등하원용 유모차아발론 쌍둥이 유모차를 샀다이사오고 바로 사려고 했는데사고 싶었던 아발론쌍둥이유모차는 품절상태였다다른유모차는 너무 비싸거나너무 싼건 또 왠지 별로일것같고고민하다가 그냥 버티자 해서지금껏 벼텨왔는데..애둘 데리고 유모차 하나로 등하원은 불가능하단걸 이제서야 절절히 깨닫고..서로 유모차 탄다고 싸움. 큰애 과자나 젤리로 겨우 달래 걷게함. 그마저도 안통할땐 결국 큰애태우고 둘째 아기띠. 그러나 둘째 이제 키로 날 추워져서 패딩입은채 아기띠는 더이상 노노노그래서 구입결정마침 위메프에 할인쿠폰 적용하니 최저가로 물건이 나와 있었다 ], 부정 텍스트 확률 : 99.89%"
"[키로 키로 아이가 탄 모습누가 키로인거니.. 우리둘째 부피가 더 커보인다겨울옷 입고 타면 좀 좁을 수도 있겠으나등하원용으로는 적절하다 생각한다라이트앤무브는 등받이 조절은 안된다커버도 같이 사서 씌었봤다 ], 부정 텍스트 확률 : 78.87%"
"[아직 집에서만 끌어봤는데핸들링 좋고내 키가 작아서 손잡이도 적당하고그동안 유모차 하나로 너무 고생해서 그런지난 너무 만족스럽다우리애들은 유모차 타는 걸 좋아해서..진작 샀더라면 더 잘 탔을 쌍둥이 유모차이제라도 샀으니열심히 태우고얼마나 탈수있으려나깨끗하게 잘 쓰다가중고로 팔아볼까 싶다위메프에서 직접 사서 쓴 후기입니다♡ ], 부정 텍스트 확률 : 65.99%"
"[ 쌍둥이 연년생 인용 유모차 비교 마이크라라이트 투폴드아발론 휴대용 유모차 ], 부정 텍스트 확률 : 88.53%"
"[여름을 다 겪어보고느낀점을 공유하기 위해서포스팅이 늦어졌슴돠 ], 부정 텍스트 확률 : 66.37%"
"[옆으로 나란히 가로형이냐], 부정 텍스트 확률 : 92.97%"
"[앞뒤로 세로형이냐 ], 부정 텍스트 확률 : 91.48%"
"[자주 다니는 길을 확인하세용우리는 주로 좁은 길을 많이 다녀서 가로형은 일단 패쓰], 부정 텍스트 확률 : 55.29%"
"[가벼운 휴대용이냐], 부정 텍스트 확률 : 95.30%"
"[묵직한 핸들링이냐 주로 걸어다니시는지], 부정 텍스트 확률 : 95.22%"
"[차에 싣고 내리시는지 확인하세용저는 매일 걸어서 등원시켜야 하므로 핸들링 안좋으면 과감히 패스 참고로 가로형으로 핸들링 좋고 좀 슬림한편인데다 등받이 각도조절조 되는 유모차로는..], 부정 텍스트 확률 : 98.79%"
"[ 콤비는 유모차 두대 연결해서사용 가능 하다고 하는데 저는 집에 있는 콤비 휴대용 유모차에 한 맺힌게너무 많...... 아.. 그냥 패스하겠습니다 ㅋㅋㅋㅋ말똥이는 곧튜 아파서휴대용 콤비는거의 못썼고 뚱새는 아직 작아서 곧튜말고 덩치가.. 유모차 사이즈에 맞더라구요. 최근에 나온 콤비는시트가 더 깊어져 단점 보완되었다고 하던데 안써봐서 모르겠네유 여하튼 다시 세로형 유모차를뒤지기 시작했습니다. 먼저], 부정 텍스트 확률 : 99.61%"
"[ 시티셀렉트 줄여서 시셀이 눈에 많이 띄였음 거의 압도적시트각도], 부정 텍스트 확률 : 67.78%"
"[시트방향], 부정 텍스트 확률 : 53.29%"
"[핸들링 등 아주 우수하다고..하지만 가격 압박이 심하여 비슷한 스타일의 좀 낮은 가격대의 유모차를 검색. 시셀과 사양은 비슷하면서], 부정 텍스트 확률 : 95.87%"
"[싼걸로 일단 후기 볼 때 단점 위주로 읽음. 단점을 도저히 내가 못 받아들이겠다면 바로 패쓰], 부정 텍스트 확률 : 98.72%"
"[시트 방향 다 좋은데 너무 길어서 방향전환이 좀 힘들다는 얘기를 들음 좀 더 싼걸로 알아보기 시작 ], 부정 텍스트 확률 : 61.01%"
"[ 당시 말똥이는 개월], 부정 텍스트 확률 : 62.17%"
"[ 킥보드인줄 알고 바로 올라탐], 부정 텍스트 확률 : 51.53%"
"[일단 결론부터 말하자면 투폴드는 단점이 더럽게 많다. 사용하면서쌍욕도 엄청 많이 했고 남편은 갖다 버리라고 화도 냈음.사람들이 유모차의 단점에 대해 문의사항이 많았는지.. 마이크라라이트 카페에 ], 부정 텍스트 확률 : 92.00%"
"[그 많던 단점은 별 신경이 쓰이지 않았고], 부정 텍스트 확률 : 85.20%"
"[몇개는 여전히 용납안되지만 연년생 유모차로는 너무너무너무 괜찮은 유모차인것 같다.칭찬인가 욕인가], 부정 텍스트 확률 : 88.91%"
"[ 일단 뒷좌석에는 혼자 앉기 아주 힘듦 말똥이는 개월에 요령을 터득해서 혼자 시트 밟고 올라가 앉기는 하는데좀 힘들어보임 물론 애들이 스스로 못앉는 유모차가 많기에 별 문제가 되지는 않음], 부정 텍스트 확률 : 99.36%"
"[ 시야가 트인 앞자리에 앉을 줄 알았는데 뒷자리가 좋다고 앉아버려서 당황. ], 부정 텍스트 확률 : 77.96%"
"[ 뒷자리 차양 해가 잘 가려짐 ], 부정 텍스트 확률 : 83.39%"
"[ 짹짹이는 갓백일이넘은 상태 얼굴만 중년남성ㅋㅋㅋㅋ 추억돋네 ㅋㅋㅋㅋ], 부정 텍스트 확률 : 83.45%"
"[ 뒷좌석에 탄 아이가답답해하지않을까여?의외로 옆을 구경하면서 잘 타고 다닌다. 그리고 보통 큰애는 라이더로 많이 타기때문에 큰 문제가 되지는 않음.하지만 많은 짐을 손잡이에 걸게되면시야가 가려져서 애가 짜증냄ㅋㅋㅋㅋㅋㅋ그리고.. 커갈수록.. 앞자리가 좋다고 뒷자리 거부하는 상황이 종종 발생함ㅋㅋ 이건 뭐 애들 개인취향이니.. ], 부정 텍스트 확률 : 99.89%"
"[ 시트 사이즈 개월 아들래미 전혀 문제없이 잘 탐 심지어 살짜리 애도 탄다는 글을 보았음 ], 부정 텍스트 확률 : 97.26%"
"[ 발받침은 따로 없음 ], 부정 텍스트 확률 : 81.82%"
"[ 스타필드 가려고 투폴드 차에 싣다가 남편이 욕하고 ㅋㅋㅋ일반 유모차랑 달라서 무조건 동영상보고 연습해보기 필수], 부정 텍스트 확률 : 64.23%"
"[ 또 하나의 큰 단점 차양막ㅋㅋㅋㅋㅋㅋ 전혀 햇볕이 차단 안된다 ], 부정 텍스트 확률 : 95.09%"
"[ 가소롭냐 ㅋㅋㅋㅋㅋ], 부정 텍스트 확률 : 60.17%"
"[ 심쿵 다른의미로... ㅋㅋㅋㅋㅋㅋㅋ ], 부정 텍스트 확률 : 90.74%"
"[ 뒷자리 시트는 분리해야 하고 손잡이 역시 안쪽으로 접어야해요 ], 부정 텍스트 확률 : 75.65%"
"[ 한겨울 ], 부정 텍스트 확률 : 53.29%"
"[ .?보낭커버보낭커버], 부정 텍스트 확률 : 53.29%"
"[뒤 전부다 ], 부정 텍스트 확률 : 89.64%"
"[뒷자리 투명으로 만들어서 심지어 천장도 투명 애가 답답함은 덜 느낄 것 같아요바람이 들어오긴하지만큰애야 뭐 찬바람 맞으면서 걸어도 다니는데이정도는 상관없었어요. ], 부정 텍스트 확률 : 97.68%"
"[ 이날 짹짹이는.. 독한 감기에 걸렸어요.. 그 이유는.. 바로바람 들어오는 보낭커버와 얇은 유모차 시트때문에 ㅠㅠ], 부정 텍스트 확률 : 60.97%"
"[ 앞자리에찬바람이 막 들어오길래 이건 어쩔수없다고 하네요 무슨 보낭커버가 이렇게 허접해ㅠㅠ하면서 저렇게 두껍게 입힌데다가 아기띠 커버까지 덮어줬는데 집에 오니까..등에 찬물이 ㅠㅠ고여있는거에요..알고봤더니 몸은 점점 더워져서 땀이 났는데 투폴드 앞자리 시트가.. 완전 얇거든요.. 그래서 찬바람이 등으로 들어와서 애기 땀이랑 만나 찬땀이 만들어졌던것..그 상태로 돌아다녔으니ㅠㅠ 엄청난 감기를 앓을수밖에.. ], 부정 텍스트 확률 : 94.23%"
"[ .?장바구니장바구니 작아요처음엔 여기다 뭘 담으라고? 했는데 계속 쓰다보니 요령껏 담는 스킬이 늘어나더라구요], 부정 텍스트 확률 : 70.11%"
"[ 문제는 손잡이에 이것저것 달고 다니면 애 시야가 가려지고 자기 얼굴 친다고 짐 빼라고 막 화냄ㅋㅋㅋㅋ ], 부정 텍스트 확률 : 98.09%"
"[ 전혀 기능 발휘 못하는 차양막], 부정 텍스트 확률 : 94.54%"
"[ 보낭커버에 차양기능이 있었기에 그나마 겨울에는 저걸로 버텼음 ], 부정 텍스트 확률 : 93.20%"
"[단점추가 손잡이를 자주 ], 부정 텍스트 확률 : 58.51%"
"[육각렌치 ], 부정 텍스트 확률 : 53.29%"
"[로 조여줘야함 투폴드 사용한지 일째? 일째? 되던날 건널목에서 손잡이 분리되서 기절할뻔 정말 유모차 버려버리고 싶단 생각이 ㅋㅋ애들은 유모차에 타고있고 길 한복판에서 부품 주우러 다니고ㅠㅠ ], 부정 텍스트 확률 : 79.08%"
"[ 손잡이 분리된채로 집에 밀고 옴ㅋㅋ요즘에는 주에 한번씩육각렌치로 조여줍니다. 남편은 뭔 손잡이를 주기적으로 고정시켜줘야하냐며 이런걸 왜 돈주고 샀냐며 ㅋㅋㅋㅋ여보.. 그러면 나.. 차를 사줘 ㅋㅋㅋㅋㅋㅋㅋㅋ], 부정 텍스트 확률 : 83.26%"
"[ 어린이집 하원길에 화투패 쥐고 잠ㅋㅋㅋ], 부정 텍스트 확률 : 80.55%"
"[ 날이 좀 풀려서 커버 안씌웠더니 춥다고 난리 ], 부정 텍스트 확률 : 75.41%"
"[ 사실 뒷자리 보낭커버는 거추장스러워요 흐느적거리고.. 그래서 저렇게 차양막으로 덮어주고 담요 항상 챙겨서 다녔네요 ], 부정 텍스트 확률 : 82.40%"
"[ 이때가 그립다 ㅋㅋㅋㅋㅋ 정확한 시간에 먹고 자고 싸고 ㅋㅋㅋ], 부정 텍스트 확률 : 62.76%"
"[단점 추가 인용 모드일때 뒤로 엄청 잘 넘어짐애가 타고있는 상황에서도 손잡이에 짐이 조금 실리면 뒤로 발라당 잘넘어감그냥 휴대용 유모차 수준이라고 보면 됨 심지어 짐이 있다는걸 잊고 있다가 애를 유모차에서 꺼냈는데 유모차가 와장창하며 뒤로 넘어간적 더럽게많음ㅋㅋㅋㅋㅋㅋㅋ병원바닥에 음료수 다 엎고 온갖 쓰레기 다 엎고 아 진짜 수치스러웠던적 엄청 많음ㅋㅋ 그자리에서당장투폴드 버리고 뛰쳐나올뻔ㅋㅋㅋㅋㅋ짐을 손잡이에걸었을 경우 인용 모드로 바꾼 상태에서 애를 빼내야지 좀 더 안전함 그렇지만.. 막상 애를 유모차에서 꺼낼때는 그런 생각이 안듬ㅋㅋ그리고.. 앞에 탈 아기가 많이 어린데 겨울이 왔다 투폴드 개비추 ㅋㅋㅋㅋㅋ 진짜 별짓 다했습니다. ], 부정 텍스트 확률 : 82.74%"
"[ 다시한번 말하지만 인용 인용 변신하는거.. 동영상보고 여러번 연습해서 익혀야해요 ㅋㅋ한번 보고 바로 할때는 아하 싶은데 또 몇주 있다가 다시 변신 시키려면 까먹음ㅋㅋㅋ남편이랑 서울대공원 입구에서 투폴드 접고 펼치고 무한반복 분 걸림ㅋㅋㅋㅋㅋㅋㅋ남편이 이거 그냥 버리고 가자고 ㅋㅋㅋ 이제 심심하면 버린데 ㅋㅋ ], 부정 텍스트 확률 : 97.23%"
"[ 짐 엄청 많이 걸려요 저정도 짐 걸려면 무조건 인용 모드 ], 부정 텍스트 확률 : 95.48%"
"[ 뚱새랑 나는 찌그러져서유모차와 탑승], 부정 텍스트 확률 : 52.31%"
"[ 참고로 앞에 아무도 없는데 인모드로 큰애를 라이더에 태우는것도 위험하더라구요얼마전에 말똥이가 이 상태에서뚱새는 안고 있어서 앞좌석 비어있는 상태 고개를 천장본다고 뒤로 꺾었는데 무게중심이 뒤로갔는지 유모차가 뒤로 넘어가면서 그대로 애 머리가 바닥에 쾅 닿았는데 얼마나 놀랬는지 몰라요.유모차를 왜 이따위로 만들었어 라는 소리가 백번도 더 나왔어요. ], 부정 텍스트 확률 : 99.60%"
"[ 동물을 당연히 좋아할 줄 알았으나], 부정 텍스트 확률 : 76.77%"
"[ 똥냄새 난다고.. 계속 짜증을ㅋㅋㅋㅋㅋ ], 부정 텍스트 확률 : 99.87%"
"[ 뒷좌석 시트를 안가져와서 라이더 탈줄알고 남편이 계속 애를 안고 다님ㅋㅋㅋ ], 부정 텍스트 확률 : 55.49%"
"[ 뚱새도 지겨운지 안아달라고.. ], 부정 텍스트 확률 : 98.20%"
"[ 다리아프다는 말똥이는 냉큼 앉아서 신남더워], 부정 텍스트 확률 : 67.78%"
"[똥냄새 이말만 무한반복ㅋㅋㅋㅋ ], 부정 텍스트 확률 : 99.06%"
"[ 남편이 유모차 들고다닐때마다 눈치보여 죽는줄ㅋㅋㅋㅋㅋㅋ ], 부정 텍스트 확률 : 67.72%"
"[ 솔직히 투폴드인용 모드와 트릴로지중 선택하라하면 난 무조건 트릴로지정말 투폴드는 인용이니까 쓰는거ㅠㅠ남편이랑 스타필드 갈때마다 접고 펴고 차에 싣고 하는데 막 끙끙거려서 너무나 눈치가보여?], 부정 텍스트 확률 : 55.58%"
"[ 휴대용 쌍둥이 유모차 아발론을 구매하였음ㅋㅋㅋㅋㅋ ], 부정 텍스트 확률 : 72.02%"
"[ 등받이 각도조절 안됨 ], 부정 텍스트 확률 : 83.52%"
"[ 아주 심플함], 부정 텍스트 확률 : 64.42%"
"[ 말똥이 개월짹짹이 개월], 부정 텍스트 확률 : 50.82%"
"[단점 어깨끈 높이 조절 안됨ㅋㅋㅋ ], 부정 텍스트 확률 : 75.21%"
"[단점 ], 부정 텍스트 확률 : 53.29%"
"[ 등받이 각도조절 안됨], 부정 텍스트 확률 : 83.52%"
"[ 차양막 짧음], 부정 텍스트 확률 : 63.14%"
"[ 장바구니 없음], 부정 텍스트 확률 : 82.12%"
"[ 짐있는 상태에서 애를 유모차에서 내리면], 부정 텍스트 확률 : 81.66%"
"[잘 뒤집어짐], 부정 텍스트 확률 : 70.65%"
"[우리집 방문 통과 못함 ], 부정 텍스트 확률 : 74.35%"
"[장점 차양안으로 애를 볼 수 있음], 부정 텍스트 확률 : 66.42%"
"[그런데 잘 안봄 ], 부정 텍스트 확률 : 93.35%"
"[컵홀더는 엄청 잘 뒤집어져서..], 부정 텍스트 확률 : 59.11%"
"[잘 안넣고 다니게 됨 ], 부정 텍스트 확률 : 91.63%"
"[ 유모차라이너 깔아주니 뚱새는 좀 더 안정적], 부정 텍스트 확률 : 72.34%"
"[장점 폴딩 쉽고 엄청 슬림 ], 부정 텍스트 확률 : 52.59%"
"[단점 폴딩시 바퀴가 차양에 닿음], 부정 텍스트 확률 : 56.91%"
"[아발론 쌍둥이 유모차는], 부정 텍스트 확률 : 66.26%"
"[단점이 많지만], 부정 텍스트 확률 : 59.62%"
"[이것은 쇼핑몰용으로 샀기 때문에], 부정 텍스트 확률 : 77.84%"
"[차에 싣고 내리고 편한걸로], 부정 텍스트 확률 : 59.00%"
"[잠은 그냥 집에가서 자는걸로], 부정 텍스트 확률 : 98.60%"
"[투폴드와 아발론중에 하나만 선택하라하면], 부정 텍스트 확률 : 72.38%"
"[ 걸어다닐 일이 많고], 부정 텍스트 확률 : 53.56%"
"[애가 어리면 투폴드], 부정 텍스트 확률 : 61.77%"
"[ 잠깐씩 애들 태우고 다닐때는 아발론], 부정 텍스트 확률 : 63.77%"
"[ 아발론투폴드 폴딩사이즈 ], 부정 텍스트 확률 : 53.29%"
"[ 투폴드와 트릴로지 사이즈 비교 ], 부정 텍스트 확률 : 70.38%"
"[ 시장갈때는 시장 패션ㅋㅋㅋ ], 부정 텍스트 확률 : 64.50%"
"[ 쇼윈도우형제 ], 부정 텍스트 확률 : 53.29%"
"[ 못들어갔음 ], 부정 텍스트 확률 : 84.23%"
"[ 가로형이나 세로형이나 인용 유모차는 어찌되었건 부피차지 ㅋㅋ ], 부정 텍스트 확률 : 75.39%"
"[ 보여주기식 형제애 ], 부정 텍스트 확률 : 63.98%"
"[ 남편 정도 되는데 본인말론허리아프다고 ㅋㅋㅋ인 나도 허리가 굽어짐], 부정 텍스트 확률 : 54.60%"
"[ 매장 안에 들어가는건 힘듦. 길을 막아버림ㅋㅋㅋ], 부정 텍스트 확률 : 71.77%"
"[ 형아가 없으니 잠이 오는구나 ], 부정 텍스트 확률 : 94.94%"
"[ 사은품으로 받은 차양막 ], 부정 텍스트 확률 : 85.11%"
"[ 모기장스럽지만 나쁘지않았다. ], 부정 텍스트 확률 : 77.11%"
"[ 유모차 후드에 컵홀더가 있긴 하지만 천이라], 부정 텍스트 확률 : 58.89%"
"[ 콤비.. 말똥이 꼬츄 아프게한 유모차 버리고 싶었으나 키가 작은 뚱새한테는 너무 잘 맞는 유모차라 버릴수가 없다. ], 부정 텍스트 확률 : 86.28%"
"[ 시아버지 생신 준비한다고 시장갔는데 등에 백팩 메고 심지어 가방에 낮잠이불까지 걸어놓은상태장본것을 손잡이에 걸려고 하니까 말똥이가 걸리적거린다고 치우래서.. 하아..일부는 백팩에 쑤셔넣고 한손으로 유모차밀고 한손으로 장본거 들고 기절할뻔ㅋㅋㅋㅋㅋㅋ ], 부정 텍스트 확률 : 92.51%"
"[ 이제 둘째가 어느정도 커서 뒷자리에 앉고 형아한테 앞자리 빼앗김], 부정 텍스트 확률 : 76.16%"
"[ 노란색은 레인커버 방수커버], 부정 텍스트 확률 : 52.97%"
"[ 제발 그러지뫄], 부정 텍스트 확률 : 89.46%"
"[ 레인커버가 너무 이상하다 싶었는데 알고보니 반대로 씌웠음 ], 부정 텍스트 확률 : 92.25%"
"[ 아직 방법을 못찾고있음 계속 손으로 받쳐서 머리 뒤로 해주며 걸어옴], 부정 텍스트 확률 : 88.34%"
"[ 차양막 하나로 분위기 업그레이드], 부정 텍스트 확률 : 75.63%"
"[ 소녀감성그렇지만 딸을 못낳음], 부정 텍스트 확률 : 87.27%"
"[ 이불을 계속 발차기로 날려버리는 아가들에게 유용한 아이템인 미키마우스 유모차 집게 ㅋㅋㅋㅋㅋ], 부정 텍스트 확률 : 84.42%"
"[ 스낵컵홀더 다시 구매. 초반엔 잘 썼으나 점점 무게가 쏠려 기울어짐ㅋㅋㅋㅋㅋ], 부정 텍스트 확률 : 53.13%"
"[ 튜닝이 지나치면 쓰레기됨ㅋㅋㅋㅋ], 부정 텍스트 확률 : 89.91%"
"[ 여름이 시작되자 유모차만 탔다 하면 애 머리가.. 샤워한마냥..... 육수가..좌르르..그리하여어머이건무조건사야해 아이템인], 부정 텍스트 확률 : 86.92%"
"[ 투폴드 앞자리는 시트각도가 단계로 조절가능한데 도로 눕혀지지는 않음 약간 해먹 느낌을 주는것 같은데지하철만 타면 할머니들이 애가 불편해보인다 어깨끈이 이렇게 거친데 애가 얼마나 아플꼬.. 빨리가제수건으로 감싸줘라잔소리 엄청 하심투폴드 카페에 가보면], 부정 텍스트 확률 : 76.15%"
"[ 최근에는 손잡이가 또 이렇게.. 각도가 안맞아서..맡겼습니다.손잡이가 의외로 말썽이네요.], 부정 텍스트 확률 : 75.08%"
"[ 비오는날 애 둘 데리고 외출은 넘나 힘든것], 부정 텍스트 확률 : 85.03%"
"[우비도 입혀줘보고 ], 부정 텍스트 확률 : 54.71%"
"[ 목도리 도마뱀 출몰], 부정 텍스트 확률 : 53.29%"
"[ 바람불면 휘릭ㅋㅋㅋㅋㅋ엄마는 우비 필수요 ㅋㅋㅋㅋ ], 부정 텍스트 확률 : 78.42%"
"[투폴드 장점은 ], 부정 텍스트 확률 : 52.97%"
"[투폴드 단점은 ], 부정 텍스트 확률 : 52.97%"
"[총평 ], 부정 텍스트 확률 : 50.51%"
"[ 장바구니는 엄청 작지만 나중엔 요령이 생기고 저렇게 주렁주렁 많이 달고 다닐 수 있어요.여하튼 단점도], 부정 텍스트 확률 : 93.52%"
"[ 아발론 오샤인 쌍둥이유모차. 휴대용 쌍둥이유모차 ], 부정 텍스트 확률 : 90.80%"
"[지아 지우는 지금까지 유모차 무게만 정도 되는 디럭스형 쌍둥이 유모차를 타고 다녔습니다.바로....베이비조거 시티셀렉트 ], 부정 텍스트 확률 : 93.68%"
"[바로.... 요 녀석이지요.생후 일이 훌쩍 넘는 시기까지 요 시티셀렉트 하나로 버티고 버티었지요... ㅎㅎㅎ주변에 보면 돌 전 후로 아가들도 제법 몸무게가 나가기 시작하면서 디럭스형 유모차에서 절충형 유모차... 또는 휴대용 유모차로 갈아타는 모습을 많이 보았는데..일이 넘는 시기까지 태웠으니.... ㅎㅎㅎㅎ완전 제대로 뽕 뽑고 태웠습니다.베이비페어에서 전시품으로 저렴한가격?에 득템하고], 부정 텍스트 확률 : 67.82%"
"[택배가 도착을 하고....택배만 왔다 하면 무조건 달려드는 지아 지우 ], 부정 텍스트 확률 : 92.42%"
"[뒷바퀴는 끼워져 있는 상태로 배송되어 오고..조립은 앞바퀴 개만 끼워주면 끝이납니다. ], 부정 텍스트 확률 : 79.71%"
"[딸깍 소리가 날때까지 끼워주면 끝 ], 부정 텍스트 확률 : 95.38%"
"[첫 시승식이군요지아 지우 체형에 맞게 어깨끈도 조절해주고], 부정 텍스트 확률 : 72.19%"
"[아직은 바깥날씨가 추우니 보낭커버도 씌워줍니다. ], 부정 텍스트 확률 : 64.95%"
"[현관에 세워두고예전에 서포터즈 활동하면서 받았던 유모차가방을 걸어주었어요. 오샤인 유모차는 밑바닥에 장바구니가 없으니], 부정 텍스트 확률 : 71.60%"
"[ 요렇게 가방을 걸어주면 가볍게 외출할때 지갑이나 핸드폰을 넣어다니기도 편하겠죠 ], 부정 텍스트 확률 : 94.07%"
"[ 아발론 슈퍼라이트휴대용 유모차 ], 부정 텍스트 확률 : 89.07%"
"[ 아발론 슈퍼라이트초경량 휴대용 유모차 ], 부정 텍스트 확률 : 88.03%"
"[괌 여행을 준비하면서 고민이 되었던게유모차다.가지고 있는 나름 컴팩트형인 미니버기를 가지고 갈 것인가 아님 쓰고 버리고 올 완전 저렴이 유모차를 사서 편하게 쓰고 버리고 올 것인가..검색을 시작했다....몇날 몇일을 ..ㅋㅋㅋ완전 저렴이를 사자니 좀 불편해서 안탈것 같고이것 따지면 저게 걸리고 저것 따지면 가격이 올라가고..그러다 적당한 제품을 찾아서 큰 기대 없이구매했다. ], 부정 텍스트 확률 : 99.64%"
"[ 아발론 슈퍼라이트 초경량 휴대용유모차이름한번 길다 ㅋㅋㅋ ], 부정 텍스트 확률 : 94.06%"
"[조립이랄 것도 없었다.완제품이라고 보면 된다. ㅋㅋ ], 부정 텍스트 확률 : 64.24%"
"[차양막에 찍찍이를 열면 매쉬소재로 뚤려있으니 울 애기 잘 있나 확인 할수 있으니 이것도 참 좋은것 같다.왜.. 가려져 있음 답답해서쪼끔 밀고가다 얼굴한번보고], 부정 텍스트 확률 : 70.22%"
"[ 쪼끔 밀고가다 얼굴한번보고 반복이었는데 .. 나만그런가? ㅋㅋㅋ ], 부정 텍스트 확률 : 57.94%"
"[옆모습은 이러하다. ], 부정 텍스트 확률 : 57.91%"
"[양쪽에 여 주머니가 참 요긴하게 잘 쓰인다.핸드폰도 넣어두고 ㅋㅋ 간단한 소지품들 넣을수 있어서 .. 요거 요거 알짜배기임 ㅋㅋㅋ ], 부정 텍스트 확률 : 97.60%"
"[짜증내는 사진이지만 .. 저때는 아파서 ㅋㅋㅋ ], 부정 텍스트 확률 : 97.03%"
"[괌여행때 안가지고 갔으면 후회 할뻔 했다.무게도 진짜 가볍다.집에 있는 미니버기의 반 무게도 안나가는듯 ㅋㅋㅋ미니버기도 가볍다고 생각했었는데 이건 진짜 가볍다 ㅋㅋ가격 치고는 핸들링도 좋다.기내반입고 되고.신랑도 참 잘샀다고 인정함 ㅋㅋㅋ괌에서 잘 쓰고 버리지 않고 가져왔다 ㅋㅋㅋ여기서 쓸려고 보낭커버 하나 사서 올겨울에도 간간히 이용해 줘야 겠다.내가 몇날밤 잠못이루며 검색해서 신랑돈주고 산 개인적인 후기임. ], 부정 텍스트 확률 : 71.77%"
"[ 휴대용유모차 찾아 삼만리..쿨키즈], 부정 텍스트 확률 : 78.30%"
"[ 아발론 라이트앤무브], 부정 텍스트 확률 : 53.29%"
"[아발론신형], 부정 텍스트 확률 : 53.29%"
"[요즘 대세 타보다 주문했다.쿨키즈 도착전 또 급하게 유모차를 옆집에서 빌렸는데센티 넘고 키로 요모에게 너무나 작은 유모차.유모차 태우는 동안 불편해 엄마 번 이상 언급한듯.불평불만 많은 애는 아니라는점.. 잠시 짚고 가고..그래서 도착전부터 불안불안했는데역시나 새로나온 쿨키즈 플러스도 불편하다고.. ], 부정 텍스트 확률 : 82.50%"
"[쿨키즈 플러스아발론 라이트앤무브 비교샷거의 같은 공장에서 만든거 아닐까 싶을 정도로 비슷하게 생겼다.하지만 디자인은 쿨키즈라 올 블랙이라 끌리고애들은 아발론 좋아하고..차양은 아발론 승등받이 깊이는 조절이 약간 가능한 쿨키즈가 조금 낫고거의 도찐개찐저렴한 가격에 잠깐잠깐 쓰기에 이만한게 없을것같긴 하다. 하지만 나는 세까지 쓸 유모차를 찾기에 패스.유모차 만원 돈에 보낭커버 원 이상 주면 거진 만원 돈인데 우리집에 맥클라엔 퀘스트 보낭커버가 있어서인지 더 내키지 않았다.암튼 아발론 쿨키즈 비교 궁금하신분 보시라고 사진 첨부 ], 부정 텍스트 확률 : 97.01%"
"[그리고도착예정이라 주문취소하려는데 발송되서 다음날 도착한 타보유모차타보는 사실 도착하고 개봉했을때 왜 이게 인기 많아? 랑 콧방귀 뀌었다 어딘가 좀 촌스러운 구석이 있어 바로 중고나라 직행하니 바로 판매완료.박스 넣기 전 아이들 태워보니 애들이 너무 좋아하더라는... 괜히 팔았나 싶을정도로 타보의 핸들링은 역시 좋았고 콤팩트하게 접힘은 아직 어렵긴 했지만 만족스러웠다 하지만 휴대용으로 들고다니기엔 무거웠고 난 초경량을 찾아서 처음부터 목적에 맞는 선택은 아니었다무엇보다 각도조절을 하기 전에도 시트는 너무나 눕혀져 있다. 세울수가없더라는.. 안전성 때문이라는데 모르겠다.하지만 아이들은 열광했고 입양보내기전 그 다음날 한번더 개봉해봤을때 스토케 처분하고 이거 끌까? 생각이 들정도. 만족스러웠다 역시 인기쟁이인 이유가 있어.만원대에 이 정도 품질이면 특히나 우리나라 제품이라니 더 애용해주고 싶은 마음.다만 등받이 각도와 휴대용치고 무거운무게반대로 이 정도 되기 때문에 키로 까지 커버 되는것같다 짧은 차양막이 아쉬운 부분.타보는 스토케를 처분하고 사는걸로 . ], 부정 텍스트 확률 : 97.53%"
"[그리고 평소에 보지못했던옆집의 맥클라렌 볼로 캔디바.이것도 맥클라렌의휴대용인데일단 더운 여름 메쉬 좌석이 마음에 들고 컴팩트 하고 좌석도 넓다 등받이 조절은 안되나 시트 자체가 푹 감싸는 느낌이라 잠깐 잘때 고개가 떨궈지진 않았다.쿨키즈와 비교해보면가격차이가 있으니 역시나 퀄리티 핸들링 뭐든 맥클라렌 볼로 승차양막이 조금 아쉽다 ], 부정 텍스트 확률 : 99.27%"
"[ 유아물놀이용품아발론보행기튜브 사용후기개월아기 보행기튜브 ], 부정 텍스트 확률 : 53.29%"
"[아발론 보행기튜브 ], 부정 텍스트 확률 : 53.29%"
"[ 개월아기 보행기튜브 입문하닷고민 고민 끝에 도담이의 첫 튜브는아발론 보행기튜브로 결정얼마전 도담이와 함께아산 스파비스에 물놀이를다녀왔어요그래서 튜브를 하나 장만했답니다 ], 부정 텍스트 확률 : 65.40%"
"[구성품은 본체], 부정 텍스트 확률 : 52.97%"
"[ 타요와고민하다가요즘 핫한 플라밍고튜브도 고민하다가수리패치 때문에 아발론으로 선택혹시 구멍나면 수리패치가 없으면휴지통행이니까요앗그런데 수동공기펌프론도저히 바람을 넣을수 없더라구요바람은 워터파크에 가서 넣는걸로ㅎ얼마전에 다녀온아산스파비스에서 드디에 입문하게 된 보행기튜브 ], 부정 텍스트 확률 : 88.13%"
"[ 혹시나 무섭다고 안타면 어쩌나새로운건 적응시간이 많이 필요한 아이인데물에 안들어가면 어쩌나 괜한 걱정ㅋㅋ무지 잘놀더라구요카시트보다 유모차보다 훨잘타고놀았어요 ], 부정 텍스트 확률 : 53.11%"
"[ 그런데 사건이 하나 있긴했네여저희아빠가 튜브에 바람을 넣으셨는데운전대쪽에 바람을 좀 많이 넣었다 싶긴했는데첨엔 이상없더니도담이가타고 노는데뻥하면서 운전대부분과본체부분 접합쪽이 찢어져버린거예요ㅜㅜ전 엄청 놀랐는데다행히 도담인 안놀라더라고요 ], 부정 텍스트 확률 : 79.86%"
"[ 아발론 캐리온쌍둥이유모차 구입 후기 ], 부정 텍스트 확률 : 53.29%"
"[큰차이겂긴하지만 그래도 첫째 얘기로는 눞여지는게 더 편하다고 하더라구요애기들 셋델고 다니면서 정말편하구여 나가면찍을시간이 없어서ㅜㅜ 태워서 찍은건 없네요ㅜㅜ 정말 만족하면서 타고 있답니다 ], 부정 텍스트 확률 : 83.25%"
"[제가 직접 돈주고 구매한 제품 후기입니다 ], 부정 텍스트 확률 : 90.38%"
"[ .?쌍둥이쌍둥이 .?둥이맘둥이맘 .?아발론유모차아발론유모차 .?아발론캐리온유모차아발론캐리온유모차 .?아발론쌍둥이유모차아발론쌍둥이유모차 .?휴대용유모차휴대용유모차 .?아발캐리온쌍둥이유모차아발캐리온쌍둥이유모차 .?아발론아발론 .?연년생유모차연년생유모차 .?트윈유모차트윈유모차 ], 부정 텍스트 확률 : 98.67%"
"[ 내돈후기 아발론 캐리언 유모차], 부정 텍스트 확률 : 92.74%"
"[ 몸무게가 둘이 합쳐 키로 정도 나가면서기존에 쓰던 절충형 쌍둥이 유모차가버거워지기 시작했다.디럭스쓰다가 절충형 샀을 때만 해도신세계라고 너무 좋아했는데.ㅋㅋㅋㅋ이제 밖에 외출하면거의 스스로 걷거나 뛰려고하고유모차 타는 빈도가 줄어들기도 했으니], 부정 텍스트 확률 : 58.44%"
"[ 이래저래 휴대용으로 갈아타잣 ], 부정 텍스트 확률 : 75.16%"
"[몇날 며칠을 폭풍 검색을 하고], 부정 텍스트 확률 : 73.85%"
"[ 카페와 블로그 등에서후기보고결국 아발론으로결정하고 상세 모델만정하면 되는데], 부정 텍스트 확률 : 91.17%"
"[ 웬걸이번에 기존 휴대용 유모차의단점을 보완해서신제품이 출시된것어머어머이건사야돼 사야돼 ], 부정 텍스트 확률 : 96.00%"
"[박스가 키는 큰데어???들었는데 너무 가벼워서깜놀 ], 부정 텍스트 확률 : 90.85%"
"[박스 안에서유모차를 꺼내보니너무나 콤팩트 한것 ], 부정 텍스트 확률 : 60.36%"
"[ 이제 나도 이런 콤팩트한휴대가 간편한유모차를 쓸 수 있구나 ], 부정 텍스트 확률 : 66.35%"
"[이렇게 보조가방이양 옆으로 달려있는데], 부정 텍스트 확률 : 77.13%"
"[보통 휴대용 유모차들은], 부정 텍스트 확률 : 72.21%"
"[장바구니가 없는데], 부정 텍스트 확률 : 79.08%"
"[아발론 캐리언 유모차는장바구니가 시트별로각각 개씩개가 달려있다.절충형 장바구니 만큼크진 않지만], 부정 텍스트 확률 : 94.45%"
"[ 그래도둥이들이라 이것저것항상 짐이 많은 편인데], 부정 텍스트 확률 : 50.51%"
"[첨에 캐노피차양막가왜케 흐물거리지?했는데], 부정 텍스트 확률 : 92.86%"
"[위에 보이는 붉은색 부분을발로 눌러서 펴고], 부정 텍스트 확률 : 74.80%"
"[ 접을때는다시 발로 저 붉은색을 왼쪽으로밀면서 위로 올리면쉽게 접힌다. ], 부정 텍스트 확률 : 74.73%"
"[앉는 부분의 시트가너무 짧아설명서가 다 안들어감엥??그랬는데절충형 유모차랑비교해보니], 부정 텍스트 확률 : 72.08%"
"[ 시트와 연결된 발받침이없을 뿐이지절충형과 앉는부분의 시트 폭은동일했다.벨트를 하면 되니], 부정 텍스트 확률 : 77.86%"
"[ 안전상의 문제는 없을 듯 하다.], 부정 텍스트 확률 : 74.51%"
"[둥이들을 앉혀보니], 부정 텍스트 확률 : 62.22%"
"[그렇게 좁지 않았다.], 부정 텍스트 확률 : 75.91%"
"[좁아보이나], 부정 텍스트 확률 : 84.65%"
"[애들한테는 적당한 듯 하다. ], 부정 텍스트 확률 : 77.10%"
"[안전바는 따로 장착이 가능하며], 부정 텍스트 확률 : 64.18%"
"[ 위로 움직인다.첨에 불량인줄 알고 전화했더니], 부정 텍스트 확률 : 52.12%"
"[ 원래 아래로는 안 움직이고위로만 움직이는 것이 정상이었다.유모차를 접으려면안전바를 탈착해야되서안전바는 잘 안쓰게 될 것 같은 예감ㅋㅋㅋㅋㅋ ], 부정 텍스트 확률 : 95.71%"
"[손잡이도], 부정 텍스트 확률 : 61.06%"
"[기존보다 길어져서남편도 나도이용하는데 전혀불편함이 없었고], 부정 텍스트 확률 : 92.53%"
"[ 안내리겠다고 해서분을 밀어줬다. ], 부정 텍스트 확률 : 85.10%"
"[작고 콤팩트하지만], 부정 텍스트 확률 : 66.90%"
"[완소 추천 둥이 휴대용 유모차 ], 부정 텍스트 확률 : 79.07%"
"[ 초경량유모차 아발론 슈퍼라이트 플러스 구입후기 ], 부정 텍스트 확률 : 57.96%"
"[초경량 유모차요정이는 부가부 버팔로], 부정 텍스트 확률 : 51.27%"
"[귀국은 새벽비행기라서공항에서 꼭 필요 할 거 같더라구요공항에서만 사용하기에 레카로 이지라이프는 너무 무겁고 부피도 많이 차지해서초경량유모차를 급 검색했어요제가 초경량유모차 구입시 유의했던 점들이예요 ], 부정 텍스트 확률 : 94.51%"
"[요정이도 이제 살], 부정 텍스트 확률 : 65.38%"
"[ 이라서너무 작으면 불편할 것 같았고제가 키가 로 크기 때문에유모차 손잡이가 낮으면 사용이 불편할 것 같아서이 두가지를 가장 중점을 두고 보았어요물론 초경량을 찾는 거니까 레카로 만큼의 무게는 패스제가 찾는 기준에서 가장 가까웠던 제품은], 부정 텍스트 확률 : 97.08%"
"[ 아발론 슈퍼라이트 플러스 ], 부정 텍스트 확률 : 53.29%"
"[올해 플러스로 나오면서 손잡이 높이가 높아졌어요], 부정 텍스트 확률 : 79.34%"
"[엄브렐러 폴딩 방식], 부정 텍스트 확률 : 53.29%"
"[등받이 조절 가능그러나 효과 거의 없음], 부정 텍스트 확률 : 83.65%"
"[조립이라고 하기 민망한바퀴 끼우기 ], 부정 텍스트 확률 : 83.58%"
"[뒷바퀴 사이 폴딩버튼이 있네요한번도 안써봐서 발로는 아직 어색하고 잘 안되는데곧 잘하게 되겠죠? ㅎㅎ ], 부정 텍스트 확률 : 73.07%"
"[안전 가드 대신 ], 부정 텍스트 확률 : 53.29%"
"[안전벨트를 꼭 해주려구요 ], 부정 텍스트 확률 : 52.47%"
"[아직 바깥 외출을 해보지는 못했지만가격이 워낙 저렴하고 요정이도 큰 불편함을 느끼지 못하는 것 같아서부담없이 사용해보려구요여행 다녀오고 나서는 차안에 두고 꺼내쓰는 용도로 사용할까 해요이젠 너무 커서 쇼핑몰 가도 유모차 대여 안해주거든요 ㅠㅠ여행 다녀오고 사용 후기 남겨볼게요본 후기는 개인적인 후기로서 제 신용카드와 함께 합니다. ], 부정 텍스트 확률 : 86.86%"
"[ 휴대용 유모차아발론 슈퍼라이트 플러스 해외여행 실사용 후기장점], 부정 텍스트 확률 : 89.07%"
"[ 단점 ], 부정 텍스트 확률 : 53.29%"
"[먼저 아발론 휴대용 유모차를 구입하기 전 절충형 유모차대 무게를 가지고 떠난 첫 해외 여행지는 러시아 블라디보스톡 이었는데요.블라디보스톡은 큰 길에도 횡단보도가 없는 곳이 많아서 지하도를 통해서 건너야 합니다지하도에는 엘리베이터가 없기 때문에 유모차를 접은 후 들고 계단으로 내려갔다가 다시 올라오기를 수차례 반복해야 했는데 킬로대의 유모차도 꽤 무겁게 느껴지더라구요.경사가 심한 곳도 많았고 하필 눈비까지 내려서 나중엔 유모차에 아기를 태우지 않고 따로 들고 다니게 되었는데요. 저희 부부가 가져간 절충형 유모차는 어깨에 메어지는 방식이 아니라서 접어서 들고 다니기도 애매했습니다.어떻게 이렇게 무거운 유모차에 휴대용이란 이름이 붙냐며 절충형 유모차는 기내반입 되는거 빼고는 아무짝에도 쓸모없다고 느낀 저희 부부는 유모차를 그 날 쓰레기통에 버릴뻔 했습니다. 무조건 가벼운 유모차를 사야겠다고 결심한 저는 여행에서 돌아오자 마자 다음 여행을 위해 초경량 휴대용 유모차를 검색했는데요. 유모차 선택 미스로 여행에서 힘들었던 제가 찾는 유모차의 조건은 이랬습니다.. 가벼운 무게. 쉽게 접히는 것. 어깨에 메어지는 것. 등받이 조절이 되는 것. 차양막이 긴 것일단 가장 중점을 두고 있는건 가벼운 무게초경량 유모차를 검색중 인데 뜨는 킬로 킬로의 유모차들..너네들은 초경량이 아니라구 ], 부정 텍스트 확률 : 78.62%"
"[그리하여 찾은 . 킬로의 초경량 유모차 아발론 슈퍼라이트 플러스. 킬로의 유모차가 여러개 있었는데 위의 조건을 다 만족시키고 디자인까지 맘에 드는건 바로 아발론 슈퍼라이트 플러스 더라구요. ], 부정 텍스트 확률 : 92.49%"
"[브레이크 ], 부정 텍스트 확률 : 53.29%"
"[유모차를 다 접었을때의 모습인데 아래 바퀴도 위로 접혔으면 더 좋았을거란 생각이 들긴합니다. ], 부정 텍스트 확률 : 51.49%"
"[옵션 안전바 가격 원안전바는 옵션으로 구매해야 하는데 안전바를 장착한 채로도 유모차가 접히긴 하지만 안전고리는 채워지지 않아서 유모차를 메고 다닐 경우에는 안전바 한 쪽을 분리하고 안전고리를 채워야 합니다. 귀찮음 ], 부정 텍스트 확률 : 73.29%"
"[옵션 모기장 가격 원 ], 부정 텍스트 확률 : 53.29%"
"[ 큰 모기장 일부를 잘라서 준건지 이건 뭐... 옆], 부정 텍스트 확률 : 97.56%"
"[아래 에는 고정장치도 없고 저렇게 다 열려서 모기장 역할은 전혀 못 합니다. 너무 황당한 모기장이네요.ㅋㅋㅋㅋㅋㅋㅋㅋㅋㅋㅋㅋ ], 부정 텍스트 확률 : 96.92%"
"[아발론 슈퍼라이트 플러스 사용 후기를 장점과 단점으로 정리해 보겠습니다. ], 부정 텍스트 확률 : 72.73%"
"[오랜만에 쓰는 블로그♡너무너무 좋은 유모차를 구입하게되서글을 안쓸수 없었다는.....ㅠㅠ감동의 유모차입니다♡아이들이 크면서 웨건만 남기고 유모차를 하나둘 정리했는데..웨건은 차에 실으면.. 딴짐을 싣기힘들고..웨건으로 셋태우고 다니기 너무 좋긴한데..큰애 선교원갔을때 둘만 어디데리고 나가려고해도..웨건은 혼자 나갈땐 좀 부담되고.. 무겁고..그래서.. 휴대용으로 급할땐 버스도 탈수있을 초경량으로 검색하다가 구입했어요♡ ], 부정 텍스트 확률 : 95.35%"
"[중간에 차양막 고정시키는거 따닥 안전바? 애들 손잡이 따닥 따닥 끼우면 끝♡넘나 간단하고 쉽네요잉♡ ], 부정 텍스트 확률 : 98.53%"
"[ 아발론캐리온쌍둥이유모차], 부정 텍스트 확률 : 53.29%"
"[ .?아발론쌍둥이유모차], 부정 텍스트 확률 : 53.29%"
"[ 아발론쌍둥이유모차], 부정 텍스트 확률 : 53.29%"
"[.?연년생유모차], 부정 텍스트 확률 : 53.29%"
"[ 연년생유모차], 부정 텍스트 확률 : 53.29%"
"[ .?아발론], 부정 텍스트 확률 : 53.29%"
"[ 아발론], 부정 텍스트 확률 : 53.29%"
"[ .?트윈유모차], 부정 텍스트 확률 : 53.29%"
"[ 트윈유모차], 부정 텍스트 확률 : 53.29%"
"[.?휴대용유모차휴대용유모차 ], 부정 텍스트 확률 : 91.72%"
"[ 아발론 캐리온 쌍둥이유모차 구매후기 ], 부정 텍스트 확률 : 53.29%"
"[기존에 베페에서구매한 베이비조거 유모차를잘쓰고있었죠 키로 정도로 나름가벼운 윰차이나 좀더 가벼우면서 콤팩트한 유모차가 절실히 필요하네요 그래서 폭풍검색하여 구매한.?아발론캐리온쌍둥이유모차아발론캐리온쌍둥이유모차 ], 부정 텍스트 확률 : 54.63%"
"[색상도 그레이라 무난하면서도 이제곧 봄이오니까 검정보단 그레이로가격은만원 중반선에 컵홀더], 부정 텍스트 확률 : 94.52%"
"[보조가방], 부정 텍스트 확률 : 53.29%"
"[유모차 무게는 키로 정도이고 바퀴가 생각보다 작은느낌이었는데도 불구하고 애들태우고 핸들링은 만족스러웠음 .?아발론쌍둥이유모차아발론쌍둥이유모차 손잡이가 개라 조금어색했지만 그나름대로 편리하네요 ], 부정 텍스트 확률 : 79.24%"
"[ .?휴대용휴대용 유모차첫째인 세 딸과 막내인 개월 태운모습 ], 부정 텍스트 확률 : 93.16%"
"[설명서에는 키로까지 가능하다고되어있는데 두개포함이겠죠? .?연년생유모차연년생유모차 로도 손색없이 사용가능할것같구요 .?아발론쌍둥이유모차로아발론쌍둥이유모차로 어서 날이풀려서 꽃놀이가고싶네요 ], 부정 텍스트 확률 : 62.90%"
"[이렇게 자외선 차단할 수있는 차양막과 아이상태를 손쉽게 확인할 수있게 윈도우창이있구요 휴대용유모차치고는 차양막이 길다더니 내눈에는 짧아보였는데], 부정 텍스트 확률 : 97.91%"
"[요렇게 안쪽으로 숨겨진? 차양막으로 많이가려지네요 참 휴대용 윰차라 뒤로누워지는게 조금밖에 안되서조금아쉬워요 버클이채워진 끈으로조절하게 되어있구요 ], 부정 텍스트 확률 : 93.21%"
"[발받힘대 등 편의장치는 다있고 고가의 유모차랑 비교하면 안되구요가성비갑 유모차인듯하네요 이제부터 바퀴닳도록 돌아다닐일만 남았네요 .?아발론쌍둥이유모차아발론쌍둥이유모차.?아발론캐리온쌍둥이유모차아발론캐리온쌍둥이유모차.?연년생유모차연년생유모차.?아발론아발론.?트윈유모차트윈유모차.?휴대용유모차휴대용유모차 ], 부정 텍스트 확률 : 96.58%"
"[ 아발론 슈퍼라이트 플러스 휴대용 유모차안전가드장바구니보조가방 ], 부정 텍스트 확률 : 89.07%"
"[다크그레이 ], 부정 텍스트 확률 : 53.29%"
"[ 아발론 슈퍼라이트 플러스 휴대용 유모차안전가드장바구니보조가방 ], 부정 텍스트 확률 : 89.07%"
"[다크그레이 .], 부정 텍스트 확률 : 62.92%"
"[ . 평점 ], 부정 텍스트 확률 : 79.64%"
"[ ★★★★★ ], 부정 텍스트 확률 : 53.29%"
"[ 아발론 슈퍼라이트 플러스 휴대용 유모차안전가드장바구니보조가방 ], 부정 텍스트 확률 : 89.07%"
"[다크그레이], 부정 텍스트 확률 : 53.29%"
"[.제품 상세보기 및 상품평보기 ], 부정 텍스트 확률 : 80.25%"
"[ 판매에 관련된 내용은 글 작성자와는 관련 없습니다.], 부정 텍스트 확률 : 82.69%"
"[ 아발론 슈퍼라이트 플러스 휴대용 유모차안전가드장바구니보조가방 ], 부정 텍스트 확률 : 89.07%"
"[ 원 ], 부정 텍스트 확률 : 53.29%"
"[평균 후기점수는 ], 부정 텍스트 확률 : 76.22%"
"[점 이네요. ], 부정 텍스트 확률 : 55.78%"
"[ 원 ], 부정 텍스트 확률 : 53.29%"
"[ ..?쿠팡 상품 사러가기 ◀◀ ], 부정 텍스트 확률 : 53.29%"
"[여기까지], 부정 텍스트 확률 : 55.80%"
"[좋은 상품 싼 가격에 잘 하셨음하고 ], 부정 텍스트 확률 : 51.22%"
"[ 쿠팡파트너스 제휴마케팅으로 ], 부정 텍스트 확률 : 66.91%"
"[초경량유모차 .?초경량유모차초경량유모차.?휴대용휴대용.?아발론아발론.?플러스플러스.?안전가드안전가드.?유모차유모차.?보조가방보조가방.?슈퍼라이트슈퍼라이트.?장바구니장바구니], 부정 텍스트 확률 : 81.06%"
"[ 아발론 올 뉴 라이트 앤 무브 플러스 절충형유모차 할인 ], 부정 텍스트 확률 : 53.34%"
"[ 아발론 올 뉴 라이트 앤 무브 플러스 절충형유모차 ], 부정 텍스트 확률 : 53.34%"
"[ 원 ], 부정 텍스트 확률 : 53.29%"
"[ ↓ ], 부정 텍스트 확률 : 53.29%"
"[↓ 쿠팡 구매자 후기 ], 부정 텍스트 확률 : 76.54%"
"[ ↓ ], 부정 텍스트 확률 : 53.29%"
"[————————————————————— ], 부정 텍스트 확률 : 53.29%"
"[————————————————————— ], 부정 텍스트 확률 : 53.29%"
"[ 원 ], 부정 텍스트 확률 : 53.29%"
"[ ..? 상품 상세 정보 확인 하기 ], 부정 텍스트 확률 : 66.90%"
"[ 아발론 슈퍼라이트 휴대용유모차 구매후기 ], 부정 텍스트 확률 : 89.07%"
"[내돈주고 구매한 휴대용 유모차 후기 ], 부정 텍스트 확률 : 95.14%"
"[회사에 도착해버려서..기내반입여부 확실히 알아보고구매해야지룰루 하던 차에... 헉ㅋㅋ예약특가 끝나버림ㅋㅋㅋㅋㅋㅋㅋㅋㅋㅋㅋㅋ여튼 한시간만에 만오처넌 더주고 걍 구매 ], 부정 텍스트 확률 : 97.53%"
"[색도 고급짐ㅋㅋㅋㅋ저는 대만족 .?아발론슈퍼라이트휴대용유모차아발론슈퍼라이트휴대용유모차.?아발론아발론.?휴대용유모차휴대용유모차.?아발론유모차아발론유모차.?아발론휴대용유모차아발론휴대용유모차], 부정 텍스트 확률 : 97.09%"
"[ 아발론 캐리언 쌍둥이 유모차 ], 부정 텍스트 확률 : 53.29%"
"[ 아발론 슈퍼라이트 휴대용 유모차], 부정 텍스트 확률 : 89.07%"
"[ 보조가방], 부정 텍스트 확률 : 53.29%"
"[ 컵홀더], 부정 텍스트 확률 : 53.29%"
"[ .?아발론슈퍼라이트휴대용유모차아발론슈퍼라이트휴대용유모차 .?아발론아발론.?아발론휴대용유모차아발론휴대용유모차 .?아발론유모차아발론유모차.?휴대용유모차휴대용유모차 ], 부정 텍스트 확률 : 97.89%"
"[ 아발론 캐리온 쌍둥이유모차 후기 ], 부정 텍스트 확률 : 53.29%"
"[엄청 깔끔한포장으로 도착해외여행 목적으로 김남매 엄빠의 행복한 시간을 위해 구매한 아발론 캐리언 쌍둥이유모차진작 사서 쓸걸 후회하게 만들만큼 맘에 들었다 ], 부정 텍스트 확률 : 96.18%"
"[등받이 단계 조절로 완전 눕혀지진않지만 얼굴이 고꾸라지지 않을정도로 애기들 자는데 불편함은 없을듯하다배송도 빨랐고 사은품도 주시고 후기 이벤트까지 짱짱다들 얼른구매하세용 .?아발론캐리온쌍둥이유모차아발론캐리온쌍둥이유모차 .?아발론쌍둥이유모차아발론쌍둥이유모차 .?아발론아발론 .?연년생유모차연년생유모차 .?쌍둥이유모차쌍둥이유모차 .?트윈유모차트윈유모차 .?휴대용유모차휴대용유모차 .?초경량유모차초경량유모차 ], 부정 텍스트 확률 : 86.35%"
"[ㅋㅋㅋㅋㅋㅋ마지막 ? 아발론은 신랑 한테 얘기 안하고 주문했죠], 부정 텍스트 확률 : 83.68%"
"[백화점 이나 쇼핑몰 ], 부정 텍스트 확률 : 53.29%"
"[ 놀이공원에 갈때 딱 이더라고요그리고 제가 갖고 있는 디럭스쌍둥이유모차는저희 차 트렁크에는 안들어가고요앞좌석에 저큰 디럭스 쌍둥이 유모차 싣고 내릴때진짜 신랑도 힘들어 보이더라고요어쩔수 없는 길바로 소비의길 ], 부정 텍스트 확률 : 71.93%"
"[신랑 없을때 딱 조립 해놔야 마음이 편한거 아시죠?뭔가 원래 현관에 있었던것 처럼자연스럽게ㅋㅋㅋ조립도 바퀴만 끼워 주면 되더라고요 어머낫사은품도 많이 주더라고요아싸작은 주머니 보조가방별로 쓸일 없을줄 알았는데 아주 활용도 만점이고요 굿년 전 모델은 장바구니가 없다고 하던데 작아도 있을껀 있는게 좋잖아용 ㅋ애들꺼 장난감 넣기도 좋고], 부정 텍스트 확률 : 71.14%"
"[ 아발론 슈퍼라이트 휴대용 유모차 사용후기 ], 부정 텍스트 확률 : 89.07%"
"[ 태림이 첫 휴대용 유모차아발론 슈퍼라이트 휴대용 유모차], 부정 텍스트 확률 : 90.76%"
"[그래서 고민고민해서 구입하게 된 우리 태림이 첫 휴대용 유모차친정아부지 찬스년형 아발론 슈퍼라이트 휴대용 유모차에요 ], 부정 텍스트 확률 : 87.32%"
"[.가벼울 것], 부정 텍스트 확률 : 63.86%"
"[.혼자서도 태림이 데리고 나갈때 접고 펴고 작동하기 쉬울 것], 부정 텍스트 확률 : 56.81%"
"[.바퀴의 움직임이 부드럽고 방향전환이 잘 될 것], 부정 텍스트 확률 : 54.96%"
"[이 후기는 제 돈주고 산 후기입니다 ], 부정 텍스트 확률 : 86.37%"
"[ 아발론캐리온 쌍둥이 유모차 후기 ], 부정 텍스트 확률 : 53.29%"
"[가볍고], 부정 텍스트 확률 : 55.67%"
"[알루미늄이라서그런지 튼튼합니다.조립못하시는분도 금방 조립하실수있을거에요구입하길 정말 잘한것같습니다. ], 부정 텍스트 확률 : 58.99%"
"[ 제품후기아발론 캐리언 쌍둥이 유모차 ], 부정 텍스트 확률 : 53.29%"
"[큰애가 유모차를 탈 나이가 아니라서 휴대용 유모차 하나만 사서 가져갈까하다가 살도 괌에서는 유모차가 없으면 힘들다는 후기를 본 후 열심히 쌍둥이 유모차를 검색했지요.결론은.... 신의 한수 안샀음 후회했을겁니다. ], 부정 텍스트 확률 : 50.99%"
"[햇빛가리개], 부정 텍스트 확률 : 53.29%"
"[순수히 제 돈 내고 구입해 사용한 후기입니다.], 부정 텍스트 확률 : 72.20%"
"[ 「휴대용유모차」 맘카페에서 중고로 산 아발론 유모차 사용후기 ], 부정 텍스트 확률 : 81.34%"
"[ 겁나 가벼워서우리 제주집 층인데도내가 가뿐히 들고다님 ], 부정 텍스트 확률 : 51.50%"
"[ 차양막도 단이라고 해야하나저렇게 접힘저 옆에 까만거 눌러주면 고정됨 ], 부정 텍스트 확률 : 82.18%"
"[위에 발랑 까서임세둥 정수리 볼 수도 있고 ], 부정 텍스트 확률 : 55.51%"
"[ 폰이나 반지갑], 부정 텍스트 확률 : 73.54%"
"[ 빨대컵 담기에 괜찮음이거 끌고 장보러 다닐일은 없어서장바구니? 없어도 괜찮 ], 부정 텍스트 확률 : 90.84%"
"[발판도 간단하게 있음잘 얹고있네ㅋㅋ발로 엄마 차지마라잉ㅋㅋ ], 부정 텍스트 확률 : 63.37%"
"[바퀴도 무난하고 ], 부정 텍스트 확률 : 68.82%"
"[ 브레이크 양쪽 다 잘 잡히고 ], 부정 텍스트 확률 : 59.00%"
"[ 아발론 초경량 쌍둥이 유모차 개월 사용 후기], 부정 텍스트 확률 : 57.96%"
"[휴대용 초경량 쌍둥이 유모차 비교 ], 부정 텍스트 확률 : 91.07%"
"[디럭스 유모차를 거치고 ], 부정 텍스트 확률 : 62.63%"
"[결국 초경량 휴대용 유모차에 정착한다.대부분의 쌍둥이 엄마들이 겪는 유모차 변천사쓸데없이 돈쓰기 ㅋㅋㅋㅋㅋ이제는 말할수 있다.종착역은 휴대용이니 돌전까지 둥이델고 혼자 어디 나갈일도 잘 없으니 돌지나고 휴대용 사라고..하지만 대부분의 엄마들은 듣지 않는다.나역시 그랬으니까 ㅋㅋㄱㅋ육아용품은 사고 싶음 무조건 사고써보고 후회하고 겪어봐야 아니까 ㅋㅋ ], 부정 텍스트 확률 : 99.56%"
"[여튼 결론은 초경량 휴대용 유모차가 갑입니다오늘은 아발론 초경량 쌍둥이 휴대용 유모차개월 사용 후기 입니다.사실 디럭스], 부정 텍스트 확률 : 89.90%"
"[절충형을 제외하고쌍둥이용 휴대용 유모차는 선택의 여지가 별로없어요.마루스], 부정 텍스트 확률 : 90.71%"
"[쿨키즈], 부정 텍스트 확률 : 53.29%"
"[점식 밸트어깨밸트 없음사실 두돌지나면 어깨밸트 없어도 됨], 부정 텍스트 확률 : 73.21%"
"[디자인이 내스타일 아님. 쿨키즈 핸디형 초경량 유모차 ], 부정 텍스트 확률 : 92.52%"
"[. 아발론 초경량 쌍둥이 유모차 등받이 조절되는 아발론 오샤인도 있어요.제가 살때는 오샤인이 출시 되기 전이였어요 ], 부정 텍스트 확률 : 79.93%"
"[아발론], 부정 텍스트 확률 : 53.29%"
"[쿨키즈 두개중에서 아주 많이 고민..가격도 비슷하고 무게도 비슷하고장바구니 없고 등받이 조절안되는 기본사양 똑같은데 아발론 초경량 휴대용 쌍둥이유모차가 캐노피가 조금 더길고색상이 마음에 들어서 결국 아발론으로 결정을 했네요.사실 쌍둥이 초경량 휴대용 유모차는 몇개없다보니 뭐 고르는데 고민할게 별로 없더군요.제가 고려했던 기준은 일단 가볍고 가볍고 가볍고 또가볍고 최대한 가벼우면서 ㅋㅋㅋㅋ차양막 가장 긴것 이었네요.실용성면에서는 가벼운게 최고라킬로 넘어가는 절충형은 고민에서 제외했습니다.아발론 초경량 쌍둥이 휴대용 유모차택배가 도착했어요. ], 부정 텍스트 확률 : 99.74%"
"[초경량 휴대용 유모차인데도 박스가 제법 큽니다. ], 부정 텍스트 확률 : 97.80%"
"[엄마 이거 우리꺼지? ], 부정 텍스트 확률 : 50.86%"
"[조립전 모습이예요.앞바퀴 두개랑 손잡이 세개만 딸깍 끼워주면 됩니다.공구 필요없었어요. 저혼자서 몇초만에 끝 ], 부정 텍스트 확률 : 85.72%"
"[탑승해 봅니다. ], 부정 텍스트 확률 : 71.68%"
"[왜 표정이 점점 심각해지나요 ㅋㅋㅋ ], 부정 텍스트 확률 : 76.31%"
"[마음에 들어? 이제 그만 내려오세요], 부정 텍스트 확률 : 97.84%"
"[브레이크는 뒷바퀴 세개 모두에 있어요.두개만 걸어도 세워지더라구요.그래도 안전을 위해 아기가 타고있을땐꼭 세개 다 걸어줘야지요. ], 부정 텍스트 확률 : 90.32%"
"[풀어주기만하면 유모차 전체가 스르륵 한번에 펼쳐집니다.접을때는 ], 부정 텍스트 확률 : 92.07%"
"[네부분을 모두 접어줘야 접힙니다.그래서 초 폴딩은 안되요.그래도 어렵거나 버벅대진 않아요.초폴딩이라 해두져 ㅋㅋ ], 부정 텍스트 확률 : 91.87%"
"[차양막으로 아기를 확인할수 있어요.전 이게 은근히 좋더라구요.말하기 시작하면서 유모차에 앉아저에게 뭐를 자주 지시하는데 ], 부정 텍스트 확률 : 93.22%"
"[이렇게 뚜껑 닫아놓으면 잘 안들려요. ], 부정 텍스트 확률 : 90.49%"
"[그래서 전 항상 열어두고 아기랑 이야기하고잠들었을때만 닫아준답니다. ], 부정 텍스트 확률 : 75.26%"
"[버클도 조작이 간편합니다.급할때나 아이가 안타려할때 버클 한번에 안끼워지면 진짜 짜증나는데스토케구멍 눈으로 보지 않아도 손감각으로 끼울수 있어간편해요. ], 부정 텍스트 확률 : 68.72%"
"[장바구니 등 기능 다 포기하고가벼워서 선택했기에 그거 하나로 만족하며 쓰고 있습니다. ], 부정 텍스트 확률 : 80.84%"
"[단점은 유모차가 많이 낮아요.키작은 저도 살짝 불편함을 느낄 정도이구넘는 저희 신랑은 허리를 내내 굽히고 다녀야 되요.], 부정 텍스트 확률 : 65.57%"
"[그리고 차체가 낮다보니 이렇게 엉덩이를 빼고 앉으면한번씩 아이들 발이 땅에 끌려요.드르륵 턱턱뭐지 싶어 보면 코딱지들 발그게 재미있는지 자꾸 하길래 위험하다고 혼낸적도 있었어요.그리고 슈퍼를 그냥 지나치거나 가는 방향이 자기가 원하는 방향이 아니면 발을 내려서 유모차를 세우고 뗑깡을.. ㅡㅡ ], 부정 텍스트 확률 : 81.68%"
"[거.. 사탕좀 사먹고 갑시다그래도 별불만없이 잘쓰고 있어요.별기대가 없어 실망도 없다고 해야되나 ㅋㅋㅋ그리고 유모차 커버랑 안전바도별도로 판매하고 있던데저는 아직 구매는 안했네요. 겨울 끝무렵에 구매를 해서겨울동안은 ], 부정 텍스트 확률 : 69.06%"
"[이러고 다녔고 ㅋㅋㅋㅋㅋ봄부터는 그냥 다녔어요.여긴 미세먼지 걱정없는 시골이라 ㅋㅋㅋ모기장이나 사러가야겠네요.끝 ], 부정 텍스트 확률 : 97.09%"
"[ 아발론 오샤인 쌍둥이 휴대용 유모차 리얼 후기 ], 부정 텍스트 확률 : 86.55%"
"[아발론 오샤인 쌍둥이 휴대용 유모차 리얼 후기 ], 부정 텍스트 확률 : 86.55%"
"[아발론 오샤인 쌍둥이 휴대용 유모차 ], 부정 텍스트 확률 : 86.55%"
"[가격 ], 부정 텍스트 확률 : 53.29%"
"[배송은 역시나 빠르게 ], 부정 텍스트 확률 : 59.54%"
"[도착한 유모차는 바퀴 세개가 따로 들어있어요세개의 바퀴를 자기 자리에 예쁘게꽂아주면 끝 조립할게 없어서 너무 좋았어요 ], 부정 텍스트 확률 : 50.08%"
"[바퀴를 달고힘차게 펼처서 세워 봤어요 ], 부정 텍스트 확률 : 65.68%"
"[펼치고유모차 밑에 부분에빨간색을 아래로 양쪽 모두 내려주면끝휴대용 유모차가 왜 휴대용인 줄 알겠더라구요접었다 피는 것도 간편하고조작이 쉽고 가볍가는 점이 가장 큰 장점이네요 ], 부정 텍스트 확률 : 74.41%"
"[둘째 혼자 시승을 해봤어요사실 휴대용이다보니둘째가 불편해 하지 않을까 걱정했는데생각보다 잘 앉아있아요참고로 저희 둘째는 개월이예요 ], 부정 텍스트 확률 : 79.91%"
"[그런데 너무 정자세로 앉아있는둘째가 불편해 보여서등받이 조절을 해주려고 봤어요헉 ], 부정 텍스트 확률 : 75.46%"
"[단 등받이 조절이라고 되어 있는데...단은 밸트가 채워진 상태이고단이 밸트를 푼 상태인데...뭐가 다른지...이 부분이 좀 아쉽네요 ], 부정 텍스트 확률 : 62.41%"
"[ㅎㅎㅎㅎㅎㅎㅎㅎㅎㅎㅎㅎㅎㅎㅎㅎㅎ웃기네요 ㅎㅎㅎㅎㅎㅎㅎㅎ유모차를 접고 피는 모습을 동영상으로 찍어봤어요참고해주세요 ], 부정 텍스트 확률 : 50.32%"
"[접고 나면], 부정 텍스트 확률 : 63.89%"
"[신발장에 주차 해놓은 모습이예요생각보다 자리를 많이 차지하지 않아요기내반입까지 되는 쌍둥이 휴대용 유모차만족도가 높은 것 같아요등받이 조절이 좀 아쉬웠지만], 부정 텍스트 확률 : 89.77%"
"[ 마마노리 ], 부정 텍스트 확률 : 53.29%"
"[ 아기랑 도쿄여행초경량 유모차 아발론 부제영역은 지식백과에서만 사용되지만 포스트 엔드에 마크업은 잔존하게 됩니다 기본적으로요소는 입니다 ], 부정 텍스트 확률 : 94.25%"
"[ 무게가 . 이라는 것에 일단 한번 끌리고], 부정 텍스트 확률 : 82.17%"
"[움직이거나], 부정 텍스트 확률 : 53.29%"
"[가볍고 간편해서 도쿄 시내 이리저리 다니기에도 진짜진짜 좋았다 여행에 안가져왔으면 어쩔까 싶었을 정도로 엄마랑 극찬을 했다. ㅋㅋ], 부정 텍스트 확률 : 66.91%"
"[막 불편해하거나], 부정 텍스트 확률 : 97.72%"
"[심하게 찡찡대거나 하지 않았다 ], 부정 텍스트 확률 : 86.34%"
"[ 기내 반입은 안되었지만 비행기 타기 직전까지 가져갈 수 있어서 거기서 싣고 내리고 하면 되었으니 그것도 만족], 부정 텍스트 확률 : 91.98%"
"[ 여행떄 너무 잘써서 엄마가 요 유모차 안갖고 왔으면 어쩔뻔했냐고 했기에 만족 또 만족했고], 부정 텍스트 확률 : 89.13%"
"[ 휴대용 유모차 아발론 초경량 유모차 ], 부정 텍스트 확률 : 88.03%"
"[휴대용유모차 아발론 초경량 유모차정확한명칭은 아발론 슈퍼라이트결국 질렀다.겨울로 접어들며 온몸의 근육들이수축되는지 허리가 자주 아프다.게다가 주말부부를 하면서 꼬미의 모든 케어는 오로지 나만의 몫.그리고 회사까지 다니는 상황이란...그덕에 운전을 익혔지만 아직은운전 미숙자라 골목골목에 있는내아가의 어린이집에 차를타고등하원을 시키는데에는 어려움이 있어분초가 아쉬운 출근시간에는힙시트에 꼬미를 안고 잰걸음으로], 부정 텍스트 확률 : 99.00%"
"[ 하원때엔 그나마 꼬미가 걸으니함께 손을 붙잡고 집으로 돌아오곤 했는데아직 키로도 채 안나가는 개월의꼬미를 안고 다니는게 부담되기 시작했다.디스크 수술을했고 늘상 조심하는 허리라아프니 디스크 재발도 걱정되기에], 부정 텍스트 확률 : 76.01%"
"[ 좁은 골목 운전을 도전해볼까 하다가휴대용 유모차를 알아보기에 이르렀다. ], 부정 텍스트 확률 : 74.87%"
"[내가 선택한건 휴대용유모차아발론 초경량 유모차.만천원으로 휴대용 유모차 중중저가에 해당하는듯?꼬미 어린이집이 집에서 분거리에 있는데좀더 저렴한걸로 태워도 될성싶었으나이런저런 후기와 가격을 검토해본후 ], 부정 텍스트 확률 : 55.96%"
"[ . 초경량 아발론 유모차로 결정.결제하고 빠름빠름 택배배송.회사로 시켰는데 허리환자인 내가 들기에딱좋은 무게라 전혀 문제 없었다.근데 들고와서 현관에 세워두고보니 ], 부정 텍스트 확률 : 92.21%"
"[ 홈페이지에서 분명 .라고 자랑스럽게 ], 부정 텍스트 확률 : 87.26%"
"[ 광고하더니 .는 뭐고 .키로는 뭐야. ], 부정 텍스트 확률 : 81.57%"
"[ 직접 조립해야하는 앞바퀴 두개], 부정 텍스트 확률 : 82.29%"
"[컵받침], 부정 텍스트 확률 : 53.29%"
"[뭐야 설명서도 없네 궁시렁 거리다가뒤늦게 손잡이 부분에 매달려덜렁거리던 설명서를 발견했는데], 부정 텍스트 확률 : 98.28%"
"[앞바퀴 두개는 그냥 바퀴홈이 파인곳에끝까지 밀어넣어 딸깍 소리가 나면 끝.가장의 손길이 없어도 손쉽게 할 수 있다며ㅋ ], 부정 텍스트 확률 : 98.53%"
"[ 바퀴에 홈이 파여있음.아놔.], 부정 텍스트 확률 : 84.66%"
"[ 불량바퀴를 보내준건가.유모차 실제 무게에서 한번 황당했는데바퀴를 보고 또한번 당황함.사진찍어서 항의메일 보낼까 하다가바퀴가 완전 둥그렇지 않은거 빼곤잘 굴러가길래 그냥 태우기로했다. ], 부정 텍스트 확률 : 58.09%"
"[ 아직까진 꼬미 등하원때만 사용해서 그런지양옆에 달려있는 이 주머니를 쓸일은 없네. ], 부정 텍스트 확률 : 85.41%"
"[안전벨트는 점식 안전벨트이고아기가 앉았을때 어깨 닿는 부분이약간 낮아서 큰애들 탈때 조금 불편하다는후기가 있었는데 울꼬미가 앉으니딱 어깨선에 맞아 떨어지니 좀더크면울꼬미도 불편하려나.근데 어깨 벨트랑 허리 매는 밸트부분이조립형태로 되어있어서 그렇게되면어깨부분은 떼고 허리만 매주면 될듯.초경량 휴대용 유모차 답게 발판은얇고 말랑거리는 플라스틱이다. ], 부정 텍스트 확률 : 99.75%"
"[ 훨씬 수월하고 ], 부정 텍스트 확률 : 62.11%"
"[ 게다가 안전바가 유모차에 부착이 된 ], 부정 텍스트 확률 : 64.33%"
"[ 상태에서 안전바를 양옆으로 열어놓고], 부정 텍스트 확률 : 52.29%"
"[ 유모차를 접을 수 있다는점. ], 부정 텍스트 확률 : 68.38%"
"[유모차 조립도 간편하고안전바 조립도 매우 간편.어린이집에서 야외활동할때이용하는 유모차가 휴대용이던데그래서 그런가 요거 조립하고 사진찍고있으니 옆에서 우아우아하던 내귀요미.이제부터 이거 타고 어린이집 갈꺼라고유모차라고 얘기해줬더니바로 유모차 내꺼. 란다.밖이랑은 다르겠지만 우선 핸들링이 어떤지 궁금하니 태워봤다.너무 신나하며 냉큼 올라타는 내아가. ], 부정 텍스트 확률 : 71.58%"
"[꼬미를 태운 상태로 집안을 한바퀴빙 돌아봤는데 가볍게 잘굴러간다.다만 바퀴에 홈이 파여있는걸 보내줘서그런지 덜컹거리는 느낌이 있었다.참고로 바퀴는 디럭스나 절충형급을생각하면 장난감 바퀴같은 느낌.기존에 썼던 절충형 마마스앤 파파스는바퀴가 묵직한 고무로 큼직해서 안정적인데이 유모차 바퀴의 경우 얇은 플라스틱으로만들어져 있어서 이거 밖에서 굴러다가가그냥 깨지는거 아니야 싶은정도 ㅋㅋㅋ근데 한달정도 써본결과 그런 플라스틱보다는더 강화된 플라스틱 소재로 만들어진듯.바퀴에 홈이 파여 울퉁거리긴 했지만밖에서 끌고다녀보니 크게 문제되진 않는다. ], 부정 텍스트 확률 : 97.61%"
"[유모차 뒤쪽 손잡이 아랫부분부터 늘어져있는검은 끈은 유모차를 접었을때 편하게어깨에 맬수 있도록 달려있는 끈.걸리적거리면 떼어낼 수 있도록 고리로달려있는데 그닥 걸리적 거리지 않으니 냅둠. ], 부정 텍스트 확률 : 59.76%"
"[요즘 어린이집을 다니는 내아가의 모습.내복바람에 팬더우주복 입고워머를 씌운 휴대용 유모차를 타고다님.덕분에 아파서 부담되던 허리도 나아짐.무엇보다 나의쭈야가 유모차를 너무좋아함.한번은 가족모임이 있어서 친언니가꼬미를 먼저 등원시켜 데리고있다가퇴근해서 집 도착할 시간에 맞춰꼬미를 데리고 내려왔는데 울고있길래왜 울고있냐고 물어보니 유모차를타고 나가야한다고 떼를썼단다 ㅋㅋ지금도 하원하러 데리러가서선생님이 유모차 가지러가면자기가 끌겠다고 살뜰하게 챙김ㅎㅎ한달사용해봤는데], 부정 텍스트 확률 : 90.61%"
"[ 주변에서 돈지이네 뭐네 그랬지만결론은 사용함에 있어 가정마다 다르니개인의 선택이라는거. ], 부정 텍스트 확률 : 94.51%"
"[ 불량스러운게 오긴했지만ㅋㅋㅋ 내경우는 ], 부정 텍스트 확률 : 54.61%"
"[ 최상의 선택이었음. ], 부정 텍스트 확률 : 58.54%"
"[ 아발론 캐리언 쌍둥이 유모차 ], 부정 텍스트 확률 : 53.29%"
"[ 아발론캐리언쌍둥이유모차], 부정 텍스트 확률 : 53.29%"
"[ .?아발론쌍둥이유모차], 부정 텍스트 확률 : 53.29%"
"[ 아발론쌍둥이유모차], 부정 텍스트 확률 : 53.29%"
"[ .?이발론], 부정 텍스트 확률 : 53.29%"
"[ 이발론], 부정 텍스트 확률 : 53.29%"
"[ .?연년생유모차], 부정 텍스트 확률 : 53.29%"
"[ 연년생유모차], 부정 텍스트 확률 : 53.29%"
"[ .?트윈유모차], 부정 텍스트 확률 : 53.29%"
"[ 트윈유모차], 부정 텍스트 확률 : 53.29%"
"[ .?쌍둥이유모차], 부정 텍스트 확률 : 53.29%"
"[ 쌍둥이유모차], 부정 텍스트 확률 : 53.29%"
"[ .?휴대용유모차휴대용유모차 ], 부정 텍스트 확률 : 91.72%"
"[ 구매후기 년형 아발론 수퍼라이트 휴대용 유모차 ], 부정 텍스트 확률 : 91.77%"
"[어보디럭스형와 물려받은 퀴니 제프맥시코시절충형를 쓰다가도저히 휴대성이 떨어져 안되겠다싶어 휴대용 유모차를 알아봤다.동네엄마가 아발론 라이트앤무브를 샀길래 시험삼이 태워봤는데 잘 맞길래 바로 검색년형? 수퍼라이트? 새로나왔다길래 후기를 찾아봤는데 정말 신형이라선지 후기 하나가 없더라만원 이상 비싸지만 속는셈 치고 구입해봤다결정적으로 년형에는 베이지색이 있어서 색상 때문에 고른 것도 이유 중 하나ㅋ지마켓에서 증정이벤트도 하고 가격도 저렴해서 바로 주문배송은 주문 하루만에 도착 오 ], 부정 텍스트 확률 : 99.61%"
"[이건 낮에 찍은 것. 제법 오래 앉아있는게], 부정 텍스트 확률 : 88.52%"
"[불편하진 않은 모양이다. 일단 합격년형 아발론 라이트앤무브 와 년형 아발론 수퍼라이트의 가장 큰 차이점은 단 등받이 조절이 된다는 것. ], 부정 텍스트 확률 : 93.65%"
"[이점은 막상 사면 실망스러울 수 있다.저렇게 버클로 조절이 된다는 것. 단은], 부정 텍스트 확률 : 65.45%"
"[차이가 있기는 한데 그렇게 크진 않다.나는 그냥 단으로 계속 놓고 쓸거 같다.그래도 필요할 때가 있겠지. ], 부정 텍스트 확률 : 87.32%"
"[확인창은 시원하게 뚫려있어서 애도 좀 안심하는 거 같고 맘에 들었다 ], 부정 텍스트 확률 : 83.44%"
"[유모차 높이는 대략 이정도약키인 나한테는 딱 맞다.년형과 비교했을 때 다른 점이라면], 부정 텍스트 확률 : 81.16%"
"[접었을 때 바퀴 부분이 헤드에 거의 닿지 않음 색상이 더 예쁨ㅋ사은품으로 받은 주머니는 작긴 하지만 같이 받은 모기장과 기저귀 한두개], 부정 텍스트 확률 : 69.63%"
"[손수건 등 넣기에 알맞을 거 같다.핸들링이나 기타 기능들은 일반 절충형 유모차에 뒤지지 않게 갖추어져있고 좋은 편이다.결과적으로 년형을 사길 잘 한거 같다.동네엄마도 더 좋아보인다고 아쉬워하기도..암튼], 부정 텍스트 확률 : 51.54%"
"[만족하고 잘 쓸거 같은 예감 ], 부정 텍스트 확률 : 71.48%"
"[ 오르빗에 아발론주니어라이더가격], 부정 텍스트 확률 : 59.00%"
"[설치방법], 부정 텍스트 확률 : 53.29%"
"[사용가능한 유모차 ], 부정 텍스트 확률 : 53.29%"
"[둘째가 생기면서 외출시에 유모차 자리가 부족해졌어요. ], 부정 텍스트 확률 : 91.99%"
"[ 유모차를 바꿀까 ? 아기띠를 매고 다닐까 ?고민하다가 내린 결정은], 부정 텍스트 확률 : 66.57%"
"[쨔쟌바로 요고 ], 부정 텍스트 확률 : 60.21%"
"[ . 구성 ], 부정 텍스트 확률 : 78.10%"
"[ 발판 ], 부정 텍스트 확률 : 53.29%"
"[ 안장 ], 부정 텍스트 확률 : 53.29%"
"[ . 색깔 ], 부정 텍스트 확률 : 62.92%"
"[ 검정색], 부정 텍스트 확률 : 53.29%"
"[ 흰색 ], 부정 텍스트 확률 : 53.29%"
"[오른쪽이 발판. 둘다 화이트색상 ], 부정 텍스트 확률 : 68.35%"
"[ . 안장 손잡이 ], 부정 텍스트 확률 : 62.92%"
"[ 핸들형 ], 부정 텍스트 확률 : 53.29%"
"[ 일자손잡이형 ], 부정 텍스트 확률 : 53.29%"
"[ 아가가 핸들형을 더 재밌어할 것 같아 핸들형으로 구매했어요. ], 부정 텍스트 확률 : 78.51%"
"[ . 유모차에 연결하는 커넥터모양], 부정 텍스트 확률 : 65.99%"
"[ 기본형 쥬니어라이더], 부정 텍스트 확률 : 53.29%"
"[ 자형 쥬니어라이더 ], 부정 텍스트 확률 : 53.29%"
"[연결길이도 길어서 엉덩이를 뒤로 빼고 운전해야한다는 후기를 봤거든요.. ], 부정 텍스트 확률 : 89.15%"
"[오르빗는 동그라미친 저부분에 페니어고정대가 있어서 ], 부정 텍스트 확률 : 66.42%"
"[기본형 일자 커넥터인 주니어라이더 ], 부정 텍스트 확률 : 67.43%"
"[ 를 설치 가능해요. 오르빗는 동그라미친 저 고정대가 없기 때문에 절대적으로 자형을 구매해야 한답니다 ], 부정 텍스트 확률 : 65.06%"
"[ 다만 저 ], 부정 텍스트 확률 : 70.03%"
"[ 것이 너무 얇아서 운행시에 좀 달그락달그락 거리는], 부정 텍스트 확률 : 86.98%"
"[ 단점이 있거든요. 그게 불편할 것 같다 ], 부정 텍스트 확률 : 81.74%"
"[ 하면 애초에 자형 커넥터를 구매하여 양쪽다리를 잡게하시거나], 부정 텍스트 확률 : 68.41%"
"[자형 커넥터에 사용하는], 부정 텍스트 확률 : 62.96%"
"[ 멀티어뎁터를 추가구매하여 다리를 잡게하면 되세요. 가격만원대 ], 부정 텍스트 확률 : 67.87%"
"[요것이 멀티어뎁터], 부정 텍스트 확률 : 61.22%"
"[ 많이들 사용하시는 스토케도 자커넥터만 설치가능한데요 멀티어뎁터가 있으면 기본커넥터도 사용 가능해요. ], 부정 텍스트 확률 : 93.27%"
"[기본형 커넥터 페니어 고정대에 비해 구멍이 좀 크죠?저희 첫째 미키는 달그락 거리면서 유동성이 있어 더 신나 ], 부정 텍스트 확률 : 66.05%"
"[발판에 안장을 요러케 끼우면 끝 ㅎㅎ 간단간단가격은 발판만원대안장만원대 하여 총 만원대에 구매했어요... ], 부정 텍스트 확률 : 50.21%"
"[ 아발론쥬니어라이더 설치가능한 유모차 ], 부정 텍스트 확률 : 53.29%"
"[아발론쥬니어라이더 설치가능한 유모차 ], 부정 텍스트 확률 : 53.29%"
"[ 년형 아발론 수퍼라이트초경량 유모차 ], 부정 텍스트 확률 : 75.19%"
"[ 초경량 유모차도 가격대나 무게나 핸들링이나 차이가 많이 나더라구요제가 원하는건], 부정 텍스트 확률 : 50.17%"
"[그리고 초경량이니만큼 무게가 젤 중요했죠.그래서 압축된게 키로 안팎의 무게이면서 만원 안팎의 유모차], 부정 텍스트 확률 : 76.57%"
"[는 무게는 가벼웠지만 안전바가 있으면 점식 벨트고 안전바가 없으면 점식벨트], 부정 텍스트 확률 : 72.20%"
"[그래서 마모스 ], 부정 텍스트 확률 : 65.64%"
"[는 일찌감치 패스하고쿨키즈 와 빈지오 유모차를 비교했어요.디자인과 무게를보면 쿨키즈 가 .빈지오 유모차가 . 으로 가벼운걸 원하는 저에겐 쿨키즈가 더 끌렸으나], 부정 텍스트 확률 : 54.40%"
"[ 빈지오가], 부정 텍스트 확률 : 83.93%"
"[ 처음엔 아발론 년 라이트앤무브 를 구매하려고 했어요.구매하려고 검색하다보니 이게 왠일?? 최신상 년형 아발론 수퍼라이트가 에서 단독 런칭기념 특가로 판매중이지 뭐에요?라이트앤무브 와 같은 무게 . 이면서 컬러는 멜란지 그레이], 부정 텍스트 확률 : 87.34%"
"[멜란지 베이지], 부정 텍스트 확률 : 53.29%"
"[멜란지 블루로 더 고급스러워지고], 부정 텍스트 확률 : 81.27%"
"[ 거기에 런칭특가 이벤트로 유모차 양산과 유모차 모기장], 부정 텍스트 확률 : 77.39%"
"[이렇게], 부정 텍스트 확률 : 73.84%"
"[생각보다 긴??ㅋㅋ 박스가 왔어용 ], 부정 텍스트 확률 : 80.46%"
"[전 수퍼라이트 그레이컬러로 주문했어요받자마자 종사은품 보이시나요?ㅎㅎ양쪽에 가방 두개], 부정 텍스트 확률 : 84.08%"
"[유모차 양산], 부정 텍스트 확률 : 53.29%"
"[오자마자 펼쳐서 앞바퀴만 후다닥 끼웠어요ㅎㅎ앞바퀴도 힘들지않게 쏙 들어가서 어렵지않았답니다 ], 부정 텍스트 확률 : 69.64%"
"[사은품 가방이에요작은감이 없긴하지만 초경량에 세심하게 신경써주신거 같아요여기에 여름엔 한쪽엔 모기장], 부정 텍스트 확률 : 65.30%"
"[한쪽엔 아이 물통이나 작은 장난감], 부정 텍스트 확률 : 67.56%"
"[간식 넣어다니면 좋을거같아요 ], 부정 텍스트 확률 : 74.60%"
"[그리고 차양막 위엔 이렇게 아이를 볼수있는 메쉬창도 있답니다이제 펼쳐보고 했으니 중요한 핸들링을 몸소 체험해 봐야겠죠?ㅎㅎ ], 부정 텍스트 확률 : 77.04%"
"[받자마자 이렇게 동네 지인분과 밥먹으러 다녀오는 길이에요ㅎㅎ이 무더운 땡볕에도 저희 개월 셋째호야는 잠을 쿨쿨], 부정 텍스트 확률 : 79.07%"
"[땀을 뻘뻘.], 부정 텍스트 확률 : 57.81%"
"[흘리면서도 쿨쿨 자고있는 모습이네용], 부정 텍스트 확률 : 84.88%"
"[더울거같아서 차양막 뒷부분을 열고 다녔어요ㅎㅎ아발론 년형 수퍼라이트 핸들링은], 부정 텍스트 확률 : 65.49%"
"[ 좋습니다. 초경량이라 핸들링 그렇게 기대안했는데 작은 턱정도는 그냥 불편없이 다녔어요그리고 또 하나의 장점은 애기 내릴때 가방 저렇게 걸어두고 애기 먼저 내려줬는데중심이 잘 잡혀있는지 뒤로 발라당 넘어가지 않았어요ㅎㅎ 초경량 쓰시는 분들 잘못 만들어진 유모차 사면 뒤에 좀 무거운거 걸어놓으면 한번씩 발라당 넘어간다고들 하시는데 전혀 넘어가지않고 중심 잘잡고 있더라구요하지만 그렇다고 너무 무거운거 걸어두심 당연히 넘어가겠죠?ㅋㅋ오늘 수퍼라이트 사용해보면서 한가지], 부정 텍스트 확률 : 67.67%"
"[이벤트 사은품이라 택배비를 부담하긴했습니다만.ㅎㅎ 안전가드와 컵홀더를 ], 부정 텍스트 확률 : 56.21%"
"[ 유모차 아발론 휴대용 유모차 ], 부정 텍스트 확률 : 89.07%"
"[와 응모해요], 부정 텍스트 확률 : 56.61%"
"[ ... ...네이버 인스타 네이버스토어찜 완료아기가 이제 개월 넘어가서 휴대용으로 슬슬 넘어가고 싶어요. 아기낳고 관절염이 생겨서 아기가 무거워지니 많이 안아주지도 못하겠고 ㅠ 유모차라도 가벼웠으면 좋겠어요], 부정 텍스트 확률 : 86.39%"
"[ .. ..네이버인스타위젯], 부정 텍스트 확률 : 74.53%"
"[ 제 포스팅은 아래 링크참고해주세요.. ..예쁜 리뷰 완성 하겠습니다], 부정 텍스트 확률 : 59.84%"
"[에이스 하나만은 착하고 건강한 아이로 키우고싶습니다], 부정 텍스트 확률 : 52.07%"
"[ .. ..네이버 인스타팔로우완료개월], 부정 텍스트 확률 : 74.53%"
"[ 차 후기 블로그 .. ..인스타 ..? ..?카페후기 .. .. 차후기블로그 차후기... ...인스타 차후기..? ..?], 부정 텍스트 확률 : 91.67%"
"[저희 아기들 개월이예요 저도 이거보다가 타보휴대용 샀는데 바퀴가 작아서 집근처 끌고 다니려니 너무 덜컹거려서요 바퀴가 좀 큰가요? 사진으로 봐선 커 보이는데요], 부정 텍스트 확률 : 53.02%"
"[튼튼이와건강이 밀양저희도 아기들 생기기전엔 캠핑족이였는데 넘 부럽네요이 유모차는 그럼 절충형인가요?], 부정 텍스트 확률 : 54.54%"
"[담뿍듬뿍 충남절충형 같아요 광고엔 신생아 부터라고 되어있긴 한데], 부정 텍스트 확률 : 65.23%"
"[조금 불안 할듯 하네요..개월이시면 태워도 될거 같아요.], 부정 텍스트 확률 : 60.08%"
"[폴딩이 유모차 뒤쪽에 접히는부분 발로 쑥올리면 앞으로 쏠리면서 접혀요나중에 사진 올려드릴께요짐 밖이라..], 부정 텍스트 확률 : 71.23%"
"[ 저도 초경량 궁금해서 두개 봤는데 한손폴딩은 안되는거같아요ㅠ], 부정 텍스트 확률 : 94.40%"
"[오프라인에서 보신건가요?], 부정 텍스트 확률 : 74.15%"
"[어흥이맘아 그렇군요ㅠㅜ 혼자 아기델꼬 대중교통 이용해서 다닐때 불편하겠어요 흑], 부정 텍스트 확률 : 85.47%"
"[마포지지베네 저도 한손폴딩 써보니 다른건 못쓰겠더라구요ㅠ 요요도 그래서 탈락입니다...], 부정 텍스트 확률 : 63.57%"
"[일산지지베언폴딩은 두손으로 해야하고 폴딩은 한손가능해요], 부정 텍스트 확률 : 69.91%"
"[신통맘아뇨 그냥 인터넷으로 구매했어요], 부정 텍스트 확률 : 55.27%"
"[저도 오늘 주문했어요ㅎ원래 오샤인 사려고했는데 업그레이된거라해서 그냥 질럿네요. 사은품도 빵빵하고. 제일 중요한건 등받이 조절이되서요], 부정 텍스트 확률 : 61.56%"
"[쿨키즈랑 아발론이랑은 많이 다른가요?쿨키즈 랑 아발론이랑 비교중인데..잘 모르겠네요..], 부정 텍스트 확률 : 77.49%"
"[ 차양이 아발론이 더 길었던거같아요. 등받이조절도 아발론에서 오샤인모델만 됐었어요. 지금 이모델도 된다네요.쿨키즈 내용은 저도 확실한건 아니니 다시한번 비교해보세요ㅎㅎ], 부정 텍스트 확률 : 94.85%"
"[방풍커버까지 후기작성하면 준대서 냉큼질렀어요], 부정 텍스트 확률 : 55.27%"
"[ㄴㅔㅎㅎ], 부정 텍스트 확률 : 53.29%"
"[방풍커버하나만 있음 되지않을까요?], 부정 텍스트 확률 : 89.61%"
"[ 전 년차이인데도 너무 잘 써요ㅡ 큰애가 잘 안걸음ㅋ 첫째 걸어다니라하면 둘째가 따라 걸어서 둘다 앉히는게 속편해요ㅡ 다만 무게가ㅠㅠ], 부정 텍스트 확률 : 99.04%"
"[흑 ㅠ 그래도 아리아트윈은 키로대네용], 부정 텍스트 확률 : 61.38%"
"[아발론 작년모델쓰는데 좋아요. 다른건 안써봐서 비교는 안되지만요..], 부정 텍스트 확률 : 89.53%"
"[업그레이되서 손잡이 높아지고 장바구니 생긴거같더라구요 혹시 실외 다닐만 하신가용?], 부정 텍스트 확률 : 83.11%"
"[ 다른건 사용 안해봐서요 ㅠㅠ 전 지금개월에 마루스 앞손잡이 있는거 쓰는데요 이건 두개 샀어요 애들이 넘 잘 앉아 있어요 절충형 둥이 유모차에는 잘 앉아 있었거든요 근데 이건 집안에서도 막 자기들이 올라갔다 내려왔다하면서 놀아요 ㅋㅋ 핸들링도 좋고 제 키 인데 길이 딱 맞구요 가격이 저렴해서 그냥 함 사보자했는데 저는 대만족이네요 ㅋㅋ], 부정 텍스트 확률 : 78.54%"
"[인 개쓰신다는거죠?저도 마루스 저렴해서 싼 맛에 써볼까도 고민하는 거거든요], 부정 텍스트 확률 : 87.49%"
"[별이랑ㅡ화성네 이건 둥이용 안사고 일인용 두개 샀는데 외출 시 더 편해요], 부정 텍스트 확률 : 95.72%"
"[네..언제 오실수 있으신가요? 집앞에 내어놓을테니 가져가세요], 부정 텍스트 확률 : 55.70%"
"[확인해주세요], 부정 텍스트 확률 : 50.87%"
"[ 아발론 무게도 적당하고 아이 태우고 간편하게 다니기에 좋죠 저도 휴대용 유모차 사려고 생각했을때 아발론 많이 봤었는뎅...], 부정 텍스트 확률 : 84.54%"
"[ 살아들 감기걸리면 유모차타요힘드시데요ㅋㅋ휴지랑 쌀이랑 마트가성태워와요오래오래 쓰셔요], 부정 텍스트 확률 : 77.45%"
"[저도 살인데 고민중이예요 나가면 너무 힘들어요ㅠ], 부정 텍스트 확률 : 93.92%"
"[아...완전 위로내요...사고도..계속..뭐하는 짓인가 싶었는데..아직 한참 탈때가 맞군요.ㅎㅎ], 부정 텍스트 확률 : 59.12%"
"[ 엘레니윙스 쓰고있는데 등받이 양대면 다되구 차양막 올리신거랑 비슷해요 키로대구요], 부정 텍스트 확률 : 79.38%"
"[댓글 감사해요. 근데 이 유모차가 맞을까요? . 키로로 나와있는데 제가 키로대를 못찾는건지 몰겠네요], 부정 텍스트 확률 : 64.12%"
"[마마파파이거아닌데...찾아보니 같은모델은 이제안나오나봐요ㅜㅜ아무리찾아도없네요ㅠㅠ], 부정 텍스트 확률 : 89.08%"
"[지비에어플러스 .키로 등받이 조절되구 발판도 있고 풀차양막이예요.손잡이 쉽게 양대면도 가능.요즘 이름 바뀐듯 한데 지오비유모차로 검색하면 나와요], 부정 텍스트 확률 : 77.39%"
"[저도 지비에어플러스요지금쓰는데그럭저럭 가벼워서 쓸만해요], 부정 텍스트 확률 : 61.78%"
"[가벼운건 뒤로 꼬꾸라지기 쉽더라고요 가벼운 가방만 걸어도 벌러덩저는 그냥 작게 접히는걸로 티크미니 샀는데 좋아요], 부정 텍스트 확률 : 84.03%"
"[아발론 초경량이라 들고다니기편해요. 접고펴기도잘되고 날씬이로접혀서 경차안에 쏙넣어다녀요.], 부정 텍스트 확률 : 63.80%"
"[쇼핑할때 불편하다는 후기가 있길래 조금 망설여지더라구요. 고민스럽네요], 부정 텍스트 확률 : 65.55%"
"[어떤분이 제 문의에 답해주셨는대 몰이 간격이 좁아 불편하다고 하셨어요 전 웨건도 생각해봤거덩요 윰차 가저가는건 추천하는대 웨건은 아니라고], 부정 텍스트 확률 : 89.41%"
"[유모차는 필수네요..], 부정 텍스트 확률 : 75.11%"
"[준쓰마마댓글중에보니깐 마트에 만원짜랑 불? 짜리있다고 대신 만원짜린 뒤로 안젖혀지는 그냥 앉아가는 그런거라고 하셨어요 저도 일단 하나가져가는대 큰애힘들다함 하나사까 고밉중입니다], 부정 텍스트 확률 : 96.38%"
"[저도 살개월 애들둘 쿨키즈 중고로 샀어요], 부정 텍스트 확률 : 82.09%"
"[쌍둥이유모차요?ㅋ 등받이조절 되나요?ㅎ 별게다신경쓰이네요], 부정 텍스트 확률 : 86.12%"
"[...? ...?오전시에 받을수있어요], 부정 텍스트 확률 : 61.94%"
"[ 크게차이는없어도 막상 뒤로하면 안한거보다는 고개가 덜 숙여져요 손잡이가 낮아서 허리구부정한거빼곤 전 잘썼어요 어디가지고다녀도 부담없구요], 부정 텍스트 확률 : 84.69%"
"[아주박아영ㅡ지킴이ㅇㅇ 지난번 검색했을때 도 비싸더라고], 부정 텍스트 확률 : 89.15%"
"[ 핸들링은 괜찮은편인데 턱같은데?올라갈땐 좀 불편해요다른 휴대용을 안써봐서ㅜ그리고 일자로 접히는데 모닝에 들어가는지까진 잘 모르겠어요 그리 부피차지안해용], 부정 텍스트 확률 : 98.78%"
"[우랑율이맘정확히는 모르겠고 백센치는 될거는같아용아 핸들링은 좋아요ㅋ핸들링하고 별개로 턱올라갈때가 힘들어서좀 애먹었어용ㅋㅋ], 부정 텍스트 확률 : 60.56%"
"[전여태쓰네요 년째 키로정도라 해외갈때도좋아요], 부정 텍스트 확률 : 68.28%"
"[ 저 구입하고 싶어요. 화곡역 베이비플러스 매장으로 직접 가면 되나요?], 부정 텍스트 확률 : 87.32%"
"[구성품뭐뭐잇나요?], 부정 텍스트 확률 : 79.12%"
"[별도 구성품이 없습니다 ㅠ], 부정 텍스트 확률 : 53.90%"
"[설명서판매됫나요?], 부정 텍스트 확률 : 82.12%"
"[ 리안금액 좀 알려주세요], 부정 텍스트 확률 : 74.50%"
"[포그내넘버플러스 금액 얼마인가요?], 부정 텍스트 확률 : 84.08%"
"[노아시연용체험용샘플 전시되어 있습니다. 스와들업은 재고가 다 빠졌고], 부정 텍스트 확률 : 92.40%"
"[속싸개등 면제품은 구비되어있지 않습니다.], 부정 텍스트 확률 : 62.55%"
"[베이비플러스스와들업 사이즈는 또 언제 들어와요?], 부정 텍스트 확률 : 55.75%"
"[ 오가닉], 부정 텍스트 확률 : 53.29%"
"[ 코튼등등다양하고해서], 부정 텍스트 확률 : 66.90%"
"[ 재고 운영이 쉽지않아], 부정 텍스트 확률 : 76.05%"
"[매장 오허서 스와들업 색상 선택하시면 배송으로 일 이내로 받으실 수 있습니다.], 부정 텍스트 확률 : 69.91%"
"[ 잠시 옆에 놔둔사이 애들이 방금 장난치다가 일부 파손이 되어 펑합니다], 부정 텍스트 확률 : 92.47%"
"[감자빼때기에고 아무도 이야기안하셔서 정리해버렸어요 ], 부정 텍스트 확률 : 95.13%"
"[ 아발론 캐리언 쌍둥이 유모차. .], 부정 텍스트 확률 : 68.39%"
"[길다랗게 가로로 눕히면 들어가지않을까요?가스통과 나란히요], 부정 텍스트 확률 : 57.76%"
"[귀요미부피가크면힘들까봐서요혹시동네가어디실까요?], 부정 텍스트 확률 : 93.05%"
"[둘이라서좋다살살인데내년에쓰일까요?자전거를사야하나고민만가득이네요], 부정 텍스트 확률 : 76.12%"
"[둘이라서좋다전 살살 월에사서 년탔어요 등하원용혼자차타고 잠시 외출동네병원 등등올해 세세 되니깐첫째 유치원차량하고탈일이 없고 차가지고 다니니타보휴대용에 둘이 태우네요인용자전거도 드림받아서 번갈아 태웠는데차에는 안실리니...ㅜㅜ], 부정 텍스트 확률 : 98.23%"
"[귀요미저희도딱히동네말고는없는데첫째가유모차보단자전거를또좋아하긴하는데오늘만고민하고내일쳇드려도될까요?], 부정 텍스트 확률 : 87.73%"
"[귀요미네], 부정 텍스트 확률 : 70.46%"
"[ 월달에 올린거라 판매됐겠죠?], 부정 텍스트 확률 : 77.63%"
"[네 판매됐어요], 부정 텍스트 확률 : 76.18%"
"[불발시줄서요], 부정 텍스트 확률 : 60.00%"
