"[오르빗베이비유모차 사용 후기 ], 부정 텍스트 확률 : 53.29%"
"[ .육아 용품에 큰 욕심이 없었지만], 부정 텍스트 확률 : 75.63%"
"[.다니면서 예쁜 유모차를 보면 사고 싶다는 생각이 들긴 했었다. .그런데 집에는 얻어 온 새 유모차가 떡하니 있어서 새 걸 또 사기에는 돈이 아깝기도 하고], 부정 텍스트 확률 : 88.87%"
"[네이버에 검색해도 잘 안 나오는 아이언맨 색깔의 콤비 유모차다. .안겨서 자려고만 하는 아기를 재우려고 꺼내봤는데], 부정 텍스트 확률 : 64.98%"
"[유모차 안에서 너무나도 잘 자서 잘 쓰고 있다. 그런데 계속 보다 보니], 부정 텍스트 확률 : 70.14%"
"[유모차 색깔도 이상하고 이래저래 허술한 거 같아서 새 거를 사야 할 것 같았다. 아니], 부정 텍스트 확률 : 97.02%"
"[새 거를 사고 싶어졌다. . ], 부정 텍스트 확률 : 77.14%"
"[ .그래서 며칠 폭풍 검색하다가 스토케 . 오르빗베이비], 부정 텍스트 확률 : 79.57%"
"[상태 좋은 중고 제품도 있어서 가격 부담이 적었던 반면 오르빗베이비는 중고 제품이 별로 없었다. 예쁜 건 뭐], 부정 텍스트 확률 : 82.66%"
"[작동 방법도 익힌 다음에 덜컥 카드로 긁고], 부정 텍스트 확률 : 85.13%"
"[바로 차에 실어서 가져왔다. 후기 남기면 사은품도 많이 챙겨준다는 .색상은 블랙], 부정 텍스트 확률 : 87.89%"
"[로즈골드 조합으로 샀다.. ], 부정 텍스트 확률 : 72.87%"
"[.유모차 덕분에 부자 몽골 아기로 업그레이드됐다고 ㅋㅋㅋ 좋아했다. .까탈스럽지 않은 아들은 새 유모차에 바로 적응했다. ..유모차를 몇 주 써본 결과], 부정 텍스트 확률 : 95.68%"
"[.아기가 정말 편해한다는 것 .등센서가 심해서 낮에는 안겨만 있으려는 아들님을 유모차에 태우고 집 안에서 왔다 갔다 하니 .잠도 혼자 스르르 들었다. 감격.....잠투정할 때 너무 유용해서 계속 실내용으로 쓰고 싶을 정도였다. .한겨울이라 아기랑의 외출이 꺼려지기도 했지만 집에만 있는 게 답답해서 나가기로 마음을 먹고], 부정 텍스트 확률 : 89.19%"
"[.무려 박 일로 가까운 인천 여행에 갔다.날씨가 추워 어차피 밖에 오래 있지는 못하고 호텔 앞 산책로 한 분? 분? 걷기에는 풋머프와 사계절커버를 씌웠더니 괜찮았다. .방한커버], 부정 텍스트 확률 : 59.56%"
"[장바구니가 큰 것도 너무 유용했다. .남편이 유모차를 접고 펴고 하느라 고생하긴 했지만], 부정 텍스트 확률 : 87.21%"
"[ 얼마전 지니가 대구 베이비페어를 다녀왔는데], 부정 텍스트 확률 : 63.54%"
"[잉글레시나 앱티카], 부정 텍스트 확률 : 81.24%"
"[스토케 트레일즈], 부정 텍스트 확률 : 53.29%"
"[미마자리 등등 여러 브랜드가 눈에 들어왔어요. 그리고 오르빗은 사실 리스트에도 없었는데 인터불고에 식사하러 갔는데 유모차가도 로 돌아가더라구요 헉.. 저게 뭐야? 저런 유모차가 있어 호기심으로 검색을 해봤는데], 부정 텍스트 확률 : 56.29%"
"[ 사실 우리나라에 오르빗이 처음 알려진건 고소영이 사용하면서부터라고해요 일명고소영 유모차 ], 부정 텍스트 확률 : 56.68%"
"[추가금액은 없습니다. 단], 부정 텍스트 확률 : 63.28%"
"[멜란지의 경우 한정판 모델이라서 금액이 달라요. 멜란지는 일체형이라고 합니다.], 부정 텍스트 확률 : 53.77%"
"[ 거기다가 알라와 제가 반한도 회전시트다른 유모차는 앞보기나 뒤보기를 하려면 시트를 빼거나 앞], 부정 텍스트 확률 : 90.56%"
"[뒤 밖에 안되는데 이 유모차는 어느면이든 사용가능 심지어 식당에서는 식당의자로 사용하는걸 보고 바로 이 유모차다라고 결정을 했어요. 실제로 사용하시는걸 보니 엄청 편해보였거든요.], 부정 텍스트 확률 : 62.97%"
"[ 도 회전이 가능하니], 부정 텍스트 확률 : 50.56%"
"[테이블모드], 부정 텍스트 확률 : 53.29%"
"[관람모드], 부정 텍스트 확률 : 86.91%"
"[요람모드전부 가능합니다. 심지어 따로 시트를 안빼고 버튼으로 조작가능하다는 사실 엄마가 혼자 외출해도 무리 없는 유모차라고 생각이 들었어요. 그래서 남동생이 조카 첫 선물로 사준다기에염치없이디럭스 유모차 를 외쳤고], 부정 텍스트 확률 : 97.12%"
"[흔쾌히 사준다고 해서 부담없이 겟 할 수 있었어요ㅋㅋ 백화점도 가보고 육아용품점도 가봤는데], 부정 텍스트 확률 : 56.91%"
"[ 베이베페어에서 목요일에 결제를 하고], 부정 텍스트 확률 : 55.16%"
"[ 집에 왔는데 큰 박스 개나 있어서 당황... 처음에는 나중에 개봉할까? 했지만 혹시라도 하자가 있으면 안되니 미리 조립하기로 했어요 ], 부정 텍스트 확률 : 92.79%"
"[ 본체 상자에는 유모차 본체], 부정 텍스트 확률 : 67.88%"
"[바퀴가 들어있습니다.], 부정 텍스트 확률 : 81.28%"
"[ 본체를 먼저 펴서 바퀴를 달아줍니다. 바퀴는 뒤에 큰바퀴부터 조립하고], 부정 텍스트 확률 : 57.73%"
"[다음 앞바퀴를 조립하시면 됩니다ㅋㅋ 바퀴 조립은 난이도 하 사실], 부정 텍스트 확률 : 52.70%"
"[조립은 전부 난이도 하에요ㅋㅋ], 부정 텍스트 확률 : 68.08%"
"[ 그다음 앞바퀴도 연결해주세요.], 부정 텍스트 확률 : 54.04%"
"[ 오르빗의 타이어는 어느 지형에서나 강하게 주행이 가능한 소재의 타이어로 진동을 효과적으로 흡수해서흔들림 없는 주행 을 만들어줘요], 부정 텍스트 확률 : 91.39%"
"[ 또한쿼드쇼크 서스펜션시스템은 아이에게 가해지는 충격을 두번 차단해서 더 안정적인 승차감을 전단한답니다 ], 부정 텍스트 확률 : 74.30%"
"[ 두번째 박스는 시트입니다.], 부정 텍스트 확률 : 75.64%"
"[ 시트박스 또한 꼼꼼히 포장되어서 왔어요 오르빗의 장점은 신생아 이너시트도 준다는점ㅋㅋ 고민을 했었던 부가부의 경우 이너시트], 부정 텍스트 확률 : 53.76%"
"[컵홀더 등등 전부 구매해야하는데 오르빗은 구성품이 완전 빠방하더라구요], 부정 텍스트 확률 : 86.34%"
"[ 우모차 시트], 부정 텍스트 확률 : 53.29%"
"[장바구니], 부정 텍스트 확률 : 53.29%"
"[ 손잡이], 부정 텍스트 확률 : 53.29%"
"[ 장바구니는 본체에 연결하면 되요. 먼저 길다란 봉을 밀어서 넣고 걸수있는곳에 장바구니를 건 뒤 앞쪽 바퀴에 장바구니를 고정해주면 됩니다.], 부정 텍스트 확률 : 60.34%"
"[ 오르빗은짐르빗 이라는 별명이 있죠?ㅋㅋ 그만큼 넉넉한 수납을 자랑합니다 와이드 장바구니는 고무가 있어서 짐 넣을때 쫙쫙 확장되서 너무 편할것 같아요 추가로 구매가능한 패니어를 사용하면 더 넓게 쓸 수 있어요.], 부정 텍스트 확률 : 85.91%"
"[ 오르빗은 신생아 시트도 무료 메모리폼 이너시트가 포함되어 있어서 부담을 덜었어요ㅋㅋ], 부정 텍스트 확률 : 65.23%"
"[ 오르빗의 시트 모양이 도특한데 체온을 유지해주고], 부정 텍스트 확률 : 51.48%"
"[ 스낵트레이도 장착을 해봤습니다.ㅋㅋ], 부정 텍스트 확률 : 58.51%"
"[ 상자에는 베이비페어 상품이라는 블랭킷], 부정 텍스트 확률 : 69.04%"
"[사계절커버], 부정 텍스트 확률 : 53.29%"
"[ 접어서 차에 싣기도 편하고], 부정 텍스트 확률 : 59.00%"
"[ 현재 정품등록 이벤트와 포토후기 이벤트를 진행중이니까 참고하세요ㅋㅋ 저는 포토후기에 참여해서 풋머프를 받을까 해요ㅋㅋ], 부정 텍스트 확률 : 89.92%"
"[며칠전 코엑스 베이비페어에 다녀왔어요. 출산 한달을 앞두고 관심있던 제품들을 비교해봤답니다. 첫찌맘이라 육아용품 도 모르는 저인데], 부정 텍스트 확률 : 52.44%"
"[와우베이비 오르빗전용 유모차 퀼팅 방한 커버], 부정 텍스트 확률 : 53.29%"
"[블랙 ], 부정 텍스트 확률 : 53.29%"
"[ 블랙 유모차 전용 오르빗방한 퀼팅 와우베이비 커버], 부정 텍스트 확률 : 53.29%"
"[품명 및 모델명], 부정 텍스트 확률 : 53.29%"
"[와우베이비 오르빗전용 퀼팅 방한 커버블랙], 부정 텍스트 확률 : 53.29%"
"[ 인증 필 유무], 부정 텍스트 확률 : 53.29%"
"[컨텐츠참조], 부정 텍스트 확률 : 53.29%"
"[컨텐츠참조], 부정 텍스트 확률 : 53.29%"
"[폴리에스테르], 부정 텍스트 확률 : 53.29%"
"[사용연령 또는 체중범위], 부정 텍스트 확률 : 53.29%"
"[동일모델의 출시년월], 부정 텍스트 확률 : 65.67%"
"[제조자수입자], 부정 텍스트 확률 : 61.97%"
"[와우베이비], 부정 텍스트 확률 : 53.29%"
"[제조국], 부정 텍스트 확률 : 61.97%"
"[대한민국], 부정 텍스트 확률 : 53.29%"
"[취급방법 및 취급시 주의사항], 부정 텍스트 확률 : 53.29%"
"[안전표시], 부정 텍스트 확률 : 53.29%"
"[컨텐츠참조], 부정 텍스트 확률 : 53.29%"
"[품질보증기준], 부정 텍스트 확률 : 53.29%"
"[제품 이상 시 공정거래위원회 고시 소비자분쟁해결기준에 의거 보상합니다.], 부정 텍스트 확률 : 72.48%"
"[ 색상 블랙 ], 부정 텍스트 확률 : 53.29%"
"[ 방한 오르빗 유모차 전용 커버], 부정 텍스트 확률 : 53.29%"
"[놀아주기도했고], 부정 텍스트 확률 : 66.90%"
"[ 개월 망고움직임이 많아질 무렵엔 안전벨트 채워서 집에서 놀아주고 특히 옆에? 튤립사운드북을 꽂기에 제격이었다.반짝이는 불빛을 구경하다가 툭툭 치는 놀이? ], 부정 텍스트 확률 : 63.02%"
"[ 봄이 오고 제법 컸을땐 외출용으로 본격적으로 사용하기 시작 ], 부정 텍스트 확률 : 79.71%"
"[동네마실은 매일매일], 부정 텍스트 확률 : 81.17%"
"[카페도 가고], 부정 텍스트 확률 : 61.12%"
"[문센도 수영도 다니고 등등 ], 부정 텍스트 확률 : 61.06%"
"[ 아래 수납공간도 제법 넓어서 나는 장보고나서 여기다가 마구 때려 담는다.담요나 장난감 넣어놓기 좋음], 부정 텍스트 확률 : 74.18%"
"[ 발이 벌써 이만큼이나 나왔다. 키 많이 컸다. 두돌넘어가면 태우기 버거울것같은 느낌?지난 주에 찍은 사진인데], 부정 텍스트 확률 : 92.75%"
"[졸릴때 태워놓고 돌아다니면 꿀잠 주무시는 개월차 베이비.유모차 없었으면 어쩔뻔했나.나의 생활패턴에 디럭스유모차가 잘 맞고], 부정 텍스트 확률 : 94.12%"
"[ 물론 하비에 비해 많이 무겁지만 내아이를 위해 이정도는 감수해야하지 않을까 싶다. 무거운만큼 안정감이 있지않을까. 장점이 많은대신 단점도 많은것 같다. 부피가 커서 차에 넣기가..ㅠㅠ], 부정 텍스트 확률 : 95.06%"
"[ 무거움], 부정 텍스트 확률 : 56.67%"
"[차양막 뒤쪽이 고정되지 않는다는것], 부정 텍스트 확률 : 89.96%"
"[홈페이지에 계절커버가 품절이라는것전버전인방풍커버로 대신하였다가격에 비에 디테일이 조금 떨어지는것 같다.이런점은 조금 보안하면 좋지않을까 생각해본다.장점으로는 무게장단점모두해당], 부정 텍스트 확률 : 75.74%"
"[ 초폴딩], 부정 텍스트 확률 : 53.29%"
"[ 높이 조정가능한 손잡이], 부정 텍스트 확률 : 53.29%"
"[ 도 회전기능], 부정 텍스트 확률 : 65.01%"
"[ 큰장바구니], 부정 텍스트 확률 : 50.40%"
"[유모차고민디럭스 유모차 가격비교스토케 익스플로리부가부 폭스오르빗신세계 센텀롯데 서면베이비젠 요요 휴대용 유모차출산을 두달 앞두고 시작된 유모차 고민아직도 진행 중 ], 부정 텍스트 확률 : 64.56%"
"[다른 브랜드들은 핸들을 조금만 눌러도앞바퀴가 더 쉽게 들렸음 ㅎ그래도 유독 스토케만 전복위험이니], 부정 텍스트 확률 : 50.90%"
"[ 단점은 사악한 가격 ㅋ악세사리 다 빼고 만 원부터 시작되고 악세사리 몇개 추가하다보면 은 그냥 넘어감인터넷 최저가도 정도였음과 높이조절이 안되는 시트스토케대비 단점으로 느껴짐마지막 세 번째 후보는오르빗], 부정 텍스트 확률 : 92.95%"
"[ 결론적으로는 아직도 결정을 못하고 유모차 고민중 뭐 하나를 결정하는 일은 나에게 너무 어렵당 ], 부정 텍스트 확률 : 77.12%"
"[맘스홀릭까지 글올려서 추천받고 여쭤보고처음엔 주변 친구들이 디럭스 얼마 못탄다], 부정 텍스트 확률 : 68.09%"
"[싸이 이렇게 알아보다가사실 디자인은 미마자리 젤 좋아했는데요], 부정 텍스트 확률 : 61.21%"
"[몇년전부터 리뉴얼도 없고우선 미마를 써본 사촌언니들이 실용성 떨어져서 정말 비추라고 그래서 저도 제외. 스토는 남편이 넘 싫어해서 제외 서스가 없고 좁다고부가부는 친구들이 강추에 강추를 날렸지만 내가 왠지 별로 안끌려서 제외 신세계를 몇번이나 가서 봤는데도 참 안끌렸어요싸이벡스가 남더라구요. 싸이벡스 너무 자주 봐서 살짝 질림 ㅋㅋㅋ 그래서 몇가지 더 알아봤더니 에그라는 유모차랑], 부정 텍스트 확률 : 59.71%"
"[시트컬러], 부정 텍스트 확률 : 53.29%"
"[.달동이가 태어난지 일], 부정 텍스트 확률 : 71.12%"
"[ .나는 오랜만의 외출육아휴직 후 처음이라 너무 설랬고.어느때와 마찬가지로 동주의 손을 잡고 서울을 누볐다..동주는 언제어디서나 내손을 잡고 다닌다ㅋㅋ.근데 개더운 여름에는 팔짱으로 대체했으먼ㅋㅋㅋㅋ..어쨋든 서론이 너무 길었군......본격적인 오르빗 구매후기를 써봐야지 ], 부정 텍스트 확률 : 84.39%"
"[ .우리가 방문했을때가 한 시 정도였고 .이미 내가 사려고 했던 유모차는 결정이 되어있었기 때문에.사고 나오는데 십분이 걸릴줄 알았는데 한시간이나 걸림ㅋㅋ..그이유는 바디 색상도 골라야하고 가림막 색상도 골라야하고.사은품도 골라야하고 정말 고를게 너무 많았다ㅋㅋ ], 부정 텍스트 확률 : 73.43%"
"[양대면 되는 유모차는 이게 유일함방향바꿀때마다 일일이 뜯어서 돌리는 타 유모차들과 다르다.세번째], 부정 텍스트 확률 : 87.29%"
"[유지태 김효진 커플 유모차로 유명함 ㅋㅋㅋ.네번째], 부정 텍스트 확률 : 63.93%"
"[다양한 가격대중 중간가격임.다섯번째], 부정 텍스트 확률 : 63.75%"
"[수납공간이 많다..뭐 등등 있다 ㅋㅋㅋㅋㅋ.남들이 다쓰는 스토케나], 부정 텍스트 확률 : 76.00%"
"[이번 시리즈에는 뼈대인 프레임도 색상이 세가지였다블랙], 부정 텍스트 확률 : 57.28%"
"[로즈골드로즈골드가 핫하다고하는데 나는 아이폰을써도 로즈골드는 애매해서 싫어한다 ㅋㅋ모던하지 않다는 뜻임뭐든 무난해야 오래봐도 이쁘다실버를 하려고 했는데 실버는 핸들이 브라운이라고 한다브라운은 해짐이 잘보일 거 같고 내가 좋아하는 다크브라운이 아니라 탈락그래서 제일 무난한 블랙으로 결정했다 ㅋㅋ이걸 결정하기 까지 직원분이 진짜 한대여섯번 끼우고 벗기고 장착하고를 해주셨다넘나 죄송....넘나 친절.... ], 부정 텍스트 확률 : 99.77%"
"[ 뒤죽박죽인데 사은품으로 엄청 많은 아이템을 받았는데그중 하나인 방수커버정면에는 자외선차단도 된다고 한다저 방수커버 말고도 기본으로 생활방수 정도는 된다고는 하는데 그래도 정확한 아이템이 필요하다옆면에는 구멍이 뚫려있어 환기가 된다고 하는데주말에 한번 끌고 나간 결과 지퍼를 채우고 있으면 확실히 안에 공기가 더워진다그러니 수시로 열어서 아이가 더워하진 않는지 체크해야한다 ], 부정 텍스트 확률 : 97.89%"
"[ 신생아 시트는 양면으로 되어있는데한쪽면은 일반시트], 부정 텍스트 확률 : 51.37%"
"[반대쪽은 여름용 시트라계절에 따라 바꾸면 된다거기에 시트라 라텍스로 되어있어 척추가 덜 발달된 신생아라도 오랜시간 편하게 앉아있을 수 있다고버클또한 튼튼하게 되어있어 아이가 발버둥쳐도쉽게빠져나오기 힘든 구조라고 한다 ], 부정 텍스트 확률 : 61.11%"
"[ 그래서 결국ㅋㅋㅋㅋ우린 그자리에서 구매를 했다고 한다그리고 택배배송말고 그냥 바로 조립해서 집으로 가져갔다ㅋ다행인건 조립하는게 어려울뻔했는데 직원분이 뚝딱금방 만들어주셔서 그런 수고를 덜었다ㅋㅋ조립이 끝나길 기다리면서 매장구경좀 했음ㅋㅋ ], 부정 텍스트 확률 : 99.36%"
"[ 내가 진짜 쪽쪽이때문에 고생많이했는데여기 온갖쪽쪽이가 다모여있네ㅋㅋㅋㅋ처음에는 스와비넥스로 시작했다아벤트도 했다 더블하트까지 갔다가다시 아벤트로 돌아왔다.....결론은 그냥쪽쪽이를 안좋아하는걸로ㅋㅋㅋㅋㅋ ], 부정 텍스트 확률 : 93.24%"
"[ 내가 쓰는 더블하트젖병이랑 모유실감젖꼭지도 있다 조리원에서도 안사놓고 있다가 급하게 샀던 기억이..나는 완분이라 더블하트 젖병 으로 개정도 쓴다아직 하루에 번 먹으니 하루에 두번정도 설거지함ㅋㅋ ], 부정 텍스트 확률 : 58.20%"
"[ 그 유명한 마더케이 제품들도 많다나도 모유수유학 될줄 알고 모유저장팩샀는데쓸모가 없네 ㅡㅋㅋㅋㅋㅋㅋ분유저장팩이나 사올걸.. ], 부정 텍스트 확률 : 65.84%"
"[ 이렇게 한참 구경하는데 이것저것 사은품 바리바리 받아오고 끝났다 ㅣㅋㅋ 진짜 한시간 걸린 듯사은품은 대충 쿨시트], 부정 텍스트 확률 : 99.91%"
"[가방걸이], 부정 텍스트 확률 : 53.29%"
"[추가장바구니], 부정 텍스트 확률 : 53.29%"
"[방수커버], 부정 텍스트 확률 : 53.29%"
"[ 월 킨텍스 미베 베페 때는 브라운 체온계 사고월 초 킨텍스 코베 베페는 그냥 간 건데...계획에 없던디럭스 유모차 를 지르고 왔다. ], 부정 텍스트 확률 : 93.06%"
"[ 유모차는 출산 후에나 사려고 했었고그냥 카시트랑 유모차 제대로 구경하자하고 가볍게 갔는데 급 지름신이..ㅋㅋㅋㅋㅋ디럭스 유모차무겁고 비싸고 오래 못 쓴다고비추천 하는 의견들도 많이 있지만확실히 핸들링이나 안정성 부분에서 훨씬 좋아서우리는 중고라도 디럭스를 사기로 했었다.디럭스 유모차도 브랜드와 가격대가 다양한데남편이 가성비 모델은 영 마음에 안 들어 했다.그래서 후기 검색도 해보고 디자인도 봐서 추린 다음오르빗 와 잉글레시나 앱티카를 후보로 정했었다.둘 다 만 원이 넘어가는 비싼 편에 속하는데둘째 계획도 있고 좋은 거 사서 잘 쓰자는 의견이남편과 일치했기 때문에 금방 정했다.평소에 스타필드에 있는 베이비써클도 가보고월 베페 때도 한 번 훑어보기도 해서이번 베페 때는 딱 오르빗이랑 잉글레시나만 봤다.잉글레시나를 먼저 보고 역시 좋네하고오르빗이 있는 부스로 이동했는데.......로즈골드 프레임베이비핑크 선쉐이드 조합이전시되어 있는 걸 보고 남편과 나는 반함ㅋㅋㅋ ], 부정 텍스트 확률 : 99.91%"
"[ 너무 예쁘다 아니 너무 예쁘잖아??를 연발하며 이것저것 설명을 듣다가축복이가 앉아있는 걸 상상하니 너무 예쁘고전시 할인과 더불어 당장 가져가도 된다는 말에남편은 갑자기 사자며 ㅋㅋㅋㅋ 결제할게?하더니 우리는 결제를 하고 있었다..... ], 부정 텍스트 확률 : 99.39%"
"[ 선쉐이드는 가지 색상 중 택 ], 부정 텍스트 확률 : 75.09%"
"[ 시트는 메모리폼으로 되어 있는데오르빗의 모든 시트는 인증받은 친환경 유기농 소재를 사용한다고 한다.만져보면 촉감도 좋고 엄청 폭신하다.어깨 쪽에 닿는 숄더 패드 부분도 폭신해서아기가 착용했을 때 편안할 것 같다. ], 부정 텍스트 확률 : 51.21%"
"[ 회전 시트 사용할 때의 버튼을 사용하여시트의 각도를 단계로 조절할 수 있다.유모차에 장착한 상태로도 가능한 기능이다. ], 부정 텍스트 확률 : 69.35%"
"[ 트렁크에 실을 때는 요렇게프레임을 눕히고 그 위에 시트를 얹는다.소나타 트렁크에 실어봤는데 잘 들어갔다.집에서도 이 상태로 보관 중 ], 부정 텍스트 확률 : 65.26%"
"[ 오르빗 를 구매한 후 받은 사은품레인 커버], 부정 텍스트 확률 : 63.74%"
"[ 모기장], 부정 텍스트 확률 : 53.29%"
"[블랭킷 ], 부정 텍스트 확률 : 53.29%"
"[ 홈페이지 회원가입 후 정품 등록을 하면오르빗 액세서리할인 쿠폰이 발급되고기본 년기간에 년 추가 가 된다고 한다.할인 쿠폰 유효기간은 발급일로부터 개월로넉넉하지만 소멸되어 놓치지 않도록 해야겠다. ], 부정 텍스트 확률 : 84.73%"
"[ 친동생 찬스로 드디어 나의 첫 차를 구입했다.임신기간 동안 남편이랑 부지런히 백화점], 부정 텍스트 확률 : 74.16%"
"[아울렛], 부정 텍스트 확률 : 53.29%"
"[부가부랑 수십번 고민하다가 결국엔 오르빗으로 결정 ], 부정 텍스트 확률 : 68.26%"
"[얼마나 안전하고 튼튼한지가더 중요한 결정요인이 되었다. ], 부정 텍스트 확률 : 50.42%"
"[디럭스 유모차 특성상 무거워서 혼자 장거리 외출 시에는 들고 다니기 힘들 것 같다. 그래도 베이비플러스에서 시중보다 훨씬 저렴하게 구입해서 일단은 너무 만족아기 태어나면 더 자세한 후기 써보는걸로.?오르빗오르빗.?오르빗오르빗.?베이비플러스베이비플러스.?고양점고양점.?신생아유모차신생아유모차.?유모차유모차.?최저가보상최저가보상], 부정 텍스트 확률 : 93.55%"
"[ 오르빗베이비구매후기], 부정 텍스트 확률 : 53.29%"
"[온라인 핫딜가], 부정 텍스트 확률 : 75.70%"
"[오프라인 매장가를.필기해가면서...열심히 써치하고 비교한 결과.하이베베 청담점 에서 구매하기로 결정.. ], 부정 텍스트 확률 : 80.91%"
"[ .가격 메리트도 있었지만.사은품이 제일 푸짐했어요..직접 매장에 가서 구매하고 싶었으나.너무 거리가 멀어 .유선상으로 상담 후 택배로 받았어요... ], 부정 텍스트 확률 : 85.56%"
"[ .요건 유모차 기본 구성품.사은품은 아직 박스도 뜯지 못했네요..... ], 부정 텍스트 확률 : 83.83%"
"[ .스낵트레이나], 부정 텍스트 확률 : 62.92%"
"[컵홀더나], 부정 텍스트 확률 : 81.24%"
"[이너시트], 부정 텍스트 확률 : 64.91%"
"[안전바 등등.거의 추가구매해야되잖아요..근데 오르빗은 이런게 다 기본으로 들어있어서.고가임에도 뭔가 합리적인 가격같은.느낌?], 부정 텍스트 확률 : 86.39%"
"[ .날씨가 추워져서 그게 좀 아숩지만.열무 태어난 지 한달 좀 넘어서부턴.사은품으로 받은 사계절방풍커버 씌우고.집 근처 카페라도 외출을.........ㅋㅋㅋㅋㅋㅋㅋㅋ.. ], 부정 텍스트 확률 : 66.98%"
"[ .편해서 그런가.지금까진 유모차 타면.스르르 잠에 드는 기적............집에서는 깨어있는 내내 안고있습니다..... ], 부정 텍스트 확률 : 96.50%"
"[ .첫째는 유모차에도 등센서가 장착되서.개월까지 주구장창 아기띠와 한 몸이었는데.열무는 다행히 그 정돈 아닌 거 같아요....구매한 지 한 달 정도 지났는데.튼튼하고 실용적인 기능이 많아.저희 가족은 너무 만족스럽습니다.], 부정 텍스트 확률 : 69.07%"
"[ .기본 구성품.메모리폼 이너시트.컵홀더.스낵트레이.안전가드.장바구니 ], 부정 텍스트 확률 : 56.91%"
"[ .가격은 공개하면 안 될 것 같아서.혹시 궁금하신 분들은 비댓 남겨주심 알려드릴게요........ .?오르빗오르빗.?오르빗유모차오르빗유모차.?오르빗베이비오르빗베이비. .?디럭스유모차디럭스유모차.?고소영유모차고소영유모차. .?청담하이베베청담하이베베.?하이베베청담점하이베베청담점......... ], 부정 텍스트 확률 : 92.19%"
"[오늘은 지난번에 리뷰올렸던 오르빗유모차의정품등록하는 방법에 대해서 알려드릴까해요 사실 아주 간단한건데 등록시 혜택이 있으니오르빗유모차를 구매하신분들은 꼭 등록하시면 좋을듯해요 깜빡하고 놓치시는 분들도 계실것같구요 ], 부정 텍스트 확률 : 55.10%"
"[ 시리얼넘버 위치를 모르시는 분들이 계실것 같아서찍어봤어요유모차 아래쪽을 보시면 이렇게 숫자가 적혀있어요모자이크처리한부분화살표로 표시한부분이 시리얼넘버에요 아래바구니 윗쪽으로 확인해보시면 바로 보이실거에요 ], 부정 텍스트 확률 : 64.47%"
"[ 그번호를 홈페이지에 등록하시면 되는데요오르빗 공식 홈페이지로 들어가서 구매한유모차 모델 선택을 해주세요 저는 라서정품등록을 선택했구요 ], 부정 텍스트 확률 : 72.45%"
"[ 아래쪽으로 색상], 부정 텍스트 확률 : 66.91%"
"[주문일자], 부정 텍스트 확률 : 53.29%"
"[구입자명], 부정 텍스트 확률 : 53.29%"
"[구입처 등등그리고 중요한 시리얼넘버아까 유모차에서 확인하신넘버를 넣으시면 됩니다 ], 부정 텍스트 확률 : 95.18%"
"[ 그리고 등록을 마치면 마이페이지에서 이렇게 확인하실수 있어요오르빗베이비 멤버쉽 회원등급에 정품등록자로 나오구요상태는 승인 대기로 나오지요 제품승인일이 매주 월요일 이라고 해요 ], 부정 텍스트 확률 : 81.79%"
"[ 그리고 얼마후 다시 홈페이지 접속하여 확인을 해보니 정품승인여부에 승인이 나있더라구요회원등급에 정품등록자로 나오지요 승인기간은 년 월 일 년 월일까지총 년이에요정품등록하면 프리미엄워런티 기간혜택이 주어져서기본년에 년이 더 추가된답니다그리고 액세서리 쿠폰도 발행이 돼요 나중에 추가로 구매하고싶은액세서리가 있을경우 사용하면 좋겠죠 ㅎㅎ오르빗유모차 구매하신분들은 놓치지마시고 이 혜택까지 꼭 받아보시면 좋을것같아서 포스팅 남겨봤어요 끝 구매후기가 궁금하신분들은 ↓ .... ], 부정 텍스트 확률 : 85.48%"
"[ 이유는 모르겠지만 알게 된 이후로는 써보고 싶은 제품이었는데요. 이미 유노가 커버려서 유모차를 살 일이 없어서 그냥 알고만 있던 브랜드랍니다. 이번에 베이비플러스 화곡에 방문했을 때 마침 있어서 구경을 하게 되었네요. ], 부정 텍스트 확률 : 80.24%"
"[ 원래 오르빗 가 눈에 들어왔던 이유는 바로 도 회전시트 시스템이라서 였거든요. 올인원 시스템도 동반해서 카시트], 부정 텍스트 확률 : 63.30%"
"[유모차], 부정 텍스트 확률 : 53.29%"
"[베시넷이 호환이 가능한 제품으로 세계특허 기술력 단계 안전시스템까지 갖추고 있답니다.삼각형 프레임 특수 합금 알루미늄 프레임으로 면으로 충격분산을 해주고 있어요. 이 프레임은 사다리꼴 구조 프레임으로 무게 중심을 제품 하부로 향하게 분산시켜 준답니다. ], 부정 텍스트 확률 : 78.92%"
"[안전 뿐만 아니라 이렇게 아이에게 안락한 공간과 친환경 소재의 메모리폼 버킷시트가 들어가 있어서 이동 중 더욱 편리하게 다닐 수 있을 것 같다는 생각이 들었답니다. 너무 어린 아이들은 태우고 다닐 때 걱정이 많은데 그런 면에서 걱정이 좀 덜한 것 같다는 생각이 들었네요. ], 부정 텍스트 확률 : 61.13%"
"[느긋한 마음으로 편하게 쇼핑할 수 있을 것 같거든요. 그러면 왠지 더 합리적으로 소비할 수 있을 것 같기도 하고요. 그래서인지 이젠 필요한 것이 많이 없는데도 괜히 방문해서 보곤 한답니다. ], 부정 텍스트 확률 : 92.59%"
"[ 여전히 필요한 숟가락], 부정 텍스트 확률 : 61.11%"
"[디럭스를 살까 말까 고민을 엄청많이 했는데], 부정 텍스트 확률 : 69.59%"
"[ 여튼], 부정 텍스트 확률 : 53.29%"
"[ 일단 폴딩이 중요한게], 부정 텍스트 확률 : 67.92%"
"[내가 절충형 대신 차 트렁크에 넣었다 뺐다 해야하는데 무거우면 진짜 너무 힘들것 같았다.부가부 폭스를 폴딩해봤는데 한번에 접혀 지지가않아서 너무 불편했다. 오이스터 유모차는 슬서방에게 전화로 설명 듣고 내가 접을 정도로 매우 간편하고 쉽게 폴딩되어 지고 잘 접혀서 트렁크에 잘 들어가고], 부정 텍스트 확률 : 99.62%"
"[여행을 다닌다던지 할때 차안에도 쉽게 들어가서 좋더라 진짜 이게 개강추임.생후 두달이 지난 울애기가 편리하게 타고 다니는 오이스터이다. ], 부정 텍스트 확률 : 65.70%"
"[ 지금까지 사용을 해본건데.?오이스터오이스터단점 은 사실 크게 없지만 굳이 따진다면 신생아들은 도정도 눕혀야 하는데이때 하단까지 차양막이 안가려지는게 좀 단점인것 같다. 모기장으로 가리고 있긴 하지만 조금더 차양막이 깊었으면좋겠다. 다른 디럭스 유모차들도 이건 안그렇더라 왜 이렇게 만드는걸까...또 색이 너무 검정색이나 회색밖에 없다 핑크나 민트같이 산뜻한 색이 나왔으면 더 엄마들이 좋아할법 한데..부가부폭스처럼ㅜ.ㅜ워낙 단단하고 튼튼한 유모차라 성능은 좋은데 컬러가 별로다 디자인도 나름 괜춘한데 ㅠㅠ여튼.?유모차유모차.?오이스터을오이스터을 고민하고 있다면 추천한다 끄읏 ], 부정 텍스트 확률 : 85.88%"
"[ ...... ......? 본문 이미지신생아때부터 태울거라서 디럭스유모차를 사려고 이곳저곳에서 계속 알아보다 눈에 딱 들어온 오르빗로 결정했습니당💜여러 디자인이나 기능들을 미리 알아보았는데도직접 실물을 보고 끌어보기위해 얼마전에 했던 베이비페어 일산킨텍스가서 본 후에 다른 유모차들과 비교해 보니 아무래도 실용성있는 요놈이 더 마음에들어서 결정세상보기 ], 부정 텍스트 확률 : 55.22%"
"[엄마보기모드는 기본에다 도로 회전가능한시트라서 카페를가도 식당을가도 큰 유모차를 돌리지않고그냥 시트만 회전하니 자리차지도 많이 안해서 어딜들어가도 눈치보이거나 두려움은 걱정 할 필요도 없음..그리고 핸들링 또한 정말 중요한데 아이 낳고 약해진 손목을 유모차가 알아주고 보호해주는건지 한 손으로 움직여도 부드럽게 너무 잘 움직여줘서 큰 아이를 한 손에 안고 둘째를 유모차에 태워가도 손목이 아프지 않게 움직여서너무 좋아요 그리고 앞뒤 오픈이 가능한 바구니도 너무 좋음 👍🏻👍🏻 아기와 엄마에게 유용한 듀얼컵홀더와 스넥트레이 그리고 높낮이 조절이 수월하고 가능한 발판과 라운드 손잡이 너무 편해용이 유모차 덕분에 이제 막 신생아 졸업한 둘째 데리고다니기 너무좋아서 밖에 많이 나가고 싶은 마음이 들지만그래도 아직은 어리기에 가끔 산책나가서 슬퍼요ㅠㅠ조금 더 크면 유모차끌고 놀러다니고 싶네용 기대만땅 💜], 부정 텍스트 확률 : 98.83%"
"[ 유모차면 유모차], 부정 텍스트 확률 : 66.10%"
"[카시트면 카시트], 부정 텍스트 확률 : 66.10%"
"[베시넷이면 베시넷 모두 원하는 색상으로 다양하게 구입을 했고요 아주 만족스러웠습니다 ], 부정 텍스트 확률 : 82.67%"
"[.?오르빗오르빗], 부정 텍스트 확률 : 53.29%"
"[ 오르빗유모차], 부정 텍스트 확률 : 53.29%"
"[ 디럭스유모차], 부정 텍스트 확률 : 53.29%"
"[ 명품유모차], 부정 텍스트 확률 : 53.29%"
"[ 하이베베청담점], 부정 텍스트 확률 : 67.40%"
"[ 신생아유모차 ], 부정 텍스트 확률 : 53.29%"
"[사게 된다면 유모차를 어떤거로 사야할지 ....출산용품중에 제일많이 고민했던 품목인 듯 하다.결과적으로 디럭스유모차를 결정하게 된 계기는 아이의 안전무엇보다 신생아들에게 가장 치명적인 흔들린증후군에 최적화 된 유모차를 고르는게 목표였다.대표적으로 많이들 구입하거나], 부정 텍스트 확률 : 96.07%"
"[ 실물 구경하러갔다가 한방에 반해 결제], 부정 텍스트 확률 : 55.03%"
"[ 우선 인터넷으로 알아봤던 오르빗은 고민 할 부분이 많았다.그만큼 선택권이 있기때문에 내가 원하는 조합으로 선택구매가 가능하다는 점프레임웜블랙티타늄실버로즈골드 중 택시트모카시트블랙시트 중 택선쉐이드시크블랙나이아가라 블루 센슈얼버건디베이비핑크무드베이지멜란지오렌지 중 택 ], 부정 텍스트 확률 : 61.46%"
"[ 그렇게 우리 취향대로 선택하여 받아온 오르빗. 집에오자마자 신나게 꺼내보기 시작했다. 박스가..갠가..갠가.........엄청많음. 하나하나 따로 안전하게 포장되어있음.], 부정 텍스트 확률 : 55.98%"
"[ 프레임에 얹어진 시트는 이렇게 도 회전이 된다.좋았던 기능 중 한가지.], 부정 텍스트 확률 : 81.07%"
"[ 카시트 ], 부정 텍스트 확률 : 53.29%"
"[아가가 잠들거나 했을 때 깨우거나 이동시키지 않고 시트만 들어서 프레임에 낄 수 있다는 장점신생아유모차로 딱 적합한 기능인것 같다 ㅋㅋㅋ 하지만 아쉽게도 카시트 사용기간은 그렇게 길지가 않당.... 개월정도? 아주 열심히 써서 뽕을 뽑아야지 ], 부정 텍스트 확률 : 98.58%"
"[ 아직 사용해보지 못해 장단점을 파악하긴 어렵지만], 부정 텍스트 확률 : 65.28%"
"[안전하고], 부정 텍스트 확률 : 53.29%"
"[카시트 호환까지 편히 쓸수 있을 것 같아 좋은 오르빗 .안전한 디럭스 유모차로....추천할만한 것 같다. 빨리 도담이랑 첫 유모차 타고 나들이 가고싶다도담이 첫 빠방 기대된당 ], 부정 텍스트 확률 : 85.22%"
"[ 내돈주고내가사서내가조립하고내가쓰는후기입니다.], 부정 텍스트 확률 : 93.96%"
"[ 오르빗베이비 사이트 ...... ], 부정 텍스트 확률 : 70.13%"
"[하나는 좌석 시트 ], 부정 텍스트 확률 : 62.13%"
"[ 조립 못하면 어쩌나 걱정했는데못할 건 없지설명서 순서대로 조립시작해 봅니다. 유모차 프레임 펼치기 ], 부정 텍스트 확률 : 87.86%"
"[ 찰칵 소리를 들었을 때의 쾌감 ㅎㅎ바퀴 및 보관용바구니 조립 ], 부정 텍스트 확률 : 64.18%"
"[ 좌석시트를 결합하니유모차의 비쥬얼을 갖추어 가는 군좌석시트 결합하는 건 너무 쉬우므로 걍 갖다 꽂으시오유모차 좌석 조립 햇빛가리개], 부정 텍스트 확률 : 97.16%"
"[스낵트레이], 부정 텍스트 확률 : 53.29%"
"[안전가드 및 발판], 부정 텍스트 확률 : 53.29%"
"[가드커버 등등 ], 부정 텍스트 확률 : 53.29%"
"[절충형], 부정 텍스트 확률 : 53.29%"
"[휴대용 종류가 많지만 뇌가 약한 신생아기부터 쓸 유모차는 당연히 디럭스가 적합하다. 이건 더 생각할 필요없이 결정디럭스 유모차도 다양한 브랜드가 있지만 오르빗는안전 과기능 ], 부정 텍스트 확률 : 73.45%"
"[ 디자인모두 어느 하나 아쉬운 점이 없었다.일단 가장 중요한 안전 디럭스라도 서스펜션이 없는 경우 흔들림증후군을 유발할 수 있다.오르빗은 이런 점에 있어서는 안심할 수 있었다 ], 부정 텍스트 확률 : 71.68%"
"[시트도 아예 분리해야 했는데], 부정 텍스트 확률 : 56.58%"
"[ 넓어서 기저귀가방도 다 들어가고 쇼핑할 때도 유용할 것 같다. ], 부정 텍스트 확률 : 57.95%"
"[같은 모델이라도 디자인을 내 취향에 맞게 선택하고나니 더욱 애착이 간다. ], 부정 텍스트 확률 : 56.51%"
"[오르빗 멜란지 라인], 부정 텍스트 확률 : 53.29%"
"[ 오르빗멜란지라인프레임로즈골드], 부정 텍스트 확률 : 71.18%"
"[ 웜블랙], 부정 텍스트 확률 : 53.29%"
"[ 티타늄실버시트멜란지그레이], 부정 텍스트 확률 : 53.29%"
"[ 멜란지네이비], 부정 텍스트 확률 : 53.29%"
"[ 멜란지카키정상가], 부정 텍스트 확률 : 75.70%"
"[ 할인가매장문의사은품패니어시력보호커버 오르빗 코어라인], 부정 텍스트 확률 : 77.08%"
"[ 오르빗코어커스텀라인썬쉐이드시크블랙], 부정 텍스트 확률 : 73.01%"
"[나이아가라블루], 부정 텍스트 확률 : 53.29%"
"[모던베이지], 부정 텍스트 확률 : 53.29%"
"[베이비핑크], 부정 텍스트 확률 : 53.29%"
"[센슈얼버건디], 부정 텍스트 확률 : 53.29%"
"[멜란지오렌지프레임로즈골드], 부정 텍스트 확률 : 71.18%"
"[ 웜블랙], 부정 텍스트 확률 : 53.29%"
"[ 티타늄실버시트모카], 부정 텍스트 확률 : 53.29%"
"[블랙정상가], 부정 텍스트 확률 : 75.70%"
"[ 할인가매장문의사은품매장문의매장방문이 어려우신경우에는 계좌송금및 카드결제해 주시면 택배발송도 가능합니다궁금한 사항은 댓글또는 매장으로 연락주세요 ], 부정 텍스트 확률 : 79.07%"
"[ ↓↓↓↓↓↓↓↓↓↓↓↓↓↓↓↓↓↓↓↓↓↓↓↓↓↓↓↓↓오르빗 포토후기 작성시 추가 사은품 증정], 부정 텍스트 확률 : 53.29%"
"[ 하이베베 일산점 . 경기도 고양시 일산서구 호수로 ], 부정 텍스트 확률 : 82.46%"
"[레이킨스몰 층 호 ], 부정 텍스트 확률 : 53.29%"
"[ 안녕하세용 지니입니다블로그 쓰는게 굉장히 오랜만이네요년넘게 엄청나게 많은일이 있었는데결혼도하고 아기도 생기고 벌써 막달이라이래저래 준비하기 빡세네용ㅎㅎ아기 짐들이 이렇게나 많이 필요할줄은 몰랐는데생각보다 준비할게 끝이없어요..그래도 메인은 유모차랑], 부정 텍스트 확률 : 59.27%"
"[아기띠], 부정 텍스트 확률 : 53.29%"
"[임신 개월차라 슬슬 출산용품들 정리하고 세탁하고 있어요.그 중에 유모차는 임신하면서 부터 언제 어떤 걸 구매해야 할지 정말 고민도 많이 했던 거여서검색과 베이비페어 방문을 통해 구경은 많이 했지만 계속 선택을 못하고 있는 상황이었어요디럭스냐 절충형이냐에서 부터 도대체 어떤 브랜드를 사야하는지도 고민에 고민...출산후에 사도 충분하다는 의견들도 많아서 그냥 그럴까 했는데 동생찬스로 그냥 후딱 구매해 버리려고 청담 하이베베에 방문해서 구입했습니다. 혹시 몰라 먼저 전화해서 가격이나 사은품등에 대해 문의 드리고 갔는데 너무 자세하게 설명해주셔서 더 방문해봐야 겠다는 생각이 들었고], 부정 텍스트 확률 : 93.27%"
"[ 남편이 조립을 했는데 조립은 저도 할 수 있겠는데 조금 무겁긴 했어요... 근데 차 보다는 주로 산책 용도로 쓸 가능성이 커서 크게 신경쓰지는 않았어요몇개월 간에 걸친 유모차에 대한 고민이 이제 끝이나서 너무 맘이 홀가분합니다 태어날 아기가 부디 적응을 잘해주기 바라며 .?오르빗유모차오르빗유모차.?오르빗오르빗.?디럭스디럭스 유모차 신생아유모차.?유모차추천유모차추천 .?하이베베청담점하이베베청담점 ], 부정 텍스트 확률 : 86.23%"
"[월 말 출산 예정이라 코엑스 베이비페어에 유모차와 카시트 구경 다녀왔어요.아이가 돌이 지나면 결국 휴대용은 하나 구매하게 되며 그전까지 신생아가 탈 수 있는 안전한 유모차가 필요하다는 설명을 듣게 되었어요.베이비페어에서 많은 유모차를 봤고 제 눈에 들어온 건 오르빗과 잉글레시나였습니다.디럭스절충형블로그와 카페에 많은 비교 글을 보았지만 결국 정답은 없더라고요. 저희는 결국 휴대용을 살 것이라면 그전까지는 신생아를 위해 좀 더 안전한 디럭스 유모차를 사기로 했어요.디럭스는 무겁고 불편하여 절충형을 사야 한다는 추천이 많았는데 직접 들어보니 절충형도 무겁습니다.절충형도 디럭스와정도밖에 차이 나지 않고 부피도 거의 비슷했습니다.개의 유모차만 사서 쓸 것이라면 절충형을 사도 될 것 같지만], 부정 텍스트 확률 : 76.25%"
"[휴대형을 사기 전 쓸 유모차라면 디럭스를 추천합니다.오르빗 와 잉글레시나 트릴로지 중특별히 단점이 없는 실용적인 잉글레시나 트릴로지냐부피가 크지만 튼튼하고 안전한 오르빗 냐고민하다가 결국 첫눈에 보자마자 예쁜 디자인에 반했던 오르빗 를 선택했습니다.오르빗 를 사기로 마음먹고 검색해 보니 청담 하이베베가 최저가로 유명하여전화로 문의해보니 베이비페어와 사은품이 동일한데 가격이 더 저렴해서 바로 방문했습니다. ], 부정 텍스트 확률 : 98.52%"
"[ 매장으로 방문하니 오르빗 에 대해 베이비페어에서 듣지 못했던 상세한 설명을 들을 수 있었습니다.매장에는 스토케], 부정 텍스트 확률 : 84.73%"
"[오르빗유모차 무드베이지 구매후기❤ ], 부정 텍스트 확률 : 82.45%"
"[ 안녕하세요오오랜만에 돌아온 민모찌입니다], 부정 텍스트 확률 : 54.28%"
"[ 그렇게 시작할 첫 포스팅 주제는 바로 신생아유모차인데요바로 오르빗유모차], 부정 텍스트 확률 : 93.72%"
"[ 먼저 지난 월 일 금요일저의 하나뿐인 오빠], 부정 텍스트 확률 : 81.55%"
"[축복이의 든든한 외삼촌이 보내준 선물이 도착했답니다 ], 부정 텍스트 확률 : 56.30%"
"[ 오르빗를 구매하기 전 인터넷에서 호크트위스터], 부정 텍스트 확률 : 65.46%"
"[페도라], 부정 텍스트 확률 : 53.29%"
"[하비이지워커], 부정 텍스트 확률 : 82.45%"
"[ 저는 그중에서도 도로 손쉽게 시트 회전이 가능한 유모차가 끌렸는데요그렇게 호크트위스터와 오르빗를 최종후보로 추리게 되었습니다이제 출산을 막 앞두고 고민을 끝내기 위해 저는 하이베베 논현 매장을 방문했었어요], 부정 텍스트 확률 : 74.24%"
"[ 우선 배송이 개 박스로 나눠와서뭐 이렇게 많지..? 싶었는데알고보니 시트], 부정 텍스트 확률 : 79.66%"
"[프레임], 부정 텍스트 확률 : 53.29%"
"[사은품이 따로따로 와서 조립하는 식이더라구요신랑의 센스로 조립은 뚝딱뚝딱 금방 완료할 수 있었습니당😊 ], 부정 텍스트 확률 : 61.02%"
"[ 바퀴를 조립하고장바구니를 연결하고시트까지 연결하니 제법 모습이 나오는 것 같죠?ㅎ.ㅎ ], 부정 텍스트 확률 : 50.17%"
"[우리 부부가 생각해둔 모델은 이지워커 하비모델이었다. 이지워커 하비모델을 염두해두고 제일 저렴한 곳으로 검색하고 간곳이.?하이베베청담점하이베베청담점 이다.친절하신 매장언니가 하나하나 설명을 해주시고 계셨는데], 부정 텍스트 확률 : 60.05%"
"[ 오르빗 유모차는], 부정 텍스트 확률 : 66.26%"
"[.?오르빗오르빗], 부정 텍스트 확률 : 53.29%"
"[ .?오르빗유모차오르빗유모차], 부정 텍스트 확률 : 53.29%"
"[ .?디럭스유모차디럭스유모차], 부정 텍스트 확률 : 53.29%"
"[ .?명품유모차명품유모차], 부정 텍스트 확률 : 53.29%"
"[ .?하이베베청담점하이베베청담점], 부정 텍스트 확률 : 57.77%"
"[ .?신생아유모차신생아유모차 ], 부정 텍스트 확률 : 53.29%"
"[..주변지인들이 쓰던 를 보고 듣고 고민하다가 를사려고 했지만 더는 만들어내지않는다해서 를 구매했다..싸이벡스도 써봤지만 스핀이 되지않아 스핀이 강점인 구매..다른장점은 아기가 잠들었을시 시트만 분리해서 옮길수있다는것..하지만 시트와 아기무게를 합치면 꽤 무겁다는것...단점은 서스펜션이 있지만 많이 흔들림이있다..스핀이 되는 유모차의 가장큰 단점인듯..방풍커버씌우는게 힘든것], 부정 텍스트 확률 : 88.42%"
"[차양막이 부드럽지않아 처음에는 고정자체가 되지않아 굉장히 당황했던것...모든 유모차가 장단점이있겠지만 다른유모차사용하다가 사용할때 적응하는시간이 좀 걸렸다.. ], 부정 텍스트 확률 : 82.31%"
"[.?유모차유모차], 부정 텍스트 확률 : 53.29%"
"[디럭스유모차], 부정 텍스트 확률 : 53.29%"
"[신생아유모차], 부정 텍스트 확률 : 53.29%"
"[오르빗 ], 부정 텍스트 확률 : 53.29%"
"[..둘째 출산한지 딱 삼칠일], 부정 텍스트 확률 : 85.27%"
"[ .클때까지 외출 안하기도 불가능하고.겨울이라 추운날씨탓에 유모차는 있어야겠고], 부정 텍스트 확률 : 82.29%"
"[ .첫째때 쓰던 유모차는 이미 어딘가.물려주고 돌고돌아 행방불명], 부정 텍스트 확률 : 75.32%"
"[ .어차피 중고로 사서썼기에 미련은없었고.새로 사야하겠는데.. 뭘사지 ], 부정 텍스트 확률 : 92.63%"
"[ ..많은 고민을 거듭해 절충사려다가 둘째일수록.디럭스 필수라구 그래서 중고를 살까하다.베이비페어 기간이길래 신랑졸라서 갔다....여러가지 브랜드 다 봐보고 조건을 걸었다....첫째육아로 이미 왼쪽손목은 너덜거림.항상 오른쪽에만 힘이 들어가니 카트고 유모차고.왼쪽으로 밀려서 핸들링 좋은거로 결정...내 키가 신랑이 이라 왠만한 유모차는.너무낮아서 허리숙이는것도 아프고 시트높이는 높은것...너무 크고 접었을때 트렁크에 아슬아슬 들어가면안됨...양대면 쉬울것], 부정 텍스트 확률 : 61.49%"
"[애기태운상태에서 들어올려서.다시 장착하면 그게 몇키로야..?..모든조건이 오르빗을 얘기하더라.도 시트 돌아가는거에 뿅 반해서.자주가는 동물원 수족관등등.옆으로 돌려서 보여주면되니까], 부정 텍스트 확률 : 53.78%"
"[ ..시트도 탈착안해도되고 장바구니도 넓고.디자인도 이뻐서 저는 딴거 고민도 안했다.. 다른 브랜드사려고 생각하고 갔던건데.오르빗이 갑오브갑 이쁘고.내스탈대로 디자인변경되고], 부정 텍스트 확률 : 97.33%"
"[ ..행사기간 할인도 많이되는데다.서비스로 시력보호커버], 부정 텍스트 확률 : 81.52%"
"[ 사계절커버], 부정 텍스트 확률 : 53.29%"
"[패니어까지.다른데는 컵홀더 스낵홀더 사야되는데 기본구성이고..첨에 디럭스 싫다고 안된다던 신랑], 부정 텍스트 확률 : 99.01%"
"[ .내가 마지막으로 다시 보자고 하니.폴딩될때 바퀴가 안으로접혀서 아담해지니.트렁크에 널널하게 들어간다고 자기가 더 반함...색상은 블랙 프레임 멜란지그레이로 선택 ], 부정 텍스트 확률 : 87.24%"
"[ .사진은 홈페이지서 퍼온것], 부정 텍스트 확률 : 55.48%"
"[ ..주문부터 배송까지 일주일정도걸린듯], 부정 텍스트 확률 : 85.23%"
"[ . ], 부정 텍스트 확률 : 62.92%"
"[ .무지하게 큰박스 개가왔다.나로써는 오픈할 엄두가없어 신랑 기다림........ ], 부정 텍스트 확률 : 92.06%"
"[ ..자], 부정 텍스트 확률 : 63.85%"
"[조립을 시작하지.. ], 부정 텍스트 확률 : 69.82%"
"[ .. ], 부정 텍스트 확률 : 57.07%"
"[ . ..조립은 그리 어렵지않았다], 부정 텍스트 확률 : 81.15%"
"[ .만들고보니 더 이쁜것], 부정 텍스트 확률 : 69.28%"
"[ ...앞뒤로 슬슬밀어주니 잠드신다....메모리폼 시트가 폭신한지 한참 자더라...도 눕혀지니 허리엔 무리 안갈거같아.두시간을 저기서 재웠음 ㅋㅋㅋ...손잡이높이가 최대로 올리니 내 명치까지 올라온다. 기준..이제 붕붕이생겼으니 어디든 가자.......본 후기는 내돈내고 내가산것임 .. .?디럭스유모차디럭스유모차.?유모차추천유모차추천 .?오르빗오르빗. .?신생아유모차신생아유모차.?명품유모차명품유모차 .?유모차유모차 ], 부정 텍스트 확률 : 97.42%"
"[안녕하세요 오늘은 똘방이를 위해 유모차 구입해서 끌어본 후기를 올려볼까 합니다 ], 부정 텍스트 확률 : 79.66%"
"[ 이왕 유모차 사라고 주신거면 디럭스로 사자 해서이것저것 고민하다가 회전에 푹빠져서오르빗 구매했습니다여기저기 소셜에서 가격다 알아본후에오르빗베이비여기는 본사 홈피 인가여?여기가 젤루 저렴하더라구요그래서 온라인 구매배송도 매우 빨랐구요 출산 준비하느라고 온라인 구매 많이했는데...퇴근하고 집을 가보니...... ], 부정 텍스트 확률 : 95.55%"
"[ 정말 집 못들어가는줄 알았어요....꿀꾸리 혼자 낑낑...ㅋㅋㅋㅋㅋㅋㅋㅋㅋㅋㅋㅋㅋ ], 부정 텍스트 확률 : 53.99%"
"[ 그래도 다들 알죠 택배오면 괜히 기분 신나는거 ], 부정 텍스트 확률 : 67.33%"
"[ 기온은 올라가서 날은 더운데공기는 최악이고올해 에어콘청소를 아직 못 해서 에어콘 키지도 못하고정말 환장하는줄 알았어요 ㅎㅎ저희집 실내온도가 도까지 올랐었답니다 ㅠㅠ그나마 다행인건 아이큐에어덕분에미세먼지 수치는 항상 이하로 유지되고 있어요.미세먼지측정기로 이산화탄소 수치까지 확인하고창문열어 환기시켰다가 다시 공기청정기 가장 강한세기로 돌렸다 하며집안 공기질을 열심히 관리하고 있답니다 ㅎㅎ문제는 아기와 외출할때이죠. 저희집아기는 앞으로 편의상 쭈니라고 부를께요 현재 개월인데지난달부터 아파트 단지 내 어린집에 다니고 있어요.최소출석일수 열한번만 채우자는 목표로 한시간 정도 있다 오는데처음에는 미세먼지가 안 좋은 날은결석을 했었어요.그런데...미세먼지 안 좋은날이 너무 많은거 있죠 ㅋㅋㅋㅋㅋㅋ그래서 미세먼지가 안 좋아도 어린이집에 갈 수 밖에 없게되었어요 집에서 분거리지만 그 분동안에도나쁜공기 마시게 하고싶지 않아서이것저것 찾아보다가유모차공기청정기 중 환기형으로 나온 푸쉬에어를 알게되었어요. ], 부정 텍스트 확률 : 99.92%"
"[ 다른 휴대용 공기청정기와 달리 푸쉬에어는 유모차 방풍커버에 설치를 해야해요.매우 귀찮은 일이기도 하지만그만큼 푸쉬에어처럼 제대로 공기정화를 시키는 유모차 공기청정기는 없다고 생각해요.예전 에유모차에 집게로 고정시키는 공기청정기도 구매했었는데 아기가 힘이 세지니 잡아 던지더라구요무쓸모 ㅠㅠㅠ ], 부정 텍스트 확률 : 98.53%"
"[ 차라리 수작업으로 설치하는게 나아요푸쉬에어는 못던져요 ㅋㅋ ㅋ그냥 신기해하며 만지기만해요 전자파 측정도 했어요이런 사실을 이미 푸쉬에어 후기통해 알고있었음에도 불구하고설치하는게 너무 귀찮아서 배송받은지 일이 지나고서야설치했어요 ㅠㅜ박스 개봉 ], 부정 텍스트 확률 : 98.02%"
"[ 케이스도있는데 이건 사실 필요없는것 같아요.방풍커버에 설치하면 끝이고어디에 넣어 다닐일 전혀 없어 필요없는데버리기도 아깝고 가지고 있자니 짐만되는? ], 부정 텍스트 확률 : 87.36%"
"[ 구성은 간단해요.방풍커버에 설치하는 푸쉬에어와단계에서 단계], 부정 텍스트 확률 : 61.39%"
"[단계로 올리는 변속기가 있는데..변속기 있는거 분명히 봤는데 어디론가 사라져서못 쓰고 그냥 단계로만 쓰고있어요 ㅋㅋㅋ ㅠㅠ ], 부정 텍스트 확률 : 75.22%"
"[ 유모차 방풍커버를 벗겨서 푸쉬에어 설치할 위치를 정해요.푸쉬에어 설치할 유모차는 오르빗 디럭스유모차랍니다 ㅎㅎ정면보다는 측면에 설치하는게 낫다는 후기들을 봐서 측면에 하려는데제 방풍커버가 정품이 아닌 짭퉁?을 사서인지....측면 투명면적이 작아서 겨우겨우 설치했어요 ㅠㅠ푸쉬에어에 동봉되어있는 저 검은테두리가이드판를 붙이고 안쪽부분을 칼로 잘라요 ], 부정 텍스트 확률 : 62.28%"
"[ 커버가 딱딱하기때문에 칼로 살짝 긁고 손으로 접으면 뚝 하고 절단돼요.손조심 ], 부정 텍스트 확률 : 79.80%"
"[앞뒤 표시가 되어있어요. ], 부정 텍스트 확률 : 51.72%"
"[ 흡입기 그릴커버를 껴요오우 깔끔깔끔대만족 ], 부정 텍스트 확률 : 92.62%"
"[ 할줄알았는데하아오르빗 짭퉁 방풍커버 측면 면적이 넘 작은탓에푸쉬에어가 지퍼올라가는 면에 딱 붙어버려서커버가 완전히 안 열리는 대참사가], 부정 텍스트 확률 : 89.68%"
"[ 이것때문에 방풍커버를 새로 사서 다시설치하기엔 넘나 수고스러우니아기 앉혔따 꺼낼땐그냥 촌스럽게 집게로 고정하기로 했어요...휴 ㅠㅠ ], 부정 텍스트 확률 : 77.15%"
"[ 집게 고정하는게 귀찮을뿐아기꺼내도 앉히는데 문제없어요 ㅠㅠ솔직히 이땐 푸쉬에어가 수작업으로 설치해야하는게너무나 짜증났는데 미세먼지측정기로 효과를제 눈으로 확인하고매일 사용해보고나니그 짜증이 한순간에 사라졌어요.방풍커버 지퍼 열고 닫을때 공간 충분한지확인하지 않고 설치한 제 잘못이죠 뭐.... ], 부정 텍스트 확률 : 99.79%"
"[ 푸쉬에어 설치하기 전엔공기가 안 좋으면 무조건 외출금지였는데이젠 미세먼지 수치가 이상일정도 최악중 최악이 아니면그냥 푸쉬에어키고 유모차끌고 외출하게 되었어요. 아기가 기어다니고 잡고 서기 시작하며 움직임이 많아지고집에만 있는걸 답답해하는게 보이더라구요...창문을 막 양손으로 치며 날 쳐다보고현관문을 손가락으로 가르키기도 해요 ㅠㅠ이렇게 의사표현이 확실해져서나가고싶어하는데 안 나가기 미안했거든요...그런데 푸쉬에어 설치후로는 그냥 나가요 ㅎㅎㅎ올레 푸쉬에어 만세 ], 부정 텍스트 확률 : 100.00%"
"[ 저 분홍색 집게가 좀 거슬리긴 하네요....엘레베이터타면 동네 아줌마들이 이게 뭐냐고 물어봐요공기청정기라고 하면세상 참 좋아졌다고....ㅎㅎ네 세상 참 좋아졌지요미세먼지 없이 좋아졌으면 더 좋았겠지만요 ㅎㅎㅎ산업발달이 낳은 지구오염으로 인간이 피해받자이를 위한 대책으로 또다시 과학의 발달이 쓰인다는게참 아이러니해요 ㅠㅠ푸쉬에어 단계로 했을때 소음은 이정도에요.영상으로 보실께요. ], 부정 텍스트 확률 : 63.03%"
"[ 밖에선 공기청정기가 돌아가고있는지 확인이 안 될정도로 작은소리에요.일부러 조용한 현관에서 찍었어요.방풍커버에 갇힌 아기한테도 크게 거슬리진 않은 것 같아요. ], 부정 텍스트 확률 : 93.41%"
"[포름알데히드까지 확인하는를 갖고있어요.가격대는 있지만 정말 강추하고싶은 측정기에요.미세머지 수치도 중요하지만 창문닫고 공기청정기만 돌리면 이산화탄소가 나빠질수밖에 없기때문에주기적으로 환기시키는게 중요하답니다.환기시키는게 나을까 창문 안여는게 나을까 고민될때이산화탄소 수치확인하고나면 결정이 쉬워져요 ㅋㅋㅋ푸쉬에어를 가동하고 미세머지측정기를 유모차안에 두고수치 변화를 사진으로 찍어 확인해드리고 싶었는데밖에선 햇빛때문에 수치가 사진에 잘 안 찍히더라구요 ㅠㅠ자세히보면 보여요 ㅋㅋ밖에 미세먼지가 정도로 나쁨일때유모차안 공기는 푸쉬에어 단계로 가동한지 분 내 반으로 감소해요. 정도 ], 부정 텍스트 확률 : 99.49%"
"[ 푸쉬에어를 변속기로 단계나 단계로 가동하거나더 오래 작동하면 수치가 더 밑으로 떨어지겠지만변속기를 못찾고있고어린이집 가는길이 분이내라 더 길게 확인해볼 기회가 없었어요 ㅎㅎ 정도만 유지되도 만족방풍커버를 좀더 쫀쫀하게 하고 빈틈없이 하면수치가 더 빠르게 내려갈텐데전 설치 실패하고 지퍼가 제대로 안올라가져서억지로 올라가게 만들었더니 그쪽부분에 틈이 생겼어요 ㅠ ㅋㅋㅋ하나 아쉬웠던 점은환기형 공기청정기라 이산화탄소 수치도 괜찮을 줄 알았는데막 좋진 않아요...밖에 미세먼지 수치가 나쁠때도 이산화탄소], 부정 텍스트 확률 : 60.50%"
"[ 유모차안쪽에서는 오히려 전자파는 인데자기장은 여전히 좀 나오네요...전자파 이 어느정도인지 감이 안와서다른 전자제품은 어떤가 하고 확인해봤어요.푸쉬에어는 아기얼굴 바로 옆에 있으니측정기를 바로앞에 갖다대고 측정하였고일반 전자제품은 떨어져서 측정하거나 바로 앞에서 측정했어요. ], 부정 텍스트 확률 : 99.73%"
"[ 아이큐에어 공기청정기 발뮤다 가습기 카스 공기청정기], 부정 텍스트 확률 : 69.04%"
"[ 장점 위주로만 썼는데이제 단점도 얘기해볼께요.푸쉬에어 단점. 공기정화능력이 탁월한 만큼 바람세기가 강하게 느껴질 수 있어요.한겨울엔 푸쉬에어때문에 아기 손이 차가워지는 것 같았어요.기온이 올라간 요즘엔 오히려 선풍기효과가 있긴한데날이 더 더워지면 방풍커를 씌울수 있을지 의문이에요.. 전원 껐다 키는게 번거롭다.전원 버튼이 외부에 있으면 좋을텐데푸쉬에어는 전원버튼이 따로 없고휴대용 충전기 연결하면 바로 ], 부정 텍스트 확률 : 88.71%"
"[선 빼면 에요.다시말하면 방풍커버 열고 아기 앉히고휴대용충전기를 연결하고 커버를 씌워야한다는거 ㅠㅠ이게 조금 불편해요.. 변속기도 사용해보진 못했지만충전기에 직접 끼고 빼는 방식이라 번거로웠을 것.사용설명서에 보면 변속기를 몇분이내로만 쓰라 되어있거든요.그건 외출했을때 변속기로 강하게 돌리다중간에 방풍커버 열고 변속기 빼야한다는거죠.. 설치를 잘 해야한다.부연설명은 윗쪽 참고 ㅎㅎ. 한번 설치하면 다른유모차에 옮기기 번거롭다.전 디럭스유모차], 부정 텍스트 확률 : 81.33%"
"[절충형유모차], 부정 텍스트 확률 : 53.29%"
"[휴대용유모차 총 세개 유모차가 있는데디럭스 방풍커버에 설치하고 나니다른유모차에 옮기긴 번거로워요.푸쉬에어 두개 더 살 것 같네요 ㅠ ㅋㅋㅋ. 가격대가 있다.푸쉬에어 홈페이지에서 ], 부정 텍스트 확률 : 70.62%"
"[ 요렇게 크다란 박스로두개도착일날주문하고 일에도착함 멜란지그레이실버프레임 주문도착은 블랙프레임...ㅠ실망스러웠는데 남편은블랙도맘에든다고하고 나는실버가 갇고싶었는데본사 오발송이라고 바로출고내렸다고하나 그래도도착은 내일가능...오늘당장 미용실외출하려고했는데ㅠ하루를참을수없는 남편은 그냥개봉함ㅠㅠ ], 부정 텍스트 확률 : 99.46%"
"[ 조립도 간단하여 바로척척하고 옷입고 바로외출하싱ㅋㅋ유모차 타자마자 바로잠든윤이ㅋㅋ내심뿌듯사은품으로 비싼패니아도 득템 신세계에서 구입하려고했으나 신세계는 레인커버만주길래베이비파크에서 구입장바구니부족해서 패니아 구입예정이였던 나에겐 너무나좋음ㅋㅋ ], 부정 텍스트 확률 : 56.84%"
"[ .키가 큰 신랑을 위해 선택하게 되었다..도착한 박스는 총 개.물류 창고에서 배달되서 그른가.박스가 좀 지저분하넹ㅋ. ], 부정 텍스트 확률 : 82.72%"
"[ ..저기 보이는 갈색 박스부터.개봉해 보았다. ], 부정 텍스트 확률 : 59.23%"
"[ ..왼쪽은 썬쉐이드 기본 구성품.오른쪽은 패니어와 시력보호커버 .사은품이다 ], 부정 텍스트 확률 : 52.12%"
"[ .하얀 큰 박스를 개봉하장. ], 부정 텍스트 확률 : 66.05%"
"[ .시트 장착 샷.오르빗 의 가장 큰 장점.시트가 도 회전이 된다.컵홀더], 부정 텍스트 확률 : 57.74%"
"[스낵 트레이도 있음..저기 보이는 시트는 .좌식 식당을 가게 되면 따로.분리해서 아가를 눕혀 놓아도 된다 ], 부정 텍스트 확률 : 64.21%"
"[ .잠을 못자고 칭얼 거릴때 유모차에 태워.살살 끌어주면 잠을 아주 잘 잔다고 한다.그래서 우리 요술이가 태어나기전 .미리 준비를 했다. ], 부정 텍스트 확률 : 87.59%"
"[ .그리고 추가로 더 대박은.하이베베 논현점에서 구매했는데.이벤트가.올인원 힙시트를 받았다만원 넘는.뭐 선착순이겠지?ㅎㅎ ], 부정 텍스트 확률 : 77.17%"
"[ 시트], 부정 텍스트 확률 : 53.29%"
"[ 썬쉐이드를.내 맘대로 믹스매치 가능하다.나는 프레임 실버 핸들 색이 이쁨❤️.시트 및 썬쉐이드는 블랙.블랙이 간지지ㅋㅋ ], 부정 텍스트 확률 : 58.57%"
"[ 드디어 첫 빠방이 구입내돈주고 산 이쁜 빠방이 구매후기입니다여름.. 유모차 없이 아기띠로 버티기란...한숨이 절로더이상은 버틸수 없기에 유모차를 구매했습니다유모차 하나 사는데 멀 그리 고민하냐고 하지만..카페를 찾아봐도. 어떤분은 디럭스? 절충형? 휴대용?? 기내반입??먼 종류가 그리도 많은건지..사기로 마음 먹은 후가 더 문제였고], 부정 텍스트 확률 : 97.31%"
"[ 거기에또 브랜드는 머가 그리많은지오이스터], 부정 텍스트 확률 : 94.90%"
"[스토케], 부정 텍스트 확률 : 53.29%"
"[잉글레시나], 부정 텍스트 확률 : 81.24%"
"[ 베이비페어는 이것저것 구경하시고 싶으시면 가시는게 좋으실듯해요.. 사람이 많아.. 전 별로였어요..가격도 그닥..멀리 베이비페어도 다녀보지만], 부정 텍스트 확률 : 74.02%"
"[선택폭만 넓어지고 다 자기브랜드가 좋다고 하네요..ㅎㅎ 제가 선택장애인거는 옵션 그러다 다떠나서], 부정 텍스트 확률 : 92.75%"
"[ 방문한 매장은 폭풍검색으로 싸게 사셨다는 분들께 쪽지와 댓글로 물어물어하고다들 왜케 착하신건지 내돈주고 사지만 덕분에 알아본 곳중 가장저렴하고꼼꼼하고], 부정 텍스트 확률 : 89.23%"
"[친절하게 결정완료 했습니다 ], 부정 텍스트 확률 : 66.90%"
"[ 이미 오르빗 로 결정하고간 나이지만매장방문한건지금와도 잘했다는 생각었습니다작은 박람회? 대신 장점만 말해주지않고 꼼꼼하게 비교 해주시는 직원분 요즘 절충형도 많이 쓰긴하는데절충형도 크기가 여자가 들기엔 다 크기에어째꺼나 휴대용을 사게 된다고 하더라고요그래서 내 생활패턴에 맞는 유모차를 안내해주시는그런데 전 짐도 많고], 부정 텍스트 확률 : 58.40%"
"[ 실제 컬러도 보여주시고아참고로 이 매장을 방문한 이유가작은 박람회?? 아이한테 필요한건 다있어요친절하다는 평도 많았지만멀 되게 많이 챙겨주세요사은품은 선택하는게 많았는데], 부정 텍스트 확률 : 92.02%"
"[ 저는 일단썬쉐이드도 개를선택 했습니다], 부정 텍스트 확률 : 82.23%"
"[ 악세사리도 결과적으로 다 받아서], 부정 텍스트 확률 : 76.99%"
"[대충 구성 다 알고 갔는데도 많이 받긴했어요 ], 부정 텍스트 확률 : 64.39%"
"[추가로 카시트도 상담 받고추가구매 했어요], 부정 텍스트 확률 : 74.81%"
"[ 분짜가 땡겨서 맛난 밥먹고 집으로 ], 부정 텍스트 확률 : 80.86%"
"[.?오르빗오르빗.?신생아유모차신생아유모차.?오르빗오르빗.?최저가구매최저가구매.?고양베이비플러스고양베이비플러스.?베이비플러스베이비플러스.?신남신남 .?출산준비용품출산준비용품.?디럭스유모차디럭스유모차.?명품유모차명품유모차.?신생아신생아.?유모차유모차.?육아스타그램육아스타그램], 부정 텍스트 확률 : 69.29%"
"[이제 출산이 일 남았어요디데이가 두자리 수로 접어들고 나니까 시간이 금방 지나가는 것 같아요출산 준비를 하면서 유모차 구입에 관해미리 구입해두면 좋다출산 후 천천히 구입하는 게 좋다두가지 의견을 많이 보았는데요신생아때 굳이 외출하지 않더라도 유모차에 익숙해져야 잘 탄다는 의견에 더 귀가 솔깃해져서 미리 구입하게 되었어요 ㅎㅎ스토케], 부정 텍스트 확률 : 51.33%"
"[오르빗], 부정 텍스트 확률 : 53.29%"
"[부가부를 많이 쓰시는 것 같은데], 부정 텍스트 확률 : 70.55%"
"[저는 임신 전부터 오르빗 를 구입하고 싶었어요ㅎㅎ무심코 들렸던 매장에서 한 번 보고 꽂혀버렸거든요 ㅋㅋㅋ 뭐 하나 꽂히면 다른 건 안보는 스타일..그래서 다른 건 찾아보지도 않고 오르빗으로 구입했어요오르빗 구입후기 입니다 ], 부정 텍스트 확률 : 64.60%"
"[ 택배로 배송된 오르빗 사계절커버도 따로 구입했는데], 부정 텍스트 확률 : 77.62%"
"[블랙프레임두가지 색상이었는데], 부정 텍스트 확률 : 52.44%"
"[네이비], 부정 텍스트 확률 : 53.29%"
"[저는 무난하게 블랙프레임에 그레이커버로 선택했어요 ], 부정 텍스트 확률 : 64.87%"
"[ 직접 만든 애착인형콩떡이도 올려놓고 찍어보았어요 ㅎㅎ메모리폼 이너가 있어서 신생아부터 사용이 가능하다고 하는데], 부정 텍스트 확률 : 77.91%"
"[유모차라이너는 따로 구입하지 않아도 될까요?ㅠㅠ ], 부정 텍스트 확률 : 67.23%"
"[ 방향이나 각도 조절이 가능해서 오래 쓸 수 있을 것 같아요신생아 때는 눕혀서 마주보고 사용하고], 부정 텍스트 확률 : 51.53%"
"[아이가 커서 동물원이나 전시 관람 갔을 때에도 유모차를 굳이 돌리지 않고 본체만 휘릭 돌려주면 되니까요 ], 부정 텍스트 확률 : 51.93%"
"[ 본체와 프레임이 분리되는 것도 오르빗 를 선택하게 된 이유 중 하나예요아이가 유모차에서 잠들었을 경우나], 부정 텍스트 확률 : 88.25%"
"[외식할 때 본체만 쑥 빼서 이동할 수 있으니까 여러모로 편리한 기능인 듯 ], 부정 텍스트 확률 : 68.34%"
"[핸들 높이 조절도 가능해서 키작맘], 부정 텍스트 확률 : 71.86%"
"[키큰맘 뿐만 아니라 아빠들까지 편하게 사용할 수 있을 것 같아요오르빗 는 핸들링도 아주 부드럽더라구요 디럭스유모차는 튼튼하고 안정감이 있는 대신 무게가 있어서 핸들링이 중요하다고 생각되는데], 부정 텍스트 확률 : 59.98%"
"[ 보통 유모차를 구입하면 장바구니나 컵홀더], 부정 텍스트 확률 : 74.51%"
"[간식트레이는 추가 구입을 해야하는데 오르빗 는 기본 구성에 포함되어 있어요이런 자잘한 액세서리 구입하는 것도 모이면 큰 돈이 되잖아요 ㅎㅎ유모차 자체가 비싸긴 하지만 이런 작은 부속품까지 기본으로 포함되어 있어서 좋네요간식트레이는 커버를 벗기고 끼워야 끼워져요이제 마지막으로 추가 구입한 사계절커버를 씌워볼 차례 ], 부정 텍스트 확률 : 91.71%"
"[ 사계절 커버 앞 쪽 지퍼도 이상 없는지 확인새 제품이어서 보호필름이 붙어있는데], 부정 텍스트 확률 : 87.78%"
"[출산일이 멀어서 아직 제거하지 않았어요 ], 부정 텍스트 확률 : 56.09%"
"[ 이게 무슨 사진일까요?ㅋㅋㅋㅋㅋㅋ처음에 사계절커버를 어떻게 씌워야하는지 몰라 거꾸로 씌워놓고 좋다고 사진 찍었어요남편이 거꾸로 씌웠다고 이야기 해줘서 알았다능.. ], 부정 텍스트 확률 : 96.45%"
"[ 오르빗베이비 홈페이지에서 정품등록을 하면 악세사리 쿠폰이 발행된다고해서 정품등록도 했어요시리얼번호가 어디에 적혀있는지 몰라서 한참을 헤맸답니다.. ´╹‸╹검색하다가 워런티카드가 같이 들어있다는 글을 보았었는데요앗 나는 워런티카드가 왜 없지? 박스 버릴 때 같이 버렸나?싶어서 고객센터에도 문의했거든요ㅠㅠ오르빗 는 보증서가 없는 게 맞다고 해요이 글을 읽으시는 분들은 헷갈리지 않으셨으면 해서 시리얼넘버 위치 말씀드릴게요 ], 부정 텍스트 확률 : 85.51%"
"[ 아직 정품등록 승인이 나지 않았어요매주 월요일마다 승인이 된다고 하니 다음주면 액세서리쿠폰 받을 수 있겠죠?쿠폰 받으면 쿨시트 하나 장만해야겠어요ㅎㅎ ], 부정 텍스트 확률 : 53.67%"
"[. .?오르빗유모차오르빗유모차 커버 뭘하지??? .처음 아기를 키우는 초보맘이라], 부정 텍스트 확률 : 76.53%"
"[유모차커버를 고르는 것도 쉽지 않았다.이게 모라고.. 몇일을 고민.. ], 부정 텍스트 확률 : 63.43%"
"[ .그래서 상품리뷰], 부정 텍스트 확률 : 73.25%"
"[ .. 시력보호커버일명 시보커금액 ☆☆☆활용도 ☆☆☆☆디자인 ☆☆☆ 장점 투명하기 때문에 오르빗의 다양하고 예쁜 선쉐이드를 뽐낼 수 있다레인커버로 대체가능 단점튜브 냄새가 나고 비닐느낌이 예쁘지 않다겨울에 쓰기에 추워보인다], 부정 텍스트 확률 : 92.72%"
"[ 블랙을 좋아해서.. 커버도 블랙으로..마니또 방한커버를 갖고 있는데 오르빗 전용이 아니라 딱 맞는 느낌이 들지 않았다사계절커버와 와우베이비 방풍커버 둘을 고민하다 와우베이비꺼로 결정 옆에 창도 자크로 열고 닫고 할 수 있어서 좋당], 부정 텍스트 확률 : 93.47%"
"[시보커에 비해 비싼 가격오르빗 전용 커버는 아님 마니또 방한커버는 다이아몬드], 부정 텍스트 확률 : 75.08%"
"[헤링본], 부정 텍스트 확률 : 53.29%"
"[ . 윈터키트보온커버핸드머프고품격 오르빗의 완성 윈터키트금액 ☆☆활용도 ☆☆☆디자인 ☆☆☆☆☆장점 이쁘고 고급스럽고 디자인 짱짱겨울이 두렵지 않은 보온력털 탈부착 가능약간의 방수기능 가능단점 너무비싼 가격털날림이 있음사계절을 버틸 수 없음햇빛을 가릴 천이 없음 ], 부정 텍스트 확률 : 80.32%"
"[ . 모기장 금액 ☆☆☆☆활용도 ☆디자인 ☆☆☆ ], 부정 텍스트 확률 : 69.09%"
"[ 세피앙몰에서 판매하는 모기장은 창이 없는 형태이며], 부정 텍스트 확률 : 61.45%"
"[ 와우베이비 모기장은 창이 있어 아기를 윰차에 태우고 꺼내기 편할 거 같다], 부정 텍스트 확률 : 65.71%"
"[ 할인된 가격에 플라스 추가 할인 쿠폰한정수량 탑시크릿 비밀 특가포토후기 이벤트 유모차 증정까지 .... ], 부정 텍스트 확률 : 64.94%"
"[ 놓치면 후회해욥 할인 플렉스포토후기 이벤트 확인하고 유모차도 득템하세용 ], 부정 텍스트 확률 : 58.86%"
"[ ★특별 포토후기 이벤트★밀레니아], 부정 텍스트 확률 : 53.29%"
"[메리디안], 부정 텍스트 확률 : 53.29%"
"[갤럭시 구매 고객 아이쿠 아크로뱃 디럭스 유모차 증정어드보케이트], 부정 텍스트 확률 : 79.34%"
"[어드밴스픽스 구매 고객 맥클라렌 퀘스트 절충형 유모차 증정오르빗 ], 부정 텍스트 확률 : 53.29%"
"[ 남편이랑 주말에 핸들링도 해보고 폴딩도 직접 해보고 싶어서 검색해 봤더니 집에서 가까운 베이비플러스 고양점에서 오르빗를 판매 한다고 해서 방문했어요매장에 있는 다른 디럭스 유모차와 오르빗 를 비교 해가며 보는데 왜 디럭스 중에서도 오르빗이 유명한지 알겠더라구요직원분이 너무 친절하게 설명해주시고 사은품도 많이 챙겨주시고 더불어 착한 가격에 그 자리에서 바로 구매 하고 배송받아 사용한지 한달정도 되었어요 오르빗는 시트 ], 부정 텍스트 확률 : 56.46%"
"[ 프레임 ], 부정 텍스트 확률 : 53.29%"
"[ 보통은 출산전 유모차 구매후 신생아때부터 집에서 유모차에 타는 연습을 시키는데 우리아이는 백일 지나서 태우니 혹시라도 유모차 거부할까 겁먹었었는데 승차감이 좋아 그런지 거부 없이 너무 잘 앉아 있어요 제가 끌고 다니기에도 핸들링이 부드러워 정말 스무스 하게 끌리는것도 좋은점 중 하나였어요 저희 아이는 신생아 졸업하고 구매했지만 운행시 흔들림이 거의없어 신생아 유모차로도 찰떡인것 같아요장바구니도 커서 물건 넣거나 장볼때 넘넘 편한것도 좋아요 오르빗유모차로 후기 검색하며 폭풍 고민하고 계시는 예비맘맘님들에게 제 포스팅이 도움 되길 바라며 저는 이만 육퇴를 즐기러 가겠습니닷 베이비 플러스 고양점은 고양페이 사용 가능처라서 출산후 들어온 산후조리비로 구매 가능 합니다 저는인센티브줄때 추가로 충전하여 조금더 합리적인 가격에 구매 했어요현재는 인센티브 라고 합니다 ], 부정 텍스트 확률 : 64.71%"
"[처음에 아기가 생겼다는 소식을 접하던 순간부터 머리에 쥐나도록 고민했던건바로바로 유모차 임신전까진 유모차 종류가 이렇게 많은줄도 몰랐고 관심도 없었더랬지.. ], 부정 텍스트 확률 : 85.59%"
"[미마자리], 부정 텍스트 확률 : 57.46%"
"[스토케], 부정 텍스트 확률 : 53.29%"
"[오르빗이 있었고우선 우리상황을 고려했을때 가장 중요하게 여겼던 조건으로는. 총무게 부가부가 가장 가벼움..?나머지는 다정도 ㅠㅠ. 싯트를 부착한채로 양대면이 가능한가 오르빗 . 싯트를 부착한채로 접을수 있는가 부가부], 부정 텍스트 확률 : 70.62%"
"[미마자리 . 셀프스탠딩이 가능한가 부가부], 부정 텍스트 확률 : 60.28%"
"[ 미마자리], 부정 텍스트 확률 : 57.46%"
"[ 캬 ], 부정 텍스트 확률 : 53.29%"
"[ 이걸로 결정홈런이가 태어나고 유모차를 한참 타고 다닐때쯤엔 봄], 부정 텍스트 확률 : 68.84%"
"[ 여름], 부정 텍스트 확률 : 53.29%"
"[부가부비], 부정 텍스트 확률 : 53.29%"
"[디자인이 폭 빠져서 당장 사버린 유모차인데요. 여기에 맞는 예쁜 방풍커버], 부정 텍스트 확률 : 75.49%"
"[방한커버가 정말 도 없더라구요.주로 쓰는 건마니또맘네스트와우베이비 ], 부정 텍스트 확률 : 78.25%"
"[부가부 악세서리 구하기도 어려웠는데 유모차 방한 방풍 커버가 제 발목을 콱예를 들면], 부정 텍스트 확률 : 76.06%"
"[유모차 안전바울 아기는 대롱 대롱 매달려 유모차 타길 바라는데 안전비 정품이 없어서 고민끝에 직구했어요. 요즘 매끈 매끈한 제품 많이 나오는데 그건 아기가 물면 끝이라고 해서 가죽느낌나는 걸로 했어요. 폴딩 시 접히고 아기가 발로 차도 뻥 날라가지 않아서 좋아요. ], 부정 텍스트 확률 : 87.45%"
"[그래서 우여곡절 끝에 결국 요거 샀어요컬러 취저], 부정 텍스트 확률 : 79.04%"
"[아직 초록이 창 필름 떼기 전 샷 이거 필름 떼면 절대 환불 안된다고 해서 아직 관찰 중부가부비 유모차에 잘 맞는 방풍커버인가 꼼꼼 ], 부정 텍스트 확률 : 60.27%"
"[발 부분은 딱 맞아요. 원래 발이 좀 작으면 어떻게 하나 고민이었는데 매우 잘 맞아요. ], 부정 텍스트 확률 : 97.82%"
"[방풍커버 써야 하나요 방한 커버 써야 하나요? ], 부정 텍스트 확률 : 90.50%"
"[제가 산 이 제품은 정말 얇아요. 얇은 천이라 생각하심 됩니다. 전 딱 바람막을 용도로 구매한 거란 걸 참고해 주세요. ], 부정 텍스트 확률 : 58.23%"
"[ 기타 실사용 질문은 댓글로 ], 부정 텍스트 확률 : 73.19%"
"[다만 안에 안전바를 그대로 두고 씌우몀 뒤쪽 양 옆이 이렇께 뜰 수 밖에 없는 구조인데 바람도 통할겸 이 부분은 그냥 놔두려 해요풋머프 하면 거의 가려질 부분이랍니다. ], 부정 텍스트 확률 : 65.82%"
"[아기가 잠들면? ], 부정 텍스트 확률 : 73.62%"
"[유모차 뒷부분은 이렇게 고리로 당겨서 안벗겨지게 걸 수 있어요. ], 부정 텍스트 확률 : 85.95%"
"[앞면과 뒷면 모두 붙어있어요. 가장자리 절개선 부분을 살짝 긁어 들어 올리면 필름 벗기기 쉬워요. ], 부정 텍스트 확률 : 67.43%"
"[같은 방법으로 끝에서 부터 벗겨 주세요.그리고 양옆 유모차 창문쪽도 벗겨내 주세요. ], 부정 텍스트 확률 : 79.04%"
"[짠 이제 유모차 끌고 나갈 일만 남았네요.아직 한 겨울은 아니라서 안 꺼냈지만 여기 안에 유모차 이너 시트는 젤리팝 팝 라이너로 웜패드로 따끈 하게 만들어 줄 거에요.오 완전 온실 속 화초부가부비 예쁘게 쓰고 싶으신분들이라면 기능 약간 포기고 와우베이비 유모차 사계절 방풍 커버 쓰시고], 부정 텍스트 확률 : 90.38%"
"[각 좀 잡힌 걸 원하심 오르빗레인커버], 부정 텍스트 확률 : 81.77%"
"[아니다 난 딱 맞는 걸 원한다 하면 맘네스트나 와우베이비 부가부비 유모차 방풍 방한 커버가 젤 무난하고 예뻤으니 참고하세요. ], 부정 텍스트 확률 : 89.94%"
"[아기가 잘 타나요? ], 부정 텍스트 확률 : 56.28%"
"[까꿍 놀이에 빠져버린 갤 아가는 너어어무 좋아합니다. 이 창에 손으로 톼톼 때리는 것도 좋아하고], 부정 텍스트 확률 : 54.36%"
"[물론 안전벨트 안해서 가능하지만... 오늘 외출해 보려 합니다.이상 내 돈 주고 내가 쓴 부가부비 유모차 방풍커버 후기 끝❤️ ], 부정 텍스트 확률 : 97.82%"
"[어저께 뉴스 오르빗베이비], 부정 텍스트 확률 : 53.29%"
"[올인팩 체험단 모집 外], 부정 텍스트 확률 : 53.29%"
"[일주일에 두 번], 부정 텍스트 확률 : 55.37%"
"[임신출산육아 관련 최신 뉴스를 엄선해 전해 드립니다. ], 부정 텍스트 확률 : 60.15%"
"[열에 강한 다용도 조리용기로 잘 알려진 코렐 코닝웨어는 스페이스 미사일 탄두 부분에 사용되는 내열 유리 성분과 동일한 글라스 세라믹 재질로 제작됐습니다. 특히 이 글라스 세라믹은 냉장고에서 바로 뜨거운 오븐], 부정 텍스트 확률 : 94.96%"
"[원형 냄비 .ℓ], 부정 텍스트 확률 : 62.92%"
"[.ℓ의 다양한 용량으로 구성돼 용도에 따라 폭넓은 선택이 가능하며], 부정 텍스트 확률 : 90.67%"
"[양면 사용 가능한 듀얼 낮잠이불 출시 ...? ...? 오는 월], 부정 텍스트 확률 : 53.34%"
"[본격적인 어린이집 첫 등원을 앞두고 관련 준비물을 챙기기 시작하는 이때], 부정 텍스트 확률 : 52.68%"
"[유아동 침구 브랜드 밀로앤개비가 어린이집 낮잠이불 신제품 듀얼 낮잠이불을 출시했습니다. ], 부정 텍스트 확률 : 66.43%"
"[ 밀로앤개비 듀얼 낮잠이불은 패드 양면이 다른 소재로 제작돼 계절에 따라 사용할 수 있습니다. 특히 덮는 이불을 분리할 수 있어 활용도가 높습니다. 한쪽 패드는 수 순면 원단에 온스 솜이 내장돼 있어 환절기나 겨울에 사용하기 좋으며], 부정 텍스트 확률 : 62.62%"
"[쁘띠엘린 스토어 ..를 ..를통해할인 판매하는 이벤트를 전개합니다.영어교육이 고민이라면? 금성출판사 무료 체험 이벤트 참여 ...? ...? 새학년을 앞두고 자녀들의 영어교육에 관심이 뜨겁습니다. 어떻게 하면 효과적인 영어교육이 가능할까 고민이라면 금성출판사의 이벤트에 참여해 볼 것을 권장합니다. 일주일간 무료로 학습관리를 받을 수 있습니다. ], 부정 텍스트 확률 : 93.04%"
"[ 금성출판사가 푸르넷 공부방], 부정 텍스트 확률 : 75.70%"
"[잉글리시버디의 공부방 정규 프로그램을 일주일 동안 무료로 체험할 수 있는 새학년 학습 플랜 이벤트를 진행합니다. 기간은 월 일일까지. 이번 이벤트는 새학년 진학을 준비하는 유아 및 초·중등 학생들이 푸르넷 공부방], 부정 텍스트 확률 : 91.70%"
"[잉글리시버디 홈페이지에서 무료 체험을 받고자 하는 학생의 이름], 부정 텍스트 확률 : 68.51%"
"[ 제주칼호텔이 월 설연휴 동안 제주를 찾는 관광객들을 위한 마일로호텔로 상품으로 설날 패키지를 출시했습니다. 마일로호텔로는 대한항공 스카이패스 마일리지로 칼호텔의 특정 상품을 이용할 수 있는 실용적인 프로그램입니다. 이번 마일로호텔로는 두 가지의 패키지 상품으로 구성됩니다.뉴이어 모닝 패키지는 제주칼호텔의 스탠다드 객실에 박 이상 투숙하는 고객들에게 제주 제동한우로 만든 설맞이 떡국을 조식으로 제공하는 상품입니다다인 회. 평일일목에는 만], 부정 텍스트 확률 : 69.65%"
"[마일리지], 부정 텍스트 확률 : 53.29%"
"[마일리지], 부정 텍스트 확률 : 53.29%"
"[주말 만], 부정 텍스트 확률 : 90.80%"
"[올인팩 체험단 모집...? ...? 오르빗베이비가 프리미엄 육아 라이프를 위한 올인팩 체험단을 모집합니다. 기간은 오는 월 일까지며], 부정 텍스트 확률 : 66.61%"
"[네이버 카페 레몬테라스를 통해 진행됩니다. ], 부정 텍스트 확률 : 88.89%"
"[ 유모차 브랜드 오르빗베이비가 레몬테라스 카페를 통해주력 신제품올인팩 체험단 오르빗 베이비 앰배서더를 모집합니다. 올인팩은 유모차], 부정 텍스트 확률 : 51.39%"
"[베시넷], 부정 텍스트 확률 : 53.29%"
"[사용 유모차], 부정 텍스트 확률 : 53.29%"
"[트래블시스템 기대평을 덧글로 남기면 됩니다.체험단으로 선정되면 만 원 상당의 오르빗베이비 올인팩 세트를 선물로 받아 이용할 수 있습니다. 체험 혜택은 총 인 가족에게 돌아가며 이 중 우수 후기를 남긴 사람에게는 만 원 상당의 유모차 패니어가 추가로 증정됩니다.이 밖에도 전체 신청자 중 추첨을 통해 명에게는 파리바게트 기프티콘 ], 부정 텍스트 확률 : 64.30%"
"[ 원 권이 선물로 제공될 예정입니다. 당첨자 발표는 월 일. ], 부정 텍스트 확률 : 77.16%"
"[오르빗 베이비사용후기 ], 부정 텍스트 확률 : 53.29%"
"[디럭스], 부정 텍스트 확률 : 53.29%"
"[절충형], 부정 텍스트 확률 : 53.29%"
"[롯데백화점 부산 동래점에서 주문했고택배는 본체 프레임이 하나의 소포박스에아기 시트 등이 또 다른 박스에 포장되어총 두 개의 박스가 집으로 배달되었답니다. ], 부정 텍스트 확률 : 72.22%"
"[유모차 포장상태를 다 찍지는 않았지만한 컷의 사진만 봐도 얼마나 꼼꼼하게포장이 되어 왔는지 짐작이 되시죠?ㅋ그러긴 해야죠], 부정 텍스트 확률 : 57.57%"
"[가격이 얼마인데 ㅋㅋㅋ ], 부정 텍스트 확률 : 67.36%"
"[폴딩 된 상태의유모차 본체.프레임은 블랙과 실버가 있는데블랙이 무난한 듯하여 골랐어요.실버도 예뻐서 고심 좀 했지만. ], 부정 텍스트 확률 : 83.31%"
"[오르빗 베이비본체 펼친 모습. ], 부정 텍스트 확률 : 52.70%"
"[디럭스 유모차인 오르빗 베이비 는본체와 아기 시트가 분리되는 구조로서프레임 상단의 원에 맞춰 유모차 시트를올리면 완전한 형태의 유모차가 됩니다. ], 부정 텍스트 확률 : 75.46%"
"[폴딩 장면을 동영상으로 찍어 보았는데어렵지는 않으나 디럭스 유모차인 만큼무거운 편이라 팔힘이 없으면 힘들어요. ], 부정 텍스트 확률 : 96.44%"
"[백화점과 유아용품 전문점에서 여러 가지유모차를 비교하고 끌어본 끝에 선택한추천 디럭스형 유모차 를 상세히 보면 ], 부정 텍스트 확률 : 71.01%"
"[뒤 바퀴에 녹색], 부정 텍스트 확률 : 71.00%"
"[시트 양쪽으로 이런 레버가 있는데레버를 양쪽 동시에 잡으면 시트를본체와 분리할 수 있고 눕기 정도도삼 단계로 조정할 수 있어요 ㅎㅎㅎ ], 부정 텍스트 확률 : 57.66%"
"[아직 아기가 많이 어려서 이동할 땐아예 눕혀서 많이 사용하고 식당에서아기 의자로 쓸 때는 주로 세워씁니다.참고로 가끔은 좌식 식당을 갈 때에는시트만 분리해 의자로 활용하기도 해요. ], 부정 텍스트 확률 : 99.89%"
"[시트 재질도 좋고 벨트도 튼튼하고.안전레버는 탈부착이 가능하더라고요. ], 부정 텍스트 확률 : 71.70%"
"[안전레버에 부착하라고 간식통도함께 오는데 아직은 분유만 먹으니까], 부정 텍스트 확률 : 71.54%"
"[ 나중을 위해서 잘 보관해야겠어요. ], 부정 텍스트 확률 : 60.23%"
"[사실 디럭스 유모차 중에서도 스토케의익스플로리 와 끝까지 고민을 했는데오르빗으로 최종 선택한 이유가 있다면 ], 부정 텍스트 확률 : 62.31%"
"[유모차 밑의 바구니가 훨씬 넓고 편함.앞], 부정 텍스트 확률 : 55.06%"
"[이렇게 도만 돌려놓으면 남편], 부정 텍스트 확률 : 97.38%"
"[저둘 다 아기 얼굴을 볼 수 있어 좋아요.좀 더 커서 수족관 같은데 놀러 가면이 기능이 더 빛을 발하지 않을까 합니다. ], 부정 텍스트 확률 : 90.24%"
"[ ♡유모차 후기♡오르빗], 부정 텍스트 확률 : 53.29%"
"[방치해두었던 유모차..바로 오늘 조립을했답니당 ], 부정 텍스트 확률 : 61.81%"
"[직접구매하고 쓰는 후기], 부정 텍스트 확률 : 80.02%"
"[ 오르빗], 부정 텍스트 확률 : 53.29%"
"[시아주버님찬스로 과감히 디럭스로 결정고민하다], 부정 텍스트 확률 : 90.13%"
"[ 오르빗로 결정했어요이유는 첫째], 부정 텍스트 확률 : 85.62%"
"[ 신생아머리흔들림방지둘째], 부정 텍스트 확률 : 84.70%"
"[ 떼지않고 돌릴수있는 편리함넷째], 부정 텍스트 확률 : 73.50%"
"[ 첫번째], 부정 텍스트 확률 : 53.29%"
"[ 일산에서 크게열리는 베이비페어 사전조사를했을때오르빗은 보이지 않았어요ㅠㅠ그래서오랜 검색과 비교끝에베이비플러스 화곡점에서 구매를 했습니다직접보고 끌어보고 더 만족스러웠어요고민할 필요 없이 바로결제를 진행했습니다 ], 부정 텍스트 확률 : 59.90%"
"[ 아주버님카드 결제진행], 부정 텍스트 확률 : 64.59%"
"[ 바로 가져가는건아니고 택배로 보내주시는데], 부정 텍스트 확률 : 50.94%"
"[ 일만에 도착했어요 ], 부정 텍스트 확률 : 62.96%"
"[ 현장구매하고 가져온것 ], 부정 텍스트 확률 : 54.49%"
"[ 가능하다면 택배기사님께 안쪽까지 들여놔달라고 ], 부정 텍스트 확률 : 54.58%"
"[ 부탁하세용ㅠ ], 부정 텍스트 확률 : 66.11%"
"[ 드디어 개봉 뚜둥 ], 부정 텍스트 확률 : 73.56%"
"[ 작은박스엔 이렇게 들어있구요], 부정 텍스트 확률 : 64.42%"
"[ 큰박스엔 이렇게 들어있네용.. ], 부정 텍스트 확률 : 73.72%"
"[ 먼저 바퀴부터 천천히 끼워줍니당 ], 부정 텍스트 확률 : 70.34%"
"[차양막과 발판까지 끼고나니 벌써 완성♡ ], 부정 텍스트 확률 : 79.33%"
"[ 발판은 조절 가능하답니당 ], 부정 텍스트 확률 : 52.97%"
"[앞보기로도 돌려봤어요 ], 부정 텍스트 확률 : 71.35%"
"[우리 건빵이 애착인형 미미를 먼저 탑승시켜봤어용 ], 부정 텍스트 확률 : 50.19%"
"[그리고 음식점이나 카페갔을때], 부정 텍스트 확률 : 51.10%"
"[ 강점이라는], 부정 텍스트 확률 : 63.31%"
"[ 앞서 말씀드렸듯이 차양막을 추가로 하나 더 구매했어요건빵이는 이쁜 딸이라], 부정 텍스트 확률 : 96.82%"
"[ 분홍색으로 추가구매했답니당♡ ], 부정 텍스트 확률 : 70.74%"
"[분홍색이 촌스러운분홍색이아니라], 부정 텍스트 확률 : 63.33%"
"[안녕하세요], 부정 텍스트 확률 : 53.29%"
"[뭐든지 예쁜게 장ㄸ ㅐ ㅇ...아 아니지], 부정 텍스트 확률 : 75.48%"
"[ 신생아에게 무리를 주지 않는 ], 부정 텍스트 확률 : 58.20%"
"[ 이용에 여러모로 ], 부정 텍스트 확률 : 59.00%"
"[편리한 제품도 갖고싶다보니고르기까지 정말 오랜 시간이 걸렸답니다스아실], 부정 텍스트 확률 : 96.92%"
"[ 모든 게], 부정 텍스트 확률 : 59.48%"
"[라는 저의 마인드를], 부정 텍스트 확률 : 51.14%"
"[육아선배님들의 조언이], 부정 텍스트 확률 : 79.77%"
"[수납 바구니가 너무 작아서 진짜 불편해], 부정 텍스트 확률 : 89.77%"
"[너무 삐죽 높아서 좌우로 쓰러질까 불안하더라], 부정 텍스트 확률 : 84.12%"
"[비쥬얼만 보고 사기엔 무리가 있는 유모차라는 아이템에서는], 부정 텍스트 확률 : 72.94%"
"[아무래도 무리수라는 생각이 들어 다시금 열심히 서칭을 시작했습니다..], 부정 텍스트 확률 : 77.31%"
"[그런 제 앞에 나타난 아이가 있었으니], 부정 텍스트 확률 : 74.58%"
"[이름하야 ], 부정 텍스트 확률 : 77.16%"
"[오르빗], 부정 텍스트 확률 : 53.29%"
"[라는 새로운 모델이 나온지 얼마 안 되었고], 부정 텍스트 확률 : 59.89%"
"[스마트허브], 부정 텍스트 확률 : 53.29%"
"[ 기술력으로시트 조절만으로 간편하게 도 회전이 가능하여], 부정 텍스트 확률 : 74.48%"
"[다른 유모차들에선 기껏해야 양대면 방식이 전부였던 것 같은데], 부정 텍스트 확률 : 63.43%"
"[오르빗은 도 회전이라뇨], 부정 텍스트 확률 : 54.98%"
"[이 기능 덕분에 저희는 ], 부정 텍스트 확률 : 63.74%"
"[트래블시스템유모차카시트], 부정 텍스트 확률 : 53.29%"
"[까지 주저없이 선택했습니다], 부정 텍스트 확률 : 69.35%"
"[이건 내가 찾던 그런 비쥬얼], 부정 텍스트 확률 : 84.60%"
"[장신에 속하는 저에게 딱 맞는 높이와], 부정 텍스트 확률 : 95.50%"
"[고급스런핸들], 부정 텍스트 확률 : 53.29%"
"[군더더기 없는 유모차의 쉐입까지], 부정 텍스트 확률 : 51.90%"
"[무난한 걸 좋아하는 저희 신랑은 멜란지 그레이를 선택했지만요], 부정 텍스트 확률 : 82.15%"
"[그 외에 ], 부정 텍스트 확률 : 64.07%"
"[안정성], 부정 텍스트 확률 : 74.36%"
"[ 부분에서], 부정 텍스트 확률 : 57.38%"
"[ 기능을 통해 ], 부정 텍스트 확률 : 60.64%"
"[오르막길이나 비탈길에서도 아이에게 자연스럽고], 부정 텍스트 확률 : 87.68%"
"[부드러운 승차감을 전달하고], 부정 텍스트 확률 : 57.65%"
"[메모리폼 버킷시트], 부정 텍스트 확률 : 53.29%"
"[아이의 몸을 감싸주고 체온을 유지해주는 ], 부정 텍스트 확률 : 73.64%"
"[버킷시트], 부정 텍스트 확률 : 53.29%"
"[친환경 메모리폼 이너시트], 부정 텍스트 확률 : 64.91%"
"[를 더해], 부정 텍스트 확률 : 55.36%"
"[그리 어렵지 않게 신랑이 조립해 주었어요], 부정 텍스트 확률 : 55.34%"
"[아직은 아가가 태어나기 전이라 직접 태워보지는 못했지만], 부정 텍스트 확률 : 62.44%"
"[ 오르빗베이비직접구매 솔직후기], 부정 텍스트 확률 : 53.29%"
"[맘스맘에서 조립 다 해주셔서 신랑이저녁에 찾아왔는데사진보다 더예쁜], 부정 텍스트 확률 : 82.54%"
"[오르빗 핑크], 부정 텍스트 확률 : 53.29%"
"[ 뿅반해 버렸답니다 .], 부정 텍스트 확률 : 78.51%"
"[▼ 이 부분도 모르고 구매할 뻔 했는데 ], 부정 텍스트 확률 : 67.81%"
"[자세에 편안함을 주는 ], 부정 텍스트 확률 : 58.94%"
"[도 회전엄마보기 모드. 놀이모드. 테이블모드. 관람모드. 세상보기 모드. 요람모드 등저도 오르빗 검색해 볼 때 이 부분에서 반해버린 것 같아요.사진 속에보이는 가운데부분 넓고 근 면적이 프레임과 시트를 연결시켜 더 안전하게 회전한답니다 ], 부정 텍스트 확률 : 71.86%"
"[오르빗핸들링], 부정 텍스트 확률 : 53.29%"
"[ 컵홀더와 아기 테이블이 옵션이 아니라 더 좋은 것같아요], 부정 텍스트 확률 : 78.90%"
"[제가 찍은 사진에는 없지만 아가가 목 가누고 스스로 앉을 시기 쯤 이유식기 식당이든 집에서든 시트를 따로 분리해서 사용할 수있는 점 또한 오르빗 의 장점이랍니다 정말 이렇게 쓰다보니 단점보다 장점이 많은 유모차인 것 같아요아직 밖에서 사용해보지 못 했지만집에서 일 사용해보니 단점은 아직 찾지못했답니다. ], 부정 텍스트 확률 : 61.83%"
"[유모차 구매시 무게와 크기 또한 고려해야할 점인데 너무클까 걱정했지만], 부정 텍스트 확률 : 73.20%"
"[셋째와 첫째.. 차이가 많이 나서 육아 용품 하나하나 전부다 다시 구매해야하기에그중 제일 고민했던 부분 유모차였답니다. 종류도 많고가격대도 너무 다양하기에.. 그리고 무엇보다 저 혼자 세아이를 데리고 외출시짐도 많은 점을 고려해 수납 부분도 신경 써야 했답니다.세아이키우는 저에게는 확], 부정 텍스트 확률 : 80.91%"
"[장바구니도크고 튼튼하며], 부정 텍스트 확률 : 57.19%"
"[앞뒤로], 부정 텍스트 확률 : 64.02%"
"[ 오픈된다는 점 ], 부정 텍스트 확률 : 55.83%"
"[ 라고 합니다], 부정 텍스트 확률 : 74.20%"
"[ 오르빗유모차 가격 저렴한 여기 ], 부정 텍스트 확률 : 69.63%"
"[오르빗유모차 가격 저렴한 곳지난번에 친구랑 같이 일산덕이베이비플러스 압소바에 유모차랑 아가용품보고 왔었어요.주동안인가 친구가 백화점이랑 다른 매장], 부정 텍스트 확률 : 61.27%"
"[역시나 일산덕이점베이비플러스 압소바는 가격 엄청 할인 중출산용품부터 신생아용품], 부정 텍스트 확률 : 73.50%"
"[미마 자리 유모차 등등 중요서도 더 기능이 좋아서 핫핫.일명 고소영유모차라고 불리는 오르빗유모차는 겉으로 봐도 세련되고 고급스러워 보여요. ], 부정 텍스트 확률 : 83.31%"
"[오르빗유모차는 백화점전용과 일반매장전용으로 나눠진데요.일산덕이점베이비플러스 압소바는 백화점전용을 판매해요.근데 가격도 제일 저렴한 곳이고요.색상은 여러가지가 있는데 멜란지그레이], 부정 텍스트 확률 : 51.17%"
"[네이비], 부정 텍스트 확률 : 53.29%"
"[장점 중 하나는 앞], 부정 텍스트 확률 : 70.78%"
"[ 뒤 보기 뿐 아니라 도 회전시트라는 것이점이 제일 최고 인듯요.아이랑 같이 갈때 옆을 보여 주면서 이야기나누면서 갈 수도 있고요.동물원 같은 곳을 가도 시트를 옆으로 돌리면 아이도 편안하게 볼 수 있고 엄마도 스트롤러를 끌며 직진으로 갈 수 있고요. ], 부정 텍스트 확률 : 52.24%"
"[검은색 부분 말고 은색부분을 잡고 살짝 기댈수도 있어요.그리고 핸들이 단계로 높이 조절이 되서 신장에 맞출수 있어요.키큰 아빠들도 문제 없으니 핑계 될 수 없답니다 ㅋㅋㅋㅋ ], 부정 텍스트 확률 : 77.38%"
"[발 받침대도길이 조절가능 ], 부정 텍스트 확률 : 93.54%"
"[오른쪽은 브레이크], 부정 텍스트 확률 : 52.97%"
"[왼쪽버튼은 출발 ], 부정 텍스트 확률 : 52.97%"
"[디럭스유모차는 접고 차에 넣고가 힘들자나요.그런데 오르빗유뫄는 시트를 분리한 후 폴딩도 원터치로 쉬워요. ], 부정 텍스트 확률 : 69.63%"
"[전에는스타일로 멜란지 그레이], 부정 텍스트 확률 : 73.31%"
"[멜란지 네이비], 부정 텍스트 확률 : 53.29%"
"[하지만 역시 제일 예쁘고 제 맘에 쏙 드는 색상 조합은 블랙 프레임에멜란지 그레이 시트이건 정말 시크함 그 자체 아닌가요. 색상이 유행 타는 색상도 아니고 성별에도 전혀 구애받지 않을 것만 같은 구성이라죠. 전 둘째까지 생각하고 있는지라셋째도 갖고 싶은 건 안 비밀우선 둘 나아보고 ... ㅋㅋㅋㅋ성별이나 유행에 너무 따라가는 건 조금 아쉽다는 생각에 무난한 이 구성이 제일 좋더라고요.], 부정 텍스트 확률 : 50.47%"
"[부스에 계신 여자 직원분이 정말 순식간에유모차 분리와 폴딩까지 한큐로오죽하면 제가 시트 분리부터 찍으려고 카메라를 들이댔는데 말이죠. 정작 저렇게 폴딩 하는 부분부터 만 찍혔다는 ㅠㅠ 접고 피는 게 쉬운 유모차그러면서도 디럭스로 안정감 있고 베시넷], 부정 텍스트 확률 : 62.63%"
"[롯데몰 데이트], 부정 텍스트 확률 : 53.29%"
"[오르빗 ], 부정 텍스트 확률 : 53.29%"
"[네오나또 퓨로 유모차 ], 부정 텍스트 확률 : 70.81%"
"[ 황금같은 주말], 부정 텍스트 확률 : 71.71%"
"[오늘은끌고 나갔는데], 부정 텍스트 확률 : 81.39%"
"[파노라마 뷰가 가능해서 좋아요. 네오나또 퓨로 유모차], 부정 텍스트 확률 : 58.29%"
"[ 오르빗은 후기가 워낙 많으니 패스할게요... .. ], 부정 텍스트 확률 : 69.26%"
"[그리고 며칠 전 신랑이랑 상의 끝에 베이비시터를 고용하기로 했어요. 워킹맘도 아닌데 베이비시터까지 필요할까 많이 고민했었는데], 부정 텍스트 확률 : 92.10%"
"[ 오르빗 유모차 구입후기 부제영역은 지식백과에서만 사용되지만 포스트 엔드에 마크업은 잔존하게 됩니다 기본적으로요소는 입니다 ], 부정 텍스트 확률 : 91.90%"
"[시트를 앞보기로 바꿔 봤어요 ], 부정 텍스트 확률 : 64.47%"
"[오르빗은 선쉐이드도 추후 따로 구매해서 교체 할수 있어서 좋은 것 같아요 딸아이라 라즈베리색상 핑크빛 선쉐이드도 고민했지만 걍 올블랙엔 레드가 더 이쁜거 같아서 레드로 결정했어요 선쉐이드 바디 모두 올블랙도 인기가 좋은거 같은데 매장 직원분이 올블랙은 이제 안나온다고 하더라구요구매 원하시는 분은 매장에 직접 문의해 보시는게 더 정확할 듯 싶습니다 ], 부정 텍스트 확률 : 99.29%"
"[아 그리고 오르빗은 손잡이가 양쪽으로 되어 있어요 저희는 일체형 손잡이를 연결한 거구요양쪽 손잡이라 가방 걸기 좋다고 하시는 분들도 많더라구요 저희 부부는 아무래도 일체형이 안정감있어보여서 일체형으로 사용 하려구요저 모습에 스낵 트레이도 포함되어 있어요 아직 바로 사용 할게 아니기에 스낵 트레이는 빼놓았습니다 오르빗 일체형 손잡이는 따로 구매시 만원 정도 했던거 같아요 저희는 손잡이 포함해 꽤 괜찮은 가격으로 구입을 했습니다], 부정 텍스트 확률 : 62.15%"
"[ 오르빗 베이비유모차 드디어 구입 ], 부정 텍스트 확률 : 53.29%"
"[ 블로그며 육아카페며 둘러보는데 일단 큰돈 들어갈 거부터 해결해보자 싶더라구요 ㅎㅎ그때부터 유모차며 카시트 폭풍 검색를 구경해도 내 눈엔 유모차만길만 걸어가도 내 눈엔 유모차만베이비페어 가서 온통 유모차 유모차 유모차....처음엔 절충형으로 사야지 맘먹었는데], 부정 텍스트 확률 : 89.35%"
"[이름 한번 검색해볼까 하다가 이걸 보는 순간 완전 반해버렸죠 ], 부정 텍스트 확률 : 94.08%"
"[그렇게 다음날 다시 찍은 오르빗 베이비완성 사진컬러는 둘째까지 생각해서 무난한 그레이 거기에 블랙 프레임을 선택했죠색상 깔끔하고 고급 지지 않나요?? ], 부정 텍스트 확률 : 70.41%"
"[바로 저 표시된 레버만 한 손으로 잡고 오른쪽이든 왼쪽이든 돌리면 끝저게 완전 만능 손잡이라는 거죠 ㅎㅎ각도 조정], 부정 텍스트 확률 : 97.78%"
"[ 디럭스유모차 오르빗후기 ], 부정 텍스트 확률 : 53.29%"
"[숄더패드], 부정 텍스트 확률 : 53.29%"
"[가드커버는 블랙], 부정 텍스트 확률 : 66.26%"
"[베이지], 부정 텍스트 확률 : 53.29%"
"[블루 중 두가지 선택가능했어요저희는 아들이라 블랙과 블루 선택했습니다.], 부정 텍스트 확률 : 59.49%"
"[설명서에 따르면 오르빗는 최대 키 ], 부정 텍스트 확률 : 81.01%"
"[몸무게 이하최대 개월 까지 탑승 가능하구요], 부정 텍스트 확률 : 96.33%"
"[체중이하는 하얀색 유아용 이너시트를 함께 사용하면 됩니다. ], 부정 텍스트 확률 : 93.22%"
"[먼저 시트만 단독으로 보자면], 부정 텍스트 확률 : 67.17%"
"[회색 잠금장치를 당긴 후 은색 손잡이를 뒤로 젖힙니다. 그다음 쭉 위로 들어올리면 접히구요펼치는 것도 마찬가지], 부정 텍스트 확률 : 69.60%"
"[같은순서로 은색손잡이를 돌려 내리면서 동시에 바닥에 있던 핸들을 위로 들어올리면 됩니다. 조금 무거우니까 천천히 하는게 좋아요. ], 부정 텍스트 확률 : 74.54%"
"[본체시트], 부정 텍스트 확률 : 53.29%"
"[가드커버], 부정 텍스트 확률 : 53.29%"
"[숄더패드], 부정 텍스트 확률 : 53.29%"
"[햇빛가리게 다 분리세탁 가능하구요중성세제로 손세탁], 부정 텍스트 확률 : 64.37%"
"[브레이크 기능도 맘에들었어요 우측 주황색를 밟으면 브레이크 고정되는데억지로 밀면 밀리지만 바퀴는 안굴러가는 정도. 좌측 연두색을 밟아야 브레이크 해제됩니다.트렁크에 싣기 전이나 보관하기 전에 미리 브레이크 꾹 고정한상태로 분리하고 접어야 안전할거같아요 ], 부정 텍스트 확률 : 94.40%"
"[오르빗 를 선택한 가장 큰 이유가 안전성인데요.], 부정 텍스트 확률 : 83.68%"
"[프레임이 튼튼하고 바퀴도 안정감있게 핸들링이 가능하다는 점이었고], 부정 텍스트 확률 : 77.93%"
"[아이러니하게도 장점이 단점으로 보이기도 했어요.], 부정 텍스트 확률 : 62.30%"
"[다른 유모차에 비해 부피와 무게감이 있는만큼 컨트롤하기 버겁지않을까..], 부정 텍스트 확률 : 63.18%"
"[좁은 골목길을 통과할 수 있을까? 아기 시트위치가 높아 혹여나 아이가 떨어지면 크게 다치지않을까?이런 고민들로 구매직전까지 망설였어요ㅋㅋ일단 아기를 태울때 허리를 숙이지않아도 된다는 점], 부정 텍스트 확률 : 88.62%"
"[시트를 회전할때 다른유모차에 비해 간편하다는 점등등 사용자를 배려한 디자인들이 곳곳에 보여 만족합니당 ], 부정 텍스트 확률 : 66.10%"
"[ 오르빗 유모차 구매 후기 ], 부정 텍스트 확률 : 53.29%"
"[이제는 그럼 어디 가서 보면 되려나?베이비페어? 하.. 아직 한참 남았네.백화점? 가서 맘에 들면 그냥 바로 살려고 맘 먹은 터라 괜히 백화점 갔다가 비싸게 사면 또...그러다가 발견한 곳이 바로 여기 ], 부정 텍스트 확률 : 55.70%"
"[다른 분 블로그를 보다보니 평이 괜찮더라구요.그래 여기로 가보자시간 좀 걸려 도착했더니 주변은 한적했습니다.좀 놀란 것은유모차 보겠다고 방문했지만], 부정 텍스트 확률 : 96.52%"
"[ 그래도 꼼꼼하게 보려고 이 매장을 방문한 거죠.진짜 다양한 모델이 있습니다.제가 미처 검색하지 못했던 모델도 있었던 거 같아요.그 이야기인 즉슨 비교하면서 보시기 좋다는 뜻이겠죠?암튼 여러 유모차 만져 보고 최종 오르빗 로 선택하였습니다.요즘 핫하다는 호크 트위스터랑도 비교했는데 솔직히 오르빗이 딴딴했습니다. 안정감에 점수를...시간에 쫓겨 매장 사진은 남기지 못했어요.어이 없게도 유모차 말고 다른 것도 홀리듯 구경하다가 사고 그러길 반복하여... 암튼 여러모로 이 매장은 일산 인근 지역 분들에게는 강추합니다.구매 가격에 대해 아주 진귀한 경험도 했습니다.부터 까지 다 말씀드리기는 좀 곤란하고요. 아주 소비자 지향적으로...그러면 이제 오르빗 유모차에 대해 간단히 리뷰를 진행해 보겠습니다.조립은 평이했습니다. 설명서 보고 차근히 하시면 분 이내에 끝나실 꺼에요. ], 부정 텍스트 확률 : 99.87%"
"[디럭스], 부정 텍스트 확률 : 53.29%"
"[절충형], 부정 텍스트 확률 : 53.29%"
"[휴대형으로 보통 유모차를 분류하는데 전 아예 디럭스로 방향을 잡았습니다.즉], 부정 텍스트 확률 : 87.50%"
"[아주 간편한 브레이크 시스템입니다. 저기 주황색 부분을 발로 툭 밟아주면약하게... 바퀴가 잠깁니다.다시 이동할 때는 녹색 부분을 밟아주면 됩니다. ], 부정 텍스트 확률 : 58.19%"
"[추가로 주는 부속물인데 애기 과자통?], 부정 텍스트 확률 : 78.55%"
"[유모차 방향 바꿀 때나 회전시킬 때 상당히 부드럽게 진행이 되었습니다. 강점강점. ], 부정 텍스트 확률 : 77.44%"
"[ 직접구매후기 유모차 오르빗], 부정 텍스트 확률 : 53.29%"
"[출산을 앞두고 가장 고민됐던 육아템 중 하나가 바로 유모차가격도 만만치 않을 뿐더러 잘못사면 오랫동안 후회할 것 같아서..가장 많이 쓰고 사람들의 선택을 많이 받는 스토케는일단 사람들이 너무 많이 써서 검증됐겠지만...다른걸 사보고 싶은 마음에 스토케가 아닌 다른 브랜드의 유모차로 눈길을 돌렸다. 그러다 목동백화점에서 발견한 오르빗 이전 버전인 는 고소영], 부정 텍스트 확률 : 96.39%"
"[여기에 한가지 더], 부정 텍스트 확률 : 58.45%"
"[아기 개월차..직접사용해보니..일단 핸들링이 좋고 튼튼하다.수납도 넉넉하고 커버도 튼튼하고 대체로 만족스럽다.다만 아기가 너무 어릴때는 편평하지않은 땅], 부정 텍스트 확률 : 85.53%"
"[베시넷이 너무작고집에서 바운서로 활용하려고해도 계속 흔들흔들 밀어줘야해서 정말 불편하다.실제로 아이가 개월이 된 지금 베시넷은 제대로 활용도 못한 채 방한구석에 자리만 차지하고 있다. ], 부정 텍스트 확률 : 91.33%"
"[베시넷호환 유모차를 타고 백화점에가봤지만 아기가 잠에서 깬 이후에는 베시넷에 잘 안 누워있어 유모차끌고 아기 안고 다닐 수 밖에 없었다.그 외에 차 트렁크에 넣을 때 접거나 케리어 분리 등은 정말 편하다. 아기 개월도 안돼 부산에 유모차 싣고 다녀왔을 정도. ], 부정 텍스트 확률 : 96.31%"
"[다만 사계절커버를 씌울경우 유모차 케리어어 부착된 햇빛가리게가 고정이 안돼 커버도 자꾸 내려앉는다는점도 보완되면 좋겠다.정보가 도움됐다면 공감], 부정 텍스트 확률 : 96.65%"
"[ 덧글 부탁드려요 ], 부정 텍스트 확률 : 53.29%"
"[ 디럭스 유모차 오르빗 ], 부정 텍스트 확률 : 53.29%"
"[오르빗 카시트 솔직한 사용 후기 ], 부정 텍스트 확률 : 77.54%"
"[오르빗을 사용한 지 ], 부정 텍스트 확률 : 81.43%"
"[개월이 되어간다.], 부정 텍스트 확률 : 71.22%"
"[디럭스 유모차 오르빗 와], 부정 텍스트 확률 : 53.34%"
"[오르빗을 사용하기 전], 부정 텍스트 확률 : 67.51%"
"[내편없이 외출하는 일은], 부정 텍스트 확률 : 82.17%"
"[사용하면 할수록], 부정 텍스트 확률 : 74.91%"
"[남다른 육아 라이프], 부정 텍스트 확률 : 53.29%"
"[라는 슬로건이], 부정 텍스트 확률 : 76.61%"
"[외출할 때마다 실감한다.], 부정 텍스트 확률 : 66.49%"
"[외출하기란 마음먹기부터 쉽지 않은데], 부정 텍스트 확률 : 56.01%"
"[조작하기 쉬운 디럭스 유모차라], 부정 텍스트 확률 : 69.01%"
"[또 겁 없이 외출을 했다.], 부정 텍스트 확률 : 59.12%"
"[카메라 들고 지나가는 아저씨께], 부정 텍스트 확률 : 59.47%"
"[사진도 부탁드리곸ㅋㅋㅋㅋㅋ], 부정 텍스트 확률 : 51.23%"
"[산책 후 집], 부정 텍스트 확률 : 70.74%"
"[으로 돌아오는 길], 부정 텍스트 확률 : 66.91%"
"[오르빗 카시트에서], 부정 텍스트 확률 : 72.40%"
"[그렇게 잠을 잘 잔다.], 부정 텍스트 확률 : 89.88%"
"[유모차 프레임에], 부정 텍스트 확률 : 59.00%"
"[오르빗 카시트를 장착하고], 부정 텍스트 확률 : 58.51%"
"[파파라치 실드로], 부정 텍스트 확률 : 64.02%"
"[햇빛도 야무지게 가리고], 부정 텍스트 확률 : 61.06%"
"[북한강을 바라보며], 부정 텍스트 확률 : 60.64%"
"[바닐라 티도 한잔했다.], 부정 텍스트 확률 : 89.72%"
"[초보 엄마 아빠를 위한], 부정 텍스트 확률 : 74.93%"
"[오르빗 솔직한 사용 후기], 부정 텍스트 확률 : 77.54%"
"[디럭스 유모차 오르빗 는], 부정 텍스트 확률 : 63.57%"
"[오르빗 카시트], 부정 텍스트 확률 : 53.29%"
"[유모차], 부정 텍스트 확률 : 53.29%"
"[스마트 허브], 부정 텍스트 확률 : 53.29%"
"[를 통해], 부정 텍스트 확률 : 55.36%"
"[카시트], 부정 텍스트 확률 : 53.29%"
"[베시넷과 호환], 부정 텍스트 확률 : 57.06%"
"[어디서나 아이를 편하게], 부정 텍스트 확률 : 69.37%"
"[유모차], 부정 텍스트 확률 : 53.29%"
"[카시트], 부정 텍스트 확률 : 53.29%"
"[바닥이나 의자에 안정적으로 거치 되니], 부정 텍스트 확률 : 57.05%"
"[어딜 가도 아가를 바닥에 눕힐 일이 없었다.], 부정 텍스트 확률 : 62.16%"
"[신생아다 보니 하이체어도 쓸 수 없어], 부정 텍스트 확률 : 69.06%"
"[아예 외출은 아예 포기해야겠다 했는데], 부정 텍스트 확률 : 58.30%"
"[오르빗 는], 부정 텍스트 확률 : 63.57%"
"[장점과 단점을 솔직하게 적어볼까 한다.], 부정 텍스트 확률 : 54.97%"
"[오르빗 유모차], 부정 텍스트 확률 : 53.29%"
"[사진 찍기를 자주 하다 보니], 부정 텍스트 확률 : 61.27%"
"[ 큰 몫을 한다.], 부정 텍스트 확률 : 55.19%"
"[뭘 찍어도 작품이 되어주는], 부정 텍스트 확률 : 74.47%"
"[오르빗유모차], 부정 텍스트 확률 : 53.29%"
"[▼▼▼▼▼ ], 부정 텍스트 확률 : 53.29%"
"[태어난 지 두 달이 안돼서부터], 부정 텍스트 확률 : 93.44%"
"[안전이 가장 중요한데], 부정 텍스트 확률 : 62.53%"
"[사다리꼴 프레임으로], 부정 텍스트 확률 : 66.91%"
"[흔들림과 충격이 최소화], 부정 텍스트 확률 : 55.68%"
"[신생아의 디럭스 유모차로], 부정 텍스트 확률 : 53.88%"
"[스마트 허브는 ], 부정 텍스트 확률 : 66.26%"
"[유모차], 부정 텍스트 확률 : 53.29%"
"[카시트], 부정 텍스트 확률 : 53.29%"
"[아이의 시야를 자유롭게 한다.], 부정 텍스트 확률 : 59.30%"
"[오르빗에 수면제 성분 있나?], 부정 텍스트 확률 : 50.01%"
"[싶을 정도로 우리 아가는], 부정 텍스트 확률 : 54.77%"
"[카시트], 부정 텍스트 확률 : 53.29%"
"[베시넷이든], 부정 텍스트 확률 : 53.29%"
"[앉혀주기만 하면 꿀잠을 자는데], 부정 텍스트 확률 : 50.29%"
"[신생아 수면에 최적화된 ], 부정 텍스트 확률 : 64.10%"
"[메모리폼 이너시트 덕분이다.], 부정 텍스트 확률 : 51.14%"
"[포근하게 감싸주면서], 부정 텍스트 확률 : 53.29%"
"[아이의 체형에 맞게 변형해], 부정 텍스트 확률 : 61.52%"
"[아늑하고 독립된 공간을 만들어줘], 부정 텍스트 확률 : 69.48%"
"[별도로 구매해야 하는], 부정 텍스트 확률 : 85.37%"
"[컵홀더], 부정 텍스트 확률 : 53.29%"
"[스낵 트레이가 기본 옵션이라], 부정 텍스트 확률 : 62.07%"
"[양육자의 손도 자유롭게 해줘], 부정 텍스트 확률 : 65.27%"
"[쇼핑도 원 없이 하고], 부정 텍스트 확률 : 52.63%"
"[오르빗 유모차는 워낙], 부정 텍스트 확률 : 66.26%"
"[핸들링을 볼 수 있는 영상은], 부정 텍스트 확률 : 69.51%"
"[아래를 참고하자.], 부정 텍스트 확률 : 92.39%"
"[▼▼▼▼▼ ], 부정 텍스트 확률 : 53.29%"
"[오르빗은 초 폴딩으로 유명한데], 부정 텍스트 확률 : 67.71%"
"[오르빗 폴딩은 아래 영상을 보면 된다.], 부정 텍스트 확률 : 50.64%"
"[▼▼▼▼▼ ], 부정 텍스트 확률 : 53.29%"
"[셀프 스탠딩을 하며], 부정 텍스트 확률 : 68.33%"
"[핸들에 스크래치가 나서], 부정 텍스트 확률 : 70.79%"
"[그래도 다행인 건], 부정 텍스트 확률 : 69.66%"
"[오르빗베이비에서 핸들을 ], 부정 텍스트 확률 : 61.33%"
"[편하게 쓰고 핸들 교체해야지], 부정 텍스트 확률 : 73.42%"
"[아이와 외출을 할 때나], 부정 텍스트 확률 : 65.93%"
"[쇼핑을 하다 보면], 부정 텍스트 확률 : 63.53%"
"[짐이 점점 늘어나는데], 부정 텍스트 확률 : 78.19%"
"[장바구니가 무척 넓고], 부정 텍스트 확률 : 75.70%"
"[밴딩 형태로 되어있어], 부정 텍스트 확률 : 53.00%"
"[그런데 아쉬운 점이라면], 부정 텍스트 확률 : 64.72%"
"[밴딩을 최대로 벌려도], 부정 텍스트 확률 : 60.64%"
"[큰 물건은 넣기가 어렵다.], 부정 텍스트 확률 : 78.07%"
"[그래서 내가 선택한 방법은], 부정 텍스트 확률 : 70.02%"
"[카트로 사용하깈ㅋㅋㅋㅋ], 부정 텍스트 확률 : 78.70%"
"[시트 없이 유모차 프레임만으로], 부정 텍스트 확률 : 56.16%"
"[오르빗 카시트], 부정 텍스트 확률 : 53.29%"
"[오르빗 카시트에만 앉으면], 부정 텍스트 확률 : 53.29%"
"[오르빗 카시트는], 부정 텍스트 확률 : 66.26%"
"[캡슐형 시트], 부정 텍스트 확률 : 53.29%"
"[리바운드 스토퍼], 부정 텍스트 확률 : 53.29%"
"[더블 서포팅 레그로], 부정 텍스트 확률 : 64.02%"
"[아이의 안전을 책임지기에], 부정 텍스트 확률 : 50.96%"
"[신생아 카시트로 딱이다.], 부정 텍스트 확률 : 76.49%"
"[바구니형 카시트를 많이 보는 것 같았는데], 부정 텍스트 확률 : 78.76%"
"[오르빗 카시트는 ], 부정 텍스트 확률 : 66.26%"
"[바구니형으로도], 부정 텍스트 확률 : 67.07%"
"[활용할 수 있는 제품이라], 부정 텍스트 확률 : 53.75%"
"[사용기간이 길다.], 부정 텍스트 확률 : 81.28%"
"[아이의 숙면을 돕고], 부정 텍스트 확률 : 50.96%"
"[독립된 공간을 확보해주지만], 부정 텍스트 확률 : 58.66%"
"[거울을 달아도 룸미러로 안보옄ㅋㅋㅋㅋ], 부정 텍스트 확률 : 54.01%"
"[허리를 쭉 피고 룸미러를 들여다봐도], 부정 텍스트 확률 : 65.25%"
"[이마만 보인닼ㅋㅋㅋㅋ], 부정 텍스트 확률 : 72.88%"
"[아이의 얼굴이 안 보여 답답하다 싶었는데], 부정 텍스트 확률 : 93.78%"
"[카시트에서 너무 잘 자고], 부정 텍스트 확률 : 60.15%"
"[안 잘 땐 뭐라 뭐라 옹알이도 하니], 부정 텍스트 확률 : 87.54%"
"[차량으로 이동 중에 잠이 든], 부정 텍스트 확률 : 90.22%"
"[울 아가를 깨우기 싫어], 부정 텍스트 확률 : 79.37%"
"[카시트에 유모차 베이스를 장착했다.], 부정 텍스트 확률 : 61.49%"
"[햇빛으로 인해 잠이 깨지 않도록], 부정 텍스트 확률 : 85.55%"
"[요거 이렇게 쳐놔도], 부정 텍스트 확률 : 76.33%"
"[아이가 깼을 때 무서워하지 않는다.], 부정 텍스트 확률 : 71.50%"
"[차량이나 유모차 프레임에서], 부정 텍스트 확률 : 80.20%"
"[도 회전이 되니], 부정 텍스트 확률 : 72.27%"
"[원하는 방향으로 아이를 앉힐 수 있고], 부정 텍스트 확률 : 50.96%"
"[유모차뿐 아니라 카시트도], 부정 텍스트 확률 : 90.81%"
"[하이체어로 사용이 가능해], 부정 텍스트 확률 : 66.53%"
"[아쉬운 점이라면], 부정 텍스트 확률 : 64.72%"
"[레인커버나 모기장은 있어도], 부정 텍스트 확률 : 52.05%"
"[사계절 커버가 없다는 것.], 부정 텍스트 확률 : 73.39%"
"[그거로 대신하려고 주문해두었다.], 부정 텍스트 확률 : 83.69%"
"[오르빗 베시넷], 부정 텍스트 확률 : 53.29%"
"[로커베이스에 장착해], 부정 텍스트 확률 : 59.00%"
"[로커베이스를 고정시키면 ], 부정 텍스트 확률 : 65.88%"
"[아기침대가 되고], 부정 텍스트 확률 : 78.71%"
"[좌우 바운싱이 되는], 부정 텍스트 확률 : 70.97%"
"[흔들 침대가 되고], 부정 텍스트 확률 : 78.71%"
"[유모차 베이스에 장착하면], 부정 텍스트 확률 : 59.00%"
"[요람형 유모차가 되는 베시넷.], 부정 텍스트 확률 : 75.03%"
"[모든 게 처음인 신생아가], 부정 텍스트 확률 : 79.32%"
"[유모차에 적응하기 쉽도록], 부정 텍스트 확률 : 66.32%"
"[도와주는 아이템이기도 하며], 부정 텍스트 확률 : 66.90%"
"[아기가 유모차에 잘 타면 진짜 편함], 부정 텍스트 확률 : 76.95%"
"[자신만의 ], 부정 텍스트 확률 : 70.69%"
"[프라이빗 한 ], 부정 텍스트 확률 : 66.90%"
"[공간이 있다는 게], 부정 텍스트 확률 : 59.77%"
"[신생아한테 안정이 되는지], 부정 텍스트 확률 : 78.31%"
"[곧 못쓰게 될 것 같다. 흑흑], 부정 텍스트 확률 : 77.92%"
"[개월까지 쓴다는데...], 부정 텍스트 확률 : 68.93%"
"[우리집 식물들도 그러더니], 부정 텍스트 확률 : 60.54%"
"[얘도 기럭지만 늘이고 있다보낰ㅋㅋㅋ], 부정 텍스트 확률 : 77.89%"
"[그래도 다리 만들어서라도], 부정 텍스트 확률 : 66.83%"
"[눕히고 싶은 베시넷], 부정 텍스트 확률 : 66.24%"
"[일어나고 나면 방실방실 웃으니], 부정 텍스트 확률 : 57.08%"
"[다리를 접어서라도 뉘우고 싶다 하하], 부정 텍스트 확률 : 95.53%"
"[베시넷은 여행지나 친척 집에 갈 때마다], 부정 텍스트 확률 : 84.43%"
"[들고 가 아이를 재우고 있다.], 부정 텍스트 확률 : 61.82%"
"[푹신한 바닥에서 재우기 불안해서], 부정 텍스트 확률 : 72.40%"
"[요건 내 포스팅에서], 부정 텍스트 확률 : 51.40%"
"[핸들 높낮이 조절 당연히 된다], 부정 텍스트 확률 : 73.64%"
"[신생아 디럭스 유모차를], 부정 텍스트 확률 : 58.51%"
"[구입하려는 초보 엄마 아빠들에게], 부정 텍스트 확률 : 62.87%"
"[도움이 되고 싶어], 부정 텍스트 확률 : 71.65%"
"[단점도 솔직하게 쓰려 했는데], 부정 텍스트 확률 : 68.89%"
"[큰 단점이 없다.], 부정 텍스트 확률 : 83.09%"
"[너그러이 받아들일 정도로], 부정 텍스트 확률 : 67.67%"
"[주변에서 출산준비하겠다고], 부정 텍스트 확률 : 80.54%"
"[디럭스 유모차 뭐가 좋냐 물으면], 부정 텍스트 확률 : 52.69%"
"[망설임 없이 오르빗을], 부정 텍스트 확률 : 73.11%"
"[예산에 여유가 된다면], 부정 텍스트 확률 : 70.88%"
"[오르빗 올인팩을 권할 거다.], 부정 텍스트 확률 : 61.30%"
"[ 오르빗베이비구매후기 ], 부정 텍스트 확률 : 53.29%"
"[유모차에 대해 자세하게 몰랐지만 구매 기준이 된 것은 세련됨과 높은 시트상기 기준으로 유모차를 찾다보니 스토케가 가장 근접했지만.. 비싼 가격이 비해 장점이 별로 없음.. ], 부정 텍스트 확률 : 80.06%"
"[그러다가킨텍스 베이비페어에 유모차 비교하러 갔다가 처음으로 만난 오르빗베이비 유모차 ], 부정 텍스트 확률 : 59.05%"
"[ 디럭스 유모차 구입후기 오르빗], 부정 텍스트 확률 : 53.29%"
"[둘다 마음에 들면 가격이 턱없이 비싸고..ㅋㅋ내 기준에 딱 충족하는 유모차 발견 조립하자마자 집이 좁은 관계로 시댁으로 유모차를 옮겨서 사진이 별로 없어서 오르빗 홈페이지에서 사진을 가져왔다. ...... ], 부정 텍스트 확률 : 72.23%"
"[오르빗을 선택하게 된 이유 중 하나.아기 시트가 회전이 가능하고 특이 이렇게 측면으로 앉힐 수 있다는 점.디럭스 유모차들은 자리를 많이 차지하기 때문에 식당에 가서 유모차를 따로 세워놓고 하이체어를 가져다가 앉히기에 번거로울 것 같은데], 부정 텍스트 확률 : 50.92%"
"[이점이 큰 이점이 될 것 같다.], 부정 텍스트 확률 : 63.57%"
"[베시넷요람], 부정 텍스트 확률 : 53.29%"
"[카시트], 부정 텍스트 확률 : 53.29%"
"[아기를 깨워서 유모차에 태우지 않아도 된다고 한다. 나의 경우 베시넷은 따로 구입하지 않았고], 부정 텍스트 확률 : 81.53%"
"[카시트만 구입했는데], 부정 텍스트 확률 : 84.32%"
"[이 패키지로 구입해도 스토케같은 유모차 한대값이랑 큰 차이가 없었다. 패키지로 구매하는거로 생각하면 우리가 생각했던 것보다 가격이 비싸다는 생각이 들지 않았다.], 부정 텍스트 확률 : 85.14%"
"[이렇게 카시트를 들어서 유모차에 실으면 끝 ], 부정 텍스트 확률 : 88.71%"
"[베시넷은 다른 아기침대가 있어서 구입하지 않았지만 살지말지 고민을 많이 했었다.친정에 애기 데려가거나 할때 유용하게 쓰일 것 같다.], 부정 텍스트 확률 : 56.67%"
"[베시넷도 이렇게 유모차와 호환이 가능], 부정 텍스트 확률 : 59.56%"
"[여기부터는 내가 찍은 사진들조립이 어려워 보이지는 않았지만], 부정 텍스트 확률 : 80.59%"
"[그래도 이런것은 너가 하여라 남편], 부정 텍스트 확률 : 78.42%"
"[이렇게 유모차 양옆으로 수납할 수 있는 바구니를 탈부착 할 수 있다. ], 부정 텍스트 확률 : 50.53%"
"[시댁에 유모차 가져다 놓으러 가면서 기념촬영], 부정 텍스트 확률 : 77.77%"
"[아기 태어날 쯤에는 카시트 설치도 완료해야지 월에 만나 시우], 부정 텍스트 확률 : 84.60%"
"[ 내돈주고 산 오르빗 디럭스 유모차 후기 ], 부정 텍스트 확률 : 92.60%"
"[ .?오르빗], 부정 텍스트 확률 : 53.29%"
"[ 오르빗], 부정 텍스트 확률 : 53.29%"
"[.?신생아유모차], 부정 텍스트 확률 : 53.29%"
"[ 신생아유모차], 부정 텍스트 확률 : 53.29%"
"[ 오르빗 디럭스유모차 청담하이베베 구매후기 ], 부정 텍스트 확률 : 53.29%"
"[시아버님께서 찬별이 어린이날 선물로오르빗 디럭스유모차를 청담하이베베에서 구매해주셨다 임신과 동시에 가장 큰 관심이 유모차였고 남들이 디럭스는 무겁다며 다 말렸지만나는 서울 아파트숲을 벗어나 넓고 자연적인경남 친정에서 오래 머물다갈거기에고민도 아니었고 귀담아듣지도 않았다많이 태우면 장땡], 부정 텍스트 확률 : 94.94%"
"[리빙디자인페어를 다녀오다 들린하이베베청담점베이비페어나 여러 매장에서 비교를많이해본 우리 부부는 가격이나 사은품 구성이중요했는데 내심 헛걸음일까 걱정도 많이했다 ], 부정 텍스트 확률 : 50.94%"
"[매장에 들어서면 여러종류의오르빗유모차와유모차가 전시중인데그렇게 많은 매장과 페어를 다녔지만이렇게 상세한 설명을 들을 수 있었던건하이베베청담점뿐 그래서 더 신뢰가갔다 ], 부정 텍스트 확률 : 71.56%"
"[ 블랙바디], 부정 텍스트 확률 : 53.29%"
"[ 베이지쉐이드], 부정 텍스트 확률 : 53.29%"
"[ 버건디쉐이드 선택했다여름엔 베이지], 부정 텍스트 확률 : 62.16%"
"[가을엔 버건디], 부정 텍스트 확률 : 52.56%"
"[친정마당에서 오픈식을 가져봤는데생각했던 것 만큼이나 자갈길], 부정 텍스트 확률 : 56.47%"
"[ 나무데크], 부정 텍스트 확률 : 53.29%"
"[ 오르빗유모차 후기], 부정 텍스트 확률 : 53.29%"
"[안녕하세요. 제 돈 주고 발품 뛰어서 산 오르빗유모차를 올립니다. 지난 월 코엑스에서 한 코베 때 유모차를 보러 갔었는데 사실 저희는 잉글레시나 앱티카를 사러 베이비페어를 갔었는데], 부정 텍스트 확률 : 78.90%"
"[ 오르빗베이비후기 ], 부정 텍스트 확률 : 53.29%"
"[편리한 오르빗베이비 유모차도 로테이션 기능으로 편리하게 사용하고 있습니다. ], 부정 텍스트 확률 : 52.73%"
"[ .?유모차], 부정 텍스트 확률 : 53.29%"
"[ 유모차], 부정 텍스트 확률 : 53.29%"
"[ .?디럭스유모차], 부정 텍스트 확률 : 53.29%"
"[ 디럭스유모차], 부정 텍스트 확률 : 53.29%"
"[ .?신생아유모차], 부정 텍스트 확률 : 53.29%"
"[ 신생아유모차], 부정 텍스트 확률 : 53.29%"
"[ .?오르빗오르빗 ], 부정 텍스트 확률 : 53.29%"
"[디럭스유모차 할인중인 제품오르빗프리미엄 디럭스 유모차 카시트 트래블팩커스텀 색상선택 프레임로], 부정 텍스트 확률 : 55.47%"
"[유모차 시트블랙캐노피시크블랙카시트카시트 네이비 ], 부정 텍스트 확률 : 64.12%"
"[할인중인 제품 디럭스유모차 오르빗프리미엄 디럭스 유모차 카시트 트래블팩커스텀 색상선택 프레임로], 부정 텍스트 확률 : 55.47%"
"[유모차 시트블랙캐노피시크블랙카시트카시트 네이비쿠팡 세일정보 ], 부정 텍스트 확률 : 50.90%"
"[ ▼ ], 부정 텍스트 확률 : 53.29%"
"[ . ], 부정 텍스트 확률 : 62.92%"
"[ .제품 리얼후기 더보기 ∇ ], 부정 텍스트 확률 : 73.73%"
"[상품정보 ], 부정 텍스트 확률 : 53.29%"
"[ . ], 부정 텍스트 확률 : 62.92%"
"[ .상세정보 더보기 ∇ ], 부정 텍스트 확률 : 73.73%"
"[ .?시트시트.?색상선택색상선택.?외출용품외출용품 .?선물선물.?디럭스유모차디럭스유모차 ], 부정 텍스트 확률 : 81.42%"
"[ .?블랙블랙.?오르빗오르빗 ], 부정 텍스트 확률 : 53.29%"
"[ .?디럭스디럭스.?캐노피캐노피 ], 부정 텍스트 확률 : 63.46%"
"[ .?트래블팩트래블팩.?커스텀커스텀 .?.?시크블랙시크블랙 ], 부정 텍스트 확률 : 58.77%"
"[ .?출산출산.?프레임프레임 .?출산준비물출산준비물.?프리미엄프리미엄 ], 부정 텍스트 확률 : 53.29%"
"[ .?유아동유아동.?네이비네이비 .?로로.?유모차유모차 ], 부정 텍스트 확률 : 70.33%"
"[ 디럭스유모차 오르빗 프리미엄 디럭스 유모차 카시트 트래블팩멜란지 색상선택 프레임로즈골드], 부정 텍스트 확률 : 78.96%"
"[유모차 시트멜란지 그레이카시트카시트 블랙 ], 부정 텍스트 확률 : 53.29%"
"[ 쿠팡 할인 오르빗 프리미엄 디럭스 유모차 카시트 트래블팩멜란지 색상선택 프레임로즈골드], 부정 텍스트 확률 : 78.96%"
"[유모차 시트멜란지 그레이카시트카시트 블랙 ], 부정 텍스트 확률 : 53.29%"
"[ 디럭스유모차 ], 부정 텍스트 확률 : 53.29%"
"[ ▼ ], 부정 텍스트 확률 : 53.29%"
"[ . ], 부정 텍스트 확률 : 62.92%"
"[ .제품 리얼후기 더보기 ∇ ], 부정 텍스트 확률 : 73.73%"
"[상품정보 ], 부정 텍스트 확률 : 53.29%"
"[ . ], 부정 텍스트 확률 : 62.92%"
"[ .제품정보 더보기 ∇ ], 부정 텍스트 확률 : 73.73%"
"[ .?디럭스유모차디럭스유모차.?시트시트.?프레임프레임 ], 부정 텍스트 확률 : 53.29%"
"[ .?출산준비물출산준비물.?디럭스디럭스 ], 부정 텍스트 확률 : 53.29%"
"[ .?블랙블랙.?외출용품외출용품 ], 부정 텍스트 확률 : 53.29%"
"[ .?유모차유모차.?로즈골드로즈골드 ], 부정 텍스트 확률 : 70.33%"
"[ .?트래블팩트래블팩.?선물선물 .?멜란지멜란지.?색상선택색상선택 .?그레이그레이.?출산출산 ], 부정 텍스트 확률 : 81.42%"
"[ .?프리미엄프리미엄.?오르빗오르빗 ], 부정 텍스트 확률 : 53.29%"
"[ .?유아동유아동.?카시트카시트 ], 부정 텍스트 확률 : 53.29%"
"[아이 뿐만 아니라 사용자에게 더욱더 편해진 기능과 고급스러워진 디자인과 컬러감까지지후가 신생아때로 돌아간다면 당장 겟 했을 것 같은 느낌 ㅎ신제품 런칭으로 다양한 이벤트가 진행 중이라 이웃님들에게 소개해드리고 싶어 소식 들고 왔어요 ], 부정 텍스트 확률 : 93.21%"
"[이벤트 스크랩 후 퀴즈 정답과 스크랩 완료 ], 부정 텍스트 확률 : 52.29%"
"[ 자녀 월령], 부정 텍스트 확률 : 53.29%"
"[ 런칭 이벤트 인스타그램오르빗베이비 의 특강점이 담긴 이미지 중 하나 이상을 리그램한 뒤.?오르빗베이비오르빗베이비.?오르빗유모차오르빗유모차.?오르빗오르빗.?런칭런칭.?신상신상 등을해시태그해서 업로드 하면 이벤트 참여 완료 간단하쥬? ], 부정 텍스트 확률 : 78.03%"
"[인스타그램진행기간년 월 일 화월 일 일 당첨자 발표년 월 일 금당첨내용미아방지가방 만원 상당인], 부정 텍스트 확률 : 81.00%"
"[스타벅스 카페라떼 인], 부정 텍스트 확률 : 53.29%"
"[파리바게트 천원 권 인], 부정 텍스트 확률 : 53.29%"
"[..? 오르빗베이비 인스타그램 런칭 이벤트 페이지 ], 부정 텍스트 확률 : 53.29%"
"[ 오르빗 구매후기 ], 부정 텍스트 확률 : 53.29%"
"[ 오르빗 유모차 후기 ], 부정 텍스트 확률 : 53.29%"
"[언니한테 스토케 물려받고 일까지 사용하다가신랑이 아무래도 새거로 사야할꺼 같다해서집 근처베이비플러스에서 유모차를 하나씩 하나씩 다 따져보고 구입한 후기예요 저희 신랑은 어찌나 까다롭게 비교하고 또 비교 하는지 구매하고 오늘 영유아 검진 가면서처음 오르빗 유모차 태웠어요 미세먼지때문에 진짜 사놓고 여기저기 다니고 싶은마음이 굴뚝인걸 참고 ㅠㅠ집이 지져분 ........양해 바래요 ㅋㅋㅋㅋㅋ ], 부정 텍스트 확률 : 66.87%"
"[진짜 오르빗 저 덮개 색깔 고르는 거로 진짜 겁나 다퉜.... 결국 신랑이 원하는 색으로 했는데맘에 들어요 ㅋㅋ나중에 봄이나 여름되면베이지로 하나 더 구입할 예정이예요], 부정 텍스트 확률 : 71.51%"
"[오르빗의 장점은 내가 원하는 색 으로 다 골라서 조립할수 있다는거 튼튼하다는거 언니한테 물려받은 유모차는 짐넣는 수납공간이 없어서 그게 불편했는데 ㅠㅠ오르빗은 컵홀더도 기본], 부정 텍스트 확률 : 58.66%"
"[한이는 디럭스유모차를 오래 타지는 못하겠지만저희는 둘째 계획도 있어서둘째도 잘 탈수있을꺼 닽아요 커버만 바꿔주면 쌔거 느낌 물씬 ㅋㅋㅋ그럼 이만 오르빗 후기였습니당], 부정 텍스트 확률 : 60.31%"
"[ 폴딩이 쉽긴하더라구요이라는데 조금 무게감은 있어요 아무래도 디럭스니까 단단해야 안전하죠젤큰 장점은 도 회전이죠], 부정 텍스트 확률 : 93.91%"
"[저도 가격이랑 사은품 정보 알수있을까요?], 부정 텍스트 확률 : 82.71%"
"[저도 계속 정보만 찾아보고있는데.. 혹시 구매정보 알수 있을까요???], 부정 텍스트 확률 : 67.83%"
"[ 얼마주고사셨어욤?], 부정 텍스트 확률 : 81.30%"
"[저도 가격 알려주세요 ], 부정 텍스트 확률 : 70.36%"
"[저도 가격알려주세요], 부정 텍스트 확률 : 70.36%"
"[저도 가격 정보 부탁드려요], 부정 텍스트 확률 : 68.07%"
"[ 혹시 가격이랑 사은품 내용 알 수 있을까요? 어제 ㅠㅠ 오르빗에 너무 사람많아서 못봤는데 너무 후회되서요ㅠㅠ], 부정 텍스트 확률 : 52.26%"
"[가격은 만원대였구요 사은품은패니어개 시력보호커버 받았구요 후기쓰면 구매자전원 윈터키트랑 모기장 준다고 햇어요], 부정 텍스트 확률 : 84.29%"
"[찌니따니저도 이번 베페에서 구입했는데요혹시 본사에서 문자가 왔나요?], 부정 텍스트 확률 : 86.56%"
"[튼튼이예비맘무슨 문자 말씀하시는거에용?], 부정 텍스트 확률 : 91.12%"
"[올블랙으로 구입하고 여름엔 치양막을 밝은색으로 바꿔줘야겠다생각했는데 이 컬러 고급지고 이쁘네요], 부정 텍스트 확률 : 65.74%"
"[ 오르빗 카시트에 유모차에 연년생 뽕을 뽑고잇습니다], 부정 텍스트 확률 : 68.67%"
"[살정도까진 탈수있다던데 맞나요? 첫째라 암것두 몰라요ㅠ], 부정 텍스트 확률 : 83.03%"
"[죄송한데 전 유모차를 팔아야되서 사신금액 알수있을까요? 금액책정이 어려워서요], 부정 텍스트 확률 : 65.55%"
"[ 부가부앤트는 없나요?], 부정 텍스트 확률 : 77.32%"
"[부가부는 없습니다], 부정 텍스트 확률 : 82.12%"
"[ ㄷㅣㄱㅇㅂ ㄴㅅ], 부정 텍스트 확률 : 53.29%"
"[기내반입은 디럭스유모차라 안되지않을까 싶어요ㅠㅠ], 부정 텍스트 확률 : 51.56%"
"[얼마에 규매하셨엉요?], 부정 텍스트 확률 : 83.95%"
"[ 얼마에 구매하셨나요?? 업체연락처알고계신가요??], 부정 텍스트 확률 : 74.75%"
"[쪽지한번만 확인부탁드립니다], 부정 텍스트 확률 : 52.93%"
"[가격은 쪽지로 공유해드릴게요], 부정 텍스트 확률 : 74.30%"
"[번호드릴게요문의해보세요], 부정 텍스트 확률 : 56.73%"
"[애기가 조금만 크면 작아져서 못탄다는데 몇개월 생각하고 구매하셨나용? 이제 막 유모차 알아보는중이라 잘 몰라서요 ㅠㅠ 신생아최소 살?까지는 탈까오 물론 애기 키로마다 다르겠지만요], 부정 텍스트 확률 : 63.39%"
"[가격이랑 악세사리 구성정보 부탁드려요], 부정 텍스트 확률 : 74.19%"
"[ 구매금액 알수있을까요?], 부정 텍스트 확률 : 69.99%"
"[가격 댓글로 적어도되는지몰라 쪽지로 보내드렸어요], 부정 텍스트 확률 : 75.27%"
"[저도 구매가격 쪽지 부탁드릴게요], 부정 텍스트 확률 : 68.07%"
"[저도 가격알려주세요], 부정 텍스트 확률 : 70.36%"
"[저도 금액 알고싶습니다], 부정 텍스트 확률 : 70.36%"
"[저도 베페어서 오이스터구매했어요], 부정 텍스트 확률 : 65.64%"
"[다들 잘 쓰신다니까 더 끌리네요근데 아쉬운점은 전혀 없으신가요?], 부정 텍스트 확률 : 79.41%"
"[복뗑이디럭스윰차의가장큰단점은 무겁다는것이 아닐까요?ㅋ 트렁크에 윰차들어가면 공간이 별로 안남는다는거ㅋ], 부정 텍스트 확률 : 94.94%"
