"[보통 유모차 구입후기는 예비엄마들이나 아기엄마들이 많이 작성할 테지만 난 예비 아빠이다유모차라고 꼭 후기를 엄마들만 쓰라는 법은 없지요 안그렇습니까 예비 아빠님들?곧 월에 애기가 나오는데 지금까지 멍 때리고 있었는데 어느날 마눌님께서 유모차와 카시트를 미리 알아봐야 겠다며 수원의 한 유명한 아기용품 전문점을 찾았습니다.그저 유모차라고는 스케], 부정 텍스트 확률 : 57.16%"
"[리 같은 이름만 몇번 들어만 봤고 카시트는 아예 브랜드 자체가 뭐가 있는지도 잘 모르는 나같은 아빠들이 태반일 터.역시나 매장에 수십종류의 유모차와 카시트를 봐도 대체 뭐가 좋은건지], 부정 텍스트 확률 : 88.32%"
"[어떤 제품이 아이에게 좋을지눈으로 봐서는 도저히 모르겠다...ㄷㄷ사실 아무 것도 모를 때는 매장 직원에 도움을 받는 것도 나쁘지 않은 듯. 일단 열심히 설명하고 있는 다른 직원들의 말을 구경하면서도 나름 열심히 엿들으며 어떤 제품을 구입할 것인지 생각을 정리해 보았습니다.. 아이에게 최적의 승차감을 제공할 것.. 땀띠나지 않도록 통풍 잘되고좋은 천을 사용한 제품일 것.. 키와 덩치가 매우 큰 내가 밀고다녀도편한 제품일 것.. 폴딩이 매우 간편하고 비교적가벼운 제품일 것.. 만원이 넘지 않고 가성비가 좋을 것.유모차도 차이기에 차의 승차감을 결정짓는 것은 무엇보다 최고의 서스펜션이 들어가야 하지 않을까?해서 일단 서스펜션이 들어가 있지 않는 일반 유모차는 제외.디럭스 유모차 중에서 가성비 좋고 폴딩이 간편하며 적당히 괜찮은 천을 사용하고 내가 끌고 다녀도 발에 채이지않고 편안한 제품을 찾다보니 눈에 들어온 제품이 바로하비 이지워커일단제품 만듦새와 적당한 가격대], 부정 텍스트 확률 : 99.96%"
"[ 모든 구성품을 늘어놓은 모습.하단 장바구니가 기본 조립되어있는 프레임시트손잡이설명서뒷바퀴 개앞바퀴 개업 브라켓신생아용 패드 서비스 까지. ], 부정 텍스트 확률 : 65.83%"
"[ 뒷바퀴 베어링은 . 옆면이 막혀있는 방수 베어링이 아니라 살짝 아쉽지만 뭐 물이 튈 일은 잘 없으니까 ], 부정 텍스트 확률 : 59.97%"
"[ 뭐 대충 보니까 굳이 설명서가 필요 없을 듯 한 아주 쉬운 구조. 뒷바퀴를 양쪽 구멍에 쏘옥 ], 부정 텍스트 확률 : 69.66%"
"[ 앞바퀴도 구멍에 맞춰서 쏙 넣어주시고 ], 부정 텍스트 확률 : 96.76%"
"[ 브라켓 꽂고 시트 꽂으니 끝이거 원 너무 쉬워서 그래서워커인가 ], 부정 텍스트 확률 : 89.07%"
"[ 정면 샷 ], 부정 텍스트 확률 : 53.29%"
"[ 측면 샷 ], 부정 텍스트 확률 : 53.29%"
"[ 캐노피 까지 펼쳐주니 진짜 유모차가 나타났다 ], 부정 텍스트 확률 : 70.79%"
"[ 캐노피 펼치고 정면 샷 ], 부정 텍스트 확률 : 64.12%"
"[ 스티커는 검색해보니 많이들 붙이는 곳이 있던데 저는 잘 떨어진다는 의견을 참고하여 저기다 붙였습니다종이 위라서 떨어질 일은 없겠쥬 ], 부정 텍스트 확률 : 83.81%"
"[ 폴딩시 모습사실 이 제품을 선택했던 가장 큰 이유중 하나시트를 분리하지 않고도 원터치 폴딩 가능저렇게 접어서 트렁크에 살포시 올려만 놓으면 끝참 쉽죠잉?자 이제 아기만 태어나길 기다리면 끝 이 아닙니다물론 아이들이 태어난 후에 유모차를 구입한 분들도 있겠지만저처럼 미리 사놓는 분들을 위한 꿀팁 ], 부정 텍스트 확률 : 98.08%"
"[ 유모차를 포장했던 비닐을 버리지 말고 집에 보관할 때 시트에 씌워주면 먼지 걱정 끝혹시나 저 비닐을 이미 버렸다면....그냥 마트에서 파는 쓰레기봉투 큰 사이즈 씌워도 됩니다. ], 부정 텍스트 확률 : 77.97%"
"[ 요렇게요시트에 먼지 쌓여서 이쁜 아기가 미세먼지 마실 일도 없고너무너무 좋네요유럽 소비자 만족도 위하비 이지워크 유모차조립해보면서 여기저기 살펴보고 만져보니 왜 소비자 만족도 위 했는지 알 것 같네요.튼튼한 프리미엄 아노다이징 프레임], 부정 텍스트 확률 : 76.01%"
"[휠 소프트 서스펜션], 부정 텍스트 확률 : 53.29%"
"[단 각도조절 풋레스트], 부정 텍스트 확률 : 53.29%"
"[ 도 젖혀지는 캐노피], 부정 텍스트 확률 : 82.29%"
"[단계 높이조절 및 핸드메이드 가죽 손잡이], 부정 텍스트 확률 : 53.29%"
"[넓은 하단 장바구니], 부정 텍스트 확률 : 53.29%"
"[ 더 높여주는 브라켓], 부정 텍스트 확률 : 77.41%"
"[쉽게 탈착 되면서도 튼튼하게 고정되는 홀더], 부정 텍스트 확률 : 84.13%"
"[초 폴딩 기능.거기다 이 모든 기능을 다 가지고 있음에도 착한 가격대 성능비 까지너무 잘 산 것 같아서 기분이 좋네요이제 우리 애기만 아무 탈 없이 나오면 정말 좋겠어요여러분들도 좋은 유모차 선택하는데 도움이 되었기를 바랍니다 .?하비이지워커하비이지워커 .?하비유모차하비유모차 .?이지워커유모차이지워커유모차 .?가성비갑유모차가성비갑유모차 .?디럭스유모차추천디럭스유모차추천 .?하비이지워커개봉기하비이지워커개봉기 .?하비이지워커구입기하비이지워커구입기 .?유모차유모차 ], 부정 텍스트 확률 : 61.32%"
"[작년에 결혼한 친언니가 곧 출산예정을 앞두고 있어요제가 언니보다 더 빨리 결혼하고], 부정 텍스트 확률 : 72.08%"
"[첫째를 육아하면서여지껏 첫째 신발을 단 한번도 제돈주고 사준적이 없을 정도로언니가 옆에서 많이 도와줬거든요저희 아이를 전부 키웠다고 이야기 해도 과언이 아니였을정도로육아에 발벗고 나서 주었기 때문에 제가 아마 어린나이에 결혼을 해서도육아스트레스나 산후우울증 없이 잘 견뎌낼수 있었던거 같다는 생각이요근래에 종종 들더라구요 ], 부정 텍스트 확률 : 55.74%"
"[ 저는 이제 아이가 왠만큼 커서 어떤제품이 좋은지 잘 알지도 못하고], 부정 텍스트 확률 : 82.12%"
"[ 어디서 구매하는게 저렴한지 정보도 없어 친구한테 물어보니유모차 베이비플러스 이천점이 제일 저렴하다면서하비 이지워커 유모차를 추천해주더라구요 ], 부정 텍스트 확률 : 59.97%"
"[ 언니를 데리고 이천 베이비플러스에 가보았는데요매장에 들어서자 마자 보이는 많은 육아용품들이 시선을 한눈에사로잡더라구요 제품들 모두 종류별로 딱딱 찾기 쉽게정리가 되어있어서 제품이 훨씬 더 많아보였는데요 ], 부정 텍스트 확률 : 96.94%"
"[아이를 키우면서 사이사이 필요한 제품들과내복까지 저렴한 가격에 판매가 되고 있었는데요 ], 부정 텍스트 확률 : 63.63%"
"[ 알고보니 이천 베이비플러스는 일 출산육아용품을 할인판매하는전문할인매장이더라구요.무엇보다 눈으로 직접 보고 고르고 구매할수 있는데베페나 온라인보다 저렴한 가격에 판매한다는 매리트가 제일 크더라구요저는 왜 그동안 육아하면서 이곳을 알지 못했을까라는 생각이들었는데요 역시 아이키우는데에 있어 정보력은 필수라니깐요 ], 부정 텍스트 확률 : 61.78%"
"[ 언니도 아직 하비 이지워커 뿐만아니라 준비못한 출산용품들이 많은데 이참에 몇가지 구매해가야겠다며세제랑 로션], 부정 텍스트 확률 : 93.96%"
"[ 바스와 젖병 그리고 속싸개와 배넷저고리까지 구경했는데요브랜드별로 진열되어있는 세제를 향취와 가격비교하며 직접 고르고로션과 바스 또한 테스터를 이용해서 직접 사용해보고 고를수 있으니제품 구매에 실패하는 일도 없고 너무 좋더라구요 ], 부정 텍스트 확률 : 94.22%"
"[ 판매되고 있는 제품의 디피상태나 컨디션 테스터들도 모두 너무 청결했는데요알고보니 오픈한지 몇달 안된 매장이라고 하더라구요그래도 그새 입소문을 탓는지 제가 방문한날만 해도 꽤 많은 손님들이 있었어요 ], 부정 텍스트 확률 : 56.11%"
"[ 유모차 베이비플러스 이천 매장을 전체적으로 한바퀴 돌며 구경한뒤 필요한제품 몇개 담고 이제 하비 이지워커 구경을 했는데요유모차만 해도 수십대가 넘는 종류가 진열되어있더라구요 이중에서 어떤게저희가 찾는 제품인지조차 알지 못해 직원분의 도움을 조금 받았는데요 ], 부정 텍스트 확률 : 95.16%"
"[ 직원분이 직접 브랜드별 유모차의 장 단점과 매리트를 세세하게 설명하고비교해주시니 무작정 하비 이지워커 구매하기에 앞서몇가지 유모차와 함께 두고], 부정 텍스트 확률 : 55.97%"
"[ 그래서인지 이 유모차는 실제 다른 유모차를 사용해보고 난후 불편했던점이비교가 되니 더 끌리더라구요 디자인은 또 얼마나 이쁘던지], 부정 텍스트 확률 : 69.58%"
"[세련되고 고급스러운 블랙과 다크그레이 톤이 오래오래 질리지 않고 사용할수 있겠다는 생각이 들었어요년 유럽 소비자 만족도위로 선정되기 까지 했다더라구요 ], 부정 텍스트 확률 : 52.54%"
"[ 디자인], 부정 텍스트 확률 : 53.29%"
"[ 안정성], 부정 텍스트 확률 : 74.36%"
"[ 경기도 이천시 이섭대천로흥인프라자 호 지번 경기도 이천시 증포동흥인프라자 호 전화번호 매일연중무휴], 부정 텍스트 확률 : 94.52%"
"[아기침대 구매 이후 이제 주가 되면서 유모차와 카시트도 어떤걸 사야할지 고민을 많이 했습니다.처음에 유모차에 대한 정보가 거의 없을때는 디럭스 유모차는 가격과 크기가 부담이 되어서 절충형으로 마음먹고 있었거든요.그런데 휴대형], 부정 텍스트 확률 : 77.07%"
"[절충형], 부정 텍스트 확률 : 53.29%"
"[무게감], 부정 텍스트 확률 : 52.31%"
"[핸들링], 부정 텍스트 확률 : 53.29%"
"[튼튼한 바퀴], 부정 텍스트 확률 : 53.29%"
"[서스펜션흔들림 방지단점 비싼 가격], 부정 텍스트 확률 : 53.29%"
"[폴딩시 부피절충형장점 휴대형과 디럭스형의 중간단점 휴대용 보다는 튼튼하지만 디럭스 보다는 못한 어중간함휴대형장점 저렴한 가격], 부정 텍스트 확률 : 71.92%"
"[가벼운 무게], 부정 텍스트 확률 : 55.67%"
"[쉬운 폴딩단점 작은 바퀴], 부정 텍스트 확률 : 53.29%"
"[흔들림], 부정 텍스트 확률 : 53.29%"
"[페도라 ], 부정 텍스트 확률 : 53.29%"
"[스토케], 부정 텍스트 확률 : 53.29%"
"[이지워커 하비], 부정 텍스트 확률 : 57.33%"
"[마마앤파파스 오카로], 부정 텍스트 확률 : 64.02%"
"[잉글레시나 트릴로지], 부정 텍스트 확률 : 81.24%"
"[미마자리 등 등.그 중에서도 양대면 가능], 부정 텍스트 확률 : 71.13%"
"[핸들 높낮이 조절], 부정 텍스트 확률 : 53.29%"
"[서스펜션 유무], 부정 텍스트 확률 : 53.29%"
"[하이포지션시트], 부정 텍스트 확률 : 53.29%"
"[만져보기 위해 매장을 방문했어요.하지만 너무 많은 발품을 팔기에는 무리가 있는 상황인지라평택 베이비 플러스], 부정 텍스트 확률 : 89.57%"
"[일산 베이비페어 맘앤베이비 액스포], 부정 텍스트 확률 : 53.29%"
"[수원 영통 맘스맘 세군데만 다녀왔습니다. ], 부정 텍스트 확률 : 90.41%"
"[ 이지워커 하비 두종류로 좁혀졌고], 부정 텍스트 확률 : 77.98%"
"[ 최종적으로 이지워커 하비로 구입하게 된 결정적인 이유는 디럭스 유모차이지만 적당히 가벼운 무게로 인한 부드러운 핸들링 이었습니다.마마앤파파스 오카로는 디럭스 유모차답게 묵직한 무게로 안정감은 주지만], 부정 텍스트 확률 : 84.07%"
"[뒷바퀴 개의 총 개의 휠 독립 소프트 서스펜션시트 분리없이 손쉬운 원터치 이지폴딩단계 조절이 가능한핸드메이드 가죽 손잡이양대면 시트 전환은 기본이구요 ], 부정 텍스트 확률 : 82.47%"
"[ 이지워커 하비에 대한 자세한 내용은 공식 홈페이지를 참고하시면 도움이 될 것 같습니다.이지워커 하비 공식 홈페이지 주소...... ], 부정 텍스트 확률 : 96.35%"
"[ ↑ 박스 개봉시 구성품입니다.바퀴만 조립하면 되는거라서 조립하는데는 분정도 밖에 안걸리더라구요. ], 부정 텍스트 확률 : 74.13%"
"[결혼한지 년], 부정 텍스트 확률 : 72.69%"
"[ 오래 기다린 아가인만큼좋은 것만 듬뿍듬뿍 경험하게 해주고 싶어서육아용품 하나를 구입하는 데에도몇 날 며칠을 검색에 또 검색하며 꼼꼼히 찾아보는 편이랍니다. 그렇게 꼼꼼히 따져보고 구입한 것 중의 하나가 유모차아니], 부정 텍스트 확률 : 82.60%"
"[실버 등 제가 원하는 색상이 없더라구요근데 어느날부터핑크색 하비 가 보인다?뭐지? 하고 자세히 보니 하비 가 나왔더라구요하이베베 논현점 블로그에서 발견한이지워커 하비 완전 따끈따끈한 신상이었어용 ㅎㅎ ], 부정 텍스트 확률 : 52.66%"
"[ 아기를 데리고 하이베베 논현 매장에 직접 방문하기가 어려워서온라인으로 상품을 확인해야 했는데], 부정 텍스트 확률 : 67.66%"
"[ 친절하게도 상품 디테일 사진을 직접 찍어서 문자로 보내주셨어요. 그 덕분에 많이 고민하지 않고 구매하게 되었답니다.택배로 받자마자 조립 시작조립도 어렵지 않았고], 부정 텍스트 확률 : 98.85%"
"[ 그리고 예전 버전의 이지워커 하비가 후보에 있었지만 아쉬웠던 한 가지가통풍창이 좌우에 있어서 보행하며 아기를 직접 보면서 확인하기 어렵다는 점이었는데], 부정 텍스트 확률 : 63.43%"
"[ 장바구니도 굉장히 넓어서마트 다녀올 때 사고 싶은 것들 왠만한 것은 다 넣어서 올 수 있어요. ㅎㅎ아기 없을 때 유모차 없이 마트는 어떻게 다녀왔는지? ㅋㅋㅋ맨날 박스 포장해서 들고 왔는데유모차가 생겨서 마트 다녀오기도 완전 편해졌네용. ], 부정 텍스트 확률 : 70.11%"
"[ 무엇보다 신생아 유모차로 쓸 수 있는지], 부정 텍스트 확률 : 56.24%"
"[제 돈 주고 샀고 넘나 만족해서 쓰는 후기입니다.], 부정 텍스트 확률 : 94.25%"
"[ 휠 독립 서스펜션으로 주행 중 발생하는 충격을 흡수해 준다고 한다. 신생아인 경우 머리 흔들림이 매우 신경이 쓰이는데], 부정 텍스트 확률 : 89.59%"
"[독립된 서스펜션으로 흔들림과 사용하는 사람의 손목 피로감을 최소 화 한다니], 부정 텍스트 확률 : 76.21%"
"[절충형이지만 디럭스 느낌이 폴랑폴랑 나는 유모차. 우리 부부같은 경우 신생아때부터 쭉 쓸만한 유모차를 검색했기 때문에 그만큼 핸들링이 좋은 유모차를 중요하게 생각했다. 걱정과 달리 찰리의 핸들링은 너무 완벽했다. 부드럽고 안정적이라고 표현해야 맞을까? 유모차 색상은 나이트블랙], 부정 텍스트 확률 : 83.58%"
"[글레이셔블루], 부정 텍스트 확률 : 53.29%"
"[클라우드 그레이], 부정 텍스트 확률 : 53.29%"
"[겨울에 추워보일까 싶기도 하고.], 부정 텍스트 확률 : 71.20%"
"[그냥 숙달미숙으로 결론내림. 이제보니 신생아패드가 있어도 한번에 촥 잘 접힌다. 무조건 남편 혹은 아빠 아이 할아버지가 접고 차에 싣고 해서 나는 신경도 쓰지 않다가 막상 남편이 가고 할비가 같이 나가지 않았던 어느날... 할미와 엄마 둘만의 외출에 유모차가 필요해 유모차를 접으려니 난감했지만], 부정 텍스트 확률 : 94.64%"
"[ ......... ], 부정 텍스트 확률 : 53.29%"
"[아이가 워낙 작기도 하고 누워 있는 시간이 많은데], 부정 텍스트 확률 : 53.91%"
"[실내에서 이동하지 않는한 손잡이를 짭게 해놓는 편이다. 주위에 거슬리지 않는다고 표현해야 하나. 아이를 바라보기에도 훨씬 수월하다.], 부정 텍스트 확률 : 84.12%"
"[ 최대 도부터 의자형까지 신생아때부터 어린이?가 될때가지 쭉 사용이 가능하다. 신생아때부터 쓰고 싶은 유모차를 엄청 검색을 했는데], 부정 텍스트 확률 : 58.27%"
"[ 집에서 살짝 잠을 잘때도 큰 역활을 하는데], 부정 텍스트 확률 : 85.30%"
"[ 그뿐만이 아닙니다. 유모차에서 편하게 모빌놀이도 가능한데], 부정 텍스트 확률 : 92.82%"
"[ 유모차사용한지 한달이 넘어가는데], 부정 텍스트 확률 : 52.93%"
"[ 나는 휴대용을 꼭 한번 써보고 싶은데], 부정 텍스트 확률 : 61.87%"
"[아이가 좀더 크면 휴대용을 사용해볼까? 절충형 유모차를 생각하고 있다면.?이지워커이지워커 에.?찰리찰리 를 강력하게 추천], 부정 텍스트 확률 : 56.25%"
"[ 내돈주고 내가 사서 쓰는 후기], 부정 텍스트 확률 : 98.38%"
"[ 임신초기 남양아이 육아교실 참석했다가 당첨된 .?하비유모차하비유모차 원래 사고 싶었던 윰차가 있어서 중고나라에 판매할까 살짝쿵 고민했지만핸들링이 너무 좋아서그냥 사용하기로 했는데결론만 말하면정말 만족해요 ], 부정 텍스트 확률 : 85.61%"
"[ 작년에 ㅋ후기 올리고 포인트 받겠다고 찍어논 사진들 엉망진창이네요 ㅋㅋㅋ ], 부정 텍스트 확률 : 97.18%"
"[ 어댑터로 높인 모습 ], 부정 텍스트 확률 : 56.65%"
"[ 신생아때부터 사용], 부정 텍스트 확률 : 64.20%"
"[. .?미니버기미니버기.?이지워커이지워커.?휴대용유모차휴대용유모차.?유모차추천유모차추천.?기내반입기내반입.?미니버기미니버기.얼마전 킨텍스에서 가구박람회랑 베페가 같이 열렸다 .우리집은 킨텍스랑 제법 가까운? 거리인데다가 식탁 유모차 카시트를 사려던 터라 무조건 방문.이런데 가면 일단 너무 너무너무 많은 선택지에 보통 구경만 하다 결정 장애가 오기 마련], 부정 텍스트 확률 : 98.44%"
"[안사고 힘들게 구경만 하고 나오기 일쑤인데.우린 나름 사전?조사를 마치고 꼬옥 사고 나오기로 다짐도 하고 방문했다.일단 가구부터 아 오기 잘했다 싶게 초반부터 너무 마음에 드는것 근데 뭐가 씌였던건지 이미 도착한 식탁은 마음에 쏙 들지는 않는다.몇바퀴돌고 식탁을 빠른 결정하고 베페로 옮겼다.카시트 유모차는 초입에 있어서 금방 사겠다 싶었는데], 부정 텍스트 확률 : 66.33%"
"[정말 젤 어려운 구입이구나], 부정 텍스트 확률 : 75.40%"
"[정말 쉬운게 아니었다], 부정 텍스트 확률 : 76.77%"
"[..정말 베페에 나와있는 제품은 다 앉혀본거 같다.그러다 결국 의자에 앉혀서 끌고 다니는 장난감 같은거 하나 사들고 나올뻔 하다가 다시 정신을 챙기고], 부정 텍스트 확률 : 80.51%"
"[결정한 이지워커 미니버기 ..잘 사는 건지], 부정 텍스트 확률 : 77.25%"
"[지금도 잘산게 맞는지 쇼핑몰에 가면 엄마들 끌고 다니는 휴대용 유모차 종류별로 뭔지 다시 한번 확인하고 눈돌아가고 검색해보고 있긴 하지만 몽롱한 기분으로 마감시간까지 이것저것 태워보다 결국 당첨된 요 녀석 .. ], 부정 텍스트 확률 : 98.45%"
"[그리고 각도조절은 휴대용이라도 포기하지 말고 결정에 참고하시길 바라며 블로그에 후기를 남긴다 ㅋ̆̎ㅋ̐̈ㅋ̊̈ㅋ̄̈ㅋ꙼̈ㅋ̆̎ㅋ̐̈ㅋ̊̈ㅋ̄̈ㅋ꙼̈ . ], 부정 텍스트 확률 : 65.04%"
"[ . ], 부정 텍스트 확률 : 62.92%"
"[.안녕하세요.. ], 부정 텍스트 확률 : 55.73%"
"[ ..오늘은 우리 아기의 첫유모차인.이지워커 하비 제품 실사용후기를 남겨보려 합니다...유모차 사기전에 엄청 고민 많이 하시죠?.저랑 아내도 그랬구요..그래서 유모차 공부좀 했었죠 ㅎㅎ..저희는 아기가 태어나기 전에 구매했어요..브랜드도 다양하고.휴대용이냐 절충형이냐 디럭스냐.디자인과 제품별 특징.핸들링과 폴딩여부도 체크하고.....역시 아내의 맘에 드는 녀석으로 구매했어요.. ], 부정 텍스트 확률 : 93.91%"
"[ ..아기는 태어나기도 전에.하루하루 기다리며 이것저것 사다보니.유모차에 아기침대까지 구매했죠.. ], 부정 텍스트 확률 : 88.23%"
"[베이비 플러스 고양점에서 구매한 유모차가 드디어 어제 배송되었어요.하비 유모차를 사기전에는 자주 해외를 나가야 해서 간편하게 접을 수 있고 부피도 작은 기내용 유모차를 구매했었는데 승차감도 별로고 무엇보다 멋도 없고 조금만 높은 턱에서 꼬꾸라지기 마련...그래서 큰 맘먹고 만 원 아래 유모차를 일 동안 비교하고 다른 분들의 동영상도 참조해가면서 고르고 고른 이지워커 하비 유모차를 구매했어요. ], 부정 텍스트 확률 : 95.44%"
"[ 일 사용 후 느낀 장점Ⅰ. 안정성 Ⅱ. 큼지막한 장바구니Ⅲ. 스토케 유모차 다음으로 압도적인 의자의 높이Ⅳ. 강한 내구성Ⅴ. 고급스러운 재질Ⅵ. 단 손잡이 조절Ⅶ. 중량은 크지만 밀고 갈 때는짜리 기내용 유모차보다 훨씬 가벼움Ⅷ. 부드러운 커브Ⅸ. 신생아부터 사용 가능일 사용 후 느낀 단점Ⅰ. 프레임이 철?이라서 추운 곳에서 따듯한 곳으로 오면 수증기가 맺혀요.Ⅱ. 만약 들고 옮길 대는 무거움비록 하루 사용해봤지만 브랜드 이름처럼 걷는 게 너무 편안했고 조금 과장해서 말하면 손잡이에 손만 대면 밀리는 것처럼 느껴져요. 그리고 의자가 높아서 아기와 가까워서 뭔가 만족스러워요. 추가로 베이비 플러스 고양점 카카오톡 상담사분 너무 적극적이고 친절하게 상담해주셔서 너무 좋았습니다.여러분도 베이비 플러스 고양점으로 연락 한번 해보세요 무조건 최저가로 맞춰준다네요.밑져야 본적입니다. ], 부정 텍스트 확률 : 97.18%"
"[.?하비이지워커하비이지워커 .?하비유모차하비유모차 .?이지워커유모차이지워커유모차 .?가성비갑유모차가성비갑유모차 .?디럭스유모차추천디럭스유모차추천 .?하비이지워커사용후기하비이지워커사용후기 .?하비이지워커실사용후기하비이지워커실사용후기 .?유모차유모차 .?디럭스유모차디럭스유모차 .?베이비플러스고양점베이비플러스고양점 .?신생아유모차신생아유모차 ], 부정 텍스트 확률 : 95.28%"
"[ 올해부터 경기도에서는 출산지원금으로 만원을 준다. 출생신고하면서 한꺼번에 신청했고 주쯤지나서 우리지역 화폐로 받아왔다. 첫째때 유모차를 빌려썼기에 둘째때 사는게 좀 아까웠다. 디럭스는 오래쓰지도 못하니 중고로 사려고했다. 그런데 괜찮은 브랜드의 중고 제품은 만원정도였고 두달된 아기를 태우자니 찝찝하기도하고해서 출산지원금을 보태서 사기로 했다. 뚜벅이로 매일 등하원길에도 타고 다닐거니 아깝지않을거라며.. 그러고나서 뭘살까 찾아보니 유모차 종류가 너무 많다.. 기능은 비슷하니 개인취향과 디자인], 부정 텍스트 확률 : 96.45%"
"[핸들링], 부정 텍스트 확률 : 53.29%"
"[양대면 가능여부], 부정 텍스트 확률 : 53.29%"
"[브랜드인지도 등에 따라 선택하면 되는 것 같다. 만원이하로 고민하다보니 .. 부가부 비], 부정 텍스트 확률 : 99.40%"
"[싸이벡스 미오스], 부정 텍스트 확률 : 57.46%"
"[ 네덜란드 유모차 그러나], 부정 텍스트 확률 : 50.47%"
"[ 사용법은 매우 간단한 편이다 그래도 폴딩은 손에 익혀야해서 영상으로 찍어보았다. 시트각도조절], 부정 텍스트 확률 : 96.60%"
"[양대면], 부정 텍스트 확률 : 53.29%"
"[ 권장연령은 개월까지라고 써있던데 첫째가 장바구니에 타도 튼튼하다. 천이라서 조금 불안하지만 괜찮았다.], 부정 텍스트 확률 : 85.79%"
"[ 앞바퀴개는 도로 데굴거리며 잘굴러가고 뒷바퀴는 커서 안정감있다. 거실 매트 정도의 단차는 쉽게 오르내린다. 소문대로 핸들링이 예술이다. 집에서는 한손으로도 가능한데 나가서는 어떨지.. ? ], 부정 텍스트 확률 : 80.72%"
"[ 드디어 첫 시승식 형님하원길 따라나선 길. ], 부정 텍스트 확률 : 87.85%"
"[손잡이높낮이 조절], 부정 텍스트 확률 : 53.29%"
"[시트를 눕혀태우면 차양막이 거의 없는 셈이다. 선쉐이드나 가림막이 있다고 되어있으니 유료판매인것같고...크기가 크다. 휴대용쓰다가 이걸사니... 휴우 공간을 많이 차지한다. 악세사리 중에 시트올리는거랑 신생아시트만 기본증정이고], 부정 텍스트 확률 : 99.40%"
"[나머지풋머프], 부정 텍스트 확률 : 53.29%"
"[두달된 아기태우기엔 아무래도 흔들림이 있다.출시된지 몇년안되었다고 하는데], 부정 텍스트 확률 : 86.97%"
"[판매량 급증이라더라ㅋ 가격과 기능을 보면 그럴만하다. 만족스럽다. ], 부정 텍스트 확률 : 56.06%"
"[ 그리고 하비 구입한 이유 중 하나는 아래처럼 트윈모드가 가능해서 추가로 시트와 바퀴세트를 사면 쌍둥이유모차처럼 쓸 수 있다. 첫째와 둘째 차이가 별로 안나면 꽤 유용할 것 같다. 평소엔 하나만 태우다가 둘태울때는 쓱 조립하면 되니.. 신기방기처음부터 트윈으로 사면 인터넷최저가 만원정도인것같고], 부정 텍스트 확률 : 91.97%"
"[출산은 월 예정인데성격이... 꽂히면 끝장을 봐야해서 개월전 유모차 구입한 후기에요ㅋㅋㅋ .?하비이지워커하비이지워커.?이지워커하비이지워커하비먼저 제가 구매한하비 이지워커 럭셔리블랙 하이베베 논현점에서 구매했습니다방금 결제하고 와서 내일 택배로 집에 도착 예정ㅋㅋㅋㅋ 후기도 성격급함 ], 부정 텍스트 확률 : 81.19%"
"[ 유모차는 애기 낳고 사도 된다는 얘기 많이 들었어요무슨 유모차를 사게 되든 휴가를 내고 베페에 첫날 일찍 가서 디피 제품을 사기로 마음을 먹었었어요근데 저는 월 출산인데 출산전 베이비페어가 코엑스 베페 월이라 빨리 유모차를 알아보게 됐네요베페에서 전시품 사려면 현장에서 고민하면 안될것 같아서 정해놓고 가야겠다 싶었고그래서 집근처 잠실롯데에서 백화점], 부정 텍스트 확률 : 77.26%"
"[토이저러스에서 대부분의 유모차를 밀어봤어요ㅋㅋ유모차 도 모를때부터 많이 봐서 알고있던잉글레시ㄴ], 부정 텍스트 확률 : 55.69%"
"[리ㅇ비싸고 유명한거라서 알고있던 스토ㅋ 말고도부가ㅂ], 부정 텍스트 확률 : 55.64%"
"[실버크로ㅅ], 부정 텍스트 확률 : 50.40%"
"[페도ㄹ], 부정 텍스트 확률 : 61.06%"
"[베이비ㅈ], 부정 텍스트 확률 : 53.29%"
"[오르ㅂ 등등 많은 브랜드가 있다는걸 알게됐고저희는 앨베없는 빌라 층에 사는 뚜벅이 가족이기 때문에 무조건 절충형을 하려고 했어요위에 있는 브랜드의 절충형 모델들을 다 백화점과 토이저러스에서 밀어봤는데야외가 아닌 매끈한 바닥인데도 흔들린다는 느낌을 받았고 그게 핸들링이 안좋은거라는걸 알게 됐어요ㅋㅋ절충형중 핸들링 좋은건 부가ㅂ 비가 유일했는데 만원ㅋㅋㅋㅋ쿠쿠쿠단점은 낮아서 아기와 멀고 많이 숙여야된다는것직접 밀어보니...휴대가 어려워도 가벼운 디럭스를 사야된다는 생각이 들었어요조사하면서 마음을 굳힌 조건은 양대면 필수 가격대는 만원 가능한 가벼운 디럭스 나중에 휴대용 사고 되도록 핸들링이 좋은것 접고 펴기 쉬운것 시트가 높았으면 좋겠음 장바구니는 클수록 좋다고 하던데 손잡이 높이조절뭣도 모를때 유명하니까 그냥 사려고 했던 잉글레시ㄴ는 정말 너무 심하게 흔들려서 리ㅇ은 가격좋고 흔들려서 맘에 드는거 없으면 사야겠다고 생각했구실버크로ㅅ는 가격대비 핸들링이 별루였지만 이게 최선인가 싶었는데... 접을때 시트를 반드시 빼야하길래 싸이벡ㅅ도 괜찮았고부가ㅂ 폭스.... 최저 만원이쁜건 비인데 절충형ㅋㅋ 비....이뻐스토ㅋ는 무겁고 예산초과오르ㅂ은 밀어보진 못했는데 시트가 양대면이 아니고 도 돌아가고 평이 좋던데 이것도 예산 초과그래서 부가ㅂ], 부정 텍스트 확률 : 99.97%"
"[오르ㅂ 중고로 사려고 알아봤는데단종된 모델은 적당한 가격에 구입 가능하지만폭스], 부정 텍스트 확률 : 81.36%"
"[ 최신 모델은 중고가 잘 안나올뿐더러 나와도 중고인데 비싸요 결국 제가 구매한이지워커 하비도 잠실에는 없어서 밀어보진 못했는데 핸들링이 좋다는 얘기가 많더라구요부가ㅂ], 부정 텍스트 확률 : 94.41%"
"[오르ㅂ], 부정 텍스트 확률 : 53.29%"
"[스토ㅋ가 비싸서 안사시는 분들이 만족하고 쓰시는것 같더라구요그래서 하비로 마음을 굳히고어떻게 하면 싸게 살지 폭풍검색에 시작했었고결국 오늘 하이베베 논현점에서 아주 싸게 구매하고 왔습니다 제가 알아본 바로는...하비 싱글기준 소비자가 ], 부정 텍스트 확률 : 98.08%"
"[ 원인데가격은 인터넷 검색구매 만원대베이비 페어에서 새제품 구매 만원 후반대유아용품 전문 매장 새제품 구매 만원 초반대베페 진열상품 예약 구매 만원 후반대순으로 저렴한거로 확인했어요ㅋㅋ자세한 금액이 궁금하시면 댓글 주세요그래서 베페 첫날 입장시간전에 가서 줄서고 빨리 세피앙 부스부터 가서 전시품 구매하려고 했었어요그런데 검색을 하다가 하이베베 논현 블로그를 알게돼서 댓글로 문의를 했고 아주 빠르게 거의 실시간으로 응답해주셨고결국 베페보다 더 좋은 조건에 구매하게 됐네요사은품은 베페에서도 주는사계절커버], 부정 텍스트 확률 : 76.07%"
"[신생아패드], 부정 텍스트 확률 : 53.29%"
"[하이시트어댑터], 부정 텍스트 확률 : 53.29%"
"[ 원에모기장모름 추가로 받았어요], 부정 텍스트 확률 : 63.20%"
"[ 다른 색상들도 찍어봤어요실제로 보기전엔 스틸그레이콜블랙럭셔리블랙 순으로 생각하고 갔는데실제로 가보니럭셔리블랙콜블랙스틸그레이 순으로 맘에 들더라구요ㅋㅋㅋㅋ역시 실물을 봐야되나봐요높이 맘에 들고가격 맘에 들고 후기 등록시 휴대용 유모차도 받고핸들링 좋고바구니 크고접고 펴는거 쉽고뒤보기시에는 불편하지만무게 . 가벼운 편이고디럭스하려면 어쩔수 없음ㅠㅠ나중에 트윈으로 확장도 되고올블랙으로 악세사리 포인트주면 완전 예쁠듯양대면이 애기 내려놓고 시트뽑아서 돌려주고뒤보기엄마보기시에 시트뽑고 폴딩하는건 불편하지만... 그래도 단점을 상쇄하는 모든 조건아직 사용은 안해봐서다른 장단점은 모르겠지만 나중에ㅋㅋㅋ출산후 여름에 추가해볼게요ㅋㅋㅋㅋㅋㅋ ], 부정 텍스트 확률 : 94.56%"
"[...?굴림이지워커찰리 굴림 실사용 후기굴림를 들려드리려구요굴림임신 개월쯤 구매한것같은데 굴림벌써 일이라니.... 굴림 굴림 굴림아가는 개월], 부정 텍스트 확률 : 70.45%"
"[대형쇼핑몰], 부정 텍스트 확률 : 53.29%"
"[마트 뿐 ㅠㅠ 굴림그래두...? 굴림이지워커찰리굴림 와 함께라면 굴림우린 어디든지 갈 수 있어 아가야 굴림 굴림 굴림저는 키가 ], 부정 텍스트 확률 : 61.31%"
"[남편은 이예요 굴림아무래도 절충형이나 휴대용 유모차는 디럭스유모차보다 굴림높이가 낮아서 키가 큰 엄마들이 사용하기엔굴림허리를 많이 굽혀야한다거나굴림고개를 막 들이밀어야하는..ㅋㅋ 굴림불편함이 있는데요], 부정 텍스트 확률 : 92.65%"
"[ 굴림 굴림굴림 이지워커 찰리는 절충형유모차이면서 ...?굴림교감시트 굴림 를 장착할 수 있어서굴림키 큰 엄마들도], 부정 텍스트 확률 : 75.00%"
"[ 굴림돌 전 아기를 둔 엄마아빠들이 굴림디럭스유모차를 구매하는 이유 중 하나가굴림높이가 높아서 굴림외부의 낯선환경에서도 굴림아기들과 눈맞춤], 부정 텍스트 확률 : 81.42%"
"[ 굴림 굴림손잡이 높이조절도 굴림무려 단계로 조절 가능해서 굴림엄마], 부정 텍스트 확률 : 78.55%"
"[ 아빠의 높이에 맞춰 조절 가능하다는 점굴림 ], 부정 텍스트 확률 : 75.56%"
"[굴림안전장치도 잘 되어있어서 굴림고정만 딸깍 해두면 굴림손잡이가 드르륵드르륵 움직이는 위험도 없구요 굴림 굴림엄마아빠할머니할아버지 굴림누가 밀어도 본인 높이에 맞게 단계를굴림쉽게 조절할 수 있다는 점이 장점이예요 굴림 굴림 굴림 굴림내돈내산 후기입니다굴림], 부정 텍스트 확률 : 94.49%"
"[ 일단 이지워커 하비 새로 나오면서뭐가 달라졌는지 제일 궁금했는데요.직원분의 친절한 설명으로 이해도 쉽고쏙쏙 머리에 들어와서 선택하기 너무 수월했어요.프레임이 올블랙으로 통일성을 강조했고기본 구성인 프레임과 시트캐노피], 부정 텍스트 확률 : 93.35%"
"[안전바], 부정 텍스트 확률 : 82.95%"
"[장바구니], 부정 텍스트 확률 : 53.29%"
"[안전벨트], 부정 텍스트 확률 : 53.29%"
"[숄더패드등있던건 그대로 가고 거기에 하이어댑처가 추가 되었어요.일단 장바구니 같은 경우는엄마의 동선에서 물건을 넣고 빼기 쉽게만들어져 있고 뒷공간이 있어서 높이가좀 있는 물건을 담을때도 여유로워 좋았구요. ], 부정 텍스트 확률 : 92.45%"
"[ 전체 사이즈에서 높이가 센치 정도 높아져아이의 시선에서 시야가 좀 더 탁 트인 기분을느낄 수 있을거 같더라구요.무게는 .으로 이전과 동일하면서유아확인창의 위치가 양옆에 있던게 지붕쪽으로바뀌어서 잠이들고], 부정 텍스트 확률 : 65.76%"
"[유모차 안에 있는 아이를지켜보기 훨씬 수월해졌어요.무엇보다도 이지워커 하비 제품의특화된 프레임구조가 인상적이었는데 이건부드러운 핸들링을 담당하죠.충격흡수에 최적화 되어서 만들어진 휠의 서스펜션은제가 직접 밀어봤을때도 확실히 부드러움이 남달랐어요. ], 부정 텍스트 확률 : 70.50%"
"[ 디자인이나 실용성을 모두 잡으려다보니뭐 한가지 불편함이 있는 제품들이 많죠.그치만 직접 이지워커 하비 만나보니까그런 엄마들의 고민을 함께 했다는 생각이 들 정도로단점을 찾아보기가 힘들었는데요.그래서 그런지 년 유럽 소비자 만족도에서위를 차지하고 총 평점도 .점으로 상당히 높더라구요. ], 부정 텍스트 확률 : 98.02%"
"[ 아이가 졸려하는건 낮이고 밤이고안이고 밖이고를 가리지 않죠.언제가 되었든 외출을 해서도 잠이 든 아기는그만큼 편안하게 쉴 수 있는 공간이 있어야 하는데부드러운 주행감과 시트폭 넓이로정말 안락해보이고 안정감이 있어 보였어요.사용연령이 신생아부터 개월까지인데승차감부터 편의성이 좋아 자주 타고 내리는아기에게도 훨씬 편안하게 사용할 수 있겠더라구요. ], 부정 텍스트 확률 : 85.98%"
"[ 아이를 키우다보니 어느 시점에는 뭔갈 사용하는데아주 애매한 아기 개월수가 있어요.이게 무슨말이냐 하면아이를 내려놓기도 뭐하고...그렇다고 안고서 유모차를 접었다 폈다 하기도 힘든걷게 하기도 뭐하고 매번 안전벨트 꽁꽁 매어유모차만 태우기도 뭐한 그런 나이 ㅠㅠ제가 봤을때 돌 이후부터 개월 전이때가 가장 힘들어요. 무언갈 사용할때 아이의안전도 최고로 걱정이 되고 잦은 사고도많은 시기이기도 하구요. 이때 정말 손쉽게 쓰는육아용품들이 절실한데 제가 만난이지워커 하비 유모차가 딱 그맘때 사용하기좋은 제품이다 싶었던거 같아요.엄마들의 칭찬도 많이 받고 총평점도 좋았던 만큼고민하고 계시다면 고민이 필요없다고이야기 하고 싶었구요. ], 부정 텍스트 확률 : 54.37%"
"[ 출산준비부터 산모들 용품까지모두 있기때문에 한번에 준비하기도 좋고지금같이 어정쩡한 계절에 필요한 제품들도한번 사면 맘에 안 들더라도 계속 써야 하는 제품들은정말 직접 보고 사는것 만큼 좋은건 없더라구요.이제 바람이 차갑기까지한데 아이들은조금만 신경을 못써도 볼도 까칠해지고 몸도건조해지고 해서 보습이 필요한데향이나 제품특징들 하나하나 찾아보고남들 이야기만 듣고 살 수 없는것들도청주 베이비플러스 에서는 다 알아보고내가 직접 고를 수 있으니까 만족스러울 수 밖에없을 것 같아요. ], 부정 텍스트 확률 : 97.37%"
"[그사람이 새로 누굴 데려오면또 찾고 그렇게 단골도 상당히 많으시더라구요.제가 둘러보는 내내도 친근하게 이야기 하면서보시는 분들도 꽤 있었는데공간도 넓고 시간이나 날짜에 맞출 필요없이사람들이 분산되어 오니까 붐비는 것도 없고편하게 볼 수 있었어요. ], 부정 텍스트 확률 : 64.87%"
"[ 애기들은 활동이 편한것도 중요하지만입히고 벗기기 쉬운 것도 중요하더라구요.제가 키워보니까 밖에서 기저귀라도 갈아줄라치면예쁘게 디자인만 보고 입혔다가막상 너무 입고 벗기 힘들어서 잘 손이 안가는 것들도많았는데 여기는 소재부터 디자인까지모두 만족하는걸로 겟 할 수 있어서 참 좋았죠 ], 부정 텍스트 확률 : 94.00%"
"[안녕하세요.주말에 드디어 유모차를 사러 나가보았습니다.안산에 베이비페어가 하는데], 부정 텍스트 확률 : 90.40%"
"[비교해 보고 구매하러 출발해봅니다. ], 부정 텍스트 확률 : 56.22%"
"[ 안산 상록수체육관에 도착했습니다. 안산 베페는 규모가 작으니 부담없이돌아다닐수 있겠습니다. 코엑스처럼 크지 않으니 너무 실망하진 마시길... ], 부정 텍스트 확률 : 53.22%"
"[ 층에 입구가 있습니다. 주차하시고 아래로 내려와야합니다. ], 부정 텍스트 확률 : 67.11%"
"[ 드디어 들어가봅니다.확실히 규모가 작길하네요. 그래도 유모차를 보러온거니브랜드를 찾아봅시다. ], 부정 텍스트 확률 : 71.21%"
"[ 음...그래도 들어봄직한 브랜드들은 어느정도 있네요. 제가 관심갖은 유모차 브랜드는 하비 이지워커], 부정 텍스트 확률 : 74.67%"
"[페도라 크래들], 부정 텍스트 확률 : 71.32%"
"[리안 솔로 정도 입니다. ], 부정 텍스트 확률 : 53.44%"
"[ 좀 정신없긴 하지만], 부정 텍스트 확률 : 90.40%"
"[ 색상별로 구경해봅니다. ], 부정 텍스트 확률 : 97.79%"
"[ 직원분께 제품설명을듣고 할인이나 베페만의 추가제품구성으로 받을수 있는게 무엇이 있나 꼼꼼히 따져봅니다. 이미 마음속에 어느정도 생각을 하고 있던지라당장 구매하고싶었지만], 부정 텍스트 확률 : 64.36%"
"[ 다른제품을 둘러보러 가는길에 다양한 제품들이 있네요.특히 아기내복이 엄청 저렴했습니다. 막입히는걸로 좀 사둘껄...까먹고 그냥 나온게 지금 생각하니 조금 후회되네요.세면대 물줄기를 바꿔주는 장비도 신기했습니다. 이러면 아기 응아를 닦을때매우 유용할꺼 같은데...음...가격이 좀 있네요. ], 부정 텍스트 확률 : 76.76%"
"[하비이지워커가 베페가 작다보니 제품을 가져오지 못했다네요.더군다나 팜플렛도 없어서 가격표만 보고 결정을 해야할 처지에 놓였습니다.아무리 사고싶다고 느꼈지만], 부정 텍스트 확률 : 84.04%"
"[ 영통 베이비 플러스에 도착했습니다. 입구앞부터 다양한 유모차가 눈을 사로잡습니다. ], 부정 텍스트 확률 : 57.37%"
"[ 안으로 들어가니 여러 제품들도 있었지만], 부정 텍스트 확률 : 58.84%"
"[ 요게 아까 보려다 보지못한 하비이지워커입니다. ], 부정 텍스트 확률 : 96.15%"
"[ 요제품의 장점은 바로 높이입니다. 다른유모차보다 높이가 좀 있어서 허리를 많이 숙이지 않아도 되는 장점이 있습니다. 스토케보다 가격도 저렴하구요. ], 부정 텍스트 확률 : 62.08%"
"[직원들도 다 어느정도 많이 알고 계시더라구요. 그리고 아기를 직접 다 눕혀볼수 있다는점우리 아기가 어느 유모차에 더 편안함을 느낄지 눕히고 끌어볼수 있다는 장점이정말 좋았습니다. ], 부정 텍스트 확률 : 63.24%"
"[ 하비이지워커의 요 부분이 높이를 올려줘서 허리를 좀 덜 숙이게 하는거죠. ], 부정 텍스트 확률 : 79.88%"
"[사실 큰 차이는 없었습니다. 차 트렁크에도비슷하게 들어가겠다 싶었는데], 부정 텍스트 확률 : 81.25%"
"[막상 접고 실제로 보니오이스터는 네모 반듯하게 접히는 방면 하비는 접어도 아기바구니가 폴딩이 되지않앗 좀 길쭉한 느낌이 듭니다. 그리고 반듯하게 작아지지 않기때문에 트렁크에물건을 많이 넣을때 테트리스 쌓기도 좀 애매할꺼 같네요.물론 저의 개인적인 느낌입니다. 솔직한 느낌으로는 오이스터가 접었을때훨씩 트렁크에 넣기 편할꺼같네요. ], 부정 텍스트 확률 : 83.76%"
"[ 오이스터가 국내에 들어온지 얼마되지 않아 굉장히 공격적인 마케팅을 하고있는데요. 오이스터는 구매하면 요 접이식 유모차를 하나 더 줍니다 우아아간단하게 태우고 다닐땐 요걸 들고다니면 됩니다. ], 부정 텍스트 확률 : 70.93%"
"[ 마지막으로 본부분은 바로 햇빛가리개에서 아기가 잘 있나 확인할 수 있는망부분인데요. 하비는 측면으로 살짝 뚫려있어서 제가 고개를 숙여서 봐야하는 반면에 오이스터는 윗덮개를 살짝 들추면 이렇게 위에서 바로 볼 수 있었습니다.어쩌다보니 하비이지워커를 점점 깍아내리고 오이스터를 너무 빨아준다?라고 느끼겠지만...제가 구입하러 가서 느낀 부분입니다.사실 처음에 마음속 순위는 하비이지워커였습니다. 마지막까지 디자인과 와이프 허리의 편안함을 생각하면 하비이지워커가 마음에 들었구요...근데 마지막 결심은 오이스터로 갔습니다.자잘한 기능적인 부분 많은 매력을 가졌습니다. 움직여 보면서실생활에서 사용할때 이런부분이 필요하겠구나 생각하는 부분들이 오이스터에 구석구석 많이 설치 되어있더라구요. 일단 저는 오이스터를 구입하였기때문에 집으로 배송이 오면], 부정 텍스트 확률 : 93.91%"
"[나름 느꼈던 자잘한 매력들을 다시 리뷰해 보기로 하겠습니다. ], 부정 텍스트 확률 : 77.23%"
"[ 네...결정은 바로 오이스터입니다. ], 부정 텍스트 확률 : 65.67%"
"[제가 궁금해하던 부분을 비교도 잘해주시고], 부정 텍스트 확률 : 78.03%"
"[ 유모차고리는 바로 요겁니다. 저는 아직 유모차가 도착하지않아서아기 침대에 걸고 역류방지쿠션 걸어놨습니다.], 부정 텍스트 확률 : 54.03%"
"[영통 베이비플러스나 가까운 베이비 플러스 매장에 가보셔서 현명한 구매해 보아요 ], 부정 텍스트 확률 : 80.88%"
"[.?육아템육아템.?육아는장비빨육아는장비빨.?베이비플러스베이비플러스.?영통영통.?용인용인.?기흥기흥.?베이비플러스영통베이비플러스영통.?영통베이비플러스영통베이비플러스.?유모차유모차.?하비이지워커하비이지워커.?오이스터오이스터.?오이스터오이스터.?엠베이비엠베이비.?.?.?.?유모차추천유모차추천.?안산안산.?베이비페어베이비페어.?안산베페안산베페.?하비하비.?비교비교.?유모차구매후기유모차구매후기.?유모차구매유모차구매.?디럭스유모차디럭스유모차.?수원아기용품수원아기용품.?아기용품아기용품 ], 부정 텍스트 확률 : 77.51%"
"[ 커다란 박스 안에 하비 유모차 두둥 ], 부정 텍스트 확률 : 66.46%"
"[ 유모차 부품들 조립하기는 정말 쉬워요 ㅋㅋㅋㅋㅋ구성은 프레임], 부정 텍스트 확률 : 52.07%"
"[숄더패드], 부정 텍스트 확률 : 53.29%"
"[안전벨트], 부정 텍스트 확률 : 53.29%"
"[장바구니], 부정 텍스트 확률 : 53.29%"
"[ 승차감], 부정 텍스트 확률 : 53.29%"
"[디자인], 부정 텍스트 확률 : 53.29%"
"[편의성], 부정 텍스트 확률 : 74.36%"
"[ 이렇게 펼쳐지기도 하고더 좋은 점은쉽고 간편하게 접고 피고 할 수 있는게 좋았어요.사용하지 않을 때나차 트렁크에 실을 때는 이렇게 접으면 됩니다], 부정 텍스트 확률 : 88.28%"
"[하비만큼 부드럽고 잘나가는 유모차는 없는거 같아요. 이건 직접 끌어봐야 아는건데], 부정 텍스트 확률 : 55.95%"
"[사진은 세워서 찍었지만], 부정 텍스트 확률 : 86.66%"
"[멜란지 소재라 때가 잘 타지 않아서 좋구요], 부정 텍스트 확률 : 74.67%"
"[ 무난한 색이라 질리지 않아서 좋을거 같아요.베이비페어때 스틸그레이 인가? 밝은 색이랑도 고민했는데], 부정 텍스트 확률 : 89.17%"
"[ 그리고 하단에 바구니도 어찌나 크던지.ㅋㅋㅋ베이비페어 가서 수십개 다 비교했는데], 부정 텍스트 확률 : 50.65%"
"[이것만큼 바구니 큰거 못봤습니다.짐이 아주 많이 실려요 나중에 애 데리고 장볼때 정말 편할거 같아요.제 큰 가방도 쉽게 실리구요 ㅎ ], 부정 텍스트 확률 : 91.35%"
"[이게 참 맘에 들었어요.플라스틱으로 되어 있으면 아무리 비싼 유모차라도 약간 싼티가 나거든요..이건 부드러운 가죽 손잡이라 끌고 다니기도 편할거 같아요.베이비페이에 가기 전까지만 해도 잘 몰랐는데], 부정 텍스트 확률 : 53.90%"
"[ 막상 가서 비교해보니 이지워커 하비가 확 눈에 들어오더라구요..남편도 이것저것 따져보더니 단번에 하비로 결정하자고ㅋㅋㅋ디럭스인데 가격도 합리적이고], 부정 텍스트 확률 : 96.84%"
"[임신 주차], 부정 텍스트 확률 : 53.29%"
"[출산 한달 남은 임산부드디어 디럭스 유모차를 결정했어요성격이 급해서 월부터 계속 유모차를 보고있었고], 부정 텍스트 확률 : 69.21%"
"[ 하비이지워커는 소비자들 위한 이벤트가 다양한 것 같아요청담 하이베베에서 구매했고], 부정 텍스트 확률 : 66.69%"
"[카드결제 했어요 기본으로 사은품 종 세트도 받았답니다 그리고 현재 월 구매자 분들에게 후기 사은품도 있다니 꼭꼭 챙겨가세요 하비 이지워커는 절충형이 아닌 디럭스 유모차에요디럭스인데도 소비자들이 만족할만한 가격과 퀄리티 있는 유모차라 하비이지워커 인기가 하늘을 찌르고 있는 것 같아요], 부정 텍스트 확률 : 77.04%"
"[ 자이제 하비 이지워커 개봉기 보여드릴게요하비이지워커], 부정 텍스트 확률 : 97.61%"
"[ 오늘은 유모차내일은 뭐가 올것인가? 그래도 유모차 받을때는 기분이 남달랐어요], 부정 텍스트 확률 : 71.59%"
"[화살표 방향으로 그냥 잡고끌어올리기만 하면 바로 하비이지워커 유모차 실물이 쨔잔꼼꼼하게 튼튼하게 포장이 되어 왔네요.], 부정 텍스트 확률 : 86.33%"
"[ 조립은 굉장히 간단해요바퀴며 손잡이며 그냥 갔다가 끼우면 되는 방식], 부정 텍스트 확률 : 66.38%"
"[ 설명서를 봐도 양쪽에 바퀴를 넣고], 부정 텍스트 확률 : 89.27%"
"[끼우면 되기때문에 조립시간도 오래걸리지 않아요 ], 부정 텍스트 확률 : 84.92%"
"[ 한 분도 안되서 다 끝난 조립조립하고 우리 대포 첫 붕붕이 색상그대로 럭셔리 한데요? 높이를 최대한 세워서 앉을 수도 있고아래 하단을 위치조절해서 누워 있을 수도 있어서식당에서나 어디서나 눈높이에 맞게아이를 케어할 수 있어요], 부정 텍스트 확률 : 74.48%"
"[ 뒷바퀴 개 ], 부정 텍스트 확률 : 71.02%"
"[ 사실 받아보고 나서도 전혀 실망감이 없었어요왜냐하면 저희는 오르빗 만 생각하고 있었기에하비 이지워커를 직접 보지 못했거든요.정말 모험이긴 했지만 만족합니다], 부정 텍스트 확률 : 78.48%"
"[ 하단에 개의 휠이 서스펜션이 가능하기때문에 울퉁불퉁한 도로나 블럭에서도 아이에게 흔들림없는 편안한 안정감을 준답니다 ], 부정 텍스트 확률 : 81.09%"
"[모기장], 부정 텍스트 확률 : 53.29%"
"[신생아 패드나중에 추가로 컵홀더만 구입하면 되는데 정말 사은품도 빵빵하고굿굿], 부정 텍스트 확률 : 72.16%"
"[실용성], 부정 텍스트 확률 : 74.36%"
"[가성비], 부정 텍스트 확률 : 90.02%"
"[핸들링], 부정 텍스트 확률 : 53.29%"
"[많이 준비했으니 더 필요한 건 없겠거니했는데 웬걸요.아기는 정말 하루가 다르게 금방금방 크고 그에 맞게 필요한 게 다다르더라고요.그래서 그에 맞는 걸로 준비하느라 매일매일이 바쁘네요. ], 부정 텍스트 확률 : 97.50%"
"[일정 등 제약이 많더라고요.그렇다고 안 보고 후기만 보고 구매할 수도 없고 일반 매장 가서 구매하기엔 너무 비싸고.. ], 부정 텍스트 확률 : 81.46%"
"[아빠들이 매우 만족하고 입소문이 나서 많이들 찾으시는 제품이라고 하더라고요. ], 부정 텍스트 확률 : 63.79%"
"[ 아무래도 디자인도 고급스럽고 품격 있어 보이면서 하비 이지워커만의 특화된 기술력 덕분에 년 유럽 소비자 만족도 위로 선정되었다고 하더라고요.총 평점이 무려 .점진짜 대단하지 않나요?? ], 부정 텍스트 확률 : 53.21%"
"[ 직접 끌어봤는데 핸들링이 엄청 부드러워서 편안하더라고요.한 손으로 끌어도 손목에 부담이 없었어요. ], 부정 텍스트 확률 : 85.49%"
"[ 안녕하세요 이웃님들], 부정 텍스트 확률 : 72.19%"
"[ 브랜드 전품목 빠짐없이], 부정 텍스트 확률 : 64.05%"
"[ 장점이 많은 이 매장에서 제가 궁금한 제품은 바로], 부정 텍스트 확률 : 58.59%"
"[ 먼저 소개 해 드릴 제품은 바로이지워커 찰리입니다 ], 부정 텍스트 확률 : 68.87%"
"[ 기내반입 절충형 유모차년 기대되는 야심작 이랍니다도심속에서 끌고다니면 한눈에 주목받기 좋은에쁜 디자인], 부정 텍스트 확률 : 54.62%"
"[ 캐노피는 슬라이딩으로 높이 조절이 가능해서탑승하는 아기의 연령에 따라 조절하시면되기 때문에 편리하더라고요프레임은 자 구조로 되어있고부드러운 주행과 안정성이 남달라요이지워커 찰리만의 특징이라고 볼 수 있고자구조 프레임 이란], 부정 텍스트 확률 : 80.89%"
"[미는 힘을 균등하게 분산시켜최소한의 힘으로 유모차의 조향성과 주행력을최적화 해주는 아주 안정적인 구조의 프레임이라고할 수 있기 때문에 손목 약하시고평소 핸들링이 좋은 제품을 원하신다면찰리가 딱 이겠다는 생각 들었어요 ], 부정 텍스트 확률 : 95.83%"
"[ 단계로 조절이 되는 발받침 도 확인 했어요일반적으로는 거의 단계로 되어 있는데이지워커 찰리는 단계로 조절 되네요성장단계에 맞게 조절 가능하고아이의 자세를 더욱 안정적으로 만들어 준답니다그리고 주행 중에는 발생할 수 있는 충격들을흡수해주는 역할을휠 독립 서스펜션 으로 해결아이의 흔들림과 사용자의 손목 피로감을최소화 해주기 때문에 편리해요 ], 부정 텍스트 확률 : 57.64%"
"[ 라이트 웨이트], 부정 텍스트 확률 : 53.29%"
"[사진으로 못보여 드리지만단계 조절형 핸들바 예요와], 부정 텍스트 확률 : 63.45%"
"[이거 대박입니다사진을 못남겨서 속이 상하지만.여러 사용자의 신장에 맞게 조절 가능하죠편안한 사용이 가능하답니다 ], 부정 텍스트 확률 : 59.92%"
"[ 다음으로 만나본 제품은 바로이지워커 하비되겠습니다 ], 부정 텍스트 확률 : 80.15%"
"[디자인], 부정 텍스트 확률 : 53.29%"
"[편의성], 부정 텍스트 확률 : 74.36%"
"[시트는 . 랍니다 ], 부정 텍스트 확률 : 66.54%"
"[ 차세대 교감], 부정 텍스트 확률 : 53.29%"
"[ 특히 이 제품은 높이 향상으로레스토랑이나 카페 테이블에 맞춰서하이체어 대용으로 사용이 가능 해요이 점이 위에 제품과는 다른 점이네요 어댑터 기능인데요높이 조절이 가능 하다는 거죠참고로 별도 구매 상품이랍니다], 부정 텍스트 확률 : 89.22%"
"[ 이 제품 또한양대면 시트 전환이 가능 해요원터치 양대면 시스템으로시트의 방향을 쉽게 전환 할 수 있어요이지워커 하비는 아이가 새로운 사물과세상을 보는 정면보기와아이의 시선과 엄마의 시선이 맞닿는엄마보기를 모두 제공한답니다특히 이 제품의 가장 큰 특징은?바로트랜스폼 유모차라는 거예요한 개의 프레임에 두개의 유모차가 가능해요 ], 부정 텍스트 확률 : 79.10%"
"[통풍창은 뒤쪽에만 있어요아이확인 관찰도 한쪽만 있답니다ㅎㅎ이지워커 찰리는 두곳이었죠?이지워커 하비는 한곳이예요이게 또 다르네요 ㅋㅋ ], 부정 텍스트 확률 : 61.98%"
"[ 세대 구조로 자 구조로 되어있고가장 부드러운 핸들링을 안정감 있는 휠로 실현했어요부드러운 주행감과 안전성을 갖추었죠휠로 구성된 경우에는하나의 도 회전의 앞바퀴가가장 부드러운 핸들링을 선사하나 지탱 해 주는 바퀴수는적어서 안정적이지 못했다면], 부정 텍스트 확률 : 58.24%"
"[ 구경하다보니 시간이 훌쩍다시 집으로 후다닥 돌아가야 할 시간이네요매장 내부 사진 몇장 더 찍고 집으로 돌아왔습니다], 부정 텍스트 확률 : 94.31%"
"[.?이지워커찰리이지워커찰리 .?이지워커하비이지워커하비 ], 부정 텍스트 확률 : 72.08%"
"[ .?하비하비.?하비이지워커하비이지워커.?이지워커하비이지워커하비 .?이지워커찰리이지워커찰리.?유모차손잡이커버유모차손잡이커버 .?유모차핸들커버유모차핸들커버.?유모차바퀴커버유모차바퀴커버 .?유모차침받이유모차침받이.?오가닉침받이오가닉침받이하비 이지워커 후기사진이쁜사진 너무너무 감사드려요검정에 땡땡이는 진리인듯 ], 부정 텍스트 확률 : 98.60%"
"[ 자세한 상담은카카오톡 검색창에서 우주마마검색 부탁드려요 ], 부정 텍스트 확률 : 60.29%"
"[ 외출하기 시작하니까 진짜 유모차 필수네여 .?유모차유모차 고를 때 너무너무 고민했었어요], 부정 텍스트 확률 : 63.45%"
"[ 결국 유명한거만 찾게되긴 하는데], 부정 텍스트 확률 : 86.71%"
"[ 친구가.?이지워커이지워커.?하비하비 추천주더라고요], 부정 텍스트 확률 : 80.20%"
"[첨엔 뭐지 했었는데네덜란드에서 년이나 된 브랜드더라고요??쓰다보니 너무 편해요특히 한손 핸들링 유모차 끌고 다녀도 짐도 챙겨야되고], 부정 텍스트 확률 : 76.44%"
"[뒷보기 다 되는거라서], 부정 텍스트 확률 : 85.58%"
"[ 왜일까요?하비 이지워커 유모차 구매 이벤트 중 맘 카페 및 블로그에 글 올리면 미니버기 유모차를 준다고 했었는데 물론 좋게 써야겠죠? 제 블로그는 블로거지로 보이는게 싫어서 실제 사용하고 리뷰를 써야겠다 싶어서..아 핑계 쩐다...그냥 귀찮았으면서....마나님께선 원래 봐 두셨던 유모차가 있었습니다.일명 국민 유모차 리안솔로 절충형일단 가성비가 좋다고 해서 무조건 리안솔로로 구매해야 한다고그리고 영통 맘스맘에 가서 리안솔로를 영접했습니다.제 개인적으로 정말 별로였습니다. 제가 키가 커서 아이를 위에서 아래로 보는 건 좀 아니다 싶어서....이것저것 보는 도중 이지워커라는 유모차가 눈에 들어오더군요솔직히 디럭스 군 중에서 가격을 보니 나쁘지 않아서마나님에게 물어보니 요즘 살포시 뜨고 있는 제품이라고 하더군요아이랑 눈 맞춤할 정도의 눈높이도 좋도 핸들링도 나쁘지 않고서스펜션도 있고정말 타보고 싶은 그런아무튼 이리저리 마나님과 의견 조율한 이후 구매 확정 조율이라기 보다 마나님에게 졸라서 샀습니다.사고 나서 마나님 께서도 리안솔로의 경우 너무 낮고 안정감이 없어 보여서 망설였다고 하더라고요개월이 지난 지금 마나님께서 너무 만족하고 계시답니다. ], 부정 텍스트 확률 : 80.36%"
"[가위 등등 모든 걸 다 준비했습니다. ], 부정 텍스트 확률 : 85.71%"
"[이제 출산이 얼마 안남았습니다. 한달정도 남은 것 같습니다.와이프의 성화에 무거운? 몸을 이끌고 베이비 페어에 갔습니다처음에는 유모차에 대하여 아무것도 아는 것도 몰랐지만], 부정 텍스트 확률 : 80.12%"
"[쉽게 접히고 피는 기능이 있어 아주 만족스러웠습니다. 다만 부피가 약간 크기는 했으나], 부정 텍스트 확률 : 61.92%"
"[ 전에는 관심도 없던 유모차 여행만 좋아하던 제가 요즘은 육아용품 쇼핑에 푹 빠졌어요 고민고민해서 구입한 디럭스 유모차 이지워커 하비유모차 만큼은 직접 태워보고 사고싶어 예방접종 날에 맞춰서 가을이와 함께 오프라인매장으로 갔어요 매장에서 눕혀도 보고 직접 폴딩도 해보고 고민끝에 잉글레시나 트릴로지 유모차와 이지워커 하비 유모차 이렇게 두가지에서 고민을...고민끝에 디럭스 유모차 이지워커 하비로 결정 이유는 아래를 보시면 알지요제가 사는 파주 베이비플러스에서 직접 앉혀보고 구입한 이지워커 하비일요일에 구입했는데 택배가 정확히 일만에 도착했어요 로켓배송수준 이지워커 하비의 구성품은 이러해요], 부정 텍스트 확률 : 70.41%"
"[ 유모차 시트], 부정 텍스트 확률 : 53.29%"
"[하부 프레임], 부정 텍스트 확률 : 53.29%"
"[앞바퀴개], 부정 텍스트 확률 : 58.74%"
"[뒷바퀴개], 부정 텍스트 확률 : 53.29%"
"[ 이건 사은품으로 받은 신생아시트와 어댑터 세트에요], 부정 텍스트 확률 : 66.40%"
"[두번째 실용성이렇게 염두해두었는데요디자인적으로보면 올블랙의 하비 유모차가 압도적인 승 실용성은 트릴로지가 사실상 폴딩하기에는 정말 편해요 시트를 앞보기 뒤보기 상태 상관없이 폴딩을 할수있거든요 하지만 바구니에 수납할때 너무 불편했기에 그부분이 맘에걸려서 패쓰], 부정 텍스트 확률 : 95.14%"
"[ 확실히 디럭스유모차라 그런지 바퀴 사이즈가 크죠 다른 디럭스 유모차에 비하면 무게도 많이 나가는 편이 아니라서 더 좋아요 여자 혼자서도 충분히 트렁크에 수납을 할 수 있거든요폴딩 크기로는 는 문제없을것같고 승용차는 고려해봐야할듯해요 ], 부정 텍스트 확률 : 93.09%"
"[ 이지워커 하비 유모차에 자체적으로 핸들바에 가방고리가 있어요 하지만 저는 가방고리를 따로 샀기에 사용하진 않지만 기저귀 가방이 아닌 짐이 없을때 에코백 정도는 편하게 걸수있더라구요 오른쪽사진에 보이는 발판쪽은 아기가 신생아때는 발이 닿지 않기에 저는 핸드폰을 올려놓고 사용해요 미끄럼 방지 처리가 되어있어서 핸드폰을 올려두어도 움직이지않고 잘 고정되어있더라구요], 부정 텍스트 확률 : 89.55%"
"[ 하비로 결정한 큰 이유중에 하나 바로 이 큼직한 바구니실제로 아기와 함께 외출을 해보니 이것저것 챙길게 많더라구요 손은 두개뿐인데 짐이 얼마나 많은지기저귀 가방은 가방고리에 걸어서 거치한다 치지만아기띠며 뭐며 다른 짐들은 요 바구니에 쏙쏙 넣어주니 너무 편하더라구요. ], 부정 텍스트 확률 : 88.12%"
"[ . ], 부정 텍스트 확률 : 62.92%"
"[저희 아기는 여름 아기라외출이 가능한 일부터 가을이기에디럭스휴대용 조합으로 결정했어요.제가 구입하는데 중점을 둔 사항은. 핸들링이 좋은 것. 너무 비싸지 않은 것디럭스는 어차피 사용기간이 짧고중고로 팔면 똥값이 되기에...핸들링과 가성비가 좋다는하비를 미리 생각하고 끌어보고 좋길래 결정했습니다.베이비플러스에서 구입그런데 결제 직전사장님이 하비가 주쯤 뒤에 출시된다고아직 공홈에는 안 올라왔지만 구입가능하다기에하비로 샀습니다ㅎㅎㅎ인터넷으로 샀으면 구형버전을 살뻔해서너무나 만족 그런데 하비라고 딱히 엄청 바뀐건 없어보여요], 부정 텍스트 확률 : 97.05%"
"[ 유아차유모차이지워커 하비 후기 ], 부정 텍스트 확률 : 82.45%"
"[ 외관은 별 차이 없어보이죠?저는 나이트블랙 색상으로 선택했어요.캐노피는 하비의 콜블랙과 거의 비슷한 색상같은데 바퀴와 휠은 올블랙이에요 나이트블랙], 부정 텍스트 확률 : 75.56%"
"[스톤그레이], 부정 텍스트 확률 : 53.29%"
"[코랄그린], 부정 텍스트 확률 : 53.29%"
"[오션블루], 부정 텍스트 확률 : 53.29%"
"[데저트핑크 가지 그럼 하나씩 살펴볼게요.. 통풍창 ], 부정 텍스트 확률 : 80.27%"
"[ 안쪽 단은 이렇게 지퍼로 닫을 수 있어요. . 양대면], 부정 텍스트 확률 : 71.77%"
"[각도조절 ], 부정 텍스트 확률 : 53.29%"
"[ 앞보기도 단계로 가능해요. 산책하고 온 뒤라 핸들바를 빼고 찍어버렸네요ㅠ], 부정 텍스트 확률 : 95.75%"
"[ 각도조절은 캐노피 뒷면에 있는 레버를 당겨서조절하면 돼요.. 풋레그레스트], 부정 텍스트 확률 : 66.71%"
"[장바구니 ], 부정 텍스트 확률 : 53.29%"
"[캐노피를 완전 확장하고는 쓸 수가 없어요ㅠㅠ . 핸들링 ], 부정 텍스트 확률 : 78.17%"
"[컵홀더], 부정 텍스트 확률 : 53.29%"
"[높은 시트아쉬운점 시력보호커버를 끼면 캐노피 확장이 불가 사계절커버는 확장가능입니다.그럼 도움되시길 바랍니다추가 . 사계절커버 시력보호커버로는 한계가 있어서사계절 커버를 샀어요.세피앙몰에 정품등록을 하면악세사리 할인쿠폰을 줘서더 싸게 구입할 수 있습니다.정가 ], 부정 텍스트 확률 : 76.55%"
"[ 원 ], 부정 텍스트 확률 : 53.29%"
"[.?이지워커하비이지워커하비.?이지워커하비이지워커하비.?유아차유아차.?유모차유모차.?유아차후기유아차후기.?유모차후기유모차후기.?육아육아.?아기용품아기용품.?디럭스유모차디럭스유모차 ], 부정 텍스트 확률 : 72.08%"
"[우리 마트가면바퀴안좋은 카트는 사용하면서도짜증나잖아요ㅋㅋㅋ그런 기분 드는 유모차도 몇몇 있었고방향전환이 뻑뻑한? 유모차도 있었어요. ], 부정 텍스트 확률 : 72.28%"
"[ 아기를 출산하면서 준비리스트에서 빠지지 않는 것이 바로 유모차인데요.저희도 유모차를 선택하면서 초보부모라 여기저기서 추천하는 것도 알아보고베이비페어도 여러군데 다녀보았었어요다양한 곳에서 정보를 얻다보니 유모차는 거기서 거기인 것 같고그래서 선택했던 것이 안정감이 높은 무거운. 기내반입되지 않는 유모차였어요.신생아때부터 사용하였는데 안정적이긴 했지만 무거워서 집앞에만 다녀와도 손이 후덜덜거기에 저희 차량이 차량이어서 이전 유모차는 바퀴를 분해한 후에 폴딩을 해서 넣었어야 했어요.그러다 보니 외출이 굉장히 불편해 저희 남편도 유모차 보다는 아기띠로 하는 외출을 더욱 선호할정도였답니다.하지만 이번에 이지워커 찰리 절충형유모차로 바꾸면서 외출이 굉장히 윤택해졌는데요.무엇보다 .의 라이트웨이트와퀵폴딩], 부정 텍스트 확률 : 99.68%"
"[ 이전 유모차는 절충형이지만 디럭스의 느낌이정말 강했어요. 폴딩이나 이런것도 무게감이 있달까요?확실히 안정감은 있지만 휴대성이나 핸들링면에서 부족하게 느껴졌었는데이지워커 찰리는 디럭스의 안전함과 휴대용유모차의 편리함의 장점들을쏙 담은 유모차라 더욱 좋더라구요. ], 부정 텍스트 확률 : 63.66%"
"[ 아기가 조금 불편해하는 것 같길래 성장단계에 맞게 조절가능한 발받침을 조정해주었어요요즘 아이가 많이 성장을 해서 살짝 낮추어 주었는데잠이 들었을때는 올려주기도 할 수 있어서 좋아요. ], 부정 텍스트 확률 : 94.47%"
"[ 이전에 사용했던 유모차는한손 핸들링이 안되서 컵홀더에 커피 꽂아놓고유모차 끌다가 와르르커피가 쏟아져서 다시는 커피숍에 안갔던 서러운 기억이 있는데이지워커찰리로 바꾼 이후에는 한손에는 커피 한손에는 유모차 주행이 가능하니저의 육아 생활도 한층 윤택해진 느낌이에요 ], 부정 텍스트 확률 : 99.24%"
"[ 예쁜 꽃앞에서 사진을 찍는 아들 굉장히 편해보이는데요.이지워커 찰리를 사용하면서 아기가 유모차를 거부한적이 단한번도없었어요. ], 부정 텍스트 확률 : 86.51%"
"[ 이전에 유모차를 태울때에는 불편해해서 유모차는 손으로 끌고 한손으로는 아기 안고유모차가 오히려 짐이 되는 상황이 많이 왔었는데이지워커 찰리로 바꾼 후에는 엄마랑도 가깝고 편안한지나들이가서도 주변구경만 열심히], 부정 텍스트 확률 : 92.05%"
"[다양한 짐들을 편안하게 보관하기 위해서 아니겠어요?이지워커 찰리는 장바구니가 넓기 때문에시내에서 쇼핑한 짐들도 장바구니에 편안하게 넣을 수 있어요.저는 아기 장난감], 부정 텍스트 확률 : 65.93%"
"[마트에서 다양한 식료품들까지알차게 넣었는데요. 특히 마트에서는 카트 굳이 끌 필요없이장바구니에 넣어두면되니 마트 나들이도 이지워커찰리 덕분에 편해졌어요. ], 부정 텍스트 확률 : 62.58%"
"[ 저희 아들이 외출하면 너무 좋아해서 이리 저리 구경하느라잠을 잘 안자는 타입인데요카시트], 부정 텍스트 확률 : 81.91%"
"[ 공기순환도 개의 통풍창으로 해주니시원하게 아가 유모차 태워줄 수 있어요특히 더우면 못자는 저희 아들여름에 태어난 아가라 신생아때 데리고 나가면 태열에 땀띠 생길까 걱정이었는데 이지워커 찰리는 더움? 걱정 없습니다. ], 부정 텍스트 확률 : 67.77%"
"[마주보기로 쓱쓱 바꿔야할때가많았는데 이지워커 찰리는 양대면으로 바꾸기굉장히 쉬워요. 아들 아직 좀 컸다고 하지만 울때나 잠잘때면마주보기로 해야할 때가 있는데간단하게 바꿀 수 있으니 아가도 저도 좋더라구요. ], 부정 텍스트 확률 : 98.78%"
"[ 저희 친정집이 제주도인데요.이전 유모차는 기내반입이 되지 않는 유모차라제주도 갈 때면 늘 다른 유모차를 빌리곤 하였어요그러면 위생적으로도 그렇고], 부정 텍스트 확률 : 83.11%"
"[안전함과 편안함까지 사용하면서 만족감을 더욱 느꼈던 것 같아요.보통 주변 친구들이 처음에는 디럭스 유모차를 샀다가 나중에 휴대용유모차로 갈아탄다고많이들 하는데요. 제가 한달 사용해보니 디럭스], 부정 텍스트 확률 : 75.13%"
"[아빠를 위한 유모차로완전 추천합니다이지워커 찰리에 더 많은 정보는◆공식 커뮤니티 주소블로그 ....인스타그램 .... 제품만을 무상으로 제공받아 솔직하게 작성된 후기입니다. ], 부정 텍스트 확률 : 52.82%"
"[.곧 있을 제주도 여행을 앞두고 휴대용 유모차를 구매했어요..원래는 브랜드의 휴대용 유모차를 구매하려고 했는데.유모차 보러 갔다가 옆에 있던. .?이지워커이지워커.?미니버기미니버기 에 꽂혀서 겟 ], 부정 텍스트 확률 : 54.61%"
"[ .구매한 컬러는.?유니온잭빈티지블루유니온잭빈티지블루..처음에는 너무 튀는거 아닐까.... 부담스러웠는데.남편이 부가부 폭스 스텔라가 블랙그레이톤이라서.휴대용도 블랙계열로 사면 너무 칙칙할 것 같다며.요 컬러를 강추했어요 ㅎㅎㅎㅎ..매장에는 블루 컬러만 진열되어 있어서.빈티지 컬러 느낌이 어떨지 몰라 사면서도 찜찜했는데.....받아보니 요걸로 사길 잘했다는 생각이 들어요..진짜 예쁩니다 ], 부정 텍스트 확률 : 96.03%"
"[ . 자외선에 강한 단으로 풀 캐노피 ], 부정 텍스트 확률 : 56.63%"
"[ .확장하면 요렇게 돼요 ], 부정 텍스트 확률 : 67.23%"
"[ .등받이는 스트랩으로 조절이 가능한데.도까지 눕힐 수 있어요 ], 부정 텍스트 확률 : 80.54%"
"[ .풋 브레이크도 안전하게 잘 돼더라구요 ], 부정 텍스트 확률 : 62.74%"
"[ .다리 각도도 조절됩니다 ], 부정 텍스트 확률 : 78.60%"
"[ .헤드 부분에 쿠션도 있고 전체적으로 쿠션감이 있어서 좋아요...제가 미니버기를 구매하게 된 큰 이유 중 하나는.부드러운 핸들링과 타 브랜드 유모차보다 시트가 높다는 것이었어요...휴대용 유모차는 보통 살 정도까지 쓰는데.대부분의 휴대용 유모차는 시트가 낮더라구요...그래서 아기들이 키가 크면 다리가 바닥에 닿는 경우가 있다고 해서 시트가 높은 유모차를 찾고 싶었는데.미니버기가 딱이더라구요..그리고 디럭스], 부정 텍스트 확률 : 95.29%"
"[절충형 유모차만큼 부드러운 핸들링이 마음에 들었어요..혹시 휴대용 유모차 고민하고 계시는 분들 계시만. .?이지워커이지워커.?미니버기미니버기 도 고려해보세요 ], 부정 텍스트 확률 : 61.17%"
"[.옴총 고민하다가 구매한 하비이지워커 유모차.아직 밖에는 안나가봤는데 핸들링이 좋은게 특장점 ], 부정 텍스트 확률 : 83.09%"
"[ .등받이랑 좌석이 이어진 형 유모차고], 부정 텍스트 확률 : 78.21%"
"[ .다리 부분은 나뉘어져 있어 각도 조절이 가능하다..신생아 이너시트를 장착한 모습. ], 부정 텍스트 확률 : 72.02%"
"[장보거나 쇼핑하면 웬만한거는 다 넣을 수 있듬.추석에는 복숭아 한박스 넣음 ㅎㅎㅎㅎ..핸들링 미쳐따.다른 윰차는 안 끌어봐서 모르지만 귀동냥 한 바에 의하면 한 손으로 윰차 끌면서 전화 받는게 어렵다고 들었는데 하비는 팔목으로 밀면서 가도 되는 정도...? 핸들링 불편하다고 느낀 적이 단 한순간도 없다 캬하하하하..예를들어 엘베탈 때 윰차부터 들어가면 내릴 때 거꾸로 내려야해서 보통 반대로 돌려서 타는데], 부정 텍스트 확률 : 98.84%"
"[이 때 그냥 한손으로 쉬릭 하면 돌아간다 ㅎㅎㅎㅎ 으 .말로 표현할 수가 없네... 가끔은 너무 빨리 돌려서 애기 멀미날까바 걱정쓰... 오바인가유..? 데헿...단점은 디럭스 유모차의 단점 같은 것들.....폴딩할 때 시트를 먼저 분리하고 바퀴부분을 접게 되는데 차에 실을 때는 바퀴를 먼저 싣고], 부정 텍스트 확률 : 99.78%"
"[손잡이 높이 조절이 가능하다는 것], 부정 텍스트 확률 : 56.46%"
"[ 그리고 서스펜션이 안정적이라 아가에게 전달될 흔들림이 적을 것 같다는 부분을 크게 마음에 들어했네요. 사실 우리 아이는 가을 출생이라 가을겨울에는 외부 외출이 많지 않을 것으로 예상하여아주 신생아에게 필요한 커다란 디럭스 유모차를 염두에 두지 않고 절충형으로 보고 있었는데], 부정 텍스트 확률 : 74.89%"
"[출산예정 병원 근처에 있는 하이베베 청담점을 찾아갔어요. ], 부정 텍스트 확률 : 57.78%"
"[ 하이베베 청담점은 매장이 아주 크지는 않지만 꼭 필요한 몇가지 브랜드들을 갖추고 있었는데저희가 찾는 하비 이지워커도 물론 있었습니다 직원분의 친절한 설명으로 하나부터 열까지 자세한 사용방법에 대해서 설명을 듣고 커버 및 프레임까지 고급스러운 검정색상인 럭셔리 블랙 컬러로 구입했어요. 일이 채 되지 않아 택배로 받은 하비 이지워커는 조립도 그리 어렵지 않았고], 부정 텍스트 확률 : 88.43%"
"[ ...전체 무게도 가벼운 편이라고 하지만.. 육아로 손목이 너덜너덜해진 나는 아무리 가볍다한들 유모차가 가볍진 않은 것 같다....또르륵.. .?유모차추천유모차추천.?이지워커이지워커.?절충형유모차절충형유모차.?이지워커찰리이지워커찰리. ], 부정 텍스트 확률 : 97.56%"
"[베트남], 부정 텍스트 확률 : 53.29%"
"[ .... 다리가 아프니 안아달라... 잠이 온다.. ㅠㅠ 이러면서 하루종일 업고 다녔던 경험이 있어그 뒤 여행에는 꼭 유모차는 챙겨다니고 있답니다.그런데.. 그런데.. 월 베트남 나트랑 여행간다고사용하고 있던절충형유모차를 수화물로 부쳤더니... 분실한거 있죠 ㅠㅠ픽업을 안한 개인 실수이긴 하지만..아이 둘 데리고 여행다니면 정신이 너무 없더라구요..친구가 기내반입 유모차 하나 더 구매해서 가지고 가라고 할때 말 들을껄 그랬어요..그래서 이것저것 알아보다가이지워커 찰리 기내반입이 가능한 절충형 유모차 를 만나보게 되었답니다. ], 부정 텍스트 확률 : 90.87%"
"[ 박스에서 꺼낸 이지워커 찰리.이번 월 국내 런칭한 신제품이지용 이지워커 유모차 라인업에는 하비], 부정 텍스트 확률 : 53.08%"
"[미니버기 유모차가 있는데], 부정 텍스트 확률 : 51.20%"
"[ 박스에서 오픈하면 반조립상태로 배송되어요.부품과 유모차 본체가 배송 중 손상되지 않도록 꼼꼼하게 포장되어있어요.새제품에 기스라도 있음 기분이 좋진 않잖용 ㅎㅎㅎ ], 부정 텍스트 확률 : 58.52%"
"[ 조립은 단순히 앞 바퀴만 연결시켜주면 된답니다.박스에서 기내반입 유모차 찰리 꺼내서 바로 사용할 수 있는 정도에요 ㅎㅎㅎ언박싱이라고 조립하는거 찍어봐야지 했는데], 부정 텍스트 확률 : 93.68%"
"[ 이지워커 찰리는 가지 색상이 있는데], 부정 텍스트 확률 : 53.08%"
"[저는 글레이셔 블루 색상유모차는 무조건 검은색이나 그레이 색상만 고집했는데], 부정 텍스트 확률 : 79.99%"
"[ 글레이셔 블루 색상 유모차를 직접 만나보니 너 무 예쁜거 있죠.색상있는 절충형 유모차라 촌스럽지 않을까? 너무 아들 유모차로 보이지 않을까 했는데], 부정 텍스트 확률 : 61.87%"
"[ 기내반입유모차 이지워커 찰리 조립 후 아이와 바로 외출했어요.처음 찰리를 외출해서 사용해봤는데], 부정 텍스트 확률 : 70.53%"
"[ 그리고 절충형 유모차 찰리는 아이가 앉아 있는 시트가 도까지 눕혀지는 자형 유모차에요. 여행 중 아이가 유모차에서 잠드는 경우가 많은데], 부정 텍스트 확률 : 59.21%"
"[ 여행을 다닐때면 남편이 유모차를 전담하는데], 부정 텍스트 확률 : 65.61%"
"[ 아빠가 유모차를 사용하는데도 불편함이 없도록 손잡이의 높이 조절이 가능해요.그래서 키가작은 엄마도 키가 큰 아빠도 각자가 편안 높이로유모차 사용이 가능하답니다. ], 부정 텍스트 확률 : 83.79%"
"[차량 공기질... 마스크 등을 쓰면서부터 많이 좋아졌다.내 몸이 이렇게 즉각 반응을 하니 .... 모른척 살 수도 없고.... 내 가족도 챙기지 않을 수가 없었다. ], 부정 텍스트 확률 : 80.15%"
"[창문도 꼭꼭 닫고], 부정 텍스트 확률 : 61.06%"
"[물걸레질을 해준다. 부모님들도 마찬가지.그런데 내맘대로 되지 않는 딱 한 사람.. 내 아이. ], 부정 텍스트 확률 : 75.45%"
"[ 차라리 아이가 어릴 땐 좀 편했다. 유모차를 잘 타는 아이였기에 사계절커버에 양쪽으로 환기형 유모차공기청정기를 달아 저 안은 늘 수치가 한자릿수였으니까. 사용하던 제품은 너무 만족스러웠지만 한여름에는 쓸수가 없었다. 환기형 유모차공기청정의 효과를 제대로 보려면 커버를 닫아야하는데 선풍기를 켜줘도 너무 더웠다. 그래서 아예 외출을 포기했었다.그래도 그땐 그게 가능했다.아이가 어려서.. ], 부정 텍스트 확률 : 98.98%"
"[ 지금은.... 그게 힘들다 ㅠㅠ고맙게도 우리 아이는 고집도 세지 않고.. 안된다고 하는 것에 있어서는 떼도 쓰지 않는다. 나가요병도 없다. 그래서 더 미안했다.외출하면 넘나 좋아하는 아이에게 미안하니 어떻게든 방법을 찾아 외출하고 싶었다.휴대용선풍기에 자동차에어컨 헤파필터도 달아보고.... 휴대용 공기청정기를 가지고 다니며 아이 코앞에 놓고도 외출해봤지만 사실 마음이 썩 편하진 않았다. 수치를 재보면 뭐....ㅋㅋㅋㅋ 그거나 그거나...ㅋㅋㅋㅋ ㅠㅠㅠㅠㅠㅠㅠㅠ그러다 우연히초미세먼지 차단 유모차커버 를 알게되었다.서너곳에서 출시해 판매중이었고], 부정 텍스트 확률 : 82.34%"
"[여기저기 후기도 살펴보고 소재도 살펴보고], 부정 텍스트 확률 : 76.87%"
"[미먼 차단율이나 여름에도 덥지 않아야 하고 환기가 무엇보다 중요하니 통기성까지 꼼꼼히 따져보니 .. 내 기준에서 가장 만족스러울 것 같은 제품이햇살망베이비제품이었다. ], 부정 텍스트 확률 : 85.63%"
"[ 그리고 제품이 도착후 외출할때마다 매일 쓰고 있다.근데 고맙게도..... 지지난주 일요일 빼고는 계속 공기질이 좋음. 이런거 저런거 안쓰게 계속 이 상태 유지해주면 고맙겠지만..... 일단은 이번 주말까지라고 하니.... 많이 즐겨야지암튼... 지지난주 일요일 가족모임임에도 불구하고 성능을 테스트해보고자 개측기로 수치측정 영상까지 찍었는데..... 영상을 촬영한 스마트폰이 고장이 나서 영상이며 사진을 전부 소실했다. 넘나 아까운 것 ㅠㅠㅠ그래도 내 눈으로 확인했으니 나는 앞으로도 쭈욱 만족하고 애용할 것 같다.근데 전에 햇살망에서 미먼 측정 영상을 인스타 스폰에서 분명 봤었는데... 그거 보고 오오 나 그럼 이거 라고 했는데 왜 찾으려니 안보일까ㅜㅜ 그거라도 리뷰에 넣고싶었는데... ], 부정 텍스트 확률 : 78.08%"
"[ 한 며칠간 볼 수 없던.. 이런 하늘.......저날 원래 날이 좋았는데... 갑자기 동풍이 힘을 잃더니 서쪽에서 그지같은 공기가 마구마구 날라왔었다. 순식간에 오염물질들로 뒤덮은 하늘........쟤가 이름이 먼지 라서 그렇지.... 정확히는 스모그이다. 뭔가를 태웠을 때 생기는 공기 중에 부유하는 작은 고형 입자...... 우리가 생각하는 흙먼지 ... 아니고... 아황산가스], 부정 텍스트 확률 : 90.69%"
"[질소 산화물 등.... 이런걸 우리 아이가 마시게 할 순 없지 ], 부정 텍스트 확률 : 98.93%"
"[통기성 ], 부정 텍스트 확률 : 53.29%"
"[사계절 사용초미세먼지와 미세먼지 차단을 . 하는 유모차커버로 특수 나노 섬유 원단을 사용했다. 이 부분은 국가 공인 기관인 에서 인증받았으니 더 믿음직스럽다.방수가 된다고 하는데.. 개인적으로는 어설프게 비 오는 날엔 바닥에 가라앉은 미먼들이 떠올라 공기질이 더 안좋아유모차는 낮기까지해서 더 최악... 절대 외출을 하지 않으니 딱히 필요하지 않은 기능이기는 하지만..... 갑자기 비가 오는 상황을 대비하면 또 괜찮은 것 같기도 하다.그리고 방수가 된다는건 물세탁을 해도 세탁 방법은 아래 다시...정말 괜찮다는 것 일테니.... ], 부정 텍스트 확률 : 99.89%"
"[사용기간이 긴 걸로 보아도 등이다. 유모차커버 치고 가격이 좀 있다 생각이 들겠지만 관리만 잘 한다면.... 휴대용 공청기 제품값필터값보다는 훨씬 훨씬 저렴하기도 하다.휴대용공청기가 작다고 필터값이 저렴할거라 생각하면 경기도 오산ㅋㅋ그리고 뭐... 타사 제품들에 비하면 가격도 너무나 합리적이다. ], 부정 텍스트 확률 : 71.15%"
"[ 아이의 시야를 학보하기 위해 창이 크게 나 있고], 부정 텍스트 확률 : 53.09%"
"[디자인도 비슷해서 .... 그게 그거같아보인다. 하지만 미먼 차단율이나 공기통하는 정도를 보면 확실한 차이가 있다.햇살망의 공기 투과도는 .. 타사 제품은 대로.. 미먼 차단율은 물론 통풍면에서도 압도적이다.공기 투과도 역시 에서 검사함. ], 부정 텍스트 확률 : 96.42%"
"[공기질이 나쁜 날 외출했는지.... 미먼에 많이 노출될수록 나노섬유가 오염?되었을테니 한달정도 사용해보고 개측기로 테스트해봐야겠다. ], 부정 텍스트 확률 : 98.87%"
"[ 이 제품이 좋았던 또 하나의 이유는.... 커버 사이즈가 세분화되어있다는 점이다.시중에 나와있는 윰차들이 사이즈가 천차만별이긴 하지만 크게 분류해 그걸 종으로 나누어 커버를 제작했다. 맞춤한듯이 잘 맞으니 깔끔하기도 하지만 무엇보다 중요한건 커버와 윰차 사이 공간이 많이 생기지 않는다는 점이다.그래야 외부로부터 유입되는 공기를 막을 수 있으니.윰차 안에 있는 아이는 나노섬유를 통한 공기만 마셔야하니.... 사이즈가 세분화된 점이 참 좋았다.내 윰차에 맞는 사이즈를 모른다면? 바로 판매자측에 문의를 하면 된다. 이미 많은 구매자가 있고], 부정 텍스트 확률 : 98.94%"
"[데이터로 제품 개발을 했으니 믿음직스러운 답변을 들을 수 있다. ], 부정 텍스트 확률 : 69.27%"
"[ 측면에서 본 모습.뭐 맞춤한 커버마냥 아주 예쁘게 맞는다. 걱정했는데..... 쁘띠 싸이즈가 딱이었다타사 제품 이야기를 또 하게되는데 ㅋㅋㅋㅋㅋㅋ열심히 비교해야 좋은 쇼핑을 하니까염?커버 씌운 모습을 보면 사이즈들때문에 모양이 안예쁜 경우가 있다. 기껏 디자인 골라 윰차산거 미먼때문에 커버로 가리는 것도 뚁땽한데 커버까지 큰 엉아 옷 빌려입은 핏이면 외출해서 넘 슬프니까...... 이런 부분도 선택의 요인이 될 것 같다. ], 부정 텍스트 확률 : 76.96%"
"[사이즈라도 오또케 손을 좀 보면 좋겠다. 처음 저 제품을 봤을때 스킵했던 이유가 정직한 저 로고때문이기도 했으니...], 부정 텍스트 확률 : 77.00%"
"[ 그거 말고는 다 너무 만족스럽다.커버 뒷면에 포켓까지.... 사용자를 배려한 디자인], 부정 텍스트 확률 : 88.06%"
"[어른들도 좋아하는 차가 있듯이...아가들도 유모차를 가려탄다는....흠..그리하여.. 결국 지안이 일쯤이 되서야 집 근처에 있는 육아용품 매장에서 유모차를 구입하게되었다. 하하유모차를 구입하기 전에 가장 고민했던 건 바로..디럭스냐 절충형이냐....일단 디럭스는 바퀴가 크고 무거워서 안정감은 있지만 신생아들은 머리 흔들림을 조심해야 하므로.. 그만큼 휴대성이 좋지 않아 오래 타지 못하고 차에 싦고 내리기도 힘들어서 결국 절충형을 산다는 의견들이 있었고..반면 절충형은 휴대성은 디럭스보다는 나으나], 부정 텍스트 확률 : 98.38%"
"[잉글레지나], 부정 텍스트 확률 : 53.29%"
"[마미자리 정도 유명한듯..직원분 말이 하비는 한국에 런칭한지 년정도 되었는데], 부정 텍스트 확률 : 79.41%"
"[가성비 좋고 디럭스이지만 핸들링이 가벼워 엄마들 입소문을 타고 판매 위를 기록했다고?요리조리 방향 전환이 겁나 쉽고], 부정 텍스트 확률 : 52.23%"
"[ 유모차 고민하시는 분들 계시면 하비이지워커 추천합니다], 부정 텍스트 확률 : 68.12%"
"[제 돈주고 직접 구매한 후기입니다. .?하비유모차하비유모차.?이지워커하비이지워커하비.?유모차추천유모차추천.?신생아유모차신생아유모차.?디럭스유모차디럭스유모차 ], 부정 텍스트 확률 : 68.49%"
"[아이는 이미 개월이 되었고], 부정 텍스트 확률 : 73.78%"
"[가격이나 사은품 구성도 좋아서 바로 구입 결정 .색상은 깔끔하게 블랙으로], 부정 텍스트 확률 : 77.38%"
"[결제도 깔끔하게 카드로 했답니다. ..당일발송해주신 덕분에 다행히 추석 연휴 전날], 부정 텍스트 확률 : 67.39%"
"[우리 아이의 첫 유모차.?이지워커찰리이지워커찰리 가 집으로 도착했어요.], 부정 텍스트 확률 : 70.17%"
"[다행히 아이가 편안하게 누워 있었어요..이제 막 꺼낸거라 천 기저귀 깔고 눕혔네요. ], 부정 텍스트 확률 : 63.96%"
"[ ..이지워커 찰리는 .절충형이지만 흔들림이 크지 않아 안정감이 있고], 부정 텍스트 확률 : 63.09%"
"[ 하이어댑터가 있어 높이를 높일 수 있다는 점이 마음에 들었어요.. .?기내반입절충형유모차기내반입절충형유모차 라고 하는데], 부정 텍스트 확률 : 67.64%"
"[휴대용만큼은 아니지만 작은 크기로 접어지고], 부정 텍스트 확률 : 77.78%"
"[찰리 추천합니다. .수도권에 사시는 분들은 하이베베 청담점에 직접 가보시는 것도 좋을 것 같아요..저처럼 지방에 사시는 분들은 전화로 궁금한 것 여쭤보시면 자세하고 친절하게 안내해주실거에요...첫 유모차로 구입한 이지워커 찰리], 부정 텍스트 확률 : 94.00%"
"[ 사진 속처럼 손잡이가 길게 조절 가능해서 엄마 아빠 키에 맞춰 조절 할 수 있구요.이지워커 하비 년 월부터 썼던건데.. 지금 년 월까지 너무 멀쩡해요고장 전혀 없었고], 부정 텍스트 확률 : 95.21%"
"[ 이제 일이 지나고 제가 사라지면 막 우는 시기가 되면서부터는자지 않은 한 ], 부정 텍스트 확률 : 79.60%"
"[ 여름부터 포스팅해야지 하고 찍어뒀던 사진들ㅋㅋㅋㅋㅋㅋ이제서야 포스팅합니다 ㅋㅋㅋㅋㅋ ], 부정 텍스트 확률 : 77.26%"
"[이때는 디럭스유모차 안정감이 달라요], 부정 텍스트 확률 : 57.49%"
"[귀찮은 마음에... 그냥 주문하려고 했는데], 부정 텍스트 확률 : 66.25%"
"[유모차와 카시트만큼은 직접 방문해서 확인하는게 맞다는 말씀을 해주셨고], 부정 텍스트 확률 : 62.92%"
"[이지워커 하비가 고려 대상이었어요 ], 부정 텍스트 확률 : 56.64%"
"[저는 무조건 디럭스를 고집했었는데], 부정 텍스트 확률 : 60.47%"
"[그런 장점을 모두 가지고있어서 선택이 더 쉬웠습니다무엇보다 사장님께서 여러 제품들을 꼼꼼히 설명해주시고], 부정 텍스트 확률 : 58.83%"
"[ 대상월 이지워커 유모차 구매자결제일 기준사은품 및 참여방법. 하비하비], 부정 텍스트 확률 : 79.22%"
"[ 하비 공통.① 온라인 구매자구매쇼핑몰 건육아카페 건], 부정 텍스트 확률 : 93.05%"
"[ 총 건 의 포토후기 업로드 후 네이버폼 응모.② 오프라인 구매자개인 건육아카페 건], 부정 텍스트 확률 : 89.29%"
"[ 총 건 의 포토후기 업로드 후 네이버폼 응모 ], 부정 텍스트 확률 : 68.08%"
"[ . 찰리.① 온라인 구매자구매쇼핑몰 건육아카페 건], 부정 텍스트 확률 : 92.60%"
"[ 총 건 의 포토후기 업로드 후 네이버폼 응모.② 오프라인 구매자개인 건육아카페 건], 부정 텍스트 확률 : 89.29%"
"[ 총 건 의 포토후기 업로드 후 네이버폼 응모. ], 부정 텍스트 확률 : 65.58%"
"[색상 응모폼 내에서 선택 가능 유니온잭페퍼화이트 ], 부정 텍스트 확률 : 79.35%"
"[ . 미니버기 미니버기], 부정 텍스트 확률 : 62.92%"
"[모델 구매자 참여 불가.① 온라인 구매자구매쇼핑몰 건육아카페 건], 부정 텍스트 확률 : 96.77%"
"[ 총 건 의 포토후기 업로드 후 네이버폼 응모.② 오프라인 구매자개인 건육아카페 건], 부정 텍스트 확률 : 89.29%"
"[ 총 건 의 포토후기 업로드 후 네이버폼 응모. ], 부정 텍스트 확률 : 65.58%"
"[ ▼ 월 구매고객 대상 포토후기 이벤트 신청 ▼ ], 부정 텍스트 확률 : 53.29%"
"[사은품 발송이 되지 않으니 중복참여를 삼가해 주시기 바랍니다.... 월 구매자인데 월에 후기를 올려도 되나요?.. 월 구매자분이시더라도 월 일까지 신청 가능합니다.... 관련 문의 사항은 이지워커 공식 메일 .로만 받습니다. ], 부정 텍스트 확률 : 96.95%"
"[ 월 출산을 앞두고 디럭스유모차를 정말 많이 알아봤어요.백화점 및 베이비페어], 부정 텍스트 확률 : 64.27%"
"[베이비용품점에 가서 수많은 유모차를 끌어보기도 했고처음에는 무작정 고가브랜드의 유모차만 눈여겨 봤어요.그런데 가격적인 면과 실용성 면을 고려하지 않을 수가 없겠더라구요 ㅠㅠ여러 고민을 하다보니 디럭스유모차를 구매하기 위한 저만의 기준이 생기더라구요.. 합리적인 가격. 무게 디럭스라 휴대용이나 절출형과 같을 수는 없겠지만 무턱대고 무겁지 않을 것. 원폴딩 주로 운전을 하다보니 동네산책이 아니더라도 차를 타고 갈 일이 많을 것이기 때문에 폴딩이 용이해야 함. 디자인 군더더기 없이 깔끔한 것을 선호. 시트 높이 여러 유모차를 끌어보니 확실히 시트높이가 높은게 훨씬 좋았음. 부드러운 핸들링이렇게 저의 기준을 정하게 되었고이 모든 기준에 부합하는 것이 하비이지워커 유모차였습니다.그래서 구매하게 되었는데상품을 받아보니 더욱 만족스럽네요 ...... ......? 본문 이미지일단 조립이 엄청 간편하더라구요.남편이 조립하는 데 분도 걸리지 않았어요...... ......? 본문 이미지...... ......? 본문 이미지...... ......? 본문 이미지그리고 넘나 견고하고 튼튼한 바퀴], 부정 텍스트 확률 : 98.05%"
"[높은 시트], 부정 텍스트 확률 : 51.43%"
"[ 구매하고 작성한 포스팅에도 썼지만디럭스냐 절충형이냐 고민이 많았어요.하지만 어릴때 조금이라도 안전하게 태우고 싶어서디럭스로 결정했는데유명한 스토케], 부정 텍스트 확률 : 98.19%"
"[미마자리 등은금액도 높지만 뭔가부족했거든요.그래서 디럭스 유모차지만 가성비 좋은 금액에예쁜 디자인과 안전성 등을 고려해서하비 이지워커로 구매하게 되었어요 ], 부정 텍스트 확률 : 87.68%"
"[하비 이지워커디럭스 유모차 ], 부정 텍스트 확률 : 57.33%"
"[ 구매한지 약 개월동안 실내외로많이 끌고 다녔는데요.지난 주말엔 처음으로 마트에 끌고 가봤어요. ], 부정 텍스트 확률 : 93.55%"
"[ 차에서 곤히 자고 있던 은우를유모차에 태웠어요 은우가 누워있는 쪽에 유모차 라이너는신생아시트로 구매할 때 받은건데요], 부정 텍스트 확률 : 54.66%"
"[ 양면 사용이 가능한데 아래쪽 화이트 부분은여름에 쿨매트 소재라 유용했어요 ], 부정 텍스트 확률 : 71.60%"
"[장점. 넉넉한 장바구니 ], 부정 텍스트 확률 : 62.92%"
"[ 하비 유모차의 장점 중 하나가넉넉한 수납이 가능한 장바구니인데요이날 장볼때도 따로 마트카트를 사용하지 않고은우 유모차 장바구니에 다 넣어 다녔어요또 유모차걸이에다가 별도의 장바구니를 거니마트카트는 무슨 필요없더라구요], 부정 텍스트 확률 : 89.10%"
"[ 바퀴 옆에 있는 브레이크는한 발로도 쉽게 고정할 수 있어서 편해요. ], 부정 텍스트 확률 : 63.50%"
"[ 제가 직접 영상 찍어보면서 해봤는데요.삐그덕거림도 없이 고정도 잘 되고아직까지 사용하는데 큰 무리가 없어요 ], 부정 텍스트 확률 : 56.43%"
"[ 그리고 손잡이 부분은 가죽으로 되어있어서더 부드럽고 고급진 느낌이 나요], 부정 텍스트 확률 : 69.03%"
"[장점. 어댑터 ], 부정 텍스트 확률 : 62.92%"
"[ 울애기 왜케 아련아련하게 있는고야....?마트 장보기가 끝날때까지유모차에서 울지도 않고 잘 있어주더라구요유모차 불편해서 안타는 아기들도 있던데은우는 처음 탔을때부터 하비 유모차가 맘에 들었는지울지도 않고 꿀잠도 자고 잘 타더라구요 ], 부정 텍스트 확률 : 50.29%"
"[장점. 안전하고도부드러운 핸들링 ], 부정 텍스트 확률 : 62.92%"
"[ 이지워커 하비 디럭스 유모차 후기 ], 부정 텍스트 확률 : 57.33%"
"[ 유모차매장 여기저기 찾아다니면서 유모차에 대해 공부를 나름 진짜 열심히했다. 왜나면 구매하고도 후회하고 싶지않아서 주변에도 많이 물어보고여기저기 다니면서 눈으로 직접보고 끌어보고 만져보고선택한 유모차 바로 이지워커 하비 디럭스 유모차 ], 부정 텍스트 확률 : 69.36%"
"[ 이지워커 하비 유모차는 컬러는 정말 다양하다 ], 부정 텍스트 확률 : 56.23%"
"[ 개봉기부터 써야하는데 성질급한 우리남편나 조리원에 있는 동안 막 뜯어서 조립까지 다해버렸다..우리아이는 신생아때부터 유모차를 잘탔다.이유는 친정에 몸조리를 하러갔는데 엄마가 유모차를 태우고 아기를 재웠다 그래서 그런지 유모차만 타면 눈을 감고 잠을 잔다 ㅋㅋㅋㅋㅋㅋ하비 유모차는 신생아도 주행중에 흔들림없이 안전하게 보호해주고 무엇보다 핸들링이 부드러워서 마음에 쏙든다 ], 부정 텍스트 확률 : 89.90%"
"[스타필드], 부정 텍스트 확률 : 53.29%"
"[카페등 자주 다니는데우리딸은 하비 유모차가 편안한지 찡찡거리지도 않고 잠을 아주 푹잔다], 부정 텍스트 확률 : 75.73%"
"[ 하단부분에 수납공간 또한 넓직하다 아기를 같이 데리고 나가다보면 백팩으로 하나 꽉찬다.. 많은 짐도 간편하게 넣고 다닐 수 있는 장점이 있다 쇼핑한것도 같이 넣고 장본것들도 다 들어가는 넑직한 수납공간 ], 부정 텍스트 확률 : 97.34%"
"[ 또 한가지 내가 반한 것은 난 키가어떤 예쁜 유모차를 끌어도 어색하고 어정쩡하고], 부정 텍스트 확률 : 75.60%"
"[ 육아템이지워커 하비 디럭스 유모차네덜란드 감성 유모차], 부정 텍스트 확률 : 59.19%"
"[육아템이지워커 하비 디럭스 유모차네덜란드 감성 유모차], 부정 텍스트 확률 : 59.19%"
"[라온이 빠방이를 구매했다. 임신 중기때부터 유모차에 집착한 나 백화점을 갈 때마다 왜 유모차 매장을 지나가지를 못하니 끌어보고 질문하고 끌어보고 질문하고 무한반복 그 중 마음에 든 유모차 모델이 ], 부정 텍스트 확률 : 65.75%"
"[육아카페에 포토후기 글을 올리면 휴대용 유모차를 준단다.당장 사야해 지금이야 어차피 나는 블로거이기에 개봉기는 당연히 쓸 예정이였고활동도 활발히 하고 있어서 어려울 게 없었다. 월 행사가 끝나고 월도 같은 조건으로 행사를 하고 있는 중이니], 부정 텍스트 확률 : 77.15%"
"[또는 핫딜], 부정 텍스트 확률 : 53.29%"
"[ 할인쇼핑몰을 이용하는 것이개이득▼▼▼ 이지워커 하비 월 구매자 대상 포토후기 이벤트 ▼▼▼ ], 부정 텍스트 확률 : 83.73%"
"[구매 후 이틀 뒤 집에 도착한 하비 유모차], 부정 텍스트 확률 : 66.33%"
"[조립은 셀프 어렵지는 않다.], 부정 텍스트 확률 : 63.73%"
"[이렇게 지퍼를 열어보니 캐노피가 더 길게 빠진다. 아하], 부정 텍스트 확률 : 88.96%"
"[신생아 패드양면으로 되어있다. 블랙은 매쉬소재로 여름에 사용하기 좋고], 부정 텍스트 확률 : 88.51%"
"[화이트는 면 소재로 봄], 부정 텍스트 확률 : 81.01%"
"[겨울에 사용하면 된다.], 부정 텍스트 확률 : 63.94%"
"[하비 유모차는 디럭스 유모차로 신생아부터 개월까지 사용이 가능하다. 신생아는 완전히 눕혀서 사용.그리고 점점 시트를 올려서 사용하면 되겠다.], 부정 텍스트 확률 : 75.40%"
"[하비 유모차의 단점은 딱 하나. 양대면 시스템앞보기 뒤보기가 번거롭다. 시트를 들어서 돌려야한다. 흑..그래도 다른 장점이 있으니 넘어가보련다.아직 단점을 몸소 경험하지 못했기에..ㅎㅎ], 부정 텍스트 확률 : 91.71%"
"[이렇게 신생아패드를 장착하면 도 침대형 버켓시트로 설정할 수 있다. 그러므로 신생아도 유모차 탑승하는데 무리가 없다.], 부정 텍스트 확률 : 96.63%"
"[안전가드 탈부착은 버튼을 누르면 끝 아이를 태우고 내리는데 손 쉽다.], 부정 텍스트 확률 : 65.54%"
"[도 자신의 높이에 맞게 핸들을 조절 할 수 있다.하비 유모차의 최대 장점인 핸들링 매우 부드럽다. 여자가 한 손으로 유모차를 끌어도 움직임이 부드럽다. 이 점은 별 개], 부정 텍스트 확률 : 92.54%"
"[.. 주문하고 택배로받았는데 여자혼자 조립해도 거뜬히 할수있을정도네요 그냥 설명서안보고 부품 똑똑끼우니 혼자서 조립완성ㅋ이너시트와 시력보호커버는 섭스♡], 부정 텍스트 확률 : 70.57%"
"[ 내돈주고산 이지워커 하비], 부정 텍스트 확률 : 93.35%"
"[슈퍼핸들링 유모차 구매 ], 부정 텍스트 확률 : 53.29%"
"[어느덧 내가 육아 블로그를 쓰게 되었다니...육아 포스팅 첫글로 유모차 후기를 쓰게 되었다니..요걸 시작으로 육아 포스팅도 틈틈히 열심히 해 보아야겠다 ], 부정 텍스트 확률 : 96.87%"
"[후기 전 프롤로그 ], 부정 텍스트 확률 : 58.73%"
"[ 그동안 봐왔던 유모차 후보 세 제품이 매장에 있는지], 부정 텍스트 확률 : 53.32%"
"[하비를 선택하기까지 ], 부정 텍스트 확률 : 80.01%"
"[사의 모델사의 모델이지워커 하비 였고유모차 필수조건은 핸들링], 부정 텍스트 확률 : 75.74%"
"[폴딩 했을 때의 부피], 부정 텍스트 확률 : 63.08%"
"[차양막 이렇게였다.결국 이지워커 하비를 고르게 되었고], 부정 텍스트 확률 : 86.08%"
"[장점 ], 부정 텍스트 확률 : 53.29%"
"[기가막힌 핸들링 ], 부정 텍스트 확률 : 81.43%"
"[고민 끝에 하비를 선택 하게 된 제일 큰 이유하비를 먼저 밀어보고 모델], 부정 텍스트 확률 : 91.77%"
"[ 폴딩했을 때 부피가 너무 크다면 트렁크에 들어가지 않는 불상사가.... 부피 때문에도 인터넷으로 구매하기 망설여졌었다.우리가 유모차 부피때문에 걱정하고 있으니까 사장님이 매우 쿨하게 가져다가 트렁크에 넣어보고 오라고 해주심 당연히 확인해야 할 부분이라고 말씀해주셔서 마음이 편했음..미나리씨가 알바분이랑 유모차 끌고 내려가서 트렁크에 직접 넣어보고옴다녀오더니 들어가긴 하지만 큰 바퀴 하나는 분리해서 넣어야 한다고ㅋㅋㅋㅋㅋㅋㅋㅋㅋㅋㅋ그래도 차위에 안올려도되는게 어디냐며ㅠㅠㅠ 장점그동안 봐왔던 유모차와는 뭔가 다른 디자인매우 주관적길거리 다니면서 보던 유모차와는 약간 다른 디자인도 넘나 마음에 들었다.컬러도 콜블랙 색상 굿굿 신상 컬러가 럭셔리 블랙올블랙이라던데 그것보단 우리 둘다 콜블랙이 나았다.그외 장점 어댑터로높이 조절 가능], 부정 텍스트 확률 : 99.02%"
"[사의모델이 내가 생각했을때는 풀차양막인데], 부정 텍스트 확률 : 60.84%"
"[이거는 풀차양막이라고 하기엔 앞에가 쫌 덜 내려온 느낌ㅠ], 부정 텍스트 확률 : 90.60%"
"[개봉 및 후기 시작 ], 부정 텍스트 확률 : 79.10%"
"[혼자 이것저것 들고 빼고 끼고 하기도 딱히 무겁지 않았다.다만], 부정 텍스트 확률 : 97.12%"
"[날씨가 너무 더워서 에어컨 틀고 있어도 땀이 삐질삐질ㅠ], 부정 텍스트 확률 : 65.12%"
"[이번엔 최대로 세워보았다앞보기 ], 부정 텍스트 확률 : 50.60%"
"[아직 익숙치 않아서 버벅거리기는 하지만], 부정 텍스트 확률 : 52.66%"
"[어댑터를 제거해 보았다 ], 부정 텍스트 확률 : 61.27%"
"[어댑터를 끼우면 눈높이가 맞아서 좋긴한데밀고 다니기에는 어댑터를 제거 한 상태가 훨씬 편했다.왠지 어댑터 안끼고 다닐듯...ㅋㅋㅋ 오빠도 그냥 안낀 상태로 끌고 다닐듯 하다], 부정 텍스트 확률 : 90.24%"
"[오랜만에 포스팅을 하니죽어있던 블로거가 스물스물 깨어나는듯 하다.], 부정 텍스트 확률 : 64.86%"
"[ 출산준비물하비 이지워커 콜블랙 디럭스 유모차 구입 후기 ], 부정 텍스트 확률 : 57.33%"
"[하비 이지워커디럭스 유모차 ], 부정 텍스트 확률 : 57.33%"
"[콜블랙으로 구입했답니다. ], 부정 텍스트 확률 : 71.43%"
"[럭셔리 블랙이 최근에 나온 건데프레임도 블랙이고 커버도 블랙이었어요.그런데 커버가 뭔가 우산 같더라고요.그래서콜블랙으로 구입했답니다. ], 부정 텍스트 확률 : 74.77%"
"[빨리 조립해보고 싶어서임신 개월 뚱뚱배를 부여잡고직접 조립해봤어요유모차 조립 어려울 거라 생각했는데뭐..... 별거 아니더만요 ], 부정 텍스트 확률 : 90.46%"
"[비닐에 꽁꽁 싸여있는구성품들 ], 부정 텍스트 확률 : 53.93%"
"[총 구성품은 이러하답니다. ], 부정 텍스트 확률 : 57.91%"
"[ 어댑터는 원래 별도 구매이나사은품으로 받았어요어댑터는유모차 시트를정도 높여준답니다.좋아요제가 원하는 유모차는높이가 높은 거였거든요.그런 점에서 어댑터는 너무너무 마음에 들더라구요. ], 부정 텍스트 확률 : 65.06%"
"[조립방법은 책자에상세하게 나와있어요이거 보며하비 이지워커 조립을 시작했답니다. ], 부정 텍스트 확률 : 75.61%"
"[고리에 걸려있던프레임을 빼서 ], 부정 텍스트 확률 : 83.54%"
"[위로 세워주고 ], 부정 텍스트 확률 : 53.29%"
"[앞쪽에 이렇게 생긴 부분에 ], 부정 텍스트 확률 : 88.62%"
"[큰 바퀴를 꽂아주면쉽게 철컥하고 고정된답니다. ], 부정 텍스트 확률 : 57.46%"
"[양쪽 바퀴 다 꽂은 후 ], 부정 텍스트 확률 : 62.79%"
"[앞쪽에는작은 바퀴를 꽂아준답니다. ], 부정 텍스트 확률 : 78.26%"
"[이렇게 생긴 부분에 ], 부정 텍스트 확률 : 90.46%"
"[그냥꽂기만 하면 끝 ], 부정 텍스트 확률 : 92.28%"
"[프레임 양옆에이렇게 생긴 부분이 있는데 ], 부정 텍스트 확률 : 56.79%"
"[어댑터를 그냥 툭 꽂아주면철컥하고 고정된답니다. ], 부정 텍스트 확률 : 91.74%"
"[양쪽 다 장착한 뒤 ], 부정 텍스트 확률 : 80.41%"
"[시트를 꽂아줍니다. ], 부정 텍스트 확률 : 65.65%"
"[마지막으로안전바까지 장착하고 나면하비 이지워커 디럭스 유모차 조립 끝참 쉽죠잉 ], 부정 텍스트 확률 : 85.12%"
"[손잡이는 단계로 조절 가능하답니다. ], 부정 텍스트 확률 : 80.82%"
"[손잡이를 최대한 빼 주면 이런 모습 ], 부정 텍스트 확률 : 78.44%"
"[사은품으로 받은삼각 쿠션을 깔고 ], 부정 텍스트 확률 : 67.59%"
"[유모차 이너시트를준비해 둔 게 있어서사은품으로 받은 시트 말고준비해둔 시트로 깔아봤는데사이즈가 딱 맞더라구요 ], 부정 텍스트 확률 : 94.06%"
"[손잡이를 최대한 줄인 요람형은이런 모습 ], 부정 텍스트 확률 : 71.38%"
"[손잡이를 최대한 늘린 요람형은이런 모습이랍니다. ], 부정 텍스트 확률 : 60.29%"
"[ 이지워커 하비유모차 ], 부정 텍스트 확률 : 57.33%"
"[디럭스냐? 절충형이냐? ], 부정 텍스트 확률 : 96.01%"
"[신생아부터 쓸 수있다. 단점무겁다], 부정 텍스트 확률 : 57.23%"
"[가성비 좋다], 부정 텍스트 확률 : 53.87%"
"[사용기간이 길다 단점충격흡수가 덜 됨], 부정 텍스트 확률 : 50.12%"
"[안정적이지 못하다디럭스절충형은 나도 고민이었는데 디럭스로 결정하게 된 이유는 차로 이동할 때 바구니 카시트를태웠음에도 불구하고 많이 흔들리는 걸 보고서는 아 무조건 디럭스로 가야겠다 싶었다. ], 부정 텍스트 확률 : 94.34%"
"[브랜드는 어디로 할 것인가? ], 부정 텍스트 확률 : 88.94%"
"[ 디럭스로 결정하니 또 다시 어느 브랜드로 할 지], 부정 텍스트 확률 : 59.05%"
"[ 내가 간 매장은.?별내베이비플러스별내베이비플러스매장.규모가 그리 크진 않았지만 알차게 없는게 없던매장이였고], 부정 텍스트 확률 : 89.73%"
"[무엇보다 이것저것 많이 물어보고모델별로 폴딩], 부정 텍스트 확률 : 99.75%"
"[폴딩해본 느낌은 아래와 같다. ], 부정 텍스트 확률 : 77.70%"
"[.?리안스핀로얄리안스핀로얄], 부정 텍스트 확률 : 53.29%"
"[실제로 보니 시트가 너무 낮고 뭉특하고 뚱뚱한 느낌이였다.장바구니는 작지 않았지만 그 위에 프레임때문에 많이 넣지 못할 것 같았음.그리고 디럭스치고도 확실히 무거운 느낌.실제 매장에서 직접 보지 않고 샀다면후회했을거다. ], 부정 텍스트 확률 : 89.00%"
"[.?잉글레시나트릴로지잉글레시나트릴로지], 부정 텍스트 확률 : 79.20%"
"[ 사람들이 가장 많이 쓰는 대중적인 유모차 같아서 거의 이걸로 정하고 갔었다.실제로 보니 확실히 폴딩은 굉장히 편하게 힘들이지않고도 잘 되는것 같았다.그치만 관절이 많아서 그런지 덜컹거리는 느낌에 무게감이 없었고 무엇보다도 디럭스임에도 바퀴가 작아서 안 예뻤다 ㅠㅠ. ], 부정 텍스트 확률 : 71.62%"
"[ 결국 구매한건 예정에도 없던하비유모차 였다.하비는 포스팅으로 한두번 보긴 했었는데실제 매장에 가서 보니 원터치 폴딩으로 폴딩도 쉽고바퀴도 크고], 부정 텍스트 확률 : 56.44%"
"[ 스토케는 높이가 높아서 좋지만 장바구니가 작고 폴딩이 어려운 것 같았는데 이 모든 걸 보완하는 게하비유모차였다.그리곤 색상결정.싸이벡스 프리암 올블랙 유모차를 보고선 유모차는 무조건 올블랙이지 했었는데], 부정 텍스트 확률 : 50.41%"
"[여름에 쓰기에는 너무 더워보여서 탈락. 콜블랙 은 그냥 블랙이면 좋았을텐데 후기 찾아보니약간 보랏빛이 나는 블랙색상이라 마지막까지 고민하다 탈락.결국 사계절내내 잘 쓸수 있고 색상도 고급진 스틸그레이로 결정했다. ], 부정 텍스트 확률 : 55.55%"
"[하비유모차 개봉기 ], 부정 텍스트 확률 : 88.76%"
"[ 일요일 매장에서 보고 오고 다음날 고심끝에 모델], 부정 텍스트 확률 : 58.16%"
"[ 색상까지 최종 결정한 후 전화로 결제하고 일 뒤에 택배로 받았다.세피앙 본사에서 보내준 유모차악세사리 박스.별내베이비플러스 매장에서는 별도로 악세사리를 택배로 보내주셨다. ], 부정 텍스트 확률 : 92.06%"
"[ 나는 키가 으로 큰 편.하이어댑터를 장착하니 가량 시트가 높아져서아기랑 눈맞춤하기도 좋고], 부정 텍스트 확률 : 77.31%"
"[아기를 유모차에 눕힐 때허리를 안 굽혀도 되서 좋다.또 하이체어로 보편적인 책상높이와 맞아서 식당이나 카페에 가서 아기의자가 없어도 된다는 점. ], 부정 텍스트 확률 : 93.17%"
"[ 하비유모차 역시 원터치폴딩으로 간편하게 접을 수 있고 펼때도 툭하고 한번에 펴진다.뒤보기 상태로 폴딩도 가능하지만 앞보기 폴딩보다는 부피가 커진다. ], 부정 텍스트 확률 : 78.44%"
"[ 여기다 하이어댑터까지 장착하면 윗 공간이 더 넓어져서 더 많이 들어간다. ], 부정 텍스트 확률 : 88.73%"
"[ 발받침대. 옆에 동그란 버튼을 누르면 각도가 조절된다. ], 부정 텍스트 확률 : 72.60%"
"[ 신생아시트를 부착하지 않은 상태.사진을 보면 도로 눕혀도 허리부분이 움푹들어가있는데], 부정 텍스트 확률 : 69.81%"
"[신생아 패드 밑에 저 삼각형 쿠션을 넣으면 완전히 평평하게 펴져서 허리힘이 없는 신생아들도 바로 사용이 가능하다.리안솔로 유모차도 봤었는데 그것도 절충형이지만바퀴도 크고 디자인도 괜찮았지만 저 보조쿠션이 없어서 허리가 너무 움푹 들어가서 ㅠㅠ ], 부정 텍스트 확률 : 98.28%"
"[판매해야 ], 부정 텍스트 확률 : 66.90%"
"[하니 굳이 신생아 보조 패드를 만들지], 부정 텍스트 확률 : 81.70%"
"[않는다 들음], 부정 텍스트 확률 : 51.13%"
"[ 신생아 이너시트와 그 밑에 보조쿠션 부착.신생아패드는 한쪽은 흰색 면소재], 부정 텍스트 확률 : 58.79%"
"[다른 한쪽은매쉬소재로 여름에 사용하면 좋을 것 같다. ], 부정 텍스트 확률 : 87.98%"
"[ 손잡이도 같은 멜란지 소재로 마감처리 되어있고], 부정 텍스트 확률 : 76.93%"
"[ 뒤보기방향으로 시트를 최대한 세워봤다.차양막도 풀차양막으로 다 가려진다.차양막 양 옆으로는 통풍창이 있어서 거기를 통해아기도 볼 수 있다. ], 부정 텍스트 확률 : 86.59%"
"[ 사은품으로 받은 사계절커버.커버도 유모차와 같은 그레이 색이라 깔맞춤. ], 부정 텍스트 확률 : 75.77%"
"[ 이건 매장에서 받은 사은품.컵홀더보조걸이밤부타올유모차정리함. ], 부정 텍스트 확률 : 68.01%"
"[신랑이랑 같이 유모차 첫 개시 남편이 밀어보더니 핸들링이 예술이라고 극찬했다.신도시라 도로정비가 잘 되어있음에도 불구하고길이 실크같지 않으니 흔들림이 분명 있을텐데독립 서스펜스라 그런지 충격흡수가 잘 되서 진짜 디럭스로 사길 잘했다고 산책하는 내내 백만번은 말한 듯 ㅎㅎ], 부정 텍스트 확률 : 76.23%"
"[ 손잡이도 쭉 빼서 높이], 부정 텍스트 확률 : 89.26%"
"[지난번에 전체적으로 하비유모차를 사게 된 계기를 주절주절했다면..오늘은 이지워커 ], 부정 텍스트 확률 : 54.35%"
"[하비유모차만의 장점 을 설명하고자함 ], 부정 텍스트 확률 : 60.04%"
"[바퀴가 튼튼하다], 부정 텍스트 확률 : 75.70%"
"[핸들링이 굉장히 좋다했는데..요 바퀴가 한몫한다.아빠가 처음에 ㅋㅋㅋ별로 맘에 안들어하더니 ㅋㅋ요거 끌어보시더니 ㅋㅋㅋㅋㅋㅋ감탄함ㅋㅋㅋㅋ ], 부정 텍스트 확률 : 64.00%"
"[뒤보기요건 회전이 아니라], 부정 텍스트 확률 : 77.14%"
"[핸들링까지프로 맘에드는 유모차당......월에 다시보자 유모차야.. ], 부정 텍스트 확률 : 52.81%"
"[ 이지워커 하비 유모차 ], 부정 텍스트 확률 : 57.33%"
"[스토케 익스플로리], 부정 텍스트 확률 : 53.29%"
"[ 하비이지워커 유모차 ], 부정 텍스트 확률 : 82.45%"
"[몇일을 고민하고 고민하던중에 드뎌 유모차를 결정했어요후기 다 읽어보고], 부정 텍스트 확률 : 71.99%"
"[디자인도 보구], 부정 텍스트 확률 : 61.06%"
"[ 바로 집으로 가져 왔어요 ], 부정 텍스트 확률 : 56.47%"
"[ 두가지 모두 안타더라구요. 그래서 유모차 태워 바운서대신 쓰기 시작했어요. 아기 졸려할때랑 찡찡댈때 유모차 태우고 왔다갔다하면 잠들거나 울음 멈추더라고요하비 이지워커는 일단 키로대로 무겁지 않고요], 부정 텍스트 확률 : 62.81%"
"[ 고민해서 제 돈 주고 직접 산 리얼 구매자 입니다 ], 부정 텍스트 확률 : 89.71%"
"[하비 이지워커 유모차 ], 부정 텍스트 확률 : 57.33%"
"[큼직한 바퀴가 눈에띄네요보기만해도 안정적이예요 ], 부정 텍스트 확률 : 57.04%"
"[시트를 반대로 장착해 봤어요신생아때는 이렇게 아기와 마주보고 끌고다닌다구 하더라구요 ], 부정 텍스트 확률 : 67.51%"
"[하비 유모차의 뒷면 ], 부정 텍스트 확률 : 73.35%"
"[사은품이로 키높이 조절이 가능한 하이어어댑터와 신생아패드도 받았어요 ], 부정 텍스트 확률 : 69.58%"
"[가성비 갑 디럭스 유모차하비 이지워커응꿍이가 직접 고르고 구매한 제품이였습니당 ], 부정 텍스트 확률 : 69.02%"
"[디럭스절충형.. 어느 것을 고를까요? ], 부정 텍스트 확률 : 65.96%"
"[디럭스 유모차], 부정 텍스트 확률 : 53.29%"
"[절충형 유모차], 부정 텍스트 확률 : 53.29%"
"[ 내외의 가벼운 휴대용 유모차와 디럭스 유모차의 중간 단계로 디럭스 유모차보다 무게감을 낮추고 ], 부정 텍스트 확률 : 53.10%"
"[ 휴대용 유모차보다 기능과 안정감이 높은 유모차개인적으로 절충형 유모차는 무게도 애매하고], 부정 텍스트 확률 : 72.44%"
"[핸들링도 썩 좋은편이 아니고유모차 선택에 있어서 제가 가지고 있는 기준에 어느 것 하나 제대로 만족되는 부분이 없더라구요또 절충형 유모차를 산다해도 돌 지나면 가벼운 휴대용으로 갈아타야한다는 의견이 많아서어린 빵빵이가 탈 첫 유모차는 더 안전하고 편안한], 부정 텍스트 확률 : 54.66%"
"[ 디럭스 유모차로 결정 ], 부정 텍스트 확률 : 64.02%"
"[그러나.........................디럭스 유모차에도 브랜드가 너무 많아ㅠㅠㅠㅠㅠㅠㅠㅠ브랜드마다 디럭스 유모차로 출시한 제품들은 기본적으로 안전성이 높을테니좀 더 선택의 폭을 좁히기 위해서 몇가지 포인트를 두기로 했어요제가 중점적으로 본 부분은], 부정 텍스트 확률 : 96.77%"
"[ 디자인과 핸들링 그리고 편의성 ], 부정 텍스트 확률 : 52.43%"
"[시트분리없이 폴딩 ], 부정 텍스트 확률 : 56.16%"
"[하이포지션 시트 ], 부정 텍스트 확률 : 53.29%"
"[부드러운 핸들링 ], 부정 텍스트 확률 : 53.29%"
"[양대면 가능 ], 부정 텍스트 확률 : 53.29%"
"[가벼운 무게감원하는 것도 참 많쥬?ㅋㅋㅋㅋㅋ저 기준들에 부합하는 모델 중에 최종 후보로 싸이스 프리 과 하비 이지워커두가지로 간추려졌고 마침 베이비 페어가 열린다고해서 직접 핸들링도 비교해보고실물 비교하고 결정하기로 했죠 ], 부정 텍스트 확률 : 86.35%"
"[외할아부지가 빵빵이 좋은 차 사주라고 돈도 두둑히 주셔서 더 신났지요우린 모녀 등골 브레이커 ㅋㅋㅋㅋ ], 부정 텍스트 확률 : 75.55%"
"[그 중에 젤 중요한 유모차물망에 오른 유모차가 총 가지가 있었는데 는 만원대], 부정 텍스트 확률 : 60.94%"
"[는 만원대], 부정 텍스트 확률 : 66.72%"
"[하비 유모차는 만원대마침 세 브랜드가 다 베페에 참가해서 직접 끌어볼 수 있었는데 ], 부정 텍스트 확률 : 55.75%"
"[ 가성비 갑이라는 평이 많이 보이더니 역시 ], 부정 텍스트 확률 : 78.26%"
"[그래 너로 정했다], 부정 텍스트 확률 : 91.99%"
"[띠로리........................ ], 부정 텍스트 확률 : 53.29%"
"[ 콜블랙], 부정 텍스트 확률 : 53.29%"
"[ 쉐도우블루이렇게 가지 컬러가 전시되어 있더라구요첨엔 무조건 새로 런칭했으니 당연히 블랙이지하고 갔는데직접 실물을 보니 전 콜블랙이 멜란지 재질이라 관리하기도 쉬울 것 같고 더 고급스러워 보이더라구요이제 다 끝인 줄 알았더니 다시 고민 고민 또 고민 ㅠㅠㅠㅠㅠ베이비 페어에서는 전시 상품을 할인해서 판매하는데 콜블랙은 이미 예약이 되어 있는 상황할인 금액이 크길래 스틸그레이로 전시상품으로 할까? 했는데전시상품 구입 시 베페 마지막 날 다시와서 직접 가져가야 한다고아놀드가 그냥 사고싶은 컬러로 사고 편하게 택배 받자 해서], 부정 텍스트 확률 : 90.19%"
"[ 콜블랙으로 결정 ], 부정 텍스트 확률 : 66.91%"
"[심사숙고 끝에 드디어 고른 빵빵이의 첫 유모차 ], 부정 텍스트 확률 : 55.86%"
"[하비 이지워커 ], 부정 텍스트 확률 : 57.33%"
"[▼▼▼▼▼▼ ], 부정 텍스트 확률 : 53.29%"
"[드디어 왔어요박스 하나는 유모차], 부정 텍스트 확률 : 79.04%"
"[하나는 사은품 ], 부정 텍스트 확률 : 62.13%"
"[그럼 조립을 시작해 볼까나 ], 부정 텍스트 확률 : 73.29%"
"[앞바퀴 ], 부정 텍스트 확률 : 58.74%"
"[뒷바퀴 ], 부정 텍스트 확률 : 53.29%"
"[안전바], 부정 텍스트 확률 : 82.95%"
"[유모차 시트], 부정 텍스트 확률 : 53.29%"
"[접혀있는 유모차 프레임 왼쪽에 고무 고리?를 재껴서 핸들을 잡고 위로 펼치면 유모차가 서고], 부정 텍스트 확률 : 64.27%"
"[ 앞바퀴], 부정 텍스트 확률 : 58.74%"
"[뒷바퀴를 홀에 맞춰 딸깍 소리가 나도록 장착해주면 조립 완료이렇게하면 프로 끝이예요 ㅋㅋㅋㅋ ], 부정 텍스트 확률 : 96.81%"
"[하비 이지워커는 ], 부정 텍스트 확률 : 73.22%"
"[시트를 유모차 프레임 양 옆 홈에 맞춰 끼워주고], 부정 텍스트 확률 : 76.39%"
"[베이비 페어에서 유모차 구입할 때 받은], 부정 텍스트 확률 : 69.31%"
"[ 하이어댑터], 부정 텍스트 확률 : 53.29%"
"[시력보호커버], 부정 텍스트 확률 : 53.29%"
"[다시 펼칠 때는 옆에 저 검정색 고리만 옆으로 당겨서 슥 올리면 펼쳐져요집에 붙어있지 못하는 성격이라 신랑 없을 때도 여기저기 돌아다녀야 하는데 폴딩 안되면 불편하잖아요쓱 접어서 차에 싣고 쓱 펼쳐서 놀고디럭스 유모차지만 기동성도 좋겠죠?], 부정 텍스트 확률 : 74.03%"
"[ 하이어댑터를 추가로 장착하면 시트 높이가더 높아져요 ], 부정 텍스트 확률 : 55.29%"
"[시트 분리 레버를 당겨서 시트를 빼고 하이어댑터를 양쪽에 끼워주세요 ], 부정 텍스트 확률 : 69.48%"
"[딸깍 딸깍 끝초 간단하지만 장착 후 모습을 보면 안할 수가 없어요 ], 부정 텍스트 확률 : 95.60%"
"[신생아 패드], 부정 텍스트 확률 : 53.29%"
"[ 유모차 라이너 소재도 부드럽고 뒷면은 중 매쉬로 되어 있어서 양면으로 사용 할 수 있어요두께감도 적당하고 아주 맴에 드뤄 ], 부정 텍스트 확률 : 63.55%"
"[ 깜짝 틀린그림 찾기 ], 부정 텍스트 확률 : 53.29%"
"[정답은??? ], 부정 텍스트 확률 : 74.36%"
"[우리 든든이 첫유모차 구입후기출산용품 준비할때유모차는 리스트에 넣지 않았었다.아기가 아직 태어나지도 않았고태어나도 유모차를 바로 탈수 있는게 아니기 때문에유모차는 출산하고 천천히알아보기로 한것.그런데 막상 아기가 태어나니유모차를 여유있게 알아보기가쉽지 않았다.ㅠ마침 동생이 든든이 출산선물로 유모차를 사준다고해서부랴부랴 유모차를 알아보기 시작.그런데 유모차 종류는 왜이리많은지어떤걸 골라야할지 너무 어렵더라는. . . ], 부정 텍스트 확률 : 98.55%"
"[ 사이두개중 하나를 사자하고유모차 매장에 갔다.그런데 매장가서 막상 주문한건하비 이지워커. ], 부정 텍스트 확률 : 86.38%"
"[매장가서 주문하고 일만에 집에왔다. ], 부정 텍스트 확률 : 69.38%"
"[하비유모차가 끌렸던또다른 이유는수납바구니가 넓직하다는거.아기하고 외출하려면기본적으로 짐이 많을테니수납바구니는 크면 좋을꺼니까 ], 부정 텍스트 확률 : 85.26%"
"[아기하고 외출하려면자외선도 신경쓰이는데요 지퍼를 열면. . . ], 부정 텍스트 확률 : 68.09%"
"[요즘은 날씨가 더워서 유모차를 우리든든이 빵빵이로집안에서 태우고 있다.유모차에 태워서 흔들흔들해주면잠이 스르르든다.요즘 바운서보다 유모차를 더 좋아하는것 같다.ㅋㅋㅋ든든아 날씨가 시원해지면엄마랑 유모차타고산책 나가자 ], 부정 텍스트 확률 : 59.23%"
"[ . 유모차구입하비이지워커 럭셔리블랙], 부정 텍스트 확률 : 89.67%"
"[이런거 잘 못하는데 ㅋㅋㅋ그래도 하나씩 맞차보니 안어려움], 부정 텍스트 확률 : 79.42%"
"[마산 베이비파크에서 사은품으로 받은시력보호커버랑 신생아패드 쿨시트 ], 부정 텍스트 확률 : 55.33%"
"[ 육아용품 이지워커 하비 유모차 후기 ], 부정 텍스트 확률 : 57.33%"
"[영통 맘스맘에서 구입한 이지워커 하비.하비는 우리나라에 작년에 런칭한 네덜란드 브랜드라고 한다.영통 맘스맘 가서 잉글레시나 트릴로지랑 끌어보고 부드러운 핸들링 때문에 결정 ], 부정 텍스트 확률 : 62.56%"
"[타이니러브 유모차 모빌을 앞에 안전바에 달 수 있다.신생아 패드는 계절용인듯? 검정색면이 매쉬로 되어있어 열이 많은 합격이는 검정색 부분으로 해서 다니고 있다. ], 부정 텍스트 확률 : 59.41%"
"[차양막이 처음엔 끝까지 내려오지 않아서 조금 더 내려왔음 좋겠다 생각했는데막상 사용해보니까 충분하다 그리고 옆면은 통풍 될 수 있게 구멍이 큰 매쉬로 되어 있어 아가에게도 좋다. ], 부정 텍스트 확률 : 58.74%"
"[무엇보다 장바구니가 커서 매우매우 편하다.지금 우리집에 있는 절충형이라고 속아 산 예떼 유모차 장바구니 기저귀가방도 넣기 너무 힘든데얘는 너무 편함 이제 장도 인터넷으로 안 보고 미세먼지 좋은 날은 합격이랑 유모차 끌고 홈플러스 갈 수 있다무엇보다 디럭스인데 가볍고 가격이 부담이 크지 않아 가성비가 좋은 것 같다.우리 동네가 보도블럭이 평평하지 않은데도 흔들림이 커보이지 않아 그것도 만족스러움 ], 부정 텍스트 확률 : 54.98%"
"[ 첫 육아템 구입하비 이지워커 유모차 ], 부정 텍스트 확률 : 57.33%"
"[ 청담 하이베베에서 유모차카시트 구입 시 절충형 유모차인 맥클라렌 퀘스트 유모차를 같이 주는 이벤트가 있었기에 아직 출산이 달 이상 남았지만 미리 구매하게 되었네요덕분에 내 방 베란다에는 박스가 그득합니다...실제 사용 후기는 월 정도에 올라올 듯 합니다.카시트도 마찬가지 우선 매장에서 찍어온 사진들을 남기고 느낀 감상 정도로 이번 글을 마무리 할까 합니다. ], 부정 텍스트 확률 : 80.52%"
"[옆모습입니다. 풀 차양막을 확인하실 수 있겠습니다. 아마 아이랑 봄여름에 많이 돌아다닐 것 같은데 햇빛을 막아주는 디자인이 너무 이쁘네요. ], 부정 텍스트 확률 : 70.42%"
"[안전벨트], 부정 텍스트 확률 : 53.29%"
"[시트가 상당히 견고해 보입니다. 이 부분은 사용하면서 아이가 편안해 하는지 안하는지 알려드리겠습니다.], 부정 텍스트 확률 : 70.18%"
"[뒷모습], 부정 텍스트 확률 : 53.29%"
"[높이조절 어댑터 상세컷], 부정 텍스트 확률 : 53.29%"
"[ 유모차추천절충형유모차 이지워커버기로 여름휴가 나들이 다녀왔어요 실사용후기 ], 부정 텍스트 확률 : 68.68%"
"[요즘 외출할때마다 필수템으로 챙겨다니는 이지워커버기 유모차이제 힙시트보다 유모차로 외출하는게 훨 편해졌어요이전에 사용하던 무거운 디럭스윰차는 접어서 창고행...ㅋㅋㅋㅋㅋ여름엔 힙시트], 부정 텍스트 확률 : 88.63%"
"[이지워커버기의], 부정 텍스트 확률 : 80.04%"
"[ 스펙이 궁금하다면 ?], 부정 텍스트 확률 : 77.28%"
"[ 포스팅을 참고해주세요 ], 부정 텍스트 확률 : 87.26%"
"[가냘픈 여자도 거뜬하게], 부정 텍스트 확률 : 53.29%"
"[경차에도 문제없이 수납가능], 부정 텍스트 확률 : 62.86%"
"[기내반입도가능], 부정 텍스트 확률 : 64.13%"
"[제가 디럭스윰차에 진절머리나고], 부정 텍스트 확률 : 59.86%"
"[· 가볍지만 핸들링은 우수할것], 부정 텍스트 확률 : 64.27%"
"[· 기내반입가능할것], 부정 텍스트 확률 : 57.31%"
"[· 안전바 필수], 부정 텍스트 확률 : 82.95%"
"[· 발받침 필수], 부정 텍스트 확률 : 93.54%"
"[· 등받이가 완전히 눕혀질것], 부정 텍스트 확률 : 73.46%"
"[· 풀차양막요거요거 이 모든 스펙을 포함하는유모차], 부정 텍스트 확률 : 67.03%"
"[이지워커유모차더라구요ㅋㅋㅋ외출하기전 집에서탈때...늘 혼자 발판밟고올라가서 앉곤하는데], 부정 텍스트 확률 : 81.60%"
"[외출준비하는동안 자던아들윰차에서 잠든건 진짜 기적같은일................... ], 부정 텍스트 확률 : 56.10%"
"[이제 나들이 실사용후기를 들려드릴게요 ], 부정 텍스트 확률 : 77.17%"
"[ 이렇게 뒤쪽 뒤보기창을 접어둘수있으니 바람도 솔솔통하고 아기도 덜더워했어요 ], 부정 텍스트 확률 : 90.00%"
"[뒤보기창을 내린모습이예요아기가 잠이들거나하면 뒤보기창을내리고 등받이시트를 완전히 눕혀주면되겠더라구요 ], 부정 텍스트 확률 : 88.16%"
"[그리고 너무 간편한 브레이크발로 딸깍], 부정 텍스트 확률 : 97.32%"
"[ 딸깍유모차를세울때 꼭 브레이크를 해야하는데], 부정 텍스트 확률 : 69.35%"
"[양쪽브레이크를 발로살짝밟아주기면하면되니 너무 편했어요 ], 부정 텍스트 확률 : 89.76%"
"[ㅋㅋㅋㅋㅋㅋ저희아들은 깝깝한걸 넘 질색해요 ㅠㅠ잠시 세우거나], 부정 텍스트 확률 : 55.55%"
"[ 실제 사용해보니 디럭스만사용하던 저인데], 부정 텍스트 확률 : 71.63%"
"[이지워커버기는 핸들링도 디럭스못지않게 아주만족스러워요 좌우방향전환도 아주 부드럽더라구요무게가 가벼워 아기라둘이외출할때도 전혀부담없이 챙겨나갈수있어서 진작 절충형유모차를 준비할껄 ], 부정 텍스트 확률 : 63.77%"
"[싶더라구요유모차 고민이라면 이지워커버기유모차로 준비해보는거], 부정 텍스트 확률 : 51.28%"
"[ 휴대용유모차 이지워커로 가볍게 외출하자 ], 부정 텍스트 확률 : 63.87%"
"[ 하비 이지워커 유모차 구매 후기 ], 부정 텍스트 확률 : 57.33%"
"[아기를 가지면서 부터엄마], 부정 텍스트 확률 : 65.64%"
"[ 아가가 태어나고 나니], 부정 텍스트 확률 : 75.70%"
"[ 내 몸이 아닌 저 작은 몸이 위험할까너무 연약해서 잘 못 데리고 다니면안될 거 같은 불안감이 엄습했다. ], 부정 텍스트 확률 : 90.22%"
"[ ....글로 읽고 알아보는데도종류가 너무 많으니 헤엄만 치다 지칠판.결국은 눈과 손으로 직접 알아 보기 위해용품점과 베페를 돌아댕기게 되었다.진작 이럴것을....그렇게 돌아 다녀서 결정하고 구매한유모차인 ], 부정 텍스트 확률 : 80.15%"
"[하비 이지워커 ], 부정 텍스트 확률 : 57.33%"
"[우리 부부가 유모차를 고를 때고려했던 사항은.신생아가 타도 안전한 무게감.신생아의 시기가 지나도 쓸수 있는 활용성.충격이 많이 가지 않는 안정성.부드러운 핸들링일단 큰 중점은 저것들이었다거기다 차 트렁크에 실리고 디자인까지 이쁘면 금상첨화 ], 부정 텍스트 확률 : 67.46%"
"[아기가 유모차에 적응할 때까지눈을 마주치면서 가기에 적당한 눈높이. ], 부정 텍스트 확률 : 50.72%"
"[이것이 아답터 설치부분.설치가 되있는 상태로저 부분을 빼서 높이를 낮출수도 있다. ], 부정 텍스트 확률 : 82.38%"
"[그리고 차양부분에는공기가 통할 수있도록 망사같은 부분이 있는데], 부정 텍스트 확률 : 54.63%"
"[ 손잡이가 넓은 단계로 길이 조절이 가능해서부부가 모두 밀고 다니기에편하다.우리 부부는 구매후 사용해보고너무 만족하고 있다.신생아 이너시트까지 깔아주니아기도 처음이라 긴장하긴하지만불편해하는 기색은 없어서 좋은 듯 하다.접고 펼때도 원터치로너무 편하니깐], 부정 텍스트 확률 : 63.60%"
"[ 유모차 고민하시는 분들께강력추천함 ], 부정 텍스트 확률 : 54.32%"
"[ .?유모차구매후기유모차구매후기.?하비이지워커하비이지워커.?유모차유모차], 부정 텍스트 확률 : 85.18%"
"[이지워커 유모차” 구매], 부정 텍스트 확률 : 57.33%"
"[베페에는 다양한 유모차들이 전시되어 있었답니다. 너무 많은 유모차들을 접하다 보니 도대체 어떤걸 구입해야 하나 고민고민 했어용 ㅠㅠ 하지만 저는], 부정 텍스트 확률 : 96.65%"
"[ 저만의 기준이 있었고 그에 충족하는 하비 이지워커 유모차를 구매하기로 맘 먹었답니다], 부정 텍스트 확률 : 63.70%"
"[ .트윈 모드로 이용 가능한 트랜스폼 시트 확장 기능 쌍둥이], 부정 텍스트 확률 : 76.49%"
"[형제 자매 이용 ], 부정 텍스트 확률 : 53.29%"
"[ 애기 우유젖병], 부정 텍스트 확률 : 53.29%"
"[귀저기 ], 부정 텍스트 확률 : 53.29%"
"[엄마 짐등을 넣을수 있는 넓은 공간의 바스켓], 부정 텍스트 확률 : 77.59%"
"[ 제가 고려했던 요소들을 충족시켜준이지워커 유모차 ], 부정 텍스트 확률 : 67.13%"
"[ 하비 이지워커 유모차 구매 후기 ], 부정 텍스트 확률 : 57.33%"
"[월 태어날 우리 아가를 위해서 어떤 유모차를 구매를 해야 할지 한참 고민을 많이 했었어요. 그래서 남편하고 틈만 나면 베이비 페어에 가서 브랜드별로 돌아다니면서 유모차 브랜드며], 부정 텍스트 확률 : 82.44%"
"[어떤 기능들이 들어가 있는지 구경을 많이 했었어요.근데 가서 느낀점이 뭔 브랜드가 이렇게 많지??? 각 브랜드별로도 디럭스], 부정 텍스트 확률 : 94.42%"
"[절충형], 부정 텍스트 확률 : 53.29%"
"[도대체 디럭스를 사야할지 절충형을 사야할지 고민고민 되었답니다. ㅠㅠ그래서 언니한테 물어보니], 부정 텍스트 확률 : 86.42%"
"[상대적으로 비용이 비싼 유모차나 카시트는 꼼꼼히 살펴보고 오래쓸 물건이니 신중하게 골라야겠다는 생각이 좀 강했다.. 암튼 각설하고..... 결론적으로 하비 이지워커를 구매했다. 호호호호호호], 부정 텍스트 확률 : 61.18%"
"[구매를 하게 된 이유는 몇가지 있었어요 쉬운 폴딩남편 없이 나혼자 아기를 데리고 나갈 일도 있을 텐데], 부정 텍스트 확률 : 77.28%"
"[폴딩이 어려우면 차에 싣고 다니기 힘들꺼 같아서 폴딩이 되도록이면 쉬운 게 필요했는데], 부정 텍스트 확률 : 80.55%"
"[하비는앞바뀌쪽에 레버를 누르면서 쉽게 폴딩이 가능했어요.], 부정 텍스트 확률 : 53.48%"
"[ 하이 포지션 시트 하이 어댑터를 장착하게 되면], 부정 텍스트 확률 : 60.83%"
"[ 더 유모차 높이가 높아져서 아기를 유모차에 넣거나], 부정 텍스트 확률 : 84.46%"
"[ 넓직한 바구니외출 시 필요한 물품을 넣고 다니고 싶어서.. 하비는 꽤나 넓직한 바구니가 있다. ], 부정 텍스트 확률 : 67.31%"
"[ 넓은 차양막차양막이 제법 길어서 아래까지 덮을 수 있고], 부정 텍스트 확률 : 85.01%"
"[날씨가 더울 때도 쓸수 있도록], 부정 텍스트 확률 : 51.23%"
"[옆부분은 매시로 처리되어 있었어요.], 부정 텍스트 확률 : 60.72%"
"[소비자 입장에서 많이 고민하고 만들었다는 생각이 들었어요. 딱히 아직까지는 단점을 찾아보지는 못했네요.ㅎㅎㅎ보통 콜블랙이 잘 팔리긴 하는데], 부정 텍스트 확률 : 59.01%"
"[추후 아가를 태워보면서 불편한 점], 부정 텍스트 확률 : 84.29%"
"[ 리뷰하비 이지워커 유모차 사용 후기 ], 부정 텍스트 확률 : 57.33%"
"[안녕하세요아들이 태어나고 구매한첫 유모차이자 생에 첫 유모차 ], 부정 텍스트 확률 : 64.68%"
"[하비 이지워커 유모차 ], 부정 텍스트 확률 : 57.33%"
"[절충형], 부정 텍스트 확률 : 53.29%"
"[휴대용], 부정 텍스트 확률 : 89.07%"
"[ 디럭스무겁다], 부정 텍스트 확률 : 53.29%"
"[비싸다], 부정 텍스트 확률 : 53.29%"
"[안정감], 부정 텍스트 확률 : 53.29%"
"[안전성절충형디럭스와 휴대용의 중간..?읭?휴대용가볍다], 부정 텍스트 확률 : 88.25%"
"[저렴하다신생아인 우리 아들은 누가 봐도 디럭스를 사야 할 것 같은..이느낌그래서... 샀습니다... 하비 이지워커 ], 부정 텍스트 확률 : 84.99%"
"[어댑터를 받았습니다.신생아 패드는 앞뒤 양면으로 사용 가능합니다하얀색부분은 계절 다 사용 가능하고], 부정 텍스트 확률 : 51.59%"
"[뒷부분은 메쉬소재라 여름에 추천 드립니다어댑터는 높이를 올릴 수 있어아이와 눈높이를 더 가까이 맞출수 있어 좋습니다. ], 부정 텍스트 확률 : 51.79%"
"[프레임에 앞], 부정 텍스트 확률 : 63.94%"
"[뒤 바퀴만 조립한 모습 ], 부정 텍스트 확률 : 92.99%"
"[생각보다 조립이 쉽습니다.바퀴 끼우고], 부정 텍스트 확률 : 72.71%"
"[상단 유모차 끼우고 하면 끝설치보다는 ㅠㅠ 박스 풀고 정리가 더 오래 걸린거 같아요 ], 부정 텍스트 확률 : 71.23%"
"[하비 이지워커 유모차는 폴딩이 쉽게 되서 수월하더군요 분리할 필요도 없고사진으로만 보면 대충 크기가 어느정도 인지 감이 안잡혀서인치 캐리어와 비교해봤습니다. ], 부정 텍스트 확률 : 72.03%"
"[폴딩된 사이즈도 생각보다 크지 않아요차량을 소유 하신 분들은 문제가 없지만.세단의 경우 과연 트렁크에 들어갈 것인가..여유 공간이 얼마나 있을 것인가...그래서 넣어봤습니다저의 차량은 쉐보레 크루즈 차량 입니다. ], 부정 텍스트 확률 : 73.41%"
"[처음엔 폴딩 상태로 넣어 보려 했으나.안되더군요 ㅠㅠ 좌우 폭은 문제가 없으나높이가 아주 조금 걸려서 넣지를 못했습니다..혹시나 동일 차량에 성공 하시면알려주세요 ], 부정 텍스트 확률 : 80.73%"
"[턱을 넘을때도 흔들림이 크지 않았습니다.저희 부부의 첫 유모차로굉장히 만족한 첫 시승이였습니다.추후에 하비 이지워커 구매시월 구매해택으로 받게된 하비 휴대용 유모차도 은오가 좀더 크면 태워보고 후기 남기도록 하겠습니다 ], 부정 텍스트 확률 : 68.94%"
"[ 결론. 디럭스는 굉장히 무겁고 휴대성이 안좋을 거라 생각했으나], 부정 텍스트 확률 : 65.40%"
"[휴대폰아이폰], 부정 텍스트 확률 : 53.29%"
"[약간 각도를 낮추어 찍은 모습 ], 부정 텍스트 확률 : 73.36%"
"[왼쪽에서 ], 부정 텍스트 확률 : 72.40%"
"[오른쪽에서 ], 부정 텍스트 확률 : 72.40%"
"[신랑이 더 좋아했어요. 자기가 아기가 된 것처럼], 부정 텍스트 확률 : 50.76%"
"[ 하비 이지워커 유모차 후기], 부정 텍스트 확률 : 57.33%"
"[ 하비 이지워커 유모차 구입 ], 부정 텍스트 확률 : 57.33%"
"[육아용품의 선택은 정말.. 끝이 없네요ㅋ하지만 유모차 만큼은 출산전부터 꼭 사고싶어 찜콩해둔게 있었지요바로 하비 이지워커유모차 후기를 인터넷에서 엄청 뒤지다가..보자마자 반해버렸죠ㅋ제가 찾던 유모차의 조건은디럭스지만 슬림한지장바구니가 큰지핸들링이 좋은지시트가 높아 아가랑 눈마주침이 잘 되는지그리고 무엇보다 디자인이 이쁜지ㅋㅋ요런 기준으로 찾다보니 이지워커가 딱이더라구요물려받은 디럭스 유모차가 있었지만..핸들링 꽝 디자인 꽝산책다닐때 마다 하비가 눈에 밟혀 도저히 안되겠더라구요바로 동네에 있는 베이비플러스로 출동했죠가서 실물 확인하고사은품까지 넉넉히 챙겨주시니 득템직접 사서 써보니 다양한 블로그에서 봤듯이 장점이 참 많은 유모차더라구요일단 디럭스지만 가볍고 폴딩도 원터치로 가능하고], 부정 텍스트 확률 : 95.48%"
"[ 시트가 완전히 눕혀지기 때문에 신생아부터 탈 수 있고], 부정 텍스트 확률 : 52.13%"
"[ .?하비하비.?하비유모차하비유모차 .?하비이지워커하비이지워커 .?신생아유모차신생아유모차 ], 부정 텍스트 확률 : 85.18%"
"[ 하비 이지워커 유모차 후기♡ ], 부정 텍스트 확률 : 57.33%"
"[ 하비이지워커 콜블랙 유모차 구입후기★월일구입 ], 부정 텍스트 확률 : 83.72%"
"[안정적인 주행감을 주는 큰 뒷바퀴와모든바퀴는 휠 소프트 서스펜션을 이용하여울퉁불퉁한 길에서도충격을 완화시켜준다고 해요얼른 아기와 외출하고 싶네요 ], 부정 텍스트 확률 : 58.14%"
"[제가 선택한 콜블랙 색상은 깔끔하고제가 메고 다닐 블랙 기저귀 가방과도잘 어울려서 너무나 만족스러워요색상은 이외에도스틸그레이프레쉬올리브], 부정 텍스트 확률 : 72.08%"
"[ 디럭스유모차 ], 부정 텍스트 확률 : 53.29%"
"[ 원 ▷], 부정 텍스트 확률 : 53.29%"
"[ 할인정보 현재 판매가], 부정 텍스트 확률 : 75.70%"
"[ . ], 부정 텍스트 확률 : 62.92%"
"[ .제품 리얼후기 더보기 ∇ ], 부정 텍스트 확률 : 73.73%"
"[상품정보 ], 부정 텍스트 확률 : 53.29%"
"[ . ], 부정 텍스트 확률 : 62.92%"
"[ .제품정보 더보기 ∇ ], 부정 텍스트 확률 : 73.73%"
"[ .?디럭스디럭스.?디럭스유모차디럭스유모차.?하비하비 ], 부정 텍스트 확률 : 53.29%"
"[ .?출산준비물출산준비물.?스틸스틸 ], 부정 텍스트 확률 : 53.29%"
"[ .?유아동유아동.?외출용품외출용품 ], 부정 텍스트 확률 : 53.29%"
"[ .?실버실버.?소비자만족도소비자만족도 ], 부정 텍스트 확률 : 53.29%"
"[ .?위★위★.?그레이그레이 .?출산출산.?★유럽★유럽 ], 부정 텍스트 확률 : 67.40%"
"[디럭스유모차 세일상품★사은품증정★ 이지워커 미니버기빈티지블랙 휴대용 기내반입 유모차], 부정 텍스트 확률 : 90.57%"
"[ 세일중 ★사은품증정★ 이지워커 미니버기빈티지블랙 휴대용 기내반입 유모차], 부정 텍스트 확률 : 67.82%"
"[ ▼ ], 부정 텍스트 확률 : 53.29%"
"[ . ], 부정 텍스트 확률 : 62.92%"
"[ .제품 리얼후기 더보기 ∇ ], 부정 텍스트 확률 : 73.73%"
"[ 재질 프레임알루미늄 시트폴리에스테르인증 필 유무 한국건설생활환경시험연구원제조자수입자 제조자 수입자세피앙 제조국 상품 상세설명 참조 품명 및 모델명 미니버기유니온잭 빈티지책임자와 전화번호 상세 페이지를 참조 하세요 품질보증기준 소비자 분쟁 해결 기준과 상이함 품질보증구입일로부터 년 반품교환 등상품기술서 하단 참고 및 관련법규에 따라 처리 크기펼쳤을때접었을때중량 상품 상세설명 참조 사용연령 또는 체중범위개월 권장 취급방법 및 취급시 주의사항], 부정 텍스트 확률 : 82.93%"
"[안전표시 표백제 및 드라이크리닝 금지 그외 상품기술서 하단 참고 쿠팡상품번호], 부정 텍스트 확률 : 96.29%"
"[ . ], 부정 텍스트 확률 : 62.92%"
"[ .상세정보 더보기 ∇ ], 부정 텍스트 확률 : 73.73%"
"[ .?디럭스유모차디럭스유모차.?기내반입기내반입.?선물선물 ], 부정 텍스트 확률 : 57.31%"
"[ .?★사은품증정★★사은품증정★.?참조참조 ], 부정 텍스트 확률 : 53.29%"
"[ .?빈티지블랙빈티지블랙.?설명설명 ], 부정 텍스트 확률 : 50.84%"
"[ .?휴대용휴대용.?출산준비물출산준비물 ], 부정 텍스트 확률 : 91.72%"
"[ .?출산출산.?미니버기미니버기 ], 부정 텍스트 확률 : 90.78%"
"[ .?유모차유모차.?외출용품외출용품 .?유아동유아동.?상세상세 ], 부정 텍스트 확률 : 53.29%"
"[ ☆이지워커 찰리 유모차 후기 ], 부정 텍스트 확률 : 57.33%"
"[베비플스에 방문해서 하비와], 부정 텍스트 확률 : 62.04%"
"[절충형유모차 이지워커유아 ★. 론칭★ 이지워커 찰리 기내반입 절충형 유모차나이트블랙 디럭스유모차], 부정 텍스트 확률 : 57.59%"
"[ 쿠팡 할인 ], 부정 텍스트 확률 : 53.29%"
"[ 절충형유모차 ], 부정 텍스트 확률 : 53.29%"
"[이지워커유아 ★. 론칭★ 이지워커 찰리 기내반입 절충형 유모차나이트블랙 디럭스유모차], 부정 텍스트 확률 : 57.59%"
"[ ▼ ], 부정 텍스트 확률 : 53.29%"
"[ . ], 부정 텍스트 확률 : 62.92%"
"[ .제품 리얼후기 더보기 ∇ ], 부정 텍스트 확률 : 73.73%"
"[더보기 크기 펼칠시접을시.캐노피 제외 색상 나이트블랙인증 필 유무 인증 필 ], 부정 텍스트 확률 : 62.79%"
"[ . ], 부정 텍스트 확률 : 62.92%"
"[ .제품정보 더보기 ∇ ], 부정 텍스트 확률 : 73.73%"
"[ .?출산출산.?외출용품외출용품.? ], 부정 텍스트 확률 : 53.29%"
"[ .?유아유아.?론칭★론칭★ .?찰리찰리.?절충형유모차절충형유모차 ], 부정 텍스트 확률 : 53.29%"
"[ .?★★.?상세상세 ], 부정 텍스트 확률 : 53.29%"
"[ .?유아동유아동.?선물선물 .?출산준비물출산준비물.?디럭스유모차디럭스유모차 ], 부정 텍스트 확률 : 53.29%"
"[ .?이지워커이지워커.?기내반입기내반입 ], 부정 텍스트 확률 : 85.32%"
"[ .?유모차유모차.?절충형절충형 ], 부정 텍스트 확률 : 53.29%"
"[ 이지워커 디럭스유모차 사용후기 ], 부정 텍스트 확률 : 57.33%"
"[사용하기도 편리해서이지워커 디럭스유모차로 선택했어요 ], 부정 텍스트 확률 : 91.83%"
"[ .?이지워커이지워커.?하비하비.?디럭스유모차디럭스유모차.?베이비플러스베이비플러스.?고양점고양점 ], 부정 텍스트 확률 : 85.48%"
"[ 절충형 유모차 추천이지워커 찰리. ], 부정 텍스트 확률 : 67.27%"
"[디럭스 유모차는 진작에 구입했는데휴대용 유모차 준비를 두고 많이 고민고민.휴대용 유모차는 남편없이 나혼자서도쉽게 접었다 폈다 할 수 있음 좋겠고], 부정 텍스트 확률 : 79.41%"
"[ 낯 가릴지도 모르는 아가를 위해양대면도 됐음 좋겠고], 부정 텍스트 확률 : 65.88%"
"[유투브도 찾아보고], 부정 텍스트 확률 : 54.62%"
"[ 직접 남편과 만지고 끌어본 끝에 결정색깔도 블랙], 부정 텍스트 확률 : 57.10%"
"[그레이], 부정 텍스트 확률 : 53.29%"
"[스카이블루], 부정 텍스트 확률 : 53.29%"
"[ 하비 이지워커 유모차 사용후기 ], 부정 텍스트 확률 : 57.33%"
"[그렇다거 디럭스를 사자니 너무 무겁고 오래 못 사용할 것 같아서 고민 끝에 하비 경량 디럭스인 이지워커를 구입하게 되었어요], 부정 텍스트 확률 : 98.92%"
"[옳은 선택이었던것 같아요], 부정 텍스트 확률 : 56.70%"
"[가격도 다른 디럭스대비 부담스럽지 않아서], 부정 텍스트 확률 : 56.57%"
"[너무 만족스러운 유모차인것 같아요], 부정 텍스트 확률 : 86.26%"
"[디럭스대신 사용하고 따로 가벼운 휴대용 유모차를 하나 더 사서 차에 넣고 다니려고요], 부정 텍스트 확률 : 92.71%"
"[청담하이베베에서 구입했는데 베이비페어보다 더 싸게 잘 산것 같아서 만족스러운 구입이었어요 ], 부정 텍스트 확률 : 75.96%"
"[ 하비 이지워커 유모차 후기 ], 부정 텍스트 확률 : 57.33%"
"[ 악세서리 증정이지워커 찰리나이트블랙절충형유모차 절충형유모차 ], 부정 텍스트 확률 : 82.45%"
"[ 할인제품 ], 부정 텍스트 확률 : 53.29%"
"[할인제품 절충형유모차 악세서리 증정이지워커 찰리나이트블랙절충형유모차할인정보 ], 부정 텍스트 확률 : 82.45%"
"[ ▼ ], 부정 텍스트 확률 : 53.29%"
"[ . ], 부정 텍스트 확률 : 62.92%"
"[ .제품 리얼후기 더보기 ∇ ], 부정 텍스트 확률 : 73.73%"
"[◆ 제조국■ 제조국중국■ 제조사이지워커◆ 색상■ 기술서참고◆ 크기■ 펼칠시접을시.캐노피 제외◆ 동일모델의 출시년월■ 년 월◆ 취급방법 및 취급시 주의사항], 부정 텍스트 확률 : 95.72%"
"[안전표시■ 표백제 및 드라이크리닝 금지그외 상품기술서 하단 참고◆ 품명 및 모델명■ 찰리◆ 제조자수입자■ 제조자. . 수입자세피앙◆ 품질보증기준■ 품질보증구입일로부터 년반품교환 등상품기술서 하단 참고 및 관련법규에 따라 처리 ], 부정 텍스트 확률 : 99.73%"
"[ . ], 부정 텍스트 확률 : 62.92%"
"[ .상세정보 더보기 ∇ ], 부정 텍스트 확률 : 73.73%"
"[ .?선물선물.?이지워커이지워커.?나이트블랙나이트블랙 ], 부정 텍스트 확률 : 75.94%"
"[ .?찰리찰리.?유모차유모차 ], 부정 텍스트 확률 : 53.29%"
"[ .?유아동유아동.?출산준비물출산준비물 ], 부정 텍스트 확률 : 53.29%"
"[ .?악세서리악세서리.?출산출산 ], 부정 텍스트 확률 : 53.29%"
"[ .?외출용품외출용품.?절충형유모차절충형유모차 ], 부정 텍스트 확률 : 53.29%"
"[ 이지워커 하비 후기 ], 부정 텍스트 확률 : 57.33%"
"[베이비페어에서 이지워커 하비 구입했어요 ], 부정 텍스트 확률 : 63.50%"
"[ ▼ ], 부정 텍스트 확률 : 53.29%"
"[ . ], 부정 텍스트 확률 : 62.92%"
"[ .제품 리얼후기 더보기 ∇ ], 부정 텍스트 확률 : 73.73%"
"[▷책임자와 전화번호상세 페이지를 참조 하세요▷ 재질프레임알루미늄 시트폴리에스테르▷ 쿠팡상품번호▷ 품질보증기준소비자 분쟁 해결 기준과 상이함 품질보증구입일로부...], 부정 텍스트 확률 : 71.02%"
"[ . ], 부정 텍스트 확률 : 62.92%"
"[ .제품정보 더보기 ∇ ], 부정 텍스트 확률 : 73.73%"
"[ .?출산출산.?디럭스유모차디럭스유모차.?위★위★ ], 부정 텍스트 확률 : 67.40%"
"[ .?출산준비물출산준비물.?블랙블랙 .?유모차유모차.?외출용품외출용품 ], 부정 텍스트 확률 : 53.29%"
"[ .?이지워커이지워커.?선물선물 .?콜콜.?유아동유아동 ], 부정 텍스트 확률 : 75.94%"
"[ .?참조참조.?소비자만족도소비자만족도 ], 부정 텍스트 확률 : 53.29%"
"[ .?상세상세.?★유럽★유럽 ], 부정 텍스트 확률 : 53.29%"
"[ .?디럭스디럭스.?실버실버 ], 부정 텍스트 확률 : 53.29%"
"[ 아이 덮어주신거 풋머프 같이 생겼는데 정보좀 알수 있을까요?], 부정 텍스트 확률 : 84.66%"
"[요거 풋머프는 아니구요 티니팅스 구스 아기띠워머예요 유모차에도 씌울수있어요], 부정 텍스트 확률 : 66.86%"
"[베페갔다가 그냥 만원짜리 샀던거라 어디껀지 모르겠어요ㅠㅠ], 부정 텍스트 확률 : 82.31%"
"[살때 참고할게요], 부정 텍스트 확률 : 95.64%"
"[리첼리리첼리님 저도 쪽지부탁드려요. 세탁은 아직이라서요. 작성자예요], 부정 텍스트 확률 : 88.30%"
"[리첼리저도 알려주새요], 부정 텍스트 확률 : 50.52%"
"[축트니트니쪽지남겼습니다], 부정 텍스트 확률 : 56.70%"
"[리첼리저도 요거 보는 중인데 장단점 쪽지 좀 부탁드려요], 부정 텍스트 확률 : 73.25%"
"[리첼리저도 쪽지 부탁드려요], 부정 텍스트 확률 : 61.06%"
"[신생아패드 따로ㅖ구매하신거예??요?], 부정 텍스트 확률 : 92.48%"
"[가방거는 고리는 따로구매예요??], 부정 텍스트 확률 : 61.99%"
"[ 저도 이거 쓰고있어요 지금은 가격 많이 떨어졌던데 유모차 좋아요], 부정 텍스트 확률 : 80.65%"
"[지긍 가격 떨어졌나요??], 부정 텍스트 확률 : 92.86%"
"[유모차는 직접 매장가서 확인후에 결정하세요], 부정 텍스트 확률 : 65.30%"
"[하비는 몇개월정도까지 쓰나요??시트가 넓은지 해서요. 저도 가격궁금해요], 부정 텍스트 확률 : 80.39%"
"[완전히 시트 눕히면 신생아때부터 쓸 수 있게 요람형처럼 돼요 시트는 넓은 편인 것 같아용ㅎㅎ 제가 오르빗이랑도 고민했었는데 오르빗은 확실히 시트가 좁아여ㅠㅠ 하비에 비해서요], 부정 텍스트 확률 : 57.07%"
"[유모차로 고민 제일 많이했던거 같아요 육아용품은 고민의 연속ㅜㅠ], 부정 텍스트 확률 : 76.65%"
"[땡글맘사실 너무기한이 짧아 아까워요.], 부정 텍스트 확률 : 88.64%"
