"[인스텝], 부정 텍스트 확률 : 53.29%"
"[슈윈 조이라이더 등을 사용하였고 현재 슈윈 조이라이더 트레일러 사용중입니다. 트레일러를 사용하다 보면 내구성이 떨어져서 하판이 꺼지거나 휠 고정력이 저하되어 휠밸런스가 망가지기도 합니다.얼마 사용하지 않았는데 베어링에 문제가 생겨서 구름성이 떨어지기도 하고요.일전 기간 이상 사용을 하면 시트의 재봉된 부위가 튿어지기도 하고 프레임이나 견인 파이프 부분에 유격이 생겨 잡소리가 나기도 합니다.각 제품마다 장점도 많지만단점들이 드러나면서 바꾸고 바꾸고...하지만 몇년 전부터 한 모델에 정착을 했습니다.슈윈사의 조이라이더 바이크 트레일러인데요.국내 수입업체가 없어서 해외 구매를 했습니다.내구성], 부정 텍스트 확률 : 89.48%"
"[구름성], 부정 텍스트 확률 : 74.36%"
"[승차감], 부정 텍스트 확률 : 53.29%"
"[수납포켓], 부정 텍스트 확률 : 53.29%"
"[ 자전거 트레일러 인스텝 퀵 앤 이지 직구 후기 ], 부정 텍스트 확률 : 53.29%"
"[예전에 방송되었던 슈퍼맨이 돌아왔다에서 송일국이 아이들을 태워서 이슈가 된 송일국 자전거 트레일러로 제가 리뷰하는 제품은 인용이고 정식 명칭은 인스텝 퀵 앤 이지 ], 부정 텍스트 확률 : 88.69%"
"[자전거 트레일러 조립 순서 ], 부정 텍스트 확률 : 53.29%"
"[인스텝 퀵 앤 이지의 자전거 트레일러 조립은 간단합니다. 실제로는 조립이라는 말보다는 접혀 있는 제품을 펴는 게 맞는 말일 것 같아요. 직관적으로 되어 있고 보이는 대로 펴고 당기로 꽂으면 완성됩니다. 자동차 등으로 이동 시에도 그대로 접어서 차 트렁크에 넣으시면 됩니다.아래 사진은 양쪽 문?을 펴시고 아래 사진으로 이동하세요], 부정 텍스트 확률 : 94.11%"
"[자전거 트레일러 브랜드인 인스텝이 적힌 보호대도 구멍에 꽂고 드라이버로 나사 조립하시면 됩니다.아래 플라스틱 보호대는 접으실 때 전혀 거슬리지 않으니 참고하세요. ], 부정 텍스트 확률 : 98.39%"
"[아래 보이는 건 뒤 바퀴입니다. 바퀴에 바람이 어느 정도 채워져 있긴 하지만 다시 한번 넣어 주셔야 해요.주의하실 점은 바람 많이 넣으시면 잘 터질 수 있으니 눌러 가면서 넣으셔야 합니다.워터파크 같은데 가시면 아버님들이 바람 빵빵하게 넣으시다가 튜브 빵빵 터지잖아요.조심하셔야 합니다.], 부정 텍스트 확률 : 96.24%"
"[뒤바퀴도 그냥 쏙쏙 끼우시면 쑥 들어갑니다.그리고 앞바퀴도 끼우시고 고정하면 이제 자전거 트레일러 조립 완료입니다. ], 부정 텍스트 확률 : 75.79%"
"[자전거 트레일러 사이즈 및 크기 ], 부정 텍스트 확률 : 53.29%"
"[우선 옆에 넓이는 인용이라 아이들 둘이 앉자도 많이 좁지는 않아요 그리고 트레일러 권장 무게는 이니 참고하세요 ], 부정 텍스트 확률 : 62.36%"
"[자전거 트레일러 내부 ], 부정 텍스트 확률 : 53.29%"
"[양쪽에 조그마한 수납공간이 있습니다.이쪽에 지갑이나 아이들 간식 같은 거 넣어줄 수납공간인 거 같네요. ], 부정 텍스트 확률 : 91.89%"
"[그리고 안에 벨트가 총 군데 있는데 양쪽 끝은 인용으로 사용할 때이고 가운데는 혼자 탑승했을 때 사용하면 됩니다. ], 부정 텍스트 확률 : 71.27%"
"[그리고 벨트도 아이들 키에 맞게 위아래로 조정할 수 있도록 되어 있어 있습니다. 혹시 모를 안전사고에 대비하여 벨트 길이는 미리 맞춰 놓으시고 타시는 게 좋을 거 같아요. ], 부정 텍스트 확률 : 51.73%"
"[자전거 트레일러 뒤부분 및 활용도 ], 부정 텍스트 확률 : 75.96%"
"[그리고 뒤에도 약간의 수납공간이 있어서 간단히 장을 보거나 할 경우에 상품들이나 소지품들을 넣으실 수 있고요. ], 부정 텍스트 확률 : 52.81%"
"[슈퍼 갔다가 원하는 걸 얻고 난 뒤에는 아무 소리 없이 아이들이 집으로 돌아옵니다.저희 첫째는 이제 많이 커서 다리를 쭉 뻗으면 앞으로 나옵니다. ], 부정 텍스트 확률 : 82.13%"
"[아래는 유모차처럼 사용하는 동영상입니다. 참고로 봐주시며 될 거 같아요. ], 부정 텍스트 확률 : 60.71%"
"[자전거에 연결한 트레일러로 연결한 부분은 없습니다.왜냐 이유는 위에서 말씀드린 대로 자전거가 없으니까요..ㅠㅠ 주변에 자전거 하나 구해오는 대로 자전거와 연결한 리뷰도 간단히 올려야겠네요.아래는 아마존 구매 링크입니다. 지금 기준 한 달러 정도 하는 거 같은데 워낙 가격이 자주 바뀌니 장바구니에 담으시고 가격 살펴보세요. . . ], 부정 텍스트 확률 : 79.90%"
"[궁금하신 사항 있으시면 댓글 주시고 따듯한 공감 ], 부정 텍스트 확률 : 51.47%"
"[ 자전거 트레일러 인스텝 시에라 후기 ＃천호동 전자담배 ＃전담 전담], 부정 텍스트 확률 : 53.29%"
"[처음에는 후기 좋고 저렴한 유아 안장을사서 후방에 설치했습니다], 부정 텍스트 확률 : 68.20%"
"[그리고 저희 집은 아이가 명이라후기 보고 고민하다가 삼동이 들 이 탔던 트레일러?라고 해서 하나 구매했습니다 유모차 기능 인용 기능도 둘 다 되는 ＃인스텝 시에라 모델입니다], 부정 텍스트 확률 : 70.36%"
"[ 후기 인스텝퀵앤이지트레일러 ], 부정 텍스트 확률 : 82.45%"
"[남푠님이 .... 무언갈 처분하고 맞바꾼 트레일러... 난.. 산타자처럼 심플한걸갖고팠다 ..신랑은전기자전거 ], 부정 텍스트 확률 : 92.52%"
"[ 안지오팻바이크?를탄다즉 .산타자는 자전거와 맞지않는다며 인스텝으로 결정내가양보 ....해야겠지 ?이트레일러는 유모차기능함께되는것이다 인승시승식 해보고 말해주기로하고 딸친구랑 에버랜드로 거거하였다 ], 부정 텍스트 확률 : 99.43%"
"[전날밤 설치하고 분해하고 신랑한테배움...여자혼자 트렁크에서 꺼내어 조립 분해 하려면 익혀야한다 ], 부정 텍스트 확률 : 91.84%"
"[아무리봐도 앞에 기다란 저거 맘에안든다한칸줄여 넣었다바퀴랑 손잡이만빼면 쓱 접혀서 간단하지만조금 무겁다 ㅠ 나한테는.... ], 부정 텍스트 확률 : 93.31%"
"[오늘은 시승느낌만올려본다자세한건 내일 라이딩후 올릴라고한다에버랜드가서 바로한컷 남편 궁금해할까찍었던컷 ], 부정 텍스트 확률 : 87.28%"
"[애들은 신기한지 옆에보고앞에보고 ㅋㅋ바퀴도 커서 부드럽게굴러가고 핸들링 좋고], 부정 텍스트 확률 : 62.38%"
"[ 절충형 유모차 싸이벡스 미오스 ], 부정 텍스트 확률 : 57.46%"
"[ 원짜리 유모차두대 핸들링이 전혀 안돼서 굉장히 고생함두번째 해외여행때 지른 초경량 유모차 두대핸들링도 괜찮고 무게 또한 대라 여행에 괜찮았다. 하지만 차양막이 약해서 결국 부러짐 ㅎㅎㅎㅎㅎㅎㅎ여행을 좋아하는 나로썬 포기할수 없었던 베이비젠요요태워본적이 거의 없어서 뭐라 할 수 없음두 아이들도 이제 다 컸고 스트롤러랑은 이제 일 줄 알았으나 셋째를 출산하면서 아끼자 사지 말자 다짐 또 다짐했건만결국 이놈의 버릇은 고쳐지질 않는다.늘 핸폰을 들고 살다가 알게된 스타일 끝내주는유모차 싸이벡스 미오스나 이거 또 사면 미친짓이다. 생각했는데 눈을 감아도 생각나는 매끈한 라인에 결국 일주일 고민끝에 지름신께서 강림하셨다.], 부정 텍스트 확률 : 69.53%"
"[넷째 폴딩이다. 두번의 버튼만 조작하면 간단하게 폴딩이 되는 듯 하다. 요것도 맘에 듦. ], 부정 텍스트 확률 : 72.02%"
"[다섯째. 여기서 중요한게차량에 싣고 다닐때인데....... 솔직히 아직 안실어 봤지만 폴딩상태 양호하니 드렁크 한가득 자리 차지 할 것 같진 않고 무게도 .이라고 하니 이 정도 쯤이야 으쌰 한번 외치면 되니 괜찮을 듯 하다.여섯째. 체중범위인데 아이에 따라 차이가 있긴 하지만 보통은 인데 미오스는 이니 더 오래 사용할 수 있을 것 같아 나름 지름신에 대한 위로가 되는 듯 하다. ㅋㅋㅋㅋㅋ ], 부정 텍스트 확률 : 90.27%"
"[일곱째. 양대면 기능이 있어 좋다. 사용연령이 개월 이긴 하지만 양대면에 도 기능에 핸들링까지 나무랄때 없으니 더 어려도 크게 무리없을 듯하다. ], 부정 텍스트 확률 : 79.64%"
"[여덟번째.내가 마지막 육아도 아니고 바구니형 카시트도 없다면 싸이벡스 카시트를 같이 구매했을 것 같다.], 부정 텍스트 확률 : 82.38%"
"[유휴 신나 신나남편에게 눈치는 보이나 조립하면서 막둥이 태워보면서 도 후회없이 신나했던 유모차 후기입니다. ], 부정 텍스트 확률 : 84.39%"
"[그건 그렇고... 슈퍼맨이 돌아왔다라는 프로그램이 방영된 이후], 부정 텍스트 확률 : 65.11%"
"[육아에 대한 아빠들의 인식이 많이 바뀐 것 같습니다. 특히 육아박람회에 가보면 아빠들을 대상으로 한 상품들이 크게 늘어난 것을 알 수 있는데요. 그럼 햇살 아범이 찍어둔 부심저격 육아용품 함께 보실까요?? ], 부정 텍스트 확률 : 73.60%"
"[제 선정 기준은 안전과 승차감이었답니다. 결국 유모차는 햇살 아범이 주로 끌기로 약속하고], 부정 텍스트 확률 : 64.50%"
"[장바구니와 쌍둥이 유모차로 확장 가능한 동키를 구입하고 싶었지만... 햇살 어멈 혼자 밀고 다니기에 부담스럽다는 말에 양보 할 수 밖에 없었답니다. ], 부정 텍스트 확률 : 61.66%"
"[. 유모차 휴대용절충형 유모차를 구입하는 것도 현명한 일이지만], 부정 텍스트 확률 : 67.61%"
"[햇살 어멈과 아범은 디럭스형과 휴대용을 따로 구입하기로 하였습니다. 아무래도 디럭스 유모차는 안전한 반면 휴대하기 매우 불편한 단점이 있는데], 부정 텍스트 확률 : 83.10%"
"[아기들이 걷기 시작하면 다리가 아플 때를 제외하고는 유모차를 타지 않는다고 하네요. 물론 당장은 필요하지 않기 때문에], 부정 텍스트 확률 : 76.09%"
"[마음에 드는 유모차를 찍어만 두었답니다.], 부정 텍스트 확률 : 76.83%"
"[다양한 수납공간이 있어 배낭처럼 활용하기도 좋을 것 같습니다. 아빠용 뿐만 아니라 엄마용 제품도 있는데], 부정 텍스트 확률 : 66.71%"
"[이런 건 역시 아빠들이 메어줘야 폼이 나겠죠? 베이비페어에 갈 때마다 사고 싶었는데 햇살 어멈이 안사주네요. 그럼 용돈을 모아서 지르는 수 밖에... ], 부정 텍스트 확률 : 94.93%"
"[. 카시트 신생아용신생아 전용 카시트는 손잡이가 있어서], 부정 텍스트 확률 : 82.36%"
"[. 카시트 유아용], 부정 텍스트 확률 : 91.56%"
"[하지만 하루가 다르게 자라는 햇살이 덕분에 신생아용 카시트는 개월 이상 사용할 수 없게 되었답니다. 결국 유아용 카시트로 교체를 해주었는데 넓고 편안한 좌석을 무척 마음에 들어 하네요. ], 부정 텍스트 확률 : 89.41%"
"[햇살이의 심리 안정과 상태 관찰에 매우 요긴하게 쓰인답니다. ], 부정 텍스트 확률 : 59.22%"
"[. 유모차 트레일러 ], 부정 텍스트 확률 : 62.92%"
"[. 유모차 웨건 ], 부정 텍스트 확률 : 62.92%"
"[. 실내 스위밍풀 ], 부정 텍스트 확률 : 62.92%"
"[. 해먹 ], 부정 텍스트 확률 : 62.92%"
"[. 유아 전동차 ], 부정 텍스트 확률 : 62.92%"
"[ 자전거 트레일러 ], 부정 텍스트 확률 : 53.29%"
"[자전거 트레일러 지름신이 들어서며칠동안 비교], 부정 텍스트 확률 : 68.16%"
"[검토를 해서 구입한 자전거 트레일러 고 노무현전대통령님이 사용하셨던 인스텝 자전거트레일러를 물망에 놓았었으나알루미늄 재질로 된것은 가격이 넘 사악해서 포기.], 부정 텍스트 확률 : 75.15%"
"[여차저차해서 가격도 착하고], 부정 텍스트 확률 : 54.01%"
"[알루미늄 재질에다 유모차 기능도 있어서결국 지르고 말았다. ], 부정 텍스트 확률 : 55.19%"
"[내가 구입한 트레일러에 대한 자세한 후기나 사진 데이터가 없어서 구입하면서도 참 망설여졌다.과연 튼튼할까?. 핸들링이나 안전사고의 위험을 없을까?현재까지로서는만족이다.현우도 너무나 좋아하고], 부정 텍스트 확률 : 57.55%"
"[한번타고 나면 안내릴려고까지 한다.ㅋ자세한 스펙 사진을 보도록 하자. ], 부정 텍스트 확률 : 65.75%"
"[덮개는 방충망과 투명비닐로 되어 있어 덮개를 탈부착할수 있다.안에 공간이 넓어 이불을 넣어도 충분하다. ], 부정 텍스트 확률 : 61.49%"
"[뻑뻑한감은 전혀 없다. ], 부정 텍스트 확률 : 93.47%"
"[나의 출퇴근용 애마 피버 .과 자전거 트레일러 전신샷 ], 부정 텍스트 확률 : 90.42%"
"[저전거와의 탈부착은 고리를 이용해 초내에 탈부착이 가능하다.또한탄성스프링이 있어 좌회전이나 우회전], 부정 텍스트 확률 : 77.98%"
"[오르막길이나 내리막길에서운전할때 안전하게 트레일러의 방향을 조정할 수 있다. ], 부정 텍스트 확률 : 51.00%"
"[트레일러 안에 곤히 잠든 현우군 ], 부정 텍스트 확률 : 52.14%"
"[큐티한 자전거 깃발. 자동차가 접근할때 위치를 알리는데 좋은 것 같다.일단 현우가 너무나 좋아해 가격은 좀 비싸지만만족한 자전거 트레일러 구입기출처.. 알톤 피버 . 자전거와 자전거 트레일러 구입작성자.. 현우 연우 아빠 ], 부정 텍스트 확률 : 92.56%"
"[ 저희 까페 후기게시판에 글등록시 제목 설정은.. ..위 링크 글 참조 하시어 가이드 라인 기준에 맞게 변경 부탁드려요 ], 부정 텍스트 확률 : 93.48%"
"[트레일러유모차로 검색해보심 나올거예요 새거보단 중고가 나은 거 같아요. 막 써도 튼튼하니까요], 부정 텍스트 확률 : 86.47%"
"[늦었지만 혹시 출입문 통과하기 괜찮나요? 저도 인용 알아보고 있는데 단종되서 그런지 사이즈를 찾을 수가 없네요... ], 부정 텍스트 확률 : 57.94%"
"[어떤 사이즈인지는 모르겠으나], 부정 텍스트 확률 : 79.73%"
"[일반 가게나 집 다닐때 문제 없었어요..아파트는.... 잘 모르겠네요...단독주택이라.. 아파트 상가에 있는 마트는 문제 없었습니다..], 부정 텍스트 확률 : 78.83%"
"[시승해보고 싶은데 일산 어디에 가면 할수 있을까요?], 부정 텍스트 확률 : 53.86%"
"[위치는 잘 모르구요], 부정 텍스트 확률 : 83.23%"
"[일산 산타자나 트레일러 검색하면 나왔었어요. 저도 블로그에서 본 거라서요...], 부정 텍스트 확률 : 77.30%"
"[ 가까우믄받고싶어요], 부정 텍스트 확률 : 69.02%"
"[별 말씀을요], 부정 텍스트 확률 : 59.25%"
"[저도언능 트레일러를달아서 ㅋ 의정부사시나보네요전양주 고읍삽니다 ], 부정 텍스트 확률 : 76.78%"
"[허클베리입문한지얼마안되는데언제한번뵈요 ], 부정 텍스트 확률 : 89.71%"
"[준이아범저는 중랑천 쪽에서 딸이랑 시간을 자주 보냅니다], 부정 텍스트 확률 : 86.93%"
"[준이아범혹시 여기서 옥정 공원 쪽까지 자전거도로가 연결되어 있을까요?], 부정 텍스트 확률 : 69.20%"
"[허클베리], 부정 텍스트 확률 : 88.93%"
