"[. 제이해밀턴 . 유모차정리함.줄즈유모차 전용 가방 위에 또 유모차정리함 . ], 부정 텍스트 확률 : 63.24%"
"[ .유모차를 끌고 다니다보면], 부정 텍스트 확률 : 68.98%"
"[ .역시나 택배박스 안에는 더스트백에 담긴 정리함 ], 부정 텍스트 확률 : 86.63%"
"[휴대폰 홀더], 부정 텍스트 확률 : 53.29%"
"[유모차에 거는 부분이 고리가 아니다. .딸깍 하고 잠그는 방식인데], 부정 텍스트 확률 : 70.97%"
"[ .원단은 살짝 광택이 나는 매끈한 소재인데], 부정 텍스트 확률 : 83.37%"
"[약간의 보온기능이 있다고 한다. .만져보면 좀 두툼한 게... 허투루 만든 가방은 아니다ㅋㅋㅋ .앞쪽이 곡선 디자인이라서 걸리는 부분 없이 더 쉽게 여닫을 수 있다. . ], 부정 텍스트 확률 : 54.13%"
"[이 정리함을 계속 고정하여 쓴다면 굳이 안 가지고 다녀도 될 듯하다 ㅋㅋ . ], 부정 텍스트 확률 : 68.87%"
"[ .유모차에 거는 부분 .찍찍이벨크로테이프로 유모차 손잡이를 감싸서 붙여 주면 된다. .끈은 내가 예상했던 것보다 꽤 길게 내려오는데], 부정 텍스트 확률 : 70.96%"
"[높이가 있는 물건을 수납했을 때의 불편함을 고려하여 이렇게 만든게 아닐까 짐작한다. . ], 부정 텍스트 확률 : 86.79%"
"[ .아주 마음에 드는ㅋㅋㅋㅋㅋ 휴대폰 홀더 부분. .부피 차지 별로 안 하면서도 휴대폰이 튕겨나가지 않게 잘 감싸고 있다. .겨울에야 외투 주머니에 휴대폰 넣고 다니면 된다지만], 부정 텍스트 확률 : 89.05%"
"[여름에는.... 정말 불편하다. 특히 여름 여성복에는 주머니가 안 달린 경우도 많아서], 부정 텍스트 확률 : 91.74%"
"[가방에 넣어야 하는데... 이렇게 유모차정리함 옆에 딱 붙어 있으니 어디 나갈 때 그런 걱정은 안 해도 될 듯하다. .. ], 부정 텍스트 확률 : 92.15%"
"[ .일단 기본으로 휴대폰 홀더를 옆에 붙여놓고], 부정 텍스트 확률 : 67.27%"
"[컵홀더는 안쪽에 위치 .이렇게 해놓고 쓰면 바로 먹일 분유 젖병 같은 거 넣기도 좋고칸막이 역할 필요시 바로 바꿔 달 수 있어 편하다. . ], 부정 텍스트 확률 : 65.50%"
"[ .보관함 뚜껑이 아래에서 덜렁덜렁 흔들리는 거 보기 싫은데.... .뒤쪽에 자석판이 있어 거기에 딱 갖다 대면 딱 깔끔하게 붙는다. .주렁주렁 뚜껑 흔들면서 다닐 필요 없음 ㅎㅎㅎ . ], 부정 텍스트 확률 : 99.40%"
"[한국에는 더이상 정식수입이 되지 않는 것으로 안다. .줄즈 정품 기저귀가방을 유모차에 달아서 쓸 수 있어서 매우 유용하긴 한데... 아기가 개월 쯤 되니 챙겨야 할 것들도 더 많아지고ㅠㅋㅋ 저 뚱뚱한 기저귀가방으로도 부족해져서 유모차정리함을 유용하게 쓰고 있다. . ], 부정 텍스트 확률 : 72.53%"
"[ .정리함을 떼지 않고 그냥 이대로 접었다 폈다 하며 트렁크에 싣고 내려야 하니], 부정 텍스트 확률 : 93.32%"
"[기본적으로는 전부 다 비운 상태를 유지한다. .이렇게 다 비워놓고], 부정 텍스트 확률 : 87.95%"
"[바로바로 쓸 짐만 유모차 펼쳐서 옮기는 편 . ], 부정 텍스트 확률 : 84.95%"
"[ .물론 뚜껑은 간편하게 한 손으로 열어서], 부정 텍스트 확률 : 71.94%"
"[ .찍찍이로 손잡이를 감싸는데], 부정 텍스트 확률 : 85.88%"
"[ .아래로 떨어지는 뚜껑? 덮개? 부분이 뒤로 접혀 착 붙어 있으니 참 깔끔하다. .원래 이렇게 나온 제품처럼 보이기도 하고 ㅋㅋㅋㅋ . ], 부정 텍스트 확률 : 95.29%"
"[ .앞에서 보면 이런 모습 .평소엔 닫고 다니다가 필요할 때만 열기에도 좋고], 부정 텍스트 확률 : 51.25%"
"[아예 열고 덮개를 뒤쪽 자석에 붙이고 다녀도 깔끔하다. . ], 부정 텍스트 확률 : 64.06%"
"[ .전에는 휴대폰 놓을 곳이 없어서 옆쪽 컵홀더에 휴대폰을 넣고 다녔다. .그냥.... 음료 안 마실 땐 그럭저럭 그렇게 쓰면 되긴 하는데], 부정 텍스트 확률 : 83.55%"
"[음료 마시는 순간 휴대폰은 갈 곳을 잃고ㅠㅋㅋㅋㅋㅋㅋ .이제 제 자리가 생겼다 ㅋㅋㅋㅋ . ], 부정 텍스트 확률 : 70.02%"
"[ .옆부분 컵홀더도 내려서 사용해 봄 . ], 부정 텍스트 확률 : 71.23%"
"[ .컵홀더는 줄즈 정품이 있어서 사용 안 하게 될 거라고... 솔직히 예상했는데ㅋㅋㅋㅋㅋ 오산이었다. .줄즈 정품 컵홀더는 약간 길쭉하고 지름이 짧은 편이라 뚱뚱한 컵이나 짧은 컵은 넣었다가 빼기가 좀 성가신데], 부정 텍스트 확률 : 72.19%"
"[제이해밀턴옆 부분에 달린 간이 컵홀더?는 그런 제약 없이 그냥 내려서 툭 집어넣으면 되니 오히려 더 편했다. . ], 부정 텍스트 확률 : 92.15%"
"[ .유모차에 너무..... 주렁주렁 뭐가 많이 달려 있나? 싶기도 하지만ㅋㅋㅋㅋㅋㅋ .만약 이걸 애기 안은 상태에서 내가 다 짊어지고 다닌다고 생각하면 유모차가 얼마나 고마운 물건인지 뼈저리게 느낄 수 있다 ㅋㅋㅋ .좀 주렁주렁하면 어땨용 내몸 편한게 제일이지 . ], 부정 텍스트 확률 : 74.85%"
"[ .요건 다른 날 .이날은 줄즈 정품 기저귀가방 없이 그냥 간단한 짐만 챙겨 유모차보관함에 넣은 날이다. .그리고 지난 번엔 안 챙겨 나왔던 컵홀더도 챙겨 나옴 . ], 부정 텍스트 확률 : 77.61%"
"[ .뚱뚱한 병도 넣을 수 있는 컵홀더 ㅎㅎ .찍찍이가 강력해서 떨어질 것 같진 않지만], 부정 텍스트 확률 : 92.97%"
"[혹시모를 위험을 대비해 위에 달린 고리를 유모차 연결부 클립에 걸어주면 안심이다. . ], 부정 텍스트 확률 : 86.91%"
"[손수건], 부정 텍스트 확률 : 53.29%"
"[물티슈], 부정 텍스트 확률 : 53.29%"
"[튤립 정도만 챙겨 나온 날이다 ㅋ . ], 부정 텍스트 확률 : 52.50%"
"[ .저렇게 뚱뚱한 컵도 들어갈 수 있다는 걸 보여주려고 찍은 사진ㅋㅋㅋㅋ .일반적인 사이즈의 테이크아웃 컵은 옆쪽 컵홀더에 걸면 되겠지만], 부정 텍스트 확률 : 73.34%"
"[아주 뚱뚱한 컵이나 병을 사용할 경우에는 저 탈부착식 컵홀더가 유용할 듯하다. . ], 부정 텍스트 확률 : 92.95%"
"[ .컵홀더엔 컵이나 병만 꽂아야 하는게 아니죠?ㅎㅎㅎㅎㅎ .튤립 자리로 딱이다ㅋㅋㅋㅋㅋㅋ .애기 울 때 현재까진 고양이 튤립이 가장 잘 먹히는데], 부정 텍스트 확률 : 60.69%"
"[이게 좀 뚱뚱한 애라 자리 차지를 많이 한다. .아예 이렇게 컵홀더에 꽂아가지고 다니면 급할 때 꺼내기도 펴하고], 부정 텍스트 확률 : 76.32%"
"[ .. 제이해밀턴 유모차정리함구입페이지. .... ], 부정 텍스트 확률 : 77.57%"
"[ ........ ], 부정 텍스트 확률 : 53.29%"
"[ 사용하다보니 불편했던게], 부정 텍스트 확률 : 90.30%"
"[썬후드썬차양가 도로 끝난다는거에요.마침 럭키가 한참 산책을 다닐때가 한여름이라 햇빛이 강했는데 여러모로 참 불편하더라구요. ], 부정 텍스트 확률 : 95.84%"
"[ 줄즈 썬차양], 부정 텍스트 확률 : 82.74%"
"[방법이라곤 해외직구였는데 아무리 찾아도 제품을 찾을수가 없었어요.수입업체에서도 못구하는데 제가 무슨수로 구했을까요..썬후드가 짧아 위의 사진처럼 블랭킷으로 햇볕과 에어컨바람을 임시방편으로 막아주었네요ㅜㅜ미안하다 럭키야 ], 부정 텍스트 확률 : 98.75%"
"[ 수입이 될때까지 기다리기엔 여름이 다 갈거같고], 부정 텍스트 확률 : 83.32%"
"[여름내내 이러고 다니기엔 아가한테 못할짓인거 같아 폭풍검색그러다가 어떤 유모차에도 호환되어 사용할 수 있는 썬후드], 부정 텍스트 확률 : 95.84%"
"[ 상자를 오픈해보니 비닐로 쌓여진 선셰이드파우치가 있었어요. 비닐은 뜯자마자 분리수거행파우치가 따로 있어 사용하지 않을때 보관하기에도 좋을거같더라구요.], 부정 텍스트 확률 : 77.20%"
"[ 선셰이드하고 바로 외출하고 나가고 싶어서 일부러 배송왔단 문자 받자마자 내려가서 택배찾아왔네요 ㅋㅋㅋ너무나도 찰떡같이 원래 자기자리인마냥 연결되어 붙어있는 썬후드. ], 부정 텍스트 확률 : 87.06%"
"[밤택이가 개월이 되서야 유모차가 왔다.엄마가 결정장애를 앓으면 이런 결과가 온...이러다 논문을 쓰는 것이 아닌가 싶을정도로 고민하고주변에도 엄청 물어보고 괴롭혔다.선물 받는거라 더 신경이 쓰였다.그렇게 난리를 쳐놓고핸들이 가죽인게 예쁘다는 이유로줄즈 데이콰드로로 결정. ], 부정 텍스트 확률 : 99.33%"
"[ 하여간 엄청나게 큰 박스가 두개나 왔다.하나는 유모차], 부정 텍스트 확률 : 89.26%"
"[ 조립은 생각보다 쉬웠다.설명서 없이도 착착문과생은 설명서따위 보지 않는다데님이 품절이라 블루로 샀는데후기에 색이 독특하다 그래서 걱정했는데실물로 보니 마음에 들었다.나중에 데님을 실물로 봤는데갈색 손잡이와는 블루가 더 잘 어울리는 것 같아서아쉬움은 딱히 안 남았다. ], 부정 텍스트 확률 : 77.33%"
"[정리함이랑줄즈 방풍커버랑 줄즈 유모차커버에 워머까지사은품이 아주 빵빵했다. ], 부정 텍스트 확률 : 86.95%"
"[ 하이체어라서 꽤 높아서 침대 높이랑 똑같았다.크기도 엄청 컸는데 핸들링은 정말 끝내줬다.차에 실을때 고생이 예상되네.소형인백구 뒤에 실릴까? ㄷㄷ튜닝의 끝은 순정이라고 믿는 사람이라뭐든 산 그대로 가지고 쓰는 스타일인데엄청난 크기의 유모차를 보니 사람들이 왜 보조 타이어 빼버리고 트렁크 공간을 늘렸는지 이해가 됐다. ], 부정 텍스트 확률 : 55.00%"
"[ 비록 페트로꺼긴하지만 쿨시트도 사은품으로 와서잘 맞는지 바로 깔아봤다.세탁 따위... ], 부정 텍스트 확률 : 92.31%"
"[밤택이 물병 등바로 꺼내써야하는 물건들을 넣어두니더 이상 쭈그리고 앉아 장바구니를뒤적거리며 꺼내지 않아도 되서 좋았다.손잡이 사이에 덜렁이는 모양새가 싫어서 안 썼는데그럼에도 다들 쓰는 이유가 있었구나 싶었다.악세서리도 줄즈걸 사는게 예쁘겠지만악세서리 파는 곳을 찾기가 너무 어려웠다.직구를 하면 좋겠지만 직알못... ], 부정 텍스트 확률 : 98.85%"
"[ 컵홀더는 줄즈 정품으로 받았는데안 달고 나가면 생각나고막상 달고 나가면 쓸일없어 걸리적거렸다.계륵같은 컵홀더....근데 이게 봄이라 그랬고 여름이 되니까 완전 필요해 완전 필수품그러나 뭐니뭐니해도 줄즈의 가장 큰 장점은핸들링이다.정말 부드럽게 굴러가고 바퀴가 커서 웬만한 턱도 진짜 부드럽게 오르내릴 수 있다.높이가 높아서 식당 가서따로 아기 의자가 필요없다는 점도 장점브레이크도 엄청 짱짱한데유모차가 굴러가서 차랑 사고가 날 뻔했다는뉴스도 종종 본 터라 브레이크가 잘 잡히는지도꼼꼼히 체크해 볼 일이다.손잡이 커버도 사은품으로 받았지만나는 손잡이의 느낌이 좋아서 그냥 다녔다.유모차를 세워둘 때 커버로도 쓸 수 있는데접어둘 일이 별로 없어 거의 안 썼다. ], 부정 텍스트 확률 : 88.46%"
"[ 개월부터 개월정도 썼나?정말 너무너무 싫어해서 외출할 때 짐수레로 쓰다가잘 때 눕혀서 이동식 침대로 써야했다. ], 부정 텍스트 확률 : 93.07%"
"[ 아기띠와 포대기를 주로 쓰고밤택이가 몸무게가 조금 나가고내가 튼튼한 덕이지. 껄껄아울렛이나 백화점], 부정 텍스트 확률 : 71.37%"
"[마트처럼유모차 대여가 잘 되있는 곳만 다닌 덕에깜빡한 순간에도 당황스럽지 않았다.유모차가 없으면 큰일나는 필수품인줄 알았는데야외활동이 많지 않고 가는 곳만 가는 밤택이는크게 필요가 없었다.조금 더 늦게 휴대용을 샀더라면오히려 더 요긴하게 쓰지 않았을까 싶기도한데어릴때부터 싫어해서 안 타버릇했으니나중에도 안 타고 다니려나 싶기도 하고.겨울 아기라면 조금 더 늦게 휴대용을사도 괜찮다고 말해주고 싶다.아직은 유모차를 탈 일이 별로 없어서 괜찮았는데밤택이가 걸어다닐 수 있게 되고 야외활동이 늘어나면휴대용을 하나 더 사야지 싶다. ], 부정 텍스트 확률 : 86.97%"
"[ 유모차를 끌고 들어갈 수 있는 곳이 한정적이다 보니까불편해서 아기띠를 주로 썼다.마트나 멀티플렉스에 갈때는카트에 태우거나 유모차를 빌려서 쓰게 된다.밤택이가 을 넘어가면서 점점 힘들어지긴하는데잘 걷기도 하고 걷고 싶어하기도 해서체력 안배를 잘 해서 쓰고 있긴한데언제까지 쓸 수 있을런지.... ], 부정 텍스트 확률 : 52.19%"
"[ 활동량이 많아지니 자기도 지치는지 잘 탄다.태우기 직전에만 버둥거리고막상 태우면 회장님처럼 편안해하시다가 잠든다.수납은 부족하지만 워낙 튼튼하다보니이리저리 차양막에 얹어서 다녀도 까딱없고무엇보다 핸들링 최고무거워서 그렇지 접는 것도 간단해서차에 싣는 일도 점점 익숙해진다. ], 부정 텍스트 확률 : 69.80%"
"[ 줄즈 데이어스를 기본으로 제작 중입니다.콰트로도 싸이즈 동일합니다.참고 바랄게요.맘에드신다는 메시지와 함께 받은 사진들입니다.저도 보자마자 우와했어요.킹덤 포레스트 요 원단 은근 스터디셀러인데요.요렇게 빛을 발해주네요.손잡이 커버 안전바 커버는 지퍼형으로 제작되었고요.안전띠는 벨크로 형으로 제작되었습니다.코너 부분이랑 안쪽 누빔지 쿠션감 때문에 실 사이즈보다 살짝 크게 제작 중입니다.모든 커버가 그래요.정 사이즈로 하면 코너 부분이 커버할 여력이 없어서 지퍼 채우기가 좀 버거워져요.살짝 크다 싶은 건 맞는 거예요줄즈 윰차 사용하시는 이웃님들은주로 밝은 디자인을 많이 찾으셔서일부러 줄즈는 화려하고 무늬 있는 걸 찾게 되네요.여름맞이 더 화려한 걸 찾아봐야겠어요.. ], 부정 텍스트 확률 : 99.59%"
"[ ..백조가 알려드리는 커버하는 ..커버하실 때 처음엔 굴곡진 부분은 벨크로 때문에 주름이 생기거나 .예쁘게 커버가 안됩니다..자주자주 손으로 꾹꾹 눌러주시거나 매만져주시면.벨크로 부분이 길이 들어서 더 예쁘게 장착이 될 거예요..참고해주세요...모든 원단은 다른 유모차 기종에도 적용됩니다. ... ★★★★.세탁..세탁하실때 벨크로 분리하지 마시고 .부착상태로 세탁기망에 넣어서 세탁하시면.더 오래 모양유지하며 사용하실수 있어요..벨크로도 덜 망가지구요.참고해주세요.. ★★★★ .. 주문방법 안내입니다 ... 유모차기종 .. 주문상품 .손잡이커버], 부정 텍스트 확률 : 99.93%"
"[ 안전띠커버], 부정 텍스트 확률 : 53.29%"
"[ 님이 줄즈유모차 드림해주셨는데후기를 써야지 하곤 잊어버렸다가카페 인기글에 드림후기에 관한 글이 있어 퍼뜩 생각나서 급히 올립니다아직 셋째가 태어나지 않아서 사용은 못해보고그래서 사진도 안찍어놨었네요후기가 많이 늦어져서 죄송합니다정말 유모차 잘쓰겠습니다 ], 부정 텍스트 확률 : 90.10%"
"[슈퍼특가 할인 ], 부정 텍스트 확률 : 75.70%"
"[ 원 줄즈 데이 어스 디럭스 유모차▷ 월초특가], 부정 텍스트 확률 : 80.88%"
"[ 원 ▷ 할인], 부정 텍스트 확률 : 53.29%"
"[ 원상품 구매리뷰 후기는아래 링크로 확인해주세요▼▼▼ .. ], 부정 텍스트 확률 : 70.76%"
"[ 이글은 년월일에 작성되었습니다.해당제품의 가격과 할인정보는 몇일에서 변동이 될수 있으며], 부정 텍스트 확률 : 72.07%"
"[ 원 줄즈 데이 어스 디럭스 유모차▷ 월초특가 ], 부정 텍스트 확률 : 80.88%"
"[줄즈 유모차세탁 수원 망포동 벽산이빌리지 수거 줄즈유모차세탁후기입니다 빨래쟁이곰팡이 핀 줄즈 유모차세탁항균 전 사진.빨래쟁이..빨래쟁이. ], 부정 텍스트 확률 : 76.89%"
"[ 곰팡이 핀 줄즈 유모차세탁항균 전 사진 ], 부정 텍스트 확률 : 70.85%"
"[ 곰팡이 핀 맨하탄호크 유모차세탁항균후사진 ], 부정 텍스트 확률 : 53.29%"
"[ 맨하탄 호크 유모차세탁비 할인쿠폰 받으러 가기 .... ], 부정 텍스트 확률 : 86.34%"
"[추사랑 유모차로 유명했던줄즈데이어스 유모차 사용하면서 따로 휴대용 구매하지않고도 ], 부정 텍스트 확률 : 90.54%"
"[다행히 주변 언니야들한테 물려받으면서 따로 구매하지 않아도 되서깔라스카 디럭스 사용하다가 ], 부정 텍스트 확률 : 65.99%"
"[그라코 절충형 유모차까지 아주 잘 사용하고 있어요 헌데 첫째 언니 따라서 워낙 외출이나 이동일정이 많은 둘찌두근인지라 .매일 시트분리해서 차에 싣고 꺼내고 ], 부정 텍스트 확률 : 74.20%"
"[엄청 번거로워서 휴대용 유모차 하나 사야하나 살짝 생각만 하던중 ], 부정 텍스트 확률 : 95.74%"
"[ 갑자기 . 비행기 탈 일이 생기면서], 부정 텍스트 확률 : 94.46%"
"[ 내돈주고], 부정 텍스트 확률 : 92.60%"
"[ 여행용 유모차 기내반입 와이업 올뉴지니 ], 부정 텍스트 확률 : 89.07%"
"[스페이스블랙컬러로 선택했고], 부정 텍스트 확률 : 91.04%"
"[ 핫딜 떳을때 쿠폰 다 먹혀가며], 부정 텍스트 확률 : 68.97%"
"[만원대에 구매하고 적립금 지급되는것까지 만원 중반대에 구입했어요 . ], 부정 텍스트 확률 : 92.42%"
"[ 여행용 유모차 기내반입 와이업 올뉴지니내가 선택한 이유중 가장 큰 이유는], 부정 텍스트 확률 : 84.39%"
"[ 하이시트 인점을 강조하며 홍보 하는여행용 유모차 기내반입 와이업 올뉴지니이 부분은], 부정 텍스트 확률 : 90.88%"
"[호불호가 많이 갈리는 편이나 ], 부정 텍스트 확률 : 85.28%"
"[ 제법 많이 내려오는 ], 부정 텍스트 확률 : 87.96%"
"[ 여행용 유모차 기내반입 와이업 올뉴지니배송오자마자 ], 부정 텍스트 확률 : 86.55%"
"[밤비행을 위해 준비한여행용 유모차 기내반입 와이업 올뉴지니일단 ], 부정 텍스트 확률 : 87.84%"
"[앞으로 직접 사용해보면서], 부정 텍스트 확률 : 58.05%"
"[실사용후기 따로 남겨볼께요 . ], 부정 텍스트 확률 : 56.45%"
"[안전바], 부정 텍스트 확률 : 82.95%"
"[올여름은 많이 덥지 않아서 외출하기가 좋았던 것 같다. 그래서 이곳저곳 여러 군데 많이 돌아다녔던 것 같다.아직 걷지 못하는 우리 뽀율이의 발이 되어준 실버크로스 제트 휴대용 유모차와 함께라 더욱더 편안하고 즐거운 여행이 되었다.실버크로스 제트 유모차가 차로 이동하기에도 편안하고 대중교통을 이용하기에도 좋았던 가장 큰 이유는 바로 기내반입이 가능한 초경량 휴대용유모차라는 점이다.사용할 때는 간단하게 펴서 사용하고 사용하지 않을 때는 접어서 휴대할 수 있어서 좋았다. ], 부정 텍스트 확률 : 98.32%"
"[ 우리 뽀율이가 걷기 시작하면 대중교통을 많이 이용할 건데 아직은 걷지 못하니 이동할 때 유모차나 아기띠에 의존을 많이 한다.그렇기 때문에 대중교통보다는 자차를 이용해서 나들이를 많이 가는 편이다.얼마 전에 다녀온 양평의 수목원은 자차를 이용해서 다녀온 곳이다. 이날도 실버크로스 제트와 여행을 했었다.앉아서 꽃이랑 풀?들을 구경하고 있는 중 ], 부정 텍스트 확률 : 98.41%"
"[ 차광막을 펼치면 정말 더 예쁜 유모차로 변신하기 때문에 가지고 다니면 어깨가 으슥 으슥 거린다.유모차 손잡이에는 아이의 기저귀 가방을 걸어서 다니곤 하는데 불안감 없이 편안하게 들고 다닐 수 있다. ], 부정 텍스트 확률 : 96.97%"
"[ 실버크로스 제트 휴대용유모차는 바퀴가 정말 좋다 핸들링도 좋고 길이 좋지 않은 것에서 사용할 때도 편안하다.그래서 웬만한 길에서도 편안하게 끌고 다닐 수 있어서 좋은 것 같다.잔디밭에서도 큰 힘들이 지 않고 쉽게 끌고 다녔다. ], 부정 텍스트 확률 : 83.56%"
"[ 코엑스 아쿠아리움으로 갈 때는 지하철을 이용해서 갔는데 대중교통을 이용해서 처음으로 장거리 여행을 했었다. 집에서 봉은사역까지 갈 때는 호선을 이용해서 가는데 호선이 사람들이 많은 편이라 접어서 이동을 했었다.기내반입 가능한 휴대용유모차라 접으면 크기가 정말 작아지기 때문에 앞사람에게 피해도 주지 않아서 좋았다. ], 부정 텍스트 확률 : 64.05%"
"[ 여유로운 지하철 안에서는 펼쳐서 아이가 앉고 싶을 때는 앉혀두고 엄마랑 같이 있고 싶을 때는 안아주면서 이동을 했었다. ], 부정 텍스트 확률 : 87.08%"
"[ 별마당 도서관으로 가는 길실버크로스 제트 휴대용유모차는 실외에서도 승차감과 핸들링이 좋지만 실내에서는 더 좋은 것 같다.매끄러운 바닥을 지나갈 때 스르륵 움직이고 원하는 방향으로 쉽게 전환할 수 있어서 힘이 들지 않아서 좋았다. ], 부정 텍스트 확률 : 93.11%"
"[ 별마당 도서관은 관광객들도 정말 많이 오는 장소라 인증 사진을 많이 찍지는 못했다. 아숩 ㅜㅜ ], 부정 텍스트 확률 : 86.17%"
"[ 이제는 아쿠아리움으로 걸어갔다.이동하는 동안 잠이 든 뽀율이 편안하게 자라고 등받이 각도를 최대로도 해주었다.핸들링이 좋아서 이런 꼬불꼬불한 길도 편안하게 이동을 했다. ], 부정 텍스트 확률 : 96.14%"
"[ 엄마랑 같이 물고기 구경도 하고 혼자서도 물고기 구경하는 뽀율이 ], 부정 텍스트 확률 : 90.84%"
"[ 그리고 이런 큰 물고기들도 있음 ㅋㅋㅋㅋㅋ그런데 뽀율이는 작은 물고기한테만 관심이 있는지 이런 애들한테 눈길도 안 줌 ㅋㅋㅋ우리 뽀율부부만 신나서 상어 구경이랑 가오리 구경을 실컷 하고 돌아왔다. ], 부정 텍스트 확률 : 89.32%"
"[ 이번에는 버스를 타고 집 근처에 있는 식물원에 나들이를 가기로 했었다.실버크로스 제트는 기내반입 휴대용유모차라 별도의 커버도 같이 들어있는데 저렇게 커버를 씌워두면기내의 수납함에 넣고 뺄 때도 편리하고 유모차가 더러워지는 것도 막을 수 있어서 좋은 것 같다.그렇지만.. 놀았던 사진이 없다 왜냐면 이날은 휴관이라 흑... 아무것도 못하고 집으로 돌아왔기 때문이다 흑... ], 부정 텍스트 확률 : 99.53%"
"[ 그리고 이번 추석 때도 실버크로스 제트 휴대용유모차를 잘 사용했다.뽀율이가 아직 어려서 짐이 많은 편이라 보통은 유모차를 놔두고 다니는데 이번에는 가능했다. ], 부정 텍스트 확률 : 57.14%"
"[지금 받은 유모차는 태아보험 가입 사은품?으로 받은 건데사실 받고는 박스채 방치해 뒀다가 산책 나가야지 하면서 비로소 꺼내면서 알아봤더니 유모차 종류로는 절충형인 놈이었다. 리안 솔로.임신 때 유모차 사야되나 하다가그건 아기 태어나서 사도 된다길래], 부정 텍스트 확률 : 70.36%"
"[절충형이니], 부정 텍스트 확률 : 53.29%"
"[퀴니 정도를 보고 있는데 흠], 부정 텍스트 확률 : 87.92%"
"[ 부피도 크고 다 사용하고 버린다면 그것도 또 돈이라 그게 좀 부담이 된다. 실제 구입했는데 혹시라도주니가 거부하면 오똑하지? 부터], 부정 텍스트 확률 : 97.72%"
"[지금 디럭스를 사서 얼마나 쓸까 싶기도 하고.물론 둘 째 계획도 있어서 경험상 디럭스도 써보고 싶긴 한데 색깔도 리안 솔로가 검정이라 다른 색을 겟해보고 싶기도 하고.. .?주말에잠자는남편과아들주말에잠자는남편과아들 ], 부정 텍스트 확률 : 68.88%"
"[.?지못미지못미 한 것... 바로 발.... 발 넓이...나도 남편도 발볼이 넓은 발이라서], 부정 텍스트 확률 : 98.76%"
"[ 아가 용품의 양대 산맥??유모차와 카시트를 알아보기 위해 규모가 큰 곳부터 작은 곳까지 이곳저곳의 베페를 찾아다녔어요.이사람들 정말 징하다싶을만큼전 업체 카시트와 유모차를 죄다 밀어보고들어보고 흔들어보고..무튼 할 수 있는 건 다 했어요.신랑이랑 안정성 검사부터 시작해서꼼꼼하게 설명 듣고 체크해 놓았죠.], 부정 텍스트 확률 : 79.36%"
"[ 그래서 나름 구매 후보를 정해놨어요 줄즈 지오어스 싸이벡스 프리암 오르빗], 부정 텍스트 확률 : 76.03%"
"[ 행여나 기억을 못할까 세 업체의팜플랫만 놔두고 집에 와서 싹다 버렸어요.그리고 이번 코엑스 베페가 진행되었을 때], 부정 텍스트 확률 : 98.29%"
"[ 주일 뒤 인천에서 베페한다는 소식을 듣고혹시나해서 업체 리스트를 보았는데어머 이게 웬일행사장 규모도 코엑스 정도밖에 안되는데무려 세개 업체가 다 들어와 있는 거예요], 부정 텍스트 확률 : 88.63%"
"[ 줄즈와 비슷한 사양 디럭스 유모차 중에서 스토케미마 자리는 많이들 아시는데 줄즈에 대해 잘모르시는 분들이 많아요저희는 애초에 스토케는 너무 많이 밀고 다니기도 하고], 부정 텍스트 확률 : 62.40%"
"[한물 간? 느낌이라 패스했고미마자리는 그냥 안끌려서 후보에서 제외했는데유모차 구매할 때 판매하시는 분이 보통은 줄즈스토케미마 로 많이 고민하는데저희는 줄즈 싸이벡스와 오르빗 중에 고민한다며 의아해하셨답니다 무튼], 부정 텍스트 확률 : 74.25%"
"[ 줄즈는 네덜란드 브랜드로 줄즈라는 단어는 보석이라는 의미예요. ], 부정 텍스트 확률 : 85.30%"
"[ 줄즈 유모차에는 줄즈 데이어스줄즈 데이콰도르줄즈 데이스튜디오줄즈 지오어스가 있는데줄즈 지오어스가 가장 상위 모델이고정가는 ], 부정 텍스트 확률 : 84.91%"
"[ 줄즈 지오어스의경우 유모차 색상은페롯블루와 엘리펀트 그레이 두가지 있어요.블루로 하려다가 너무 어두운 것 같고], 부정 텍스트 확률 : 89.50%"
"[ 또 블루는 구매당시 전국 품절이라고 해서 저희는 그레이로 구매했어요그래서 홍삼이 유모차 이름이 색상 이름을 따서그뤠잇이기도 하고요 히히 ], 부정 텍스트 확률 : 78.08%"
"[ 줄즈는 유모차 종류 중 디럭스형 유모차로 캐리콧요람을 같이 주기에따로 구매할 필요가 없어요 ], 부정 텍스트 확률 : 72.42%"
"[ 줄즈 핸들링은 써 본 사람들이 다들 엄지척척하더라고요♡ 저희도 핸들링때문에 줄즈로 선택했구요], 부정 텍스트 확률 : 80.86%"
"[ 줄즈의 장점 을 한번 더 언급하자면일단바퀴가 각각 독립 서스펜스 인 것], 부정 텍스트 확률 : 84.66%"
"[아기의 안전을 생각한초강력 프레임 사용 ], 부정 텍스트 확률 : 77.37%"
"[ 그뤠잇이 언제 배송올지몰라배송 온다는 주에 홍삼맘 얌전히 집지켰다지요그리고 수요일에 도착했는데 상자가 무려 박스행여나 약속이 있어서 경비실에 맡겼다면 완전 민폐였을 거 같아요.... 게다가 무게도 넘나 무거운 것 ], 부정 텍스트 확률 : 82.54%"
"[ 신랑이 저녁에 퇴근해서 집에 오자마자 후루룩 저녁먹고 후다닥 치운 뒤], 부정 텍스트 확률 : 94.14%"
"[ 정품인증 워런티 카드 들어있구요정품인증은 구매 후 한달 이내 에 해야한대요], 부정 텍스트 확률 : 85.41%"
"[ 기본 사은품으로 받은컵홀더페도라 제품뒷바퀴 공기주입기 보낭커버페도라 제품], 부정 텍스트 확률 : 59.02%"
"[ 기저귀가방 ], 부정 텍스트 확률 : 53.29%"
"[ 슬리핑백 ], 부정 텍스트 확률 : 53.29%"
"[ 신랑한테 여기에 인형 태우고 사진찍어도 되?라고 했으나단박에 까임쓰...안돼], 부정 텍스트 확률 : 98.47%"
"[ 장바구니도 큰데다 쉽게 넣을 수 있게 구부릴 수 있고], 부정 텍스트 확률 : 59.00%"
"[ 가죽 손잡이가 벗겨지면 안예쁘다고해서 손잡이 커버 및 쿨시트 미리 구매했어요 이런 건 또 준비성 하난빠름빠름빠름 홍삼애미랍니다단순히 성격이 급한 걸지도....], 부정 텍스트 확률 : 87.87%"
"[ 요람말고 스트롤러 시트로 바꿔서사진한장 찍고팠는데 신랑이 넘 힘들어해서...결국 그건 패스하고 원폴딩으로 챡 접어서 지금은 베란다에 봉지 씌워서 보관 중입니다 ], 부정 텍스트 확률 : 91.65%"
"[ 유모차 폴딩하고나면옆에 있는 고정장치가 유모차가 다시 펼쳐지지 않게 고정해 줘서 이것또한 메리트가 되겠네요 줄즈], 부정 텍스트 확률 : 86.84%"
"[이렇게 장점이 많지만 한가지 크나큰? 단점이 하나 있다면....악세서리 구하기가 하늘의 별따기예요..그리고 구매 가격은 비싼데], 부정 텍스트 확률 : 87.10%"
"[ 중고로 되팔게 되면 아무래도 인지도가 낮아 응아값에 팔린다는........난 안 팔고 대대손손 물려줄테다], 부정 텍스트 확률 : 50.09%"
"[ 홍삼어매는 지금 생애 최초로 미국직구도 아닌 독일직구를 해야하나 심각한 고민에 빠져있습니다.. 흑 사실 이미 한번 살짝 도전해 보았다가 지레 겁먹고도망치듯 사이트를 빠져나왔다지요ㅋㅋㅋ 무튼 향후 유모차 구매하실 분들], 부정 텍스트 확률 : 65.00%"
"[ 홍삼이의 첫 카시트 포브 로티], 부정 텍스트 확률 : 53.29%"
"[회전형 카시트 리뷰가 궁금하신 분들은아래 링크를 클릭해 주세요], 부정 텍스트 확률 : 59.60%"
"[제 돈 주고 직접 사서 쓰는 후기입니다 ], 부정 텍스트 확률 : 95.03%"
"[ 지금 요 몇달동안계속 계속 윰차만 고민고민하고 있어요ㅜㅜ줄즈로 거의 확정할꺼같은데데이어스랑 콰드로대체 차이가 뭔가욥?사진이랑 설명이 똑같아서사용하시고 계신 선배맘들 사용후기부탁드려욥], 부정 텍스트 확률 : 99.58%"
"[ ..배송이 왓는데 상당히 아기자기함에 놀람.폴딩이 되면 작아진다더니 그래서 그런건가? 하는 생각을 .하게 만들던 크기.. ], 부정 텍스트 확률 : 50.40%"
"[ ...설명서가 나오는데.안봄.걍 쉬움 폴딩도 모든게.. ], 부정 텍스트 확률 : 93.73%"
"[ ..아기자기하죠ㅠ. ], 부정 텍스트 확률 : 54.98%"
"[ ..요로케 접어서 케이스에 담겨 와써요. ], 부정 텍스트 확률 : 74.17%"
"[ ..반으로 접힌걸 피니 짜잔.벌써 완성..ㅋㅋㅋㅋㅋㅋㅋㅋ.이맛에 휴대용 휴대용 하나봐요.. ], 부정 텍스트 확률 : 91.64%"
"[ ..미드나잇블루랑 뭐할까 너무 고민했는데.챠콜도 심플하니 이쁘긴한데 뒤늦게.미드나잇블루에 아쉬움이 남네 잉잉.. ], 부정 텍스트 확률 : 93.98%"
"[ .페달 누르면 고정.올리면 움직여용...방안에서살짝 시운전했는제.이 핸들링 무슨일.... ], 부정 텍스트 확률 : 85.72%"
"[ ..레인커버인지 방풍인지 기본으로 들어있우요. ], 부정 텍스트 확률 : 89.16%"
"[ ....저는 이렇게 방풍커버 사서 씌워서.강아지랑 산책하는데 얼마나 좋게뇨?..아기도 세상구경하느라 너무 좋아하고.전 한손으로 유모차 한손은 강아지 산책한답니다..세상 꿀 너무 좋아요..미마지기 유모차 적극 추천해요...❤️..이상 내돈주고 내가 사서 쓴 리뷰랍니다? ㅎ... .?미마미마 .?미마지기미마지기.?휴대용유모차추천휴대용유모차추천 . .?휴대용유모차미마휴대용유모차미마], 부정 텍스트 확률 : 90.24%"
"[디럭스는 신랑이 들어도 무거울 정도로 무게감이 있어 출산한지 얼마되지않은 엄마가 들고나르기에는 무리무리한 단점이 있다.그래도 힘 좋은 신랑이 있으니까😅😅😅물려받은 윰차를 잘 써보기로♡ ], 부정 텍스트 확률 : 87.21%"
"[ 물려받은 유모차는 줄즈 데이어스 디럭스.최근 줄즈 데이어스는 좀 더 톤다운된 색감이지만요건 년형 강렬한 레드 👍손잡이나 안전바가 가죽느낌으로 되어 있는데많이 닳아 벗겨져있어 수습할 방법을 찾다가 알게 된 .?유모차손잡이커버유모차손잡이커버 ], 부정 텍스트 확률 : 66.73%"
"[길이 등에 맞춰 제작되니원단 고르고 유모차종을 알려주면 끝. ], 부정 텍스트 확률 : 82.14%"
"[ 허미보낭커버 유모차보낭커버 유모차커버 바람막이 유모차방한방풍커버], 부정 텍스트 확률 : 89.60%"
"[ 허미퍼플호환페도라 키디 베이비조거 외다수 ], 부정 텍스트 확률 : 90.40%"
"[호환페도라 유모차보낭커버 허미보낭커버 키디 외다수 유모차방한방풍커버], 부정 텍스트 확률 : 89.60%"
"[바람막이 베이비조거 허미퍼플 유모차커버 ], 부정 텍스트 확률 : 90.40%"
"[ ▼ .리뷰 및 세부정보 열어보기▼후기.비 올때 분 외출했었는데...집에 와보니..아가 발이 다 젖었더라구요.. 방수가 잘 안되나봐요..후기.시티조거 둥이 유모차 사용중인데 자크가 고장나서 급하게 샀네요사이즈걱정했는데 조금 큰듯하지만 괜찮아요창도 넓어서 애기가 유모차안에서 구경 잘해요후기.줄즈윰차 방풍커버가 구하기어려웠는데 인터넷검색으로 허미가 끌렸네요 역시 직접받고설치하니 튼튼하고 제옷입은듯 질리지않는 퍼플색두 한몫하지만 시야창이 약간어두운게 전맘에쏙들었어요 햇빛으로 눈부심도적구후기.유모차에 장착하고 자크를 전체 다 닫고 이동시 유모차안 아기의 산소와 공기때문에투명비닐에 습기가 차요. 자크를 조금 열어놓고 이동했습니다. 그 부분이 좀 아쉽네요.후기.옆면이 살짝떠서 바람이들어올것같지만대체적으론 만족해요색상도 저희유모차랑 딱이고저는 커서 겉돌지않고 딱맞아서 좋아요상세정보 아래링크 참조 ], 부정 텍스트 확률 : 95.31%"
"[품명 및 모델명], 부정 텍스트 확률 : 53.29%"
"[상세페이지 별도표기], 부정 텍스트 확률 : 53.29%"
"[ 인증 필 유무], 부정 텍스트 확률 : 53.29%"
"[어린이제품안전특별법에 따른 인증 대상], 부정 텍스트 확률 : 88.47%"
"[상세페이지 별도표기], 부정 텍스트 확률 : 53.29%"
"[상세페이지 별도표기], 부정 텍스트 확률 : 53.29%"
"[상세페이지 별도표기], 부정 텍스트 확률 : 53.29%"
"[사용연령 또는 체중범위], 부정 텍스트 확률 : 53.29%"
"[어린이제품안전특별법에 따른 표시사항은 필수 표기], 부정 텍스트 확률 : 76.09%"
"[동일모델의 출시년월], 부정 텍스트 확률 : 65.67%"
"[상세페이지 별도표기], 부정 텍스트 확률 : 53.29%"
"[제조자수입자], 부정 텍스트 확률 : 61.97%"
"[병행수입의 경우 병행수입 여부로 대체가능], 부정 텍스트 확률 : 60.72%"
"[제조국], 부정 텍스트 확률 : 61.97%"
"[상세페이지 별도표기], 부정 텍스트 확률 : 53.29%"
"[취급방법 및 취급시 주의사항], 부정 텍스트 확률 : 53.29%"
"[안전표시], 부정 텍스트 확률 : 53.29%"
"[ 경고등], 부정 텍스트 확률 : 53.29%"
"[품질보증기준], 부정 텍스트 확률 : 53.29%"
"[제품 이상 시 공정거래위원회 고시 소비자분쟁해결기준에 의거 보상합니다.], 부정 텍스트 확률 : 72.48%"
"[ 색상허미퍼플호환페도라 키디 베이비조거 외다수 ], 부정 텍스트 확률 : 90.40%"
"[호환페도라 유모차보낭커버 허미보낭커버 키디 베이비조거 유모차방한방풍커버], 부정 텍스트 확률 : 89.60%"
"[ 지금 요 몇달동안계속 계속 윰차만 고민고민하고 있어요ㅜㅜ줄즈로 거의 확정할꺼같은데데이어스랑 콰드로대체 차이가 뭔가욥?사진이랑 설명이 똑같아서사용하시고 계신 선배맘들 사용후기부탁드려욥], 부정 텍스트 확률 : 99.58%"
"[ 상품정보 ..... ..?... 본문 이미지줄즈 유모차 가격내림만 ], 부정 텍스트 확률 : 88.55%"
"[원 선호거래지역 판매자 신뢰 별평가 점점], 부정 텍스트 확률 : 95.90%"
"[후기개연락처...? 연락처 확인하기 번개장터에도 판매중이니 번개장터로 연락주세요. ...? ... . ..... ..?... 본문 이미지 상세설명제품상태 중고줄즈 유모차입니다백화점에서 구입했습니다.유모차가 개라서 가까운 마트정도 태우고 다녀서 많이 사용을 안했습니다.튼튼하고 상태 좋습니다정품 모기장커버 . 컵홀더 . 유모차 시트 드려요자세한 문의는 언제든지 가능하니 번톡주세요 번개장터에도 판매중이니 번개장터로 연락주세요. ...? ... ..... ..?... 본문 이미지 ..... ..?... 본문 이미지 ..... ..?... 본문 이미지 ..... ..?... 본문 이미지 . ..... ..?... 본문 이미지], 부정 텍스트 확률 : 96.19%"
"[ 잠깐 쓰는 육아용품에 많은 돈을투자하고 싶지 않아서 가격대좋고안전하고 핸들링좋은 유모차를 찾다가 조금 생소한 브랜드줄즈를 알게되었어요 네덜란드 브랜드에 핸들링이좋다는 후기를 보고 롯데홈쇼핑에서바로 결제.....거의 부가부의가격으로 구매 ], 부정 텍스트 확률 : 78.35%"
"[올 겨울에 구매해서미리 조립해 집에 넣어두었음. ], 부정 텍스트 확률 : 90.54%"
"[레인커버 사은품 ], 부정 텍스트 확률 : 53.29%"
"[남편이 조립한다고 좀고생했어요ㅠ], 부정 텍스트 확률 : 73.36%"
"[유모차 뼈대 생성 ], 부정 텍스트 확률 : 74.36%"
"[거진 완성된 줄즈 유모차 ], 부정 텍스트 확률 : 57.83%"
"[밑에 있는 이 바구니줄즈 사용하면서 불편한점 중 하나가 이 바구니크기도 너무 작아서 장보거나할때 넣을 수가 없음.그래서 따로 손잡이 부분에 바구니걸이를악세사리로 따로 사야하더라구요. ], 부정 텍스트 확률 : 72.41%"
"[아이의 안전이 직결된 벨트는 단으로 쉽게 가능하고이 바는 한쪽만 올려서 사용할 수 있다. ], 부정 텍스트 확률 : 64.38%"
"[발 밭침대는 더 길게 뺄 수도 있고조절이 가능해요. ], 부정 텍스트 확률 : 80.31%"
"[줄즈 유모차 폴딩할때는아이가 밖을보는 쪽으로해놔야 폴딩이 가능해요.이제 줄즈 데이 콰드로 디럭스 유모차사용방법 동영상으로 보세요. ], 부정 텍스트 확률 : 92.94%"
"[유모차 본체 분리방법은버튼을 양쪽으로 눌러 빼내는데 저 부분이 살짝뻑뻑하고 본체가 조금무거운편이라 저는 조금 힘들더라구요. ], 부정 텍스트 확률 : 55.87%"
"[줄즈 유모차 끌고 참 많이도돌아다님..... ], 부정 텍스트 확률 : 83.37%"
"[ 줄즈 유모차 약 개월 끌고다니면서크게 불편한점은 줄즈 악세사리.이 부분은 다른 사람들도 계속얘기하는 부분인데], 부정 텍스트 확률 : 94.94%"
"[악세사리 수입이 제대로 안되는지중고나라 뒤지고], 부정 텍스트 확률 : 73.97%"
"[직구를 하고이런저런 방법으로 어렵게구하고 있더라구요.저도 이제 날이 너무 더워져서썬후드를 달고싶어서 검색해보니다행이도 쁘레베베샵에서 판매를 하고 있었어요.그치만 악세사리가 너무 비싸긴비싸네요......ㅜ ], 부정 텍스트 확률 : 99.45%"
"[줄즈 데이 콰드로 디럭스 유모차그래도 동네에서 끌기에 괜찮은 유모차 같아요.바퀴가 커서 턱 넘을때도안정적이고 디자인도 심플가격대도 이만하면 적당한것같고요], 부정 텍스트 확률 : 60.12%"
"[ 다음엔 휴대용유모차를 폭풍검색해서 구매할차례네요.], 부정 텍스트 확률 : 83.23%"
"[ 줄즈 디럭스 유모차 사용 방법및 사용 후기 ], 부정 텍스트 확률 : 80.57%"
"[디럭스 유모차보다는 절충형을 많이 사용하긴 했는데 아기가 어릴 땐 디럭스 유모차가 좋긴 좋아요. ], 부정 텍스트 확률 : 52.24%"
"[줄즈 디럭스 유모차는 등받이가 거의 도 눞혀지므로 침대처럼 활용가능하고], 부정 텍스트 확률 : 88.40%"
"[수동이긴 하지만 양대면면까지 가능하답니다. ], 부정 텍스트 확률 : 67.02%"
"[손잡이 조절방법 ], 부정 텍스트 확률 : 53.29%"
"[손잡이를 내려주면 조절이 가능해요. ], 부정 텍스트 확률 : 71.70%"
"[유모차 분리 및 폴딩 방법 ], 부정 텍스트 확률 : 53.29%"
"[차량이면 그대로 접어도 되지만 트렁크가 작은 승용차라면 몸체를 분리해야 합니다.사진에 보이는 부분을 누르고 위로 몸체를 들어주면 끝. ], 부정 텍스트 확률 : 74.48%"
"[유모차 구동축 가운데 있는 검은색 버튼을 발로 눌러주세요브레이크임 ], 부정 텍스트 확률 : 82.06%"
"[앞바퀴는 사진에 보이는 부분을 아래로 눌러주면 바퀴 회전이 안되게 고정이되고 위로 올려주면 바퀴 회전 가능 ], 부정 텍스트 확률 : 65.27%"
"[도 눞히는 방법 및 양대면 변경 ], 부정 텍스트 확률 : 72.78%"
"[사진에 보이는 버튼을 눌러주면 각도 조절이 가능해요.아기가 잠들면 눞혀주시면 좋겠죠. ], 부정 텍스트 확률 : 73.04%"
"[줄즈 디럭스형 유모차 단점 ], 부정 텍스트 확률 : 80.57%"
"[ 줄즈 유모차줄즈 데이 콰드로 썬후드], 부정 텍스트 확률 : 82.29%"
"[줄즈 유모차 블루썬후드 직구], 부정 텍스트 확률 : 82.74%"
"[장착 ], 부정 텍스트 확률 : 53.29%"
"[출산 전 구입했던], 부정 텍스트 확률 : 56.33%"
"[줄즈 데이 콰드로], 부정 텍스트 확률 : 75.11%"
"[디럭스 유모차인데], 부정 텍스트 확률 : 54.85%"
"[악세사리 구하기 너무 힘들], 부정 텍스트 확률 : 51.95%"
"[구입당시에도 썬후드는 국내에서도 품절이였는데], 부정 텍스트 확률 : 86.04%"
"[여름이되도록 입고가 안됨...], 부정 텍스트 확률 : 86.45%"
"[결국 네덜란드 직구 했어요], 부정 텍스트 확률 : 62.84%"
"[배송기간은 해외배송이라 ], 부정 텍스트 확률 : 61.54%"
"[거의 한달만에 받은 듯 ], 부정 텍스트 확률 : 69.86%"
"[줄즈 콰드로 전용 썬후드], 부정 텍스트 확률 : 81.03%"
"[지오어스는 또 따로 있더라구요], 부정 텍스트 확률 : 53.52%"
"[썬후드는 똑딱이 단추형], 부정 텍스트 확률 : 87.39%"
"[분리하기도 간편], 부정 텍스트 확률 : 66.90%"
"[썬후드엔 모기장이 같이 연결되는데], 부정 텍스트 확률 : 73.29%"
"[사용안할땐 돌돌말아 ], 부정 텍스트 확률 : 57.74%"
"[썬후드 안으로 넣어주면 되구요], 부정 텍스트 확률 : 96.88%"
"[ 확실히 썬후드 장착하니햇빛 차단이 완벽히 되는건 아니지만하고 안하고 차이는 확실히 큼 ], 부정 텍스트 확률 : 50.73%"
"[장착한 모습저는 줄즈 데이 콰드로 유모차 블루색상인데], 부정 텍스트 확률 : 62.27%"
"[모기장 따로 구입 안해도같이 있어 편하긴 한데], 부정 텍스트 확률 : 60.81%"
"[ 줄즈 유모차 줄즈 데이 어스유모차바퀴커버 서유님 후기 ], 부정 텍스트 확률 : 79.29%"
"[전동차], 부정 텍스트 확률 : 53.29%"
"[자전거], 부정 텍스트 확률 : 53.29%"
"[퀵보드 등바퀴사이즈둘레 알려주시면 제작 가능하니문의주세요 ], 부정 텍스트 확률 : 78.78%"
"[원단은 방수와 면으로 준비되어 있고여러가지 디자인이 있으니궁금하시면 아래 오픈톡으로 문의주세요방수는 세탁이 거의 필요 없고이물이 묻으면 물티슈로 세척이 가능한 장점반면에 휠에 닿는 소리가 사라락나는 단점면은 소리가 조용한 장점반면 먼지가 방수보다 더 잘 묻고손세탁을 해야한다는 단점위 내용 참고하시고용도에 맞게 유모차바퀴커버 원단 선택하시면 된답니다 ], 부정 텍스트 확률 : 89.17%"
"[줄즈 유모차 바퀴커버바퀴 사이즈에 딱 맞게 로 제작하고 있으니걱정말고 문의주세요시중에 판매되는 저렴?한 유모차바퀴커버는호환용으로 제작하기 때문에클수도 작을수도있나봐요제가 직접 사서 사용하진 않았지만제작 문의 주시는 많은 분들이말씀해주시더라고요구매했는데 작더라크더라..그래서 재주문한다고요..신중하게 생각하시고 구매하시길 바랍니다감사합니다오픈톡이 안되시면블로그 프로필 하단에 전화번호], 부정 텍스트 확률 : 72.63%"
"[오늘 세탁후기로 소개해드릴 유모차는 ], 부정 텍스트 확률 : 51.07%"
"[네덜란드의 프리미엄 명품 브랜드 줄즈 입니다.줄즈 데이어스], 부정 텍스트 확률 : 73.12%"
"[줄즈 콰드로], 부정 텍스트 확률 : 75.11%"
"[줄즈 지오어스], 부정 텍스트 확률 : 80.57%"
"[ 줄즈 스튜디오 느와르], 부정 텍스트 확률 : 80.57%"
"[등 다양한 유모차를 선보여 왔습니다.는 처음부터 ], 부정 텍스트 확률 : 53.95%"
"[공기 주입식 타이어로써], 부정 텍스트 확률 : 73.80%"
"[ 광폭 타이어지름], 부정 텍스트 확률 : 53.29%"
"[폭 .이며 자갈], 부정 텍스트 확률 : 62.92%"
"[모래등 거친 노면에서도 당연히 부드럽고], 부정 텍스트 확률 : 83.14%"
"[편안한 승차감을 제공합니다. ], 부정 텍스트 확률 : 67.57%"
"[하나의 프레임으로 두개의 시트 역할을 ], 부정 텍스트 확률 : 87.17%"
"[어디 그뿐인가요.외출시 공원], 부정 텍스트 확률 : 80.99%"
"[레스토랑], 부정 텍스트 확률 : 53.29%"
"[미술관], 부정 텍스트 확률 : 53.29%"
"[전시장], 부정 텍스트 확률 : 53.29%"
"[식당 및 카페에서도 유아용 식탁의 없이 유모차에 ], 부정 텍스트 확률 : 91.72%"
"[승차하여 식사 할 수 있다는 점가격이 비싸는 것이 단점이라면 단점?이랄까요?하지만 나를 돋보이게 하는 유모차인만큼], 부정 텍스트 확률 : 86.63%"
"[관리와 세척에도 신경쓰셔야], 부정 텍스트 확률 : 54.76%"
"[변함없는 우아함을 느끼고 싶으시다면 ], 부정 텍스트 확률 : 63.37%"
"[친환경 항균세탁 전문업체 ], 부정 텍스트 확률 : 53.29%"
"[워싱고릴라 부천.인천점으로바로연락주세요.언제나 최고의 유모차처럼세탁.세척하여 끝까지 ], 부정 텍스트 확률 : 74.26%"
"[ 신화님 줄즈 데이어스 유모차 손잡이커버 후기 ], 부정 텍스트 확률 : 63.41%"
"[주문방법 및 가격이 궁금하신분은아래 링크 참고 부탁드려요], 부정 텍스트 확률 : 91.66%"
"[블로그메뉴 ..주문방법], 부정 텍스트 확률 : 57.07%"
"[ 가격표 및 배송안내], 부정 텍스트 확률 : 53.29%"
"[클릭 .... ], 부정 텍스트 확률 : 70.23%"
"[국민유모차 구입기 스토케트레일즈 노르딕블루 오프로드휠], 부정 텍스트 확률 : 90.78%"
"[스토케 트레일즈 ], 부정 텍스트 확률 : 53.29%"
"[어찌되었든디자인때문에 간택된스토케트레일즈 노르딕 블루한정판... 그 타이틀만 아니었어도초이스는 달랐겠지만제 맘을 홀린 .?노르딕블루노르딕블루 컬러 ], 부정 텍스트 확률 : 78.89%"
"[설명서 보고 조립하는건정말 너무 쉬웠어요딸깍 소리에 어찌나희열을 느끼던지 ], 부정 텍스트 확률 : 62.70%"
"[ 유모차 오르빗구매 후기 ], 부정 텍스트 확률 : 53.29%"
"[결혼 준비를 하면서 내가 모은 정보들을 정리해서 블로그에 올리려고 했건만...역시 너무 귀찮아서 아무것도 하지 못했다.. ㅋㅋㅋㅋ 부끄럽구만..볼 사람이 많이 없긴 하지만 그래도 결혼의 결과만 나열해보자면], 부정 텍스트 확률 : 67.28%"
"[ 년 월에 결혼하여 년 건강한 아들이 생겼고], 부정 텍스트 확률 : 78.78%"
"[이렇다할 큰 사건이나 추억?은 없지만], 부정 텍스트 확률 : 82.58%"
"[사소한 일상의 기억들이 새록새록 떠오른다.이런 목적으로 만든 내 일기장], 부정 텍스트 확률 : 71.03%"
"[나의 첫 블로그이니 당연한 거겠지아... 나 빨리 후기 써야하는데.. 이런 얘기 할 시간이 없다.와이프와 함께 이런 저런 유아용품을 슬슬 알아보기 시작했는데], 부정 텍스트 확률 : 53.55%"
"[뭐가 좋은건지], 부정 텍스트 확률 : 70.97%"
"[뭐가 평범하고 뭐가 특출난건지 전혀 정보가 없고], 부정 텍스트 확률 : 98.11%"
"[ 유모차는 일단 국산외산으로 나뉘고], 부정 텍스트 확률 : 65.48%"
"[ 가격대는 새 상품 기준으로 평범한 모델은 만원 정도이고], 부정 텍스트 확률 : 88.60%"
"[아이를 유모차에서 빼서 유모차 시트를 분리 후 다시 꽂는 게 아니라], 부정 텍스트 확률 : 90.97%"
"[ 아이가 있는 상태에서 도 어느 방향이나 각도로 회전이 가능하다는 것이다.처음엔 이게 무슨 대수라고.. 라는 생각으로 오르빗보다는 더 많은 사람들이 사용하는 스토케에 관심이 있었는데], 부정 텍스트 확률 : 93.01%"
"[전시회를 가거나년에 한 번 갈까 말까이지만 아쿠아리움을 갔을 때], 부정 텍스트 확률 : 73.68%"
"[ 유모차가 도 회전이 안되면 엄마아빠가 유모차를 직진으로 몰고갈 때 아이는 고개를 도로 젖혀서 아쿠아리움을 구경해야한다.하지만 오르빗은 도 회전이 가능하기에 아이가 정면으로 보고 옆으로 꽃게처럼 유모차가 진행되는 것이다이번 달에 세텍에서 유아용품 박람회에서 여러 제품의 유모차를 직접 다뤄보았고], 부정 텍스트 확률 : 96.80%"
"[ 스토케와 줄즈도 직접 움직여봤는데], 부정 텍스트 확률 : 51.60%"
"[모두 다 좋은 제품이었지만오르빗은 회전이 가능하면서도 흔들림이 가장 적어 튼튼해 보였다.그리고 디자인도.... 딱 봐도 고급스러운 것이 아주 내 스타일이었다 그리하여 유모차는 오르빗으로 결정하기로 하였는데.....하필 오르빗의 최상급 상품인 고소영이 사용한 모델를 놔두고 년 말에 상위 제품인 가 출시가 되었다....여기서부터 고민 시작.....를 중고로 사면 정가는 정도이나정확하진 않음 중고로는 이면 구매할 수 있다.그런데 는 당연히 출시된지 한 달밖에 되지 않아서 중고는 없고], 부정 텍스트 확률 : 99.62%"
"[정가는 만원에 육박한다 ㅠ.ㅠ그런데 하이베베 청담점에 갔더니 출시 프로모션으로 만원으로 할인 판매하고 있는 것이 아닌가 ?거기에 여러가지 사은품도 주는데아래 사진 참고], 부정 텍스트 확률 : 87.40%"
"[이걸 합하면 대략 만원은 되어보인다. ], 부정 텍스트 확률 : 79.35%"
"[그 이전 모델이 중고가 만원이다?그럼 를 새로 구매해도 괜찮겠다는 결론이 내려졌다참고로 오르빗은 년에 한 번씩 신제품을 출시한다고 하니], 부정 텍스트 확률 : 92.01%"
"[혹시 중고로 판매하더라도 중고가 방어는 좋을 것이고무엇보다 디자인이..... 넘사벽 너무 고급스럽고 이뻤다.....그렇게 우리는 홀린듯이 아직 아꿀이태명가 태어나기까지 개월이나 남았지만 그 자리에서 구매를 해버린다...여기까지가 오르빗의 결정 이유 및 과정이고], 부정 텍스트 확률 : 76.89%"
"[저렇게 크게 두 박스로 나눠서 배달이 된다. ], 부정 텍스트 확률 : 67.44%"
"[상품은 이렇게 크게 두 가지로], 부정 텍스트 확률 : 55.00%"
"[자세한 것은 그것을 참고하시고....난 완성샷만 올린다.. ㅋㅋㅋ ], 부정 텍스트 확률 : 88.78%"
"[짠 완성매장에서 봤을 때 가장 고급스럽고 때도 잘 안 탈것 같은], 부정 텍스트 확률 : 53.20%"
"[장소가 협소하여 저렇게밖에 못 찍었다 ㅠㅠ ], 부정 텍스트 확률 : 91.37%"
"[매장에서도 사용해봤고], 부정 텍스트 확률 : 77.42%"
"[집에서도 사용해봤지만], 부정 텍스트 확률 : 88.09%"
"[유모차를 샀으니 이제는 차도 세단에서 로 바꿔야할 것 같다....그래서 오늘부터 난 에 빠져 알아보기 시작한다......기왕이면 아꿀이도 외산을 쓰는데 나도............ ], 부정 텍스트 확률 : 63.10%"
"[ 유모차 비교분석 디럭스형와 절충형 그리고 휴대용 유모차 사용후기 ], 부정 텍스트 확률 : 75.07%"
"[오 폼좀 나는데? ], 부정 텍스트 확률 : 76.20%"
"[ 줄즈 데이 콰드로 디럭스유모차블루 개봉조립 후기 ], 부정 텍스트 확률 : 85.10%"
"[줄즈 콰드로 디럭스유모차블루 개봉 조립기 ], 부정 텍스트 확률 : 93.67%"
"[시트는 지퍼로 연결하는 스타일이네요나중에 풀어서 집에서도 세탁가능하겠다네요나 시키지만 말아라ㅋㅋㅋ ], 부정 텍스트 확률 : 83.87%"
"[그리고 안전바는 한쪽을 빼면 이렇게 직각으로 열리네요완전 분리가능하구요ㅋ .?줄즈줄즈.?줄즈유모차줄즈유모차.?줄즈콰드로줄즈콰드로.?디럭스유모차디럭스유모차], 부정 텍스트 확률 : 67.22%"
"[ 솔직후기와이업러블리유모차기내용유모차초경량유모차 ], 부정 텍스트 확률 : 80.88%"
"[이틀만에 빠른배송 ], 부정 텍스트 확률 : 53.29%"
"[조립할것 없이 요래 접어서 왔다바퀴만 끼워 넣으면 끝 ], 부정 텍스트 확률 : 98.81%"
"[색상은 그레이 로 선택 ], 부정 텍스트 확률 : 65.31%"
"[밑에 장바구니도 넉넉 ], 부정 텍스트 확률 : 61.31%"
"[등받이 조절도 쉽다 ], 부정 텍스트 확률 : 77.78%"
"[조금 특이한점은 등받이 조절하는것이 특이조 끝으로 조절을 하는데 요건 조금 더 지켜봐야할듯 튼튼할려나..?? ], 부정 텍스트 확률 : 68.03%"
"[조립후 간단히아직 우리동네는 춥기에 다낭가서 태우고현재는 추워서 방한커버 씌우고 줄즈유모차로 마실 나가는중 ], 부정 텍스트 확률 : 92.05%"
"[사흘뒤에 다낭에서 태워보고 솔직한 후기 남기겠어용 ], 부정 텍스트 확률 : 66.27%"
"[ 타보 휴대용 유모차장단점내돈내고 구입한 후기 ], 부정 텍스트 확률 : 96.31%"
"[모치가 개월.이제 휴대용유모차가 절실하다.임산부때 산모교실 경품당첨되었던 초경량 몽트뢰 카멜레온 유모차가 있었는데 잠시 소개하자면. .딱주 호주다녀올때 쓰고 생을 거의 다한느낌ㅋㅋ 주만에 년쓴거처럼 되었다ㅋㅋ물론 매일 종일끌고다녔었다그이후 휴대용이라는 장점덕에 몇번썼는데 바퀴는 삐걱소리나고 의자한쪽시트 거의찢어지고 여기저기 부서지고 난리난리.그리고 등받침이 거의 안눕혀져서 잘때 불편해하는게 눈에 보였다. 어떤날은 안전바에 기대서 자고있었으니. .그럼에도 호주에서 그 가격이상 뽕뺐다고 생각한다.여튼 앞으로를위한 휴대용유모차 구입을 위해 고민고민하다 선택한 타보유모차.우선 후보에 있었던건 요요 요야 콤비플러스.휴대용갑이라 불리는 요요는 그만큼 고가. 만원대.요요의 단점까지 커버했다는 중국판요야. 만원초반요야가 더 좋다는 후기가 많아 알아봤으나 어쩔수없는 중국산이라 외형만 같고 부실하다고 한다. 그래서 패스.콤비플러스도 인기품. 허나 핸들링이 안좋다고 해서 패스.그러던중 알게된 타보유모차.처음들어봤지만 최근들어 뜨고있는듯 하다. 핸들링이 좋고 한손폴딩가능하고 요요처럼 사각으로 접혀 대중교통 이동가능하단 얘기에 혹해서 주문하였다. 그리고 만원 후반이라는 합리적인 가격까지. ], 부정 텍스트 확률 : 97.93%"
"[사은품으로 선택한 발보낭.이름이 괜히 발보낭이 아니구나ㅋㅋ줄즈유모차에서 쓰던 겨울용 털가득 커버이름이생각안남생각하다 받아서인지 약간은실망ㅋ 발만따뜻하게ㅋㅋ ], 부정 텍스트 확률 : 99.35%"
"[절충형과 휴대용의 중간느낌.장단점 정리.장점..핸들링이 많이좋다.디럭스 줄즈사용하는데 불변함없다.. 한손폴딩가능. 사각형으로 폴딩. 힘안들이고 넘쉽다..안전바. 키로대 무게라서 안정감있다.. 시트좌석이 넓다. 등받이 각도가 많이 눕혀진다.. 핸들의 높이가 높다키큰사람에게 장점. 유모차 차체가 두껍고 튼튼하다.. 예쁘다단점. 키로대의 무게. . . 묵직하다ㅋㅋㅋ폴딩이 쉽고 작은건 좋으나 과연 대중교통이용 가능할지는 의문. 키로아기안고 짐가방메고 키로짜리 유모차까지들고ㅋㅋㅋㅋ하지만 자동차로 이동하는경우엔 문제가 안될듯. 개월 아가에겐 다리가 붕뜬다. 발이 닿으려면 제법 많이 커야할듯. 이건 미쳐 몰랐던부분. 손잡이를 눕혀서 발받침처럼 쓸수도있는데 그렇게되면 안전바가 없으니 불안하고. .. 등받이 조절을 안전벨트같은 끈으로 조절 해야한다.. 사각으로 접혀 트렁크 공간활용엔 좋으나 부피가 제법있다. 같은부피의 직사각이냐 정사각이냐 차이인듯타보유모차 접는법과 펼치는법. ..? . ], 부정 텍스트 확률 : 99.27%"
"[ 디럭스유모차 줄즈데이스튜디오 후기 ], 부정 텍스트 확률 : 80.57%"
"[ ㅋㅋㅋ줄즈는 시트를 빼지 않고 폴딩도 되서 편하고 마주보기도 시트만 돌려서 꽂으면 되니아주 굿 ], 부정 텍스트 확률 : 53.99%"
"[폴딩하면 트렁크에도 넉넉하게 안쪽에 들어 간다], 부정 텍스트 확률 : 55.85%"
"[유모차 나들이 첫날 폴딩 하는법 몰라서 완전 개그찍었는데], 부정 텍스트 확률 : 93.82%"
"[날씨가 살짝 더워 시원하라고 살짝 열어주기도 했당], 부정 텍스트 확률 : 73.57%"
"[눕혀 놓는걸 싫어 해서 중고로 구입한 요람은 사용도 못하고], 부정 텍스트 확률 : 88.24%"
"[집에서도 유모차에 태워서 적응 시키며 놀아 주고 있음 바퀴커버는 임신 했을때 직접 만들었는데 작은 바퀴커버는 망했음 ㅋㅋㅋㅋ 밀면 자꾸 벗겨져 ㅠㅠ ], 부정 텍스트 확률 : 52.82%"
"[ 육아정보 줄즈 유모차 바퀴 수리 후기 공기압타이어수리 ], 부정 텍스트 확률 : 80.57%"
"[고치기 전 타이어 상태공기주입부분이 안으로 말려들어가 있어요 ], 부정 텍스트 확률 : 54.06%"
"[이렇게 ], 부정 텍스트 확률 : 73.84%"
"[새 이너튜브 ], 부정 텍스트 확률 : 64.91%"
"[집 근처 자전거포에 가서 공임비를 드리고이너튜브를 교체했어요 ], 부정 텍스트 확률 : 51.15%"
"[튜브 넣는 모습 ], 부정 텍스트 확률 : 90.40%"
"[누적된 고객층의 애프터서비스까지도 능숙신 베테랑분들이 운영을 오래 하시게 되잖아요그러니 본인들 전문이 아닌 유모차의 바퀴도 당연히 선뜻 해 주시는 것이 아닐까요 같은 동네 주민이자 미래의 고객층이니까요 ㅎ사장님께서 유모차만 고치러 오지말고 나중에 애기 자전거로 사러와요 하시는데 아 동네에서 자전거를 사면 수리를 받거나], 부정 텍스트 확률 : 52.65%"
"[부품을 교체하거나 하는 일이 어려움없겠구나 싶었어요 아기를 키우며 이런 당연한 상식을 또 하나 알아가네요저처럼 공기압타이어 유모차 쓰시는 특히 지방이라 유모차 가 번거로우신 분들 혼자 끙끙 앓지 마시고 일단 동네 자전거 가게에 들려보세요마트나 번화가의 판매위주가 아닌동네의 오래된 자전거포에요 생각지도 못하게 의외로 싼 가격에 금방 고쳐진답니다저의 경우 이너튜브 구매에 원 공임비 원 총 원 들었고튜브 기다리는데 일주일 정도 걸렸어요아자전거방 사장님께서 주부 주부 해도 당황하지 마세요. 튜브를 쥬브주브주부 라고 발음하십니다ㅎㅎ ], 부정 텍스트 확률 : 76.44%"
"[ 프리미엄 유모차커버 줄즈 지오어스], 부정 텍스트 확률 : 80.57%"
"[맘노코 날아라 우주선 유모차 착용사진 및 후기 ], 부정 텍스트 확률 : 53.29%"
"[맘노코 줄즈 지오어스 유모차 ], 부정 텍스트 확률 : 80.57%"
"[ 잉글레시나랑 줄즈를 생각 중이라고그래서그냥 그 두개 중 하나로고르면 된다고. 둘 다 인기 많다고 했지요 ㅋㅋㅋ ㅋㅋ줄즈 유모차도 부가부와 마찬가지로네덜란드 유모차 브랜드 인데], 부정 텍스트 확률 : 80.79%"
"[ 점점 인기가 많아지고 있는 것 같아요 그래서], 부정 텍스트 확률 : 80.31%"
"[오늘은 줄즈의 디럭스인 줄즈 지오 어스], 부정 텍스트 확률 : 50.78%"
"[ 겨울에 나갈 때 아무래도 걱정되니까요람유모차 커버 조합은 필수 자 드디어 공개합니다 요람 유모차날아라 우주선 커버 ], 부정 텍스트 확률 : 66.90%"
"[먼저 옆모습 대공개 써니는 옆모습을 좋아해요어때요? 요람형 유모차 전용 커버 인가?싶을 만큼 딱. 예쁘게. 맞지요?헤헷 맘노코팀도 직접 착용해보고너무 예쁘게 맞아서 놀랐다며], 부정 텍스트 확률 : 99.97%"
"[초록색 필름은 시력보호창 필름으로 ], 부정 텍스트 확률 : 60.86%"
"[시력보호창 앞뒤에서 떼어내시면 투명창 등장 ], 부정 텍스트 확률 : 72.40%"
"[ 이번에는 살짝 다른 각도에서], 부정 텍스트 확률 : 52.59%"
"[ 사진을 촬영해보았어요 ], 부정 텍스트 확률 : 63.70%"
"[ 맘노코팀은 육아맘], 부정 텍스트 확률 : 76.51%"
"[육아대디님들의], 부정 텍스트 확률 : 72.19%"
"[ 전부 무.보.정 사진을 사용하고 있습니다], 부정 텍스트 확률 : 59.94%"
"[ 정성껏 제작하였으니 퀄리티 걱정은 마세요], 부정 텍스트 확률 : 80.05%"
"[ 디테일까지 꼼꼼하게 살펴보신 후에], 부정 텍스트 확률 : 50.30%"
"[ 신중한 구매 부탁드려요], 부정 텍스트 확률 : 53.29%"
"[답답함 없는 유모차 커버 ], 부정 텍스트 확률 : 96.26%"
"[초록색 시력보호창을 뗀 후에맑고 투명한 창이 드러나면 훨씬 예뻐요 ], 부정 텍스트 확률 : 64.51%"
"[뽀너스], 부정 텍스트 확률 : 53.29%"
"[헤헷. 어떠셨나요 요람형 유모차], 부정 텍스트 확률 : 56.91%"
"[육아대디님들 잘 보셨나요?혹은], 부정 텍스트 확률 : 66.50%"
"[구매를 원하시는 분들은 아래로 뿅뿅 ], 부정 텍스트 확률 : 62.84%"
"[ 신세계 강남점 절충형 유모차 부가부 비유모차 조립 서비스 및 폴딩 하는 법 배우기 줄즈 디럭스 유모차 ], 부정 텍스트 확률 : 81.40%"
"[스토케 기저귀 교환대], 부정 텍스트 확률 : 55.40%"
"[리엔더 침대], 부정 텍스트 확률 : 52.58%"
"[스트레스리스 안락의자는 중고로 득템했어요리엔더 침대를 물려준 지인이 덤으로 줄즈 디럭스 유모차를 줘서디럭스 유모차 고민도 끝.. .. ], 부정 텍스트 확률 : 72.51%"
"[엄마 혼자 접었다 폈다 하고 차에 싣고 내리기 편하고디럭스 유모차보다는 가볍고 휴대용보다는 견고한절충형 유모차를 찾았는데고민 해결 바로], 부정 텍스트 확률 : 78.05%"
"[ 부가부 비 ], 부정 텍스트 확률 : 76.84%"
"[부가부 유모차의 장점 중 하나는 엄마의 취향에 맞게 디테일한 옵션을 고르는 재미가 있다는 것온라인으로 만들어서 느낌을 볼 수 있어요], 부정 텍스트 확률 : 92.48%"
"[ ..? ..? 뭔가 사파리 차 같은 느낌으로 만들고 싶었어요훗 완성], 부정 텍스트 확률 : 86.62%"
"[높이 조절이 가능한 핸들바 사용하기핸들 레버 및 높이를 조정하는 것도흰색 버튼을 이용해서], 부정 텍스트 확률 : 75.24%"
"[ 양방향 시트시트 뒤 넓은 흰색 레버를 이용해서정면 보기 후면 보기 조정하면 되고요], 부정 텍스트 확률 : 91.27%"
"[일체형으로 접히는 구조분리할 필요 없이 접혀진대 유모차는 옆으로 한 손으로 번쩍 이동시키기 편해요], 부정 텍스트 확률 : 93.80%"
"[높이 조절이 가능한 등받이최대한 눕힌 각도는 이 정도?신생아를 위해누운 각도로 조절한 시트에 부가부 비 베이비 코쿤이나 배시넷은 별도로 팔아요저흰 신생아 시절에는 디럭스 유모차와 아기띠로 이동시킬 생각에 따로 구매하지 않았어요등받이와 안전벨트 조정하는 법도 배우고요], 부정 텍스트 확률 : 96.25%"
"[유모차 접고 펴기는 부가부 웹사이트에도 잘 나와있어요], 부정 텍스트 확률 : 55.92%"
"[ .. ..이제 연습시간유모차를 끌고 연습해보는 시간 부드러운 드라이빙 후 능숙하게 접어서 차에 실은신랑좋은 예비 아빠], 부정 텍스트 확률 : 93.57%"
"[유아때까지 반짝이가 오래오래 타길 바라며 구입한부가부 비], 부정 텍스트 확률 : 55.08%"
"[ 부가부 코리아를 통해 구입한 스트롤러 경우년 워런티품질보증기간홈페이지에서 등록하면 끝 신세계 강남점 구매 사은품 선물은 오가닉 침받이 선물로 받았어요], 부정 텍스트 확률 : 89.10%"
"[세월의 흔적 때문에큼직한 타이어 바퀴가 바람이 빠지고 힘이 없어서새 바퀴로 교체하려고 줄즈 를 찾다가 네이버 검색을 통해 알게 된 아래 연락처예요. 줄즈 유모차바퀴 수리경기도 용인시 수지구 죽전동 번지층 벨로 파크 내 유모차 수리 담당자 ], 부정 텍스트 확률 : 64.12%"
"[ 문의전화], 부정 텍스트 확률 : 53.29%"
"[줄즈 유모차 접고 펴는 법은 유튜브로 배웠는데원리는 비슷한 것 같아요시트 분리 없이 접을 수 있어서 간단한 편인 것 같아요], 부정 텍스트 확률 : 84.05%"
"[은근히 고민 많이 하고 고른유모차 구매후기 였어요], 부정 텍스트 확률 : 72.41%"
"[ 줄즈유모차 콰드로디럭스 느와르 조립 및 느낀점 ], 부정 텍스트 확률 : 61.82%"
"[안녕하세용 좋은아침이에용구입한 줄즈유모차콰드로 드디어 도착했어요얼마전에 친정엄마 드리려고얼음틀 주문한게 있었거든용 ㅋㅋㅋㅋ얼음틀 택배왔다는 카톡을 받고딱 열었더니 으잉?? 요것은?용뽁이 차 ㅋㅋㅋㅋㅋㅋㅋ넘나 신나서 사진찍어뒀답니당.ㅋㅋㅋ ], 부정 텍스트 확률 : 73.92%"
"[줄즈콰드로유모차 위에 작은 얼음틀 택배 ㅋㅋㅋㅋ넘나작다 귀요미 ㅋㅋㅋㅋㅋ바로 남편한테 얘기해서 집안으로조립 들어갑니당박신랑 주위에 유부남형들이 유모차 조립 못하면 남자도 아니랬다며...긴장을 하더라구용...ㅋㅋㅋ ], 부정 텍스트 확률 : 98.74%"
"[포장과 비닐을 제거했어요이제 조립을 시작해볼까요? ], 부정 텍스트 확률 : 56.62%"
"[큰바퀴 작은바퀴먼저 조립합니당ㅋㅋㅋㅋㅋ쉬...쉽네 ], 부정 텍스트 확률 : 65.38%"
"[요기에 바구니?를 달아주면 끄읏이더라구용 ], 부정 텍스트 확률 : 80.11%"
"[시트를 연결해주고 그위에 가림막도 연결합니다이제슬슬 정체를 드러내기 시작했어용 ], 부정 텍스트 확률 : 77.36%"
"[ 구.매.확.정 ], 부정 텍스트 확률 : 61.74%"
"[방풍커버 씌운모습과햇빛가림막 씌운모습이에용 ㅋㅋㅋㅋㅋ바퀴바람넣는 펌프랑 방풍커버만 받았어요 ], 부정 텍스트 확률 : 96.68%"
"[ 줄즈유모차 단점우리나라 유모차처럼 자외선차단막으로안되어있고], 부정 텍스트 확률 : 94.63%"
"[ 줄즈 데이어스 사용후기 ], 부정 텍스트 확률 : 80.57%"
"[ 유모차줄즈지오어스 ], 부정 텍스트 확률 : 80.57%"
"[ 줄즈 후기 핑크토끼], 부정 텍스트 확률 : 80.57%"
"[북유럽트라이앵글 ], 부정 텍스트 확률 : 53.29%"
"[ 유모차 비교 휴대형절충형디럭스 미고미니], 부정 텍스트 확률 : 83.74%"
"[ 토로], 부정 텍스트 확률 : 53.29%"
"[ 줄즈], 부정 텍스트 확률 : 80.57%"
"[디럭스줄즈 데이어스 달콩이 출산전에 베이비페어에서 구매 태어나서 바로 쓸수 있도록 디럭스 형으로 구매 휴대형미고 미니 디럭스가 생각보다 무거워서 가지고 다니지 않게 되고 달콩이가 일단 유모차 거부가 심해서 가지고 다니기 쉬운 휴대형을 구매 절충형 마이크로라이트 토로 휴대형은 너무나 핸들링이 좋지않아 타지 않고 방치하던중 절충형을 이벤트 상품으로 받게됨 요즘 주로 쓰는 유모차], 부정 텍스트 확률 : 91.97%"
"[유모차 폴딩], 부정 텍스트 확률 : 53.29%"
"[디럭스 한손폴딩을 안됨 분명 파는 분은 능숙하셔서 되게 편해보여서 저도 몇번 연습하면 되겠지 했는데 여전히 버벅거리는건 제가 연습 부족인건지 폴딩이 어려운건지 ...물론 디럭스마다 폴딩법이 쉽고 어렵고가 다르겠지만 저는 디럭스 폴딩이 너무 어려웠답니다 ㅜㅜ그래서 구입한게 한손 폴딩이 되는 휴대형을 구입했죠확실히 폴딩이 쉬어요 한번에 펼치고 접을 수 있다는 메리트가 있습니다 절충형또한 디럭스보다 접고 펴는게 쉬웠어요 버튼 하나로 접을수 있어 편했답니다], 부정 텍스트 확률 : 96.62%"
"[움짤로 보여드리는 간단한 폴딩 동영상인데요확실히 버튼 하나로 가능한 절충형과 휴대형이 편리해보이죠 디럭스는 접는게.번거로와서 거진 접지 않고 펼쳐 놓은것 같아요], 부정 텍스트 확률 : 60.31%"
"[폴딩후에 모두 스텐딩이 가능했구요 접었을때는 접히는 크기는 휴대형은 확실히 컴팩트하게 접히고 디럭스도 손잡이가 꺽여 들어가는 형태라 나름 크기가 많이 줄었어요 절충형은 세로로 얇게 길게 접혀져요 손잡이가 꺽여 들어가는 형태가 아니라 크기자체는 많이 줄지 않네요], 부정 텍스트 확률 : 97.05%"
"[핸들링 및 시승감], 부정 텍스트 확률 : 74.20%"
"[휴대형을 사용하면서 가장 힘들었던 점은 턱에 너무너무 잘걸려요 작은턱도 턱턱 걸려서 늘 턱이 있는 곳에서는 긴장을 하고 가야 합니다], 부정 텍스트 확률 : 82.19%"
"[절충형 토로는 확실히 핸들링 좋았어요 노면이 좋지 않은곳에서도 안정된 핸들링으로 엄마 손목에 무리가 가지 않았어요], 부정 텍스트 확률 : 54.99%"
"[휴대형은 핸들링이 다소 불편한 점이 있지만 가볍고 접었다 폈다가 편해서 버스나 대중교통 이용이 편리해서 나갈때 애용하게 되요], 부정 텍스트 확률 : 68.98%"
"[절충형은 아직 오랜기간 끌어 보지 못해 끌고 나가지는 못했지만 외출용으로 본다면 핸들링이 너무 편안하고 턱같은데 걸리지 않아 밀고다니기 너무 편해요 그런데 과연 버스에 들고 탈수 있을까 살짝 고민은 되긴해요 저희동네는 버스를 타고 지하철역으로 나가야 하는 구조라 유모차를 들어야 하는데 저는 절충형도 살짝 무게감이 무거웠어요 조만간 외출을 직접 해보고 후기 한번더 남겨봐야겠어요 두서 없는 글이지만 도움이 되길 바라며♡], 부정 텍스트 확률 : 81.98%"
"[ 후기 콩코드네오줄즈어보스토케익스플로리 결국 콩코드네오로 결정♡ ], 부정 텍스트 확률 : 78.23%"
"[ 타보베이직 엣지 유모차 구입 개봉기 현실사진], 부정 텍스트 확률 : 65.07%"
"[솔직후기 주의 ], 부정 텍스트 확률 : 53.29%"
"[그래서 핸들링 좋은 가벼운휴대용 유모차가 뭐가 있을까하면서이리기웃 저리기웃하면서고심고심 끝에 주변 어머님들이 가성비 타요를 강추하길래손가락으로 밀어도 밀린다며 ㅋㅋㅋ핸들링이 중요한 저로서는 솔깃 게다가 기내반입된다기에 ㅋㅋㅋ 해외 많이 나갈 것도 아니면서 ㅋㅋㅋ사려고 사려고 벼르고 있다가롯데아이몰에서 핫딜이 떴다는 소문을 입수하고 바로 고고고 ], 부정 텍스트 확률 : 55.01%"
"[제가 산 모델은타보엣지블랙입니다.비쥬얼 너무 좋지 않아요?블랙블랙 캬실제로 받아보니 완전 블랙은 아니고다크네이비정도?귀티나는 색이랄까 ㅋㅋㅋ ], 부정 텍스트 확률 : 86.58%"
"[저는 패키지로 타보엣지랑 쿨시트가 묶여 있는 상품을 구매했어요쿨시트는 선더그레이?를 선택했구요. ], 부정 텍스트 확률 : 68.50%"
"[그리고가장 중요한 핸들링 줄즈 끌다가 다른 것 못끌겠다며 ㅋㅋㅋ손목 나기기 전에 핸들링 좋은 유모차사달라고 박남편 은근히 협박했었는데], 부정 텍스트 확률 : 86.02%"
"[ 차양막이 더 내려오는 엣지모델이라 선택ㅋㅋ강남이 역시 다른 아이들처럼답답한 것은 질색하셔서차양이 높아서 차양을 덮어도 성질내지않는 것이 필요했어요ㅋㅋ그리고 차양막이 길어서 얼굴 다 덮을 수있는 것도 ㅋㅋㅋㅋㅋ줄즈타고 나가서 차양막사이로 햇볕이 조금이라도 눈에 들어오면짜증짜증짜증짜증을...너란아이.. 까탈스럽.. ], 부정 텍스트 확률 : 100.00%"
"[장바구니입니다제가 이 장바구니 때문에 끝까지구매할까말까를 고민했던... ㅜㅜ후기를 읽어보니 언덕이나 방지턱을 갈 때물건을 실어두면 끌린다는 얘기가..그리고 가운데 무게중심?을 더 잡기 위해?바가 하나 있는데 그것으로 인해많은 물건을 실을 수 없다고..근데 실제로 구매해서 보니아직 무거운 물건을 안실어서 그런지끌린 적도 없고 크게 물건 실으면서불편한 것은 없었어요 ㅋㅋ옆에 찍찍이가 있는 확장형장바구니다보니더 많이 실을 수 있어서 좋구요ㅋㅋ ], 부정 텍스트 확률 : 97.83%"
"[왼쪽 튀어나온 부분이 유모차를접어서 고정시키는 부분이구요브레이크도 뒷바퀴에 잘 붙어있답니다ㅋㅋ ], 부정 텍스트 확률 : 59.66%"
"[중요포인트인 차양막이거보고 감동했습니다ㅋㅋㅋ그냥 내렸을 때는 조금 부족한 느낌이었는데지퍼를 열어 풀차양막으로 내리니대박ㅋㅋㅋㅋㅋㅋ왠만한 것은 다 가릴기세 ㅋㅋㅋㅋㅋㅋ ], 부정 텍스트 확률 : 83.16%"
"[ 무엇보다 쉽게 접히고 펴집니다. ], 부정 텍스트 확률 : 56.64%"
"[타보는 점식 벨트예요.우선 강남이가 어려서 점식이구요어느 정도 성장하면], 부정 텍스트 확률 : 81.63%"
"[ 점식으로 윗부분의안전벨트를 빼도 무방합니다 ㅋㅋ근데..사실 점식으로 다 채우는 것이 번거로워요 ㅠㅠ아시다시피 아기가 가만히 앉아서엄마를 유모차에서 기다리는 것이 아니기에..저 고리? 개를 끼워서다시 아랫벨트에 넣는 것으로 약 초를소비해야하니.. 이거 원 ㅠㅠ그럼에도 불구하고 안정성은 대박입니다 ㅋㅋㅋ ], 부정 텍스트 확률 : 68.34%"
"[등받이 조절하는 부분은유모차 뒷부분에 벨트로 되어있구요. ], 부정 텍스트 확률 : 91.99%"
"[벨트를 쭈우욱 뒤로 잡아당기면약 도까지 뒤로 젖혀집니다.도가 안되서 혹시 불편한거 아닌가싶었는데], 부정 텍스트 확률 : 98.76%"
"[줄즈유모차를 끌고 다녀서 그런지], 부정 텍스트 확률 : 67.16%"
"[무게는 훨등히 가벼워서], 부정 텍스트 확률 : 66.10%"
"[전반적으로 가격대비 ], 부정 텍스트 확률 : 56.67%"
"[휴대용 유모차로 아주 좋습니다.], 부정 텍스트 확률 : 57.00%"
"[휴대용 유모차를 생각한다면], 부정 텍스트 확률 : 65.43%"
"[ 마니또 멜란지 패딩 베타 유모차 방한커버 블럭보관주머니 할인 ], 부정 텍스트 확률 : 68.56%"
"[ 마니또 멜란지 패딩 베타 유모차 방한커버 블럭보관주머니 ], 부정 텍스트 확률 : 68.56%"
"[ 원 ], 부정 텍스트 확률 : 53.29%"
"[ ↓ ], 부정 텍스트 확률 : 53.29%"
"[↓ 쿠팡 구매자 후기 ], 부정 텍스트 확률 : 76.54%"
"[ ↓ ], 부정 텍스트 확률 : 53.29%"
"[————————————————————— ], 부정 텍스트 확률 : 53.29%"
"[ 유모차 기종줄즈 데이어스], 부정 텍스트 확률 : 57.31%"
"[————————————————————— ], 부정 텍스트 확률 : 53.29%"
"[ 원 ], 부정 텍스트 확률 : 53.29%"
"[ ..? 상품 상세 정보 확인 하기 ], 부정 텍스트 확률 : 66.90%"
"[ 유모차웨건액세서리 ], 부정 텍스트 확률 : 53.29%"
"[마니또 클린그립 유모차 핸들커버 베이비젠 요요 전용], 부정 텍스트 확률 : 68.66%"
"[ 쿠팡 세일정보 마니또 클린그립 유모차 핸들커버 베이비젠 요요 전용], 부정 텍스트 확률 : 61.87%"
"[ ▼ ], 부정 텍스트 확률 : 53.29%"
"[ 더보기 ], 부정 텍스트 확률 : 67.24%"
"[🌟🌟🌟🌟🌟소재도 좋고 잡는 그립감도 좋습니다.... . ], 부정 텍스트 확률 : 71.00%"
"[ 더보기 ], 부정 텍스트 확률 : 67.24%"
"[ 더보기 ], 부정 텍스트 확률 : 67.24%"
"[ . ], 부정 텍스트 확률 : 62.92%"
"[ .제품 리얼후기 더보기 ∇ ], 부정 텍스트 확률 : 73.73%"
"[상품정보 ], 부정 텍스트 확률 : 53.29%"
"[ . ], 부정 텍스트 확률 : 62.92%"
"[ .상품정보 더보기 ∇ ], 부정 텍스트 확률 : 73.73%"
"[ .?클린그립클린그립.?핸들커버핸들커버 .?마니또마니또.?유모차손잡이커버유모차손잡이커버 ], 부정 텍스트 확률 : 70.54%"
"[ .?유아동유아동.?보낭보낭 ], 부정 텍스트 확률 : 53.29%"
"[ .?웨건액세서리웨건액세서리.?블랙블랙 ], 부정 텍스트 확률 : 53.29%"
"[ .?유모차유모차.?웨건웨건 .?전용전용.?모기장모기장 ], 부정 텍스트 확률 : 53.29%"
"[ .?커버커버.?개개 ], 부정 텍스트 확률 : 53.29%"
"[ 어보 브리타니아 체스넛 후기새 유모차가 생겼어요 ], 부정 텍스트 확률 : 81.84%"
"[두 돌 넘어 디럭스 유모차 산 이야기오랜만에 쓰는 리뷰글사실 월까지 써야 유아식기 종 세트를 받는 건데블로그랑 잠시 떨어져 있어서 이제야 후기를 올린다사은품은 못 받아도 사진은 찍었으니 솔직후기 작성 ], 부정 텍스트 확률 : 93.52%"
"[의욕이 앞서서 올라타보겠다고 ], 부정 텍스트 확률 : 63.08%"
"[올라가지도 내려오지도 못하고 있다역시 그렇게 똑똑하지는 않은 것 같다 ㅋㅋㅋㅋ머리를 쓸 줄 모름 ], 부정 텍스트 확률 : 73.41%"
"[엄마의 도움으로 유모차 타기 성공 ], 부정 텍스트 확률 : 52.82%"
"[사실 루하는 지금 미니버기 절충형을 타는데 시트 높이가 너무 낮고 발도 앞으로 튀어나오고 투 핸들이라 너무 불편했다 벨트를 안 해서 미끄러져서 땅에 떨어진 적도 두 번 있었다 애가 점점 커 가니 오히려 휴대용이 불편해지는 이상한 사실 그래서 다른 유모차를 알아보던 중 발견한 어보 년형 특가 유모차만원대에 살 수 있어서 당장 구입하려고 했는데 며칠 뒤 년 신상 그것도 다른 색상보다 만원이 비싼 체스넛이 박싱데이에 떴다 원래 박싱데이에도 품절이었는데 이건 정말 사야 해 나와 루하를 위한 선물고민도 안 하고 바로 결제아직도 잘했다고 생각하는 지름 ㅋㅋㅋㅋㅋ 적립금 만원까지 받고 만원대에 샀다], 부정 텍스트 확률 : 59.65%"
"[며칠 뒤 외출하는데 어김없이 유모차 산행 중이다 ], 부정 텍스트 확률 : 58.66%"
"[성공기념 코딱지 후비기 ], 부정 텍스트 확률 : 53.29%"
"[바닥으로 튕기는 더러운 손 ㅋㅋㅋㅋㅋㅋ루하는 원래 유모차를 잘 타서 이것 또한 거부감 없이 잘 탄다], 부정 텍스트 확률 : 58.57%"
"[ 유모차 햇빛가리개 커티스 직접 구매후기 ], 부정 텍스트 확률 : 50.40%"
"[유모차 햇빛가리개 커티스 직접 구매후기 ], 부정 텍스트 확률 : 50.40%"
"[저 쓰고있는데 완전 만족합니다.. 잘사셨어요], 부정 텍스트 확률 : 77.32%"
"[가격 알 수 있을까요 ?풀옵션인가요? 뭐... 예를 들어 양산], 부정 텍스트 확률 : 73.40%"
"[컵홀더 등등이요], 부정 텍스트 확률 : 53.63%"
"[저희 까페 후기게시판에 글등록시 제목설정은.. ..위 링크 글 참조하시어 가이드 라인에 기준에 맞게 변경 부탁드려요], 부정 텍스트 확률 : 92.11%"
"[저도요새 집안에서 태워요ㅋㅋ지금도잠들었네요유모차에서], 부정 텍스트 확률 : 68.09%"
"[나블리맘사실저도그래요 아무래도 디럭스가 핸들링도좋고 턱넘을때도그렇고해서 아직태우거든요 저는 아파트단지에서 많이태워서 하나더필요할듯해서 이제 차에는 가벼운거싣고다니려구요백화점갈때도 대여안하고 무거븐걸 싣고댕깃는데 이제는조금 가벼워지려구요저도 줄즈 왕추천해요], 부정 텍스트 확률 : 78.98%"
"[복덩이맘쮸그쵸..저도 그것땜시 고민했다가 걍 줄즈 계속 밀어부쳤어요어차비 차에 실어댕길껀데 뭐..이러고요ㅋㅋ베베 생각하는 맘은 다 똑같아서.. 그러자니 우린 힘들고 지출이 계속 있어지네요ㅋㅋ], 부정 텍스트 확률 : 95.04%"
"[전줄즈 물려받았는데 무겁고 뭔가 딱딱해보이는시트라 뭐지? 했다가 줄즈를 태운뒤로 다른건ㅜㅜ 우리 딸 두돌지났는데도 가끔 나가면 졸릴때태워요], 부정 텍스트 확률 : 88.63%"
"[콩코드도 실용성이 좋군요..실용성 좋은물건들이 많이 많이 알려졌음 좋겠네요..], 부정 텍스트 확률 : 56.29%"
"[ 저 줄즈 데이어스 썼는데 저는 완전 만족하고 썼어요 둘째 임신중인데 첫째 쓰던거 바퀴만 갈아서 쓰려고요], 부정 텍스트 확률 : 94.64%"
"[저도 줄즈데이어스로 두명 키웠는데 잘 썼어요 줄즈가 사용자 만족도는 참 좋은데 중고가가 안나와요 ㅋㅋ데이어스밖에 안써봐서 데이콰드로랑 비교는 못하겠네요], 부정 텍스트 확률 : 96.41%"
"[줄즈데이어스 처분할예정인데 혹시 관심있으시면 연락주세요], 부정 텍스트 확률 : 55.77%"
"[저 줄즈 파는회사 직원이엇어요 ㅋㅋㅋㅋㅋㅋㅋㅋㅋㅋㅋㅋㅋㅋㅋㅋㅋㅋㅋㅋㅋㅋ줄즈좋아유], 부정 텍스트 확률 : 87.05%"
"[ 저는 너무 장바구니 속이 보이는게 싫은데 줄즈는 그점에서는 좋은것 같아요], 부정 텍스트 확률 : 92.23%"
"[ 미마디럭스 쓰시다가 사신거에요??], 부정 텍스트 확률 : 75.48%"
"[아니요], 부정 텍스트 확률 : 84.82%"
"[전 줄즈 데이어스 썼었어요.], 부정 텍스트 확률 : 82.36%"
"[사탕양요요 등받이 각도에 대해 맘 비웠더니 그놈의 두손폴딩 때문이 맘이 잘 안비워지네요], 부정 텍스트 확률 : 77.73%"
"[저희아들도 이거로 키웠어요.일경부터 마트에 태우고 다녔죠], 부정 텍스트 확률 : 87.06%"
"[생각보다 안태워서 더 좋았어요핸들링좋구 폴딩이 디럭스치고는 확 되는편이라 더 좋구요.폴딩은 익숙해지면 훅훅 양대면되는것도 좋은데 돌릴때 힘을 좀 써야해서..전 워낙힘이좋아 애 태우고도 뺐다꼈다 다했지만요ㅎㅎ앞보기했을때 폴딩이 완전 접히고 뒤보기했을때는 안되는데 전 그래도 하고 차에넣다뺐다했어요 단점은 밑에 바구니가 작아요. 근데 거기에 짐을 넣는편이아니라 저는 큰 상관없긴했네요], 부정 텍스트 확률 : 95.50%"
"[ 저도 요번에 네이비로 샀는데... 아가는 월 중순에 나와요 ㅋㅋㅋㅋ 언제 끌고 나가죠 ㅋㅋㅋㅋㅋㅋㅋ], 부정 텍스트 확률 : 84.39%"
"[그러게요 너무 급하죠ㅋㅋ], 부정 텍스트 확률 : 57.93%"
"[이번 킨텓스 줄즈 가격이랑 사은품정보알수있을까요 ㅜㅜㅜ], 부정 텍스트 확률 : 75.60%"
"[저는 대구 베페어서 샀어요 킨텍스는 잘...], 부정 텍스트 확률 : 62.09%"
"[ 저희 카페 후기게시판에 글등록시 제목설정은.. ..위 링크 글 참조하시어 가이드 라인에 기준에 맞게 변경 부탁드려요], 부정 텍스트 확률 : 92.11%"
"[장바구니는 큰가요?], 부정 텍스트 확률 : 71.13%"
"[ 가격정보좀 알수있을까요?], 부정 텍스트 확률 : 61.86%"
"[저희차가 가스차여서 뒷자석에 싣구 다녀요 ㅜㅜ], 부정 텍스트 확률 : 75.00%"
"[날아라계인저눈 조수석에 타고 다녀서 많이 안불편한데 아기가 어릴땐 좀 불편해요 ㅜㅜ], 부정 텍스트 확률 : 83.39%"
"[꽁냥꽁냥꽁님], 부정 텍스트 확률 : 53.29%"
"[ 어머..바퀴교환 개당 ], 부정 텍스트 확률 : 57.07%"
"[저희두 바퀴 출장와서 바꿔줬어요 저두 같은가격에 했네요], 부정 텍스트 확률 : 88.16%"
"[ 데이어스 단종 콰드로랑 원단만 다름일걸요], 부정 텍스트 확률 : 73.96%"
"[ 올블랙 너무 깔끔하네요], 부정 텍스트 확률 : 62.94%"
"[말씀하시는 장바구니가 줄즈쇼핑백 맞나요? 썸머시트도 사고싶은데 이것도 가격이 ㅎㄷㄷ... 줄즈 악세사리가 좀 비싸더라고요..ㅡ.ㅜ콩코랑 고민했는데 지붕뒤에 지퍼에 매쉬가 있어서 여름에 시원할거 같아서 이걸로 결정했어요.주변에 말해도 사람들이 잘 몰라서 좀 걱정했는데], 부정 텍스트 확률 : 94.17%"
"[잘 사용하셨다니 든든하네요. ], 부정 텍스트 확률 : 55.08%"
"[모델이 뭐예요? 저도 줄주 사려고 알아보고 있거든요], 부정 텍스트 확률 : 72.62%"
"[줄즈 데이어스 에요], 부정 텍스트 확률 : 55.02%"
"[땅콩순네가능해요 손잡이 양쪽에 버튼누르고 높이조절 할수있어요], 부정 텍스트 확률 : 88.40%"
"[맞아요 만족하고 있어요 저도아기 언제부터 태우셨어요??], 부정 텍스트 확률 : 88.85%"
"[초마황네], 부정 텍스트 확률 : 62.12%"
"[핸찌윗분불발로 챗드렸어요], 부정 텍스트 확률 : 53.92%"
"[핸찌님 드림완료], 부정 텍스트 확률 : 53.29%"
"[다들 시 가능하다고 하셔서 댓글 순으로 확실히 오시는지 여쭤보겠습니다순서가 안되더라도 이해해주세요], 부정 텍스트 확률 : 50.50%"
"[내일 시 하계역 번 출구 가능하십니까?], 부정 텍스트 확률 : 90.48%"
"[똥개이엄마네 시간 맞춰 갈게요], 부정 텍스트 확률 : 98.72%"
"[써니낼 뵙겠습니다], 부정 텍스트 확률 : 53.29%"
"[똥개이엄마혹시 아랫분들께 유모차는 양보하고 기타만 받아도 될까요? 괜찮다고 하시면 낼 시에 뵙겠습니다.], 부정 텍스트 확률 : 67.27%"
"[똥개이엄마답이 없으시니 일단 시까지 갈게요], 부정 텍스트 확률 : 84.70%"
"[번 기타 줄서볼께요 원하시는 시간에 맞출께요내일 오전 시 가능합니다.], 부정 텍스트 확률 : 70.69%"
"[다들 시 가능하다고 하셔서 댓글 순으로 확실히 오시는지 여쭤보겠습니다순서가 안되더라도 이해해주세요], 부정 텍스트 확률 : 50.50%"
"[똥개이엄마네 가능해요. ], 부정 텍스트 확률 : 77.72%"
