"[♥베스트⬇ ], 긍정 텍스트 확률 : 99.57%"
"[ 원역대가특가 할인 제품을 찾아 보았습니다.▷ 베스트 ▷제조국 중국중량 .출시년도 년도대상연령 개월벨트 형태 점식쿠팡상품번호 인기상품은 조기 품절이 되니 유의하시기 바랍니다.해당 특가정보는 년월일 토요일오전 시 분 기준 입니다.가격과 할인정보는 몇일에서 변동이 될수 있습니다.쿠팡에서 구매하기품절임박상품 구매리뷰 후기는⬇아래 링크로 확인해주세요⬇▼▼▼ .. ], 긍정 텍스트 확률 : 74.00%"
"[.신생아부터 개월까지], 긍정 텍스트 확률 : 56.88%"
"[ 책임자와 전화번호], 긍정 텍스트 확률 : 62.66%"
"[ 특가인기 상품은 조기에 품절될 수 있으며해당 정보는 년 월 일 시 분 기준 입니다.제품 가격과 할인정보는 시간경과에 따라 변동 될 수 있습니다. ], 긍정 텍스트 확률 : 80.43%"
"[신생아부터개월까지], 긍정 텍스트 확률 : 56.27%"
"[ 소개해드린 상품은구매평 보기는아래 링크를 통해 확인해주세요.▽▽▽ ], 긍정 텍스트 확률 : 52.78%"
"[ 일정액의 수수료를 제공받고 있는 포스팅입니다. 쿠팡 파트너스 ], 긍정 텍스트 확률 : 82.54%"
"[종일주차비가 만원이라 최대 많이 나오면 만원이에요. 저는 시간 정도 있다가 나왔는데 천원 좀 안되게 나왔어요. 역시 이런 박람회는 오전에 후딱딱 보고 나오는게 좋은 것 같아요. 특히], 긍정 텍스트 확률 : 71.44%"
"[미베 베이비엑스포 입장료는 천원이지만], 긍정 텍스트 확률 : 57.65%"
"[입구들어서면 다양한 육아용품 부스에 어디를 먼저가야하나 정처없이 헤멜 수 있는데], 긍정 텍스트 확률 : 58.90%"
"[참가업체 부스 지도 챙겨서 다니시면 내가 어디에 와있는지 체크도 하고], 긍정 텍스트 확률 : 71.13%"
"[사야할 물건 체크도 쉬워집니다. 출산을 앞둔 예비맘이라면 코사토 부스도 꼭 들리세요 부스명은 제이투나인], 긍정 텍스트 확률 : 70.72%"
"[부스번호이에요. 코사토는 영국유모차 브랜드인데], 긍정 텍스트 확률 : 75.32%"
"[요게 바로 이지피스], 긍정 텍스트 확률 : 73.29%"
"[윗칸에서는 아기 기저귀 갈아줄 수 있는 매트가 있어 허리 숙이지 않고 서서 편하게 기저귀 갈때 사용하고], 긍정 텍스트 확률 : 85.25%"
"[매트와 욕조 옆 손이 쉽게 닿는 곳에는 평소 아이에게 자주 쓰는 스킨케어 용품], 긍정 텍스트 확률 : 93.61%"
"[제일 아랫칸은 깊다보니 기저귀가방], 긍정 텍스트 확률 : 85.37%"
"[바퀴가 스토퍼가 장착된 고정식 이동바퀴라서 집에서 이곳저곳 어디든 끌고 다니기 수월하고], 긍정 텍스트 확률 : 91.37%"
"[아기 목욕도 시킬 수 있답니다. ], 긍정 텍스트 확률 : 66.70%"
"[알록달록하니 디자인도 너무 예뻐서 집에 두었을때 예쁜 인테리어 효과도 있을 것 같고], 긍정 텍스트 확률 : 98.34%"
"[다른 것 모두 같아요. 취향에 따라 고르면 되겠죠? ], 긍정 텍스트 확률 : 55.16%"
"[현장에서 설명해주실 때 동영상으로 담아봤어요. 어떻게 사용가능한지 궁금한 분은 확인해보세요. ], 긍정 텍스트 확률 : 83.98%"
"[신생아부터 돌 전에 정말 유용하게 사용할 수 있는 기저귀정리함 이라 출산을 앞둔 예비맘 이나 출산한지 얼마 안된 분들 편하게 육아 하기 위한 필수품이라 추천드려봐요. 미베 베이비엑스포 가시는 분이라면], 긍정 텍스트 확률 : 88.15%"
"[ 제이투나인 코사토 부스 꼭 들려서 실물 확인해보세요. 본 포스팅은 제품 및 행사를 소개하며 오렌지베이비로부터 소정의 원고료를 받았으며], 긍정 텍스트 확률 : 52.34%"
"[직접 방문 후 작성한 후기입니다], 긍정 텍스트 확률 : 63.43%"
"[제가 퐉퐉 튀는 색을 좋아하는지라 좀 더 상큼한 색이 담긴], 긍정 텍스트 확률 : 52.27%"
"[가장 마음에 드는 부분이 바로 요기예요 ], 긍정 텍스트 확률 : 87.73%"
"[기저귀를 갈거나 옷을 입힐 때아기가 혹시 움직일 걱정을 하는 엄마들의 마음을 이미 알아차리고 ], 긍정 텍스트 확률 : 69.69%"
"[목욕을 시키거나 기저귀를 교환할 때 바퀴가 움직이지 않도록 갈색 안전장치를 위로 사악 들어주면], 긍정 텍스트 확률 : 51.75%"
"[스토케 유모차 부럽지 않은 안정감으로 제품을 고정시켜 줍니다. ], 긍정 텍스트 확률 : 51.04%"
"[그리고 센스 넘치는 배수관], 긍정 텍스트 확률 : 90.16%"
"[아기 목욕물 받을 때는 이 귀요미 마개를 꼽아 주면 ], 긍정 텍스트 확률 : 63.40%"
"[우리 아가 토하거나 응아하거나 쉬해도 금방 닦아 낼 수 있어 좋습니다], 긍정 텍스트 확률 : 94.58%"
"[사이드 부분에 개의 수납 바구니 ], 긍정 텍스트 확률 : 50.12%"
"[엄청난 수납을 뽐냅니다.아기 목욕용품], 긍정 텍스트 확률 : 67.83%"
"[물티슈아낌없이 넣어둘 수 있어서 완전 제 취향이에요 ], 긍정 텍스트 확률 : 89.40%"
"[제가 키가 거든요?높이가 이라 높아요 전 아주 좋네요허리를 숙이거나 굽히지 않고도 아이를 돌볼 수 있으니틀어진 골반도 잡고 허리 운동도 되고특히 뒤꿈치 살짝 들고 목욕 시켜주면 애플 힙], 긍정 텍스트 확률 : 85.91%"
"[엉덩이 운동도 되고 좋겠어요 ㅋㅋ이거 조립 다 해서는], 긍정 텍스트 확률 : 74.70%"
"[서재에도 끌고 갔다가거실 한 편에도 두었다가욕실 앞에도 끌고 갔다가 ], 긍정 텍스트 확률 : 60.11%"
"[거실 복도에도 잠시 뒀다가신나서 유모차 마냥 끌고 다녀봤는데 기분이 엄청나게 좋네요벌써 아기가 집에 온 것 같은 느낌 히히기특아무럭무럭 건강하게 자라서 집으로 오면 엄마가 여기에서 예쁜 엉덩이 톡톡 두드려 줄게 ], 긍정 텍스트 확률 : 98.90%"
"[건강하게 만나쟈 사랑해 ], 긍정 텍스트 확률 : 87.36%"
"[어린이집을 다니면서 달라진 변화 중 하나자신의 의자에 앉기를 좋아해요.그런 우리 아이에게 유아식탁의자를 생일선물로 줬답니다.], 긍정 텍스트 확률 : 71.29%"
"[월 일이 호야의 생일이였답니다. 생일축하 해주세요 꺄아바로 코사토에서 만든 제품인데요 기저귀정리함이나 유모차 덕분에이미 엄마들은 다 알고있을 법한 영국에서 온 브랜드에요♥ ], 긍정 텍스트 확률 : 99.66%"
"[처음에는 이게 어떻게 하이체어가 된단 말이지? 했어요.공간 활용을 위해 폴딩이 되는 제품을 찾고 있었는데], 긍정 텍스트 확률 : 55.85%"
"[이미 패키지에서깔끔한 폴딩포스 뿜어내고 있는 것 있죠. 크으... ], 긍정 텍스트 확률 : 68.58%"
"[처음엔 이 부분이 식판인 줄 알고], 긍정 텍스트 확률 : 76.87%"
"[아 식판 작은건가... 하며 시무룩 했던 순간의자였어요 의자 ㅋㅋㅋ... 식판은 대박 반전 크기로 등장했답니다. ], 긍정 텍스트 확률 : 64.34%"
"[식판이 참 많은 걸 말해주고 있더라고요.니가 원하는 그 모든 조건을 충족하는 유아식탁의자 여기있다.네], 긍정 텍스트 확률 : 76.74%"
"[그렇습니다. 살 까지 사용할 수 있는 가성비까지 좋은 의자네요. ], 긍정 텍스트 확률 : 53.80%"
"[처음 의자를 조립하려고 손을 걷어보니], 긍정 텍스트 확률 : 84.92%"
"[폴딩이 상당히 중요하죠.그 핵심은 자 형태의 모양을 잡아주는 다리 안쪽에 있어요.처음에 다른 분들이 사용하는 모습이 담긴 영상을 보고구름을 연신 눌렀는데 ㅋㅋㅋ... 안쪽에 버튼이 있어요.버튼을 누르면 바로 샤샥 하고 접힌답니다. ], 긍정 텍스트 확률 : 67.14%"
"[처음 의자를 조립하려고 손을 걷어보니], 긍정 텍스트 확률 : 84.92%"
"[제법 큰 발판까지 끼워준 다음 탈부착 시트를 활용해예쁨 위생성을 얻습니다.방수천이기 때문에 간단한 오염물은 물티슈로 제거할 수 있고감각적인 디자인 패턴으로 눈이 즐거운 식사시간을 가질 수 있어요. ], 긍정 텍스트 확률 : 72.74%"
"[호야는 아직 밥 먹으면서 일어난다거나 내려오려는 나쁜 습관이 있어서안전벨트는 필수에요. 그래서 시트와 벨트를 모두 연결하는 모습이에요. ], 긍정 텍스트 확률 : 92.87%"
"[신생아 보다 조금 작은 우리 브라운을 먼저 앉혀봤어요.점식 벨트가 어떤 아기도 안전하게 잘 지켜주겠죠? ], 긍정 텍스트 확률 : 63.90%"
"[그리고 우리 아이와 함께 식사시간이 다가오기만을 기다리는 코사토 유아식탁의자정말 깔끔하게 폴딩되어 서있는 모습이에요. ], 긍정 텍스트 확률 : 99.94%"
"[폴딩방법은 다른 분들도 많이 리뷰에 남겨주셨겠지만 저도 남편에게 부탁해서 영상으로 한 번 남겨봤어요. 백번 설명보다는 역시 영상으로 한 번 보는게 남더라고요 ], 긍정 텍스트 확률 : 85.46%"
"[음 이맛이야 호야의 즐거운 식사시간이 시작됐어요.얼마 전 아기밥을 시도했는데], 긍정 텍스트 확률 : 83.17%"
"[흑흑... 대 실패해서다시 이유식 후기로 돌아왔는데 너무 잘 먹어요.잘 먹어서 좋긴한데 유아식은 언제하나 조금 걱정인 요즘안정적인 자세로 식사에 임하는 모습입니다. 귀여움은 덤 ], 긍정 텍스트 확률 : 99.82%"
"[저는 일부러 바닥에 앉은 것 처럼 더 안정감 있게 앉을 수 있도록발판의 높이를 타이트하게 조절했는데], 긍정 텍스트 확률 : 84.81%"
"[덕분에 발을 편하게 올리고정말 안정적인 자세로 이유식을 먹더라고요.간간히 발도 동동 굴러가면서 말이죠.우리도 다리가 붕 떠있는 것 보다는 바닥에 닿는게조금 더 안정감을 느끼고 하니까], 긍정 텍스트 확률 : 93.18%"
"[쉽게 닦이고 또 떼내서 설거지하면 끝위생적이면서도 간편하게 관리할 수 있으니 너무 좋았어요. ], 긍정 텍스트 확률 : 87.59%"
"[아기와 엄마가 편안한 즐거운 이유식 시간안전한 코사토 하이체어에서 잘 먹어서 건강도 챙길 수 있는그런 값진 시간 많이 가질 수 있기를 바래봅니다. ], 긍정 텍스트 확률 : 88.53%"
"[ 땡땡이 토시 ], 긍정 텍스트 확률 : 51.21%"
"[ 제 블로그중 베이비다이어리는 이웃 서이웃이지만 그외는 공감란이라도 열려있으니 소통하자구요 ], 긍정 텍스트 확률 : 74.26%"
"[ 옷같은 경우 제가 빨래했어도 사용전 세탁바랍니다 ], 긍정 텍스트 확률 : 67.28%"
"[그래도 첫 아이다보니 이것저것 사모으고 있지만 카테고리별 리스트입니당 ], 긍정 텍스트 확률 : 78.95%"
"[ 섬세하고 세심한 우리엄마는 제 배냇저고리를 아직 보관하고 있었어요], 긍정 텍스트 확률 : 64.51%"
"[우리 달콩이 태어나고 제가 입었던 배냇저고리를 입힐 생각을 하니 두근두근❤그 외 산모교실 다니며 선물받고 이벤트 당첨되서 받은 배냇저고리들로 엄청 많아요], 긍정 텍스트 확률 : 79.05%"
"[ 이건 아기마다 필요한 갯수 다르다는데 전 하루에 번 갈아입힌다 생각했어요그외], 긍정 텍스트 확률 : 89.92%"
"[배냇저고리 벗으면 초여름이 될거라서 내복도 바디수트도 날씨봐가면서 사고 혹시 선물 받더라도 교환할 수 있으니 미리 세탁하지 말라는 언니의 조언 손수건은 정말 최소로만 준비했어요 장보다는 산모교실 갈때 받아오거나 선물세트에 포함되서 몇장 더 있긴 하네요천기저귀는 정말 천기저귀로 사용하려 산건 아니고해주고 싶지만 현실상 힘들거 같아서 ㅠㅠ 목욕타월여름이불 대용입니당다음으로 넘어가면 침구류인데], 긍정 텍스트 확률 : 81.82%"
"[ 아기 이불은 여름엔 더워서 스와들 속싸개 덮어두면 될거 같고 가을에 살래요], 긍정 텍스트 확률 : 73.34%"
"[ 코사토 이지피스는 보는 사람마다 목욕을 어떻게 씻기냐 걱정하시던데], 긍정 텍스트 확률 : 85.62%"
"[걱정은 나중에 잘 해보겠습니당 ㅋ 기저귀갈이대랑 수납함이랑 한셋트라 만족 중예요 ㅋㅋ샴푸 바디워시로 닥터브로너스 베이비를 쓸 예정인데], 긍정 텍스트 확률 : 57.10%"
"[ 아직 모유수유가 가능할지 아닐지를 모르는 상황이라 미리 준비하지 않기로 했어요 사촌언니는 모유수유를 개월째 하는 중이라서 모유수유 관련 물건들이 구비되어 있어 받기로 했어요 그래서 분유수유 하게되면 부랴부랴 구매할려고 혹시몰라 리스트는 모두 정리수유패드], 긍정 텍스트 확률 : 56.23%"
"[산모패드는 생리대처럼 팬티에 붙이는 거네요 산모패드는 오로라는 출산후 출혈 때문에 필요한데], 긍정 텍스트 확률 : 63.35%"
"[전 우선 디펜드에 입는패드 샘플 주문한 상태입니당이것도 사람마다 양이 달라서 최소한 준비해두고 필요하면 산후조리원에서 구매 가능하더라구요원하는 브랜드가 있다면 미리 준비 ], 긍정 텍스트 확률 : 85.96%"
"[카시트를 미리 준비했더니 마음이 여유롭네요 ㅋㅋ 전 유모차는 디럭스인듯한 절충형으로 스토케 스쿠트], 긍정 텍스트 확률 : 68.38%"
"[ 부족한 물품은 그때그때 필요할때 사도 되겠죠? 혹시 지나가다 블로그보시고 필요한 물건인데 빠졌다 싶은건 댓글 달아주시면 천사님 막달에 접어들어서 파일업로드 해놨어요 다운받아 유용하게 활용하세요♡. .업데이트 출산리스트 보유목록 수정 출산가방 정리 시작], 긍정 텍스트 확률 : 71.22%"
"[ .. 업데이트 . .출산 후 사용후기 업데이트 ], 긍정 텍스트 확률 : 53.44%"
"[현대신촌점으로 파스퇴르 산모교실을 다녀왔어요. 건강이와 함께 가는 세 번째 산모교실이에요파스퇴르 산모교실은 첫째 아이 임신할 때도 갔던 산모교실인데 굉장히 즐겁게 다녀와서 파스퇴르 산모교실에 대한 만족도와 기대감이 높았어요 ], 긍정 텍스트 확률 : 93.42%"
"[이번에도 당첨돼서 너무 기뻤어요 이번에도 즐거운 시간을 보냈으면 좋겠어요 ], 긍정 텍스트 확률 : 98.80%"
"[파스퇴르 협력 업체입니다 ], 긍정 텍스트 확률 : 70.45%"
"[추첨 경품입니다겉보기엔 빈약해 보이지만 경품 종류가 다양해요 ], 긍정 텍스트 확률 : 58.16%"
"[간식도 주셨어요. 맛있는 떡이에요 ], 긍정 텍스트 확률 : 93.55%"
"[부 강의가 시작되었어요. 부는 용인대학교 교수이자 민방위 강사로 활동 중이신 김성원 강사님이 생활 속 응급 처치 및 엄마 몸매 관리법 강의를 해주셨어요 ], 긍정 텍스트 확률 : 93.32%"
"[심폐소생술은 죽은 사람], 긍정 텍스트 확률 : 62.50%"
"[죽어가는 사람 중에서 죽은 사람에게 해야 한다고 해요.심폐소생술은 호흡은 번 불고], 긍정 텍스트 확률 : 71.67%"
"[운동을 많이 해서 단련된 사람들은 분에 번 정도로 늦게 뛴다고 해요 ], 긍정 텍스트 확률 : 68.07%"
"[실습 인형이에요 강사님이 자꾸 퀴즈 맞히면 저 실습 인형을 경품으로주신다고 농담하세요아이들은 먹다가 기도에 걸려서 문제가 생겨서 호흡이 힘들 때 심정지가 오는 경우가 많아고 해요 ], 긍정 텍스트 확률 : 69.88%"
"[심정지가 된 심장 모습입니다. 심정지가 요즘엔 심장이 멈춘 것 외에도 분에 번 뛰면서 떠는 것도 포함한다고 해요.심장이 멎고 나서 분 지나면], 긍정 텍스트 확률 : 98.28%"
"[정상 혈관이에요], 긍정 텍스트 확률 : 95.06%"
"[비정상 혈관이에요 ], 긍정 텍스트 확률 : 95.06%"
"[가슴 압박 자세입니다 ], 긍정 텍스트 확률 : 95.64%"
"[연령에 따른 가슴 압박 방법이에요 ], 긍정 텍스트 확률 : 96.05%"
"[아기에게 가슴 압박술을 합니다. ], 긍정 텍스트 확률 : 58.58%"
"[체해서 목에 뭔가 걸렸을 때 대처 방법이에요], 긍정 텍스트 확률 : 63.45%"
"[그다음에는 아기를 앞으로 보인 채로 가슴 부분유두와 유두가 만나는 지점을 손가락으로 눌러줘요. ], 긍정 텍스트 확률 : 56.10%"
"[등 두드리기 가슴 압박을 하는 것이 영아 기도 폐쇄 처치 방법입니다.열성 경련 개월세 사이에 생기는데 열 이 오르기 전에 낮춰줘야 한다고 해요.재치 있고 재미있게 진행해주셔서 강의 내내 배꼽 잡고 엄청 웃었고 즐겁게 들었어요 ], 긍정 텍스트 확률 : 99.93%"
"[휴식시간에 우유 시음회를 해서 우유를 받았어요 ], 긍정 텍스트 확률 : 64.48%"
"[부를 시작했어요부는 팝페라 그룹 보헤미안 의 팝페라 태교 음악회에요. ], 긍정 텍스트 확률 : 77.86%"
"[자칭 태교 음악회의 아이돌이라고 소개하신 팝페라 그룹 보헤미안입니다. ], 긍정 텍스트 확률 : 72.48%"
"[보헤미안의 팝페라 음악회 동영상입니다 ], 긍정 텍스트 확률 : 79.88%"
"[협찬사 소개입니다 ], 긍정 텍스트 확률 : 70.45%"
"[대디 베이비에요. ], 긍정 텍스트 확률 : 78.25%"
"[마더케이에요. ], 긍정 텍스트 확률 : 78.25%"
"[롯데상사닥터브라운입니다. ], 긍정 텍스트 확률 : 76.70%"
"[간식으로 주신 떡의 협찬사 떠카나주 입니다. ], 긍정 텍스트 확률 : 68.64%"
"[올리비움 산후조리원입니다. ], 긍정 텍스트 확률 : 93.59%"
"[비움의 시간에 경품 추첨을 시작했어요.추첨 경품 목록을 쭉 적을게요 약간 틀릴 수도 있지만 거의 맞을 거예요파스퇴르 쾌변 두유 팩명], 긍정 텍스트 확률 : 52.64%"
"[보솜이 기저귀명], 긍정 텍스트 확률 : 51.21%"
"[올리비움 산후조리원 스파 이용권명], 긍정 텍스트 확률 : 84.54%"
"[한국 짐보리 장난감 세트명], 긍정 텍스트 확률 : 76.38%"
"[코사토 싱글유모차만원명전 채움의 시간이 되었어요 경품에 당첨되었거든요 ], 긍정 텍스트 확률 : 65.51%"
"[아토팜 엠엘이 로션이예요.첫째가 있어서 유용하게 사용할 수 있어서 너무 기뻐요. 안 그래도 로션 사야 했는데 잘 됐어요. ], 긍정 텍스트 확률 : 79.50%"
"[기본 경품입니다 에코백], 긍정 텍스트 확률 : 70.45%"
"[케이 맘 기저귀 샘플], 긍정 텍스트 확률 : 73.88%"
"[아토팜 튼 살 크림 샘플], 긍정 텍스트 확률 : 62.91%"
"[파스퇴르 우유시음회 때 준 것파스퇴르 산모교실은 기본 경품도 너무 좋아요.파스퇴르 산모교실은 강의도 유익하고], 긍정 텍스트 확률 : 55.90%"
"[태교 음악회도 너무 재미있고 즐거워서 이번에도 여전히 저의 기대를 충족시켜줬어요. 저는 산모 교실을 년 월 일까지 다닐 예정이니], 긍정 텍스트 확률 : 99.36%"
"[그 사이에 열리는 파스퇴르 산모교실에 또 당첨돼서 또 갔으면 좋겠어요. ], 긍정 텍스트 확률 : 80.16%"
"[안녕하세요 이웃님들♡즐거운 주말 보내셨나요?비가 주륵주륵 내리는 월요일이라조금은센치한 한주의 시작이지만], 긍정 텍스트 확률 : 92.47%"
"[ 그래도 날씨가 선선하니 힘내시길 바래요주말의 일상입니다♡ ], 긍정 텍스트 확률 : 75.52%"
"[내관 모두 레트로 느낌이 물씬이런 인테리어 스타일을 정확히 뭐라 부르는지 모르겠지만유사한 느낌의 페스트 푸드 가게들이 국내에 점점 더 많아지는 것 같아요특히 햄버거집 ], 긍정 텍스트 확률 : 93.12%"
"[귀여운 네온 사인 ], 긍정 텍스트 확률 : 89.00%"
"[음료 메뉴카운터에서 선주문], 긍정 텍스트 확률 : 62.43%"
"[맛은 무난하게 괜찮았지만], 긍정 텍스트 확률 : 72.91%"
"[ 다른 후기들에 인생 피자라는 표현들이 많았어서 기대가 컸었는데...그 정도는 아니었어요ㅠㅋㅋㅋ 저한테는 전반적으로 간이 조금 심심했음역시나 는 과한 욕심이었음ㅋ 결국 남겨서 포장함ㅠㅋ ], 긍정 텍스트 확률 : 63.51%"
"[후기들을 보니까 가격도], 긍정 텍스트 확률 : 68.06%"
"[품질도 괜찮은 것 같더라구요저는 신생아 원목 침대를 살까말까 계속 고민하다가...결국 사지 않기로 최종 결정했어요사용 기간도 짧고 나중에 처분할 때 골치가 아프다고해서과감하게 포기하기로ㅠ ], 긍정 텍스트 확률 : 91.97%"
"[그대신 애기가 뒤집기를 시작하면 범퍼 침대를 많이 사용한다고해서 미리 구경역시 베페는 상품을 직접 보고 비교하기에도 좋지만 프로모션 가격들이정말괜찮은 것 같아요톨이가 태어나고나서도 베페는 몇 번 더 방문할 듯ㅋ ], 긍정 텍스트 확률 : 79.35%"
"[사실 이날 대부분의 아기 용품들은밤부베베에서 해결했어요ㅋ임신 초기에 애기 있는 친구 따라 베페를 방문했었는데], 긍정 텍스트 확률 : 72.62%"
"[베이비앙 부스사실 이 브랜드에 대해서는 잘 모르는데], 긍정 텍스트 확률 : 67.33%"
"[ 시험삼아 사용해보자는 생각에 신생아 천기저귀 개만 구입했어요베페 가격으로 개에 ], 긍정 텍스트 확률 : 63.36%"
"[ 원.사각 수건 모양의 일반 천기저귀도 있지만], 긍정 텍스트 확률 : 71.65%"
"[요즘은 저렇게착용하기 쉽도록 팬티형 디자인이 나오더라구요근데 정말 천기저귀만 사용할 생각이라면], 긍정 텍스트 확률 : 96.08%"
"[가장 먼저 달려간 곳은 영국 브랜드], 긍정 텍스트 확률 : 82.09%"
"[에그.여기는 베페인데도 프라이빗하게 상담을 해준다고해서 찾아갔는데...앞에 명이나 상담 예약을 걸어놨더라구요아쉽지만 바로 포기ㅠ ], 긍정 텍스트 확률 : 51.97%"
"[그 다음은 독일 브랜드], 긍정 텍스트 확률 : 59.39%"
"[예떼.처음 들어보는 브랜드였는데이번 베페 후기들에 항상 등장하길래궁금해서 방문했어요ㅋ ], 긍정 텍스트 확률 : 76.73%"
"[개월키로까지 사용 가능. 핸들링이 부드럽고 디럭스인데도 가벼운 느낌이고 접는 방법이 많이 복잡하지 않아서 좋더라구요 ], 긍정 텍스트 확률 : 87.94%"
"[마지막으로 방문한 부스는 이태리 브랜드], 긍정 텍스트 확률 : 70.61%"
"[ 디자인도 괜찮고 튼튼하고 핸들링도 마음에 들고무엇보다도 접고 펼치기가 디럭스라고 하기에는 너무 간편해서마음에 들더라구요 ], 긍정 텍스트 확률 : 98.64%"
"[특히 신생아 침대와 세트인 이가 마음에 들어서살까말까 엄청 고민함ㅠㅋ ], 긍정 텍스트 확률 : 94.08%"
"[좌측이 침대고 우측이 디럭스 유모차인데], 긍정 텍스트 확률 : 51.49%"
"[미소된장국전 정말 이렇게 오빠와 단둘이 밥 먹는 시간이 어찌나 좋은지...이제 얼마 남지 않았네요...또르륵...ㅠ ], 긍정 텍스트 확률 : 81.94%"
"[버터가 엄청 들어가는 크루아상을...튀기기까지 했으니...이것은 맛이 없을 수 없어요ㅋㅋㅋㅋㅋ정말 맛있는데...좀 과하게 리치하고 기름이 엄청나요손에 뭍어나는 기름이 엄청나더라구요원래는 오빠랑 저랑 각각 하나씩 먹으려고 했는데], 긍정 텍스트 확률 : 61.97%"
"[턱받이], 긍정 텍스트 확률 : 50.43%"
"[ 저는 기저귀 용도보다는 이불], 긍정 텍스트 확률 : 65.69%"
"[친정엄마께서 다른 곳에서더 좋은걸로 해주심요렇게 구입해서 베페 가격으로 총 만원 정도 나왔어요엄청 많이 산 것 같지도 않은데 꽤 나와서 당황정상가로 다 구입했다면 딱 배 가격만원 넘게 구입하니까 애벌빨래 전용세제랑 거즈수건 장을 사은품으로 주더라구요 ], 긍정 텍스트 확률 : 75.46%"
"[ 안녕하세요? 보링보링입니다. 제 블로그 이웃분들은 아시겠지만 전 얼마 전 젯키즈 베드 박스 체험단인 젯키즈크루기에 지원을 했어요.제키즈크루를 지원했던 이유는 월 중순부터 월 중순까지 약 한 달 동안 떠날 가족 여행 때문이었어요.아이와 함께 미국 하와이], 긍정 텍스트 확률 : 78.50%"
"[단점 자세하게 써볼게요. ㅎㅎ ], 긍정 텍스트 확률 : 79.94%"
"[ 아이와 함께 해외여행을 할 때 비즈니스 클래스는 이용을 해본 적이 있긴 합니다만 ], 긍정 텍스트 확률 : 61.41%"
"[ 사실 퍼스트 클래스는 이용을 해본 적이 없기도 하고 개월이 지난 다음에는 ], 긍정 텍스트 확률 : 71.58%"
"[ 금액적인 부분에서 부담스러워서], 긍정 텍스트 확률 : 65.21%"
"[ 이코노미석을 주로 이용을 하고 있어요. ㅎㅎ ], 긍정 텍스트 확률 : 75.77%"
"[ 바로 이라는 문구 때문이었어요. ], 긍정 텍스트 확률 : 57.17%"
"[젯키즈 베드 박스가 집으로 배송되어올 때는 누런 택배 상자 안에 담겨서 왔어요.택배아저씨가 문 앞에 그냥 두고 가셔서 저는 택배가 왔는지도 몰랐는데 낭군이 회식하고 들어오다가 발견했어요. ㅠㅠ다음날 아침까지 몰랐으면 혹시 분실하지는 않았을까 걱정이 되긴 했지만 결론적으로는 분실되지 않았으니 다행입니다.누런 택배 상자를 개봉하면 하얀색의 제트키즈 베드 박스 상자가 나옵니다.상자 앞 부분은 투명하게 되어있어서 베드 박스의 로고가 잘 보이더군요. ㅎㅎ ], 긍정 텍스트 확률 : 71.50%"
"[상자에서 꺼내 본 제트키드 베드 박스의 모습입니다.젯키즈 베드 박스는 레드와 블루 두 가지 색상이 있는데요 저는 그중 블루를 선택해서 구입을 했어요.젯키즈 베드 박스에는 색상에 맞는 데코 스티커도 함께 들어있어요.저는 데코 스티커는 베드 박스 사용하다가 스크래치 나면 스크래치 가리는 용도로 사용하려고 아직 붙이지는 않았어요. ㅎㅎ ], 긍정 텍스트 확률 : 91.81%"
"[ 는 국내에서는 정식 수입을 하는 업체가 두 곳인 것으로 알 고 있어요.], 긍정 텍스트 확률 : 80.76%"
"[한 곳은 오렌지베이비코사토], 긍정 텍스트 확률 : 76.50%"
"[다른 한 곳은 젯키즈코리아바구스글로벌이에요.], 긍정 텍스트 확률 : 96.09%"
"[두 업체에서 정식 수입을 해서 그런지 오렌지베이비는 제트키즈 베드 박스라는 명칭으로 안내하고 있고], 긍정 텍스트 확률 : 57.43%"
"[결과적으로는 두 곳 모두 정식 업체이니 구입하실 때에는 더 저렴하게 판매하는 곳에서 구입을 하시면 될 것 같아요.위에서 언급했듯이 저는 젯키즈코리아 체험단 발표가 있었던 년 월 일], 긍정 텍스트 확률 : 60.17%"
"[설명서], 긍정 텍스트 확률 : 54.29%"
"[뒤로 고리에 스트랩 한쪽씩 연결을 해주어야 하고끌고 다니려면 앞쪽에 있는 고리에 스트랩을 연결해주도록 되어있었어요.젯키즈 베드 박스가 무게가 매트리스 포함해서 이라서 무게가 많이 나가지는 않지만실제로 사용을 한다면 어깨에 메고 다니기보다는 전 끌고 다닐 것 같아요. ㅎㅎ ], 긍정 텍스트 확률 : 61.32%"
"[제트키즈 베드 박스 안에 들어있던 매트리스의 모습이에요.매트리스 안에 양쪽에 붙일 수 있는 가드가 들어있고 가드를 붙이는 곳에는 벨크로가 있어서 붙였다 떼기 쉽게 되어있었습니다.그리고 매트리스에도 벨크로가 있어서 안쪽에 가드 두 개를 넣고 동그랗게 말아서 보관하기에 좋더군요.개인적으로 매트리스 원단은 살짝 방수가 될 수 있는 원단이면 좋지 않을까 생각했는데 아쉽게도 그런 원단은 아니었습니다. ], 긍정 텍스트 확률 : 80.35%"
"[식탁의자 앞에 놓아둔 베드 박스의 모습입니다.기본적으로 제트키즈 베드 박스는 기내 좌석에 맞게 높이 조절을 할 수 있도록 되어있는데요저희 집 식탁의자가 높아서인지 베드 박스 높이를 최대로 해도 평평하게 맞추기는 조금 어렵더군요. ], 긍정 텍스트 확률 : 63.60%"
"[의자와 연결해 놓은 베드 박스 위에 매트리스를 올려주었습니다.매트리스를 깔아주는 방법은 본인이 편한 방법대로 해주면 될 것 같더군요.개인적으로 매트리스가 움직이지 않도록 고정을 시킬 수 있도록 베드 박스 뚜껑 부분과 매트리스 바닥에도 벨크로가 있으면 더 좋았을 것 같은데 별도의 고정 장치는 없었어요.사용방법은 복잡하지 않아서 비행기 탑승 전에 한 번만 해보면 기내에서도 충분히 할 수 있겠더군요. ], 긍정 텍스트 확률 : 94.37%"
"[공식적으로 안내되고 있는 젯키즈 베드 박스의 사이즈는가로세로높이입니다.하지만 이건 뚜껑까지 포함한 크기이고 실제로 뚜껑 부분에는 물건을 넣을 수 없기에물건을 넣을 수 있는 내부 사이즈로만 다시 측정을 해보았더니 약], 긍정 텍스트 확률 : 77.27%"
"[아이 간식견과류], 긍정 텍스트 확률 : 50.77%"
"[아이 장난감], 긍정 텍스트 확률 : 50.77%"
"[젯키즈 베드 박스를 구입하게 제가 가장 궁금했던 것은 물건이 얼마나 들어가냐 하는 것 있었고두 번째로 궁금한 것은 얼마나 잘 끌고 다닐 수 있느냐였습니다.위에서도 언급했듯이 매트리스 포함한 무게가 인데요 무겁다면 무겁고 가볍다면 가벼운 무게이지만저는 저질체력이기 때문에 어깨에 메고 다니고 싶은 생각은 없습니다. 그래서 얼마나 바퀴가 부드럽게 잘 굴러가느냐가 중요했어요.베드 박스 앞 바퀴 두 개는 도로 회전이 가능해서 약정도 되는 아이를 태운 상태로 끌었을 때방향 전환도 잘 되고 잘 끌리더군요. ㅎㅎ ], 긍정 텍스트 확률 : 99.49%"
"[체중 약 의세 남아이기에 베드 박스를 타고 다니는데 큰 문제가 없었습니다.새싹이는 혼자서 발로 씽씽 잘 타고 다녀서 이제는 유모차는 수화물로 보내고공항 내에서는 제트키즈 베드 박스 타고 다니게 해주면 될 것 같더군요. ㅎㅎ], 긍정 텍스트 확률 : 76.30%"
"[이코노미석을 비즈니스석처럼 넓게 사용이 가능], 긍정 텍스트 확률 : 55.43%"
"[유아 신장 까지는 누울 수 있고], 긍정 텍스트 확률 : 69.85%"
"[까지는 편하게 다리를 뻗을 수 있음스트랩을 이용해서 쉽게 끌고 다닐 수 있음아이가 직접 박스 위에 앉아 스쿠터처럼 타고 다닐 수 있음 유모차 대용으로 사용 가능아이 짐을 베드 박스 안에 넣어서 가지고 다닐 수 있기에 부모 가방에 챙겨야 하는 짐이 줄어들 수 있음베드 박스로 설치한 상태에서 약간의 여유 공간이 있어 내부 물건을 꺼낼 수 있음 비행기 좌석 높이에 따라 달라질 수 있음비행기뿐 아니라 기차], 긍정 텍스트 확률 : 99.08%"
"[충격을 가하면 파손되기 쉬운 재질이라 수화물로 보내면 안 됨개월 이전 비행기 내 좌석이 없는 유아는 사용이 어려움베드 박스 매트리스 커버가 방수 재질이 아니기 때문에 액체류를 기내에서 쏟으면 바로 세척이 어려움제가 제트키즈 베드 박스로 받아보고 느낀 장점과 단점이에요. ㅎㅎ실제로 기내에서 사용을 아직 해보지는 못했기에 아마도 사용을 한 뒤에는 또 다른 장], 긍정 텍스트 확률 : 97.42%"
"[단점에 대해서는 그때 다시 한번 언급하도록 하겠습니다.], 긍정 텍스트 확률 : 95.08%"
"[오늘이 평일 선착순 선물 마지막 날이었지만..우린 사전등록 후 입장하시면 이런 티켓 주시고.홀입구에서 표 확인하시네요 ], 긍정 텍스트 확률 : 58.43%"
"[전..서포터즈라 요롷게 이쁜 네임목걸이를 ], 긍정 텍스트 확률 : 66.57%"
"[연말이라 그런지 평일이지만 오신분들이 생각보다 좀 있네요바로 옆홀에서 크리스마스페어 같이 진행중이라 로비 부터 이쁜 트리 장식으로 눈요기 톡톡히 했네요♡ ], 긍정 텍스트 확률 : 70.49%"
"[규모가 작을거라 예상했지만 생각보다 많은 브랜드들이 있어 눈요기 톡톡히 했어요♡ ], 긍정 텍스트 확률 : 85.81%"
"[비박스 빨대컵다양한 색깔이 너무 이쁘더라구요♡ ], 긍정 텍스트 확률 : 55.05%"
"[얼마전 새로 생긴 휴대용유모차 안에 라이너 필요했는데폭신해 보여서 만져보고 왔네용 ], 긍정 텍스트 확률 : 83.65%"
"[벨리빈 과자도 있고 ], 긍정 텍스트 확률 : 70.79%"
"[마마치 제품도 정말 저렴히 판매중이었네요 ], 긍정 텍스트 확률 : 82.04%"
"[마더케이도 빠짐없이 있었구용♡ ], 긍정 텍스트 확률 : 55.21%"
"[요즘 애기밥 걱정인데 이런 김가루도 너무 좋겠더라구요♡♡ ], 긍정 텍스트 확률 : 99.09%"
"[요즘엔 시공매트가 대세♡♡진작에 있었더라면 ], 긍정 텍스트 확률 : 78.19%"
"[유팡 디자인도 너무 이쁘고 세련되게 리뉴얼 되었죠♡♡♡♡ ], 긍정 텍스트 확률 : 91.76%"
"[네이처러브메레도 빠지면 섭섭좋은 성분의 아기세제는 육아 필수템이 된지 오래죠 ], 긍정 텍스트 확률 : 58.37%"
"[칫솔 아래 흡착판으로 새울수 있는 아이디어 아기 칫솔 ], 긍정 텍스트 확률 : 63.92%"
"[포그네 힙시트..풀셋트 대박 세일 하더라구요필요하신분들 이번 기회에 득템하세요 ], 긍정 텍스트 확률 : 96.00%"
"[어느새 웨건도 육아템의 하나로 자리잡고 있는데요..둘째까지 태우고 다니면 너무 좋을거 같애요♡♡ ], 긍정 텍스트 확률 : 76.41%"
"[핑크핑크하게 이쁜것도 있더라구요ㅎㅎ ], 긍정 텍스트 확률 : 95.38%"
"[아가들 귀와 머리를 보호하기 위해서는 저런 방한모자 꼭 필요하더라구요우리딸도 저렴히 득템했어요 ], 긍정 텍스트 확률 : 92.57%"
"[육아맘님들은 이번주말 꼭 가서 좋은 가격에 득템하시길 바랍니다마지막으로 주말까지 하는 이벤트 안내해드릴께요 ], 긍정 텍스트 확률 : 98.13%"
"[ 일️선착순명만원 이상 구매후 영수증과 확인서받아 경품수령처에서 추첨✔대 여성 임신], 긍정 텍스트 확률 : 50.22%"
"[그리고 방문전 사전등록 하시는거 잊지말고 꼭 하고 가셔서 기분 좋은 쇼핑하길 바랍니다참..내년에도 베이비페어는 계속됩니다 ], 긍정 텍스트 확률 : 98.89%"
"[ .?베이비키즈페어베이비키즈페어.?베이비페어베이비페어.?킨텍스베이비페어킨텍스베이비페어.?킨텍스베페킨텍스베페.?킨텍스킨텍스.?육아육아.?육아맘육아맘.?베페베페.?선착순이벤트선착순이벤트.?육아소통육아소통.?육아정보육아정보.?임신임신.?출산출산.?임산부임산부.?예비맘예비맘.?줌마스타그램줌마스타그램.?출산준비물출산준비물.?월베이비페어월베이비페어.?육아스타그램육아스타그램 .?이벤트이벤트.?베페이벤트베페이벤트.?아이와나들이아이와나들이 ], 긍정 텍스트 확률 : 89.02%"
"[ 개월 육아는 아이템빨 시기별 꼭 필요한 육아용품 정리], 긍정 텍스트 확률 : 87.83%"
"[안녕하세요♡ 완주부입니다.어느덧 일을 넘은 또또기를 키우고있는 육아맘이 되었습니다출산전 육아템들을 많이 검색해보고 찾아봤지만], 긍정 텍스트 확률 : 79.75%"
"[육아맘이 직접 구매], 긍정 텍스트 확률 : 57.79%"
"[사용해보고 추천하는 필수 육아템개월 ], 긍정 텍스트 확률 : 58.05%"
"[이거 없으면 어떻게 애기 목욕시키고 기저귀 갈아줬을까..이건 추천이 아니라 필수템입니다쓰면서도 감탄 하게되고 주위사람들 명 중 명 모두에게 꼭 사라고 추천하는 아이템 ], 긍정 텍스트 확률 : 97.62%"
"[뚜껑을 열면 욕조가 나와서 허리굽히지않고 서서 목욕을 시킬수있답니다. 아래 수납공간도 넉넉해서 목욕시 불편함이 없어요저는 높은 아기침대를 구매해도 허리를 굽히게되서 기저귀 교환시 허리가 너무 아프더라구요 ㅜㅜ 그래서 폭풍 검색으로 알아낸 코사토예요. 가격이 꽤하지만 실용도는 더더더 높아서 후회없답니다.목용용으로 국민욕조라는 베베케슬욕조도 구매했는데], 긍정 텍스트 확률 : 59.62%"
"[코사토 제품 써보고 나서는 그것도 창고방신세네요.. 코사토욕조에서는 애기가 너무 크면 사용이 어려울거 같아요 ㅎㅎ 몇개월까지 쓸수있는지 제가 좀 더 사용해볼게요 ], 긍정 텍스트 확률 : 77.64%"
"[. 아기 사랑 세탁기 ], 긍정 텍스트 확률 : 71.50%"
"[미세먼지 많은 요즘은 아기가 좀 크면 애기 저학년까지도 길게 사용할 수 있을거같아요 ], 긍정 텍스트 확률 : 81.36%"
"[말이 필요없는 육아템아기키우는집 가면 하나씩 다 있길래 구매했는데 왜 다 있는지 알것같아요.아기가 잠자고 일어나면 모빌을 보여주고 분동안 저는 밥먹고 애기 수유준비 ], 긍정 텍스트 확률 : 96.17%"
"[습도는을 꼭 유지시켜 주세요. 그러기위해선 방안 습도를 지켜줄 가습기는 필수습도를 체크할 온습도계도 필수겠지요?저는 미로가습기를 사용했어요. 미로가습기 후기는 아래 글 참조부탁드려요 ], 긍정 텍스트 확률 : 84.41%"
"[가장 중요한건바로얇은 면소재의 바디수트기저귀 갈기 편하게 기저귀 부분 단추는 물론이고 앞가슴도 단추로 되어있어 입히고 벗기기 편한 바디수트는 필수랍니다 ], 긍정 텍스트 확률 : 58.78%"
"[쓰레기봉지를 갈아끼울 필요도 없어 간편하고 좋아요. 용량이 크면 클수록 편리한 것 같아요], 긍정 텍스트 확률 : 72.23%"
"[이렇게 가지 필수 육아템으로 완성된 저희 방입니다♡ 아기용품들로 꽉 찼지만 마음도 꽉차게 행복하답니다♡♡지금부터는 필수템은 아니지만 개월때 있으면 유용할 아이템들 소개입니다], 긍정 텍스트 확률 : 96.09%"
"[꼭 미마자리는 아니여도 디럭스형 요람형 유모차는 아기 재우기 좋은거같아요.스토케랑 미마자리 두개다 사용중인데 신생아때는 요람형이 좋고], 긍정 텍스트 확률 : 53.05%"
"[후기개월부터는 자형 바디필로우를 사용했습니다.형해피테일즈자형리치코여기까지 개월 필수 육아템 소개였습니다제가 사용해보면서 가장 활용도 높고 추천드리고 싶은 제품들로만 포스팅을 했는데], 긍정 텍스트 확률 : 82.28%"
"[혹시 궁금하신 육아용품이 있는 맘님들은 언제든지 물어봐주세요 ㅎㅎ 왠만한건 다 사용해봤는데 궁금증 해결이 될만한 정보가 있다면 공유해드릴게요 그럼 저는 개월 필수 육아템 포스팅으로 다시 돌아올게요♡출산준비 하시는 맘님들], 긍정 텍스트 확률 : 88.05%"
"[육아맘님들 모두 화이팅입니다 ], 긍정 텍스트 확률 : 99.08%"
"[저녁은 언니표 골뱅이무침이랑 엄마표 불고기ㅋㅋ아주 밥을 잘 먹고 월 첫날은 안뇨옹 .. ], 긍정 텍스트 확률 : 58.30%"
"[ㅋㅋㅋㅋㅋㅋㅋㅋㅋ주부 코스프레아침 티비 보기 ], 긍정 텍스트 확률 : 67.57%"
"[마스크 장착하고 간만에 힘쓰기?그래도 옆에 과장님이 피씨 셋팅이랑 좀 도와주셔서 다행 ], 긍정 텍스트 확률 : 66.48%"
"[집에와서 유자차 따뜻하게 한잔 하고 꿀잠 .. ], 긍정 텍스트 확률 : 88.35%"
"[그리고 오랜만에 헬스장 ㄲㄲ탈의실에서 아주머니들이 너무 놀래시구요 민망 ], 긍정 텍스트 확률 : 62.20%"
"[어머님이 보내주신 식혜도 야미공기압 마사지 하면서 티비보다가 잠들기 이번주도 수고했다 셀프 토닥.. ], 긍정 텍스트 확률 : 72.31%"
"[아 그리고 진통대처법 강의도 신청했어요두둥... 그전에 단디가 나오진 않겠죠ㅋㅋㅋㅋㅋㅋㅋㅋㅋ ], 긍정 텍스트 확률 : 52.82%"
"[그런데우리 단디가 너무 큰거죠 ㅋㅋㅋㅋㅋ주만에 폭풍성장을 해서 주차인데 무려 .키로고요지금 나와도 전혀 문제없는 아가무게 ㅋㅋㅋㅋㅋㅋㅋㅋ예정일 넘기지 않고 나오기를 ㅠ.ㅠ ♡꼭 자연분만 하고싶어용 ㅠㅠㅠㅠ엄마가 너무 잘먹은거뉘.....육아는 템빨], 긍정 텍스트 확률 : 91.48%"
"[회사 선배님이 주신 선물 . ], 긍정 텍스트 확률 : 55.69%"
"[너무 귀여운 겉싸개 겸 이불과 손싸개 손수건까지아가상어 뚜루루뚜두두 노래가 생각나는 상어모양단디 따뜻하게 단디쌀게요 키키감샤합니당 ♡ ], 긍정 텍스트 확률 : 99.95%"
"[그리고 이것은으으 정말 출산이 코앞으로 다가오고 있어요ㅠㅠ주변에서 출산가방쌌냐는 이야기를 많이 들었는데하나도... 준비 안했거든여........ ㅠㅠ병원에서 준 출산준비물 리스트보니산모에게 필요한 것들 말고는 다 준비해줘서조리원 갈때 생각보다 챙길게 없더라구요저 리스트에 있는건 미리 가방을 싸놓고 문옆에 둬야겠어요언제 출동할지 모르니까요 후덜덜덜.. ], 긍정 텍스트 확률 : 99.07%"
"[요즘 폭 빠진 딸기 ♡매주 거래로 바쁜 요즘ㅋㅋㅋㅋㅋㅋ일욜의 미션은 유모차였어요디럭스냐 절충형이냐 고민 많이하다가신생아부터 돌때까지 안전하게 태울 수 있는디럭스를 사서 팔고 절충형으로 갈아타기로 결정스토케 싸이벡스 등등 다양한 브랜드가 있었는데가성비 괜찮은 콩코드네오 년형으로 골랐어욤 흐흐상태도 아주 그레잇 뜬금없이 상봉이라는 동네까지 오게되서온김에 상봉에서 밥먹고 영화보고 집으로 ㅋㅋㅋㅋㅋㅋㅋㅋㅋㅋ ], 긍정 텍스트 확률 : 67.57%"
"[스테이크 보스라는 곳에서 스테키 도시락이랑감자튀김 먹었어욤 ㅋ.ㅋ 도시락은 좀 아쉬웠는데감자튀김이 그레잇 양도 많고 바로튀겨 바삭바삭 ], 긍정 텍스트 확률 : 61.49%"
"[그리고 주차타워에 주차를 해야하는 특이한 주차시스템의상봉 메가박스 ㅋㅋㅋㅋㅋㅋ 다른영화관은 제휴카드 할인 외에는 할인이 없는데메가박스는 장사가 잘 안되서인지 오픈마켓 찾아보면 천원 좀 안되게 표를 살 수 있더라구용자리마다 금액도 같은 것 같고 ㅎㅎㅎㅎ그래서 싸게 구입해서 예매를 했지요 ], 긍정 텍스트 확률 : 73.81%"
"[오늘의 영화는 ..꼭 보세요 월 민주항쟁에 대해 잘 몰랐던역사적 사실도 알게되고], 긍정 텍스트 확률 : 96.13%"
"[일반 시민들과 대학생의 손으로 이뤄낸 민주주의를 꼭 지키고 단디에게 후손에게좀 다 살기 좋은 나라를 만들어 주고 싶다고 생각했어요그리고 여담이지만ㅋㅋㅋㅋ 중간에 강동원씨가 나오는데뻥안치고 영화 상영중에 사람들이 강동원이다어머머 멋있어 잘생겼어를 육성으로 ㅋㅋㅋㅋㅋㅋ ], 긍정 텍스트 확률 : 74.58%"
"[통통하게 오른 볼살 토요일 단디 무게의 충격으로 집에서 틈틈히스쿼트하고 운동하고 잤네요 ㅋ.ㅋ 흐흐 ], 긍정 텍스트 확률 : 77.28%"
"[이제 일상글 번 번이면 엄마가 되어있을지도 모르겠어요마지막까지 건강하게 별탈없이 행복하게 지낼 수 있기를 ♡ 이번주 내내 춥다고 하는데 감기 조심하시구용오늘도 즐거운 하루 시작하세요 히히 ], 긍정 텍스트 확률 : 99.88%"
"[출산육아용품 오프라인구매는 마더케어에서출산육아용품계의 모던하우스 마더케어 전국개 매장], 긍정 텍스트 확률 : 50.94%"
"[ 개천절 공휴일에 방문한 마더케어사실 베페는 생각보다 비싸고], 긍정 텍스트 확률 : 55.04%"
"[단점 또한 무시할 수 없고...오프라인매장을 몇 군데 알아보다신생아용품 파는 전문할인매장 가서 이것저것 비교해보고저렴한 가격에 구매하는 재미를 본 후어제는 우연히 알게 된 ], 긍정 텍스트 확률 : 92.26%"
"[개오프라인 매장이 있는데 다행히 대전 둔산홈플러스에 마더케어가 입점남편 손잡고 부담없이 구경갔다가 아주아주 대만족하고 왔기에 꼭 추천하고 싶었던마더케어를 간단히 설명하자면], 긍정 텍스트 확률 : 79.18%"
"[전 세계 개국], 긍정 텍스트 확률 : 73.62%"
"[홈플러스 둔산점 층에 위치하고 있다. 그 외 전국매장 곳은서울 ], 긍정 텍스트 확률 : 80.43%"
"[ 대전 마더케어의 내부모습깔끔하고], 긍정 텍스트 확률 : 61.73%"
"[종류면에서도 절대 손색없는엄마들이 찾는 알짜배기들은 총집합 요즘 물티슈에 관심 집중이라들어가자마자 눈에 띈베베숲 물티슈], 긍정 텍스트 확률 : 89.61%"
"[ 아쉽게도 유축기는 메델라밖에 없었다 ㅠ유축기는 말하자면 입아플 지경...사실 출산 후에 사도 되지 않나직수하는데 굳이 왜 필요하지 했는데후기보니 안샀다가 조리원에서부터낭패봤다는 분들이 많아서 ㅋㅋㅋㅋ그리고... 최고를 찍은 남편성화에...미리 사두기로 결정한 너란 유축기...], 긍정 텍스트 확률 : 88.86%"
"[ 뚜껑열면 욕조까지알록달록 너무 예뻐서오오 핫템 사야지 했었던 불과 얼마전까진 ㅋㅋㅋㅋ 결론은가격대비 너무 비싸단 생각에기저귀정리함은], 긍정 텍스트 확률 : 93.47%"
"[코코맘멀티바스켓 ], 긍정 텍스트 확률 : 73.88%"
"[턱받이 등등의류도 종류가 참 많았는데], 긍정 텍스트 확률 : 54.78%"
"[ 요즘 관심있게 보고있는바운서도 구경뉴나리프], 긍정 텍스트 확률 : 94.28%"
"[베이비뵨으로 결정하지 않을까 싶다....자자 지금부터가 마더케어의 진가가발휘되는 순간오빠랑 나의 주관심사는], 긍정 텍스트 확률 : 77.29%"
"[요즘 트렌드며], 긍정 텍스트 확률 : 85.73%"
"[ 제일 좋았던건 제품별 장단점을모두 설명해주셔서 합리적인 판단이가능했던눈에 쏙쏙귀에 쏙쏙그리고 운좋게도 다음 주 홈플러스가 ], 긍정 텍스트 확률 : 96.52%"
"[올빵데이 라는 할인이벤트를 해서 초초초초 할인 된 가격으로구매할 수 있다는그 날오면 베페 뺨치게사람들이 몰려서이런 설명도 전혀 못들었을거라고직원분이 오늘 잘 왔다고 하셔서더 기분좋게 경청 또 경청 유모차는 바로 예약해버렸다올빵데이 때 가서 결제하고 사은품과 함께 데려오기만 하면 된다 숙제를 또 하나 해결했다.], 긍정 텍스트 확률 : 53.67%"
"[ 이렇게 설명을 들었다.장단점을 다 나열할 순 없지만 도담이는 ], 긍정 텍스트 확률 : 55.93%"
"[ 가격대비 브라이택스가 제일좋다는 판단대망의 유모차흔히 유모차를 결정할 때가장 먼저디럭스 절충형 휴대용 중뭘 할지첫 아이기도 하고신생아 때 부터 아가아가 할때는안정감이 최고지 않나 싶어서디럭스 절충형 중에 고민하지만... 저게 끝이 아니었다디자인만 보고 샀으면정말 큰일 날뻔 했다는 생각ㅠㅠㅠㅠ유모차는], 긍정 텍스트 확률 : 94.46%"
"[별도 악세사리 구성 및 사은품 등을위주로 기나긴 설명이 계속되었고...우린 결정했어요 ], 긍정 텍스트 확률 : 86.61%"
"[그레이로 ♥ ], 긍정 텍스트 확률 : 99.48%"
"[가격 설명 다 듣고나서고민고민하다가격대비 최고인것같아서 도담이 첫 붕붕이는 시드로 결정 ], 긍정 텍스트 확률 : 82.71%"
"[ 파필리오 라인은 총 가지 컬러설명들을 때는 쿨 네이비 색상이었는데얘도 깔끔하고 선명한 네이비색이라 예뻤다. ], 긍정 텍스트 확률 : 55.33%"
"[ 개월 된 아기 모형을 직접 태워서친절하게 설명다시 생각해도 어제 직원분 너무너무 감사하다는 ㅠ어디가서 이런 설명 듣냐는...담주에 방문할 때 음료라도 하나사가야겠어요 ㅋㅋㅋㅋㅋㅋㅋ오프라인매장으로는 이만한데 없지 않을까요?끌어보고], 긍정 텍스트 확률 : 99.83%"
"[접어보고 이것저것직접 해보면서 장단점을 알아볼 수 있어서너무 좋았던 마더케어 매장], 긍정 텍스트 확률 : 79.75%"
"[바로 다음주], 긍정 텍스트 확률 : 54.11%"
"[올빵데이 근처 오프라인 매장이 있는 분이라면꼭 방문해보시길 추천드립니다 ♥ ], 긍정 텍스트 확률 : 99.69%"
"[ 순수담다], 긍정 텍스트 확률 : 59.69%"
"[ 벨라해피베이비기저귀등등 브랜드가 정말 많은 바베파파 ], 긍정 텍스트 확률 : 67.30%"
"[ 바베파파도 회 코엑스 베페 베이비페어 참가기념으로 가격 할인 이벤트는 물론이고매일 오전시 선착순 명 룰렛이벤트 당첨등 명은 벨라 기저귀 박스넬피오레 물티슈 박스 라니 대박 ], 긍정 텍스트 확률 : 95.91%"
"[ 실제 아기무게 인형과 함께 엘비니 힙시트를 착용해보면넬피오레 물티슈 증정구매고객에게는 구매금액에 상관없이모두 꽝없는 행운권 응모까지 ], 긍정 텍스트 확률 : 88.72%"
"[ 여기도 ㅎㅎ 미니가 자주 입는 워터파크용 래쉬가드 키썸플레이그러고 보니 저 바베파파 브랜드 엄청 쓰고 있었네요 이렇게 한자리에 모아두고 보니 더 많아보여요 ㅋㅋㅋ ], 긍정 텍스트 확률 : 74.32%"
"[ 히치하이 히치백과 히치빔 네오플랜 소재라서아이 간식이나 물등을 들고 다니기도 좋고유모차에 걸어서 써도 좋아요 ], 긍정 텍스트 확률 : 80.16%"
"[ 유럽 친환경 기저귀 벨라베이비해피도 기저귀 요즘 생리대와 함께 말도 많고 탈도 많은데 최고 할인에 유럽 친환경 기저귀라면 득템 확정이죠 ], 긍정 텍스트 확률 : 99.80%"
"[ 년 장인의 손길로 디자인과 기능이 완벽한엘비니], 긍정 텍스트 확률 : 79.19%"
"[ 스카프빕까지완젼 편하게 생기고 깜찍한 디자인이에요], 긍정 텍스트 확률 : 82.66%"
"[ 제가 탐내하던 육아용품들이 쏙쏙 들어있네요 애정하는 바베파파 서포터즈 팩도 남다르네요], 긍정 텍스트 확률 : 65.57%"
"[다음번 베페 베이베페어는 월이라고 하는데그때도 바베파파와 함께 득템하러 쇼핑갈께요 ], 긍정 텍스트 확률 : 70.83%"
"[유모차대여를 이용하시는 분들은홀에서 등록 하시고 입장하시면 되요], 긍정 텍스트 확률 : 51.91%"
"[홀의 입구에는 미아보호소와 의무실이 있어요저는 토요일에 베페 다녀왔는데요이날 방문객들이 굉장히 많았어요 ㅎㅎ베페의 인기란], 긍정 텍스트 확률 : 81.27%"
"[홀 입구의 모습이예요오후에 갔음에도 불구하고 방문객들이 계속 입장하고 있네요 ], 긍정 텍스트 확률 : 89.64%"
"[저는 점심쯤 도착해서 아이 밥도 먹이고 기저귀도 갈아야해서 프리미엄 라운지에 들렀어요베페 프리미엄 라운지는 홀에 위치해 있는데요무조건 다 들어갈 수 있는건 아니랍니다베페 베이비페어 서포터즈와 프리미엄 멤버쉽 가입자에 한해서 이용이 가능해요 ], 긍정 텍스트 확률 : 71.79%"
"[ 원으로 다양한 혜택을 누릴 수 있는데요이번에는 엘림 캐릭터 코튼이불을 선물로 주네요 베페 베이비페어 방문시 프리미엄 라운지 이용혜택뿐 아니라베페몰 프리미엄샵을 저렴한 가격으로 이용이 가능하구요베페몰 할인 쿠폰과 포인트 적립도 가능해요 베페 베이비페어 행사장 내에 쉴곳이 마련되어 있지만엄 청 많은 방문객들이 오기때문에 넓은 공간인데도 불구하고간혹 자리가 없는경우가 많아요그럴때 요 프리미엄 라운지 이용이 가능하면 넘 좋다죠 ], 긍정 텍스트 확률 : 51.61%"
"[게다가 핀덴베베 물티슈와 스킨케어 제품도 사용이 가능해요 실내도 넓고 테이블도 있어서 잠깐 쉬어가기에 너무 좋아요그리고 서포터즈와 프리미엄 멤버쉽 회원에겐 음료나 커피도 제공된다는 사실], 긍정 텍스트 확률 : 94.67%"
"[베페 프리미엄 라운지 내에서 밥먹고 있는 시워니 지난번 베페 방문때는 뻬그뻬레고 식탁의자를 사용해봤는데요이번엔 브레비 식탁의자를 사용하게 되었어요진열상품을 특가로도 구매가 가능하게 되어 있었어요확실히 아기 식탁의자에서 밥 먹이니 눈높이도 맞고아이도 편하게 먹을 수 있어서 좋더라구요], 긍정 텍스트 확률 : 76.31%"
"[늘 붐비는 베이비젠요요 부스예요부스 디자인도 넘 감각적으로 잘 해놨더라구요 ], 긍정 텍스트 확률 : 78.39%"
"[카페 메뉴판처럼 ㅎㅎ 베이비젠 제품들 가격들을 적어뒀어요한눈에 제품들 가격을 알 수 있어서 넘 좋은듯 했어요게다가 베페앱에서 베이비젠 쿠폰 다운로드시 만원 즉시할인이라니베페 현장에서 구매하면 요런 파격적인 혜택도 있네요 ], 긍정 텍스트 확률 : 96.84%"
"[시워니는 유아식을 먹고 있어서요즘 이런 예쁜 식판이 보이면 자꾸 눈이 가더라구요 ㅎㅎ밥을 먹고나면 귀여운 캐릭터들이 짠 하고 나타나니밥 먹기 싫어하는 아이들도 싹싹 다 먹을 거 같아요 ㅎㅎ ], 긍정 텍스트 확률 : 98.80%"
"[에그 유모차 부스예요다른 유모차 부스들과 달리매장처럼 인테리어를 해놨더라구요흡사 명품관 입구같은 느낌 ], 긍정 텍스트 확률 : 92.03%"
"[유모차 넘 이쁘죠 저희집엔 이미 디럭스], 긍정 텍스트 확률 : 76.78%"
"[휴대형 다 있지만예쁜 디자인의 유모차가 보이면 눈이 휙휙 돌아가더라구요ㅠㅠㅠㅠ ], 긍정 텍스트 확률 : 70.17%"
"[다양한 디자인의 캐릭터 이불을 판매하던엘림 코리아 부스예요만져봤는데 완전 폭신폭신하고 보들보들한게누우면 바로 꿀잠 잘 것 같았어여 ㅋㅋ ], 긍정 텍스트 확률 : 64.43%"
"[핀덴베베 부스예요시워니도 핀덴베베 잘 사용중인데용역시 이날도 사람들로 북적이네요핀덴베베는 정말 인기가 많아서늘 이렇게 붐빈답니다 ], 긍정 텍스트 확률 : 68.90%"
"[아이가 둘 이상 되는 가족들은 웨건 많이 가지고 다니시더라구요전광판에 육아는 장비빨 이라는 멘트가 넘 와닿았어요 ㅋㅋ ], 긍정 텍스트 확률 : 61.17%"
"[요 작은 웨건은 토이웨건 이라고 하더라구요 ㅎㅎ아이가 끌고다닐수 있게 만들어진 제품인데요스스로 정리하는 습관 들이기에도 좋을 것 같아요], 긍정 텍스트 확률 : 77.61%"
"[럭셔리의 끝판왕 미마자리 유모차네요 ㅋㅋ매번 볼때마다 감탄을 한답니다크흐울 신랑 매번 요 유모차 볼 때마다어 내가 사고싶던 유모차다 한다는요 ㅋㅋ ], 긍정 텍스트 확률 : 99.20%"
"[미마자리에서도 아기 식탁의자가 출시되었더라구요가격은 후덜덜하구여 ㅋㅋㅋㅋ디자인은 정말 예뻐요 ], 긍정 텍스트 확률 : 83.93%"
"[베페에서 초특가 행사중인 비박스육아맘들 비박스 한두제품은 다들 사용하시더라구요저도 아이 빨대컵 사용할때 썼는데 넘 잘 썼어요 ], 긍정 텍스트 확률 : 69.16%"
"[ 홀 사이에 있는 휴게공간이예요이 넓은 휴게공간이 거의 자리가 없더라구요몸이 무거운 우리 임산부 예비맘님들은프리미엄 멤버쉽 가입하셔서 프리미엄 라운지에서 편하게 쉬세용 ㅎㅎㅎㅎㅎ ], 긍정 텍스트 확률 : 94.09%"
"[바로 요 유모차 때문에 제가 눈 초롱초롱 했다죠리안에서 드디어 기내반입되는 유모차가 출시되었어여와우 최고 ], 긍정 텍스트 확률 : 99.07%"
"[완전 컴팩트하게 접히구요폴딩도 완전 쉽게 촥 되더라구요 ], 긍정 텍스트 확률 : 52.74%"
"[아이배넷 부스에서는행사가 진행중이었어요어떤 제품들은 도 있네요 ㅎㅎ육아맘님들 아이배넷 부스에서 떠나질 못하시더라구여 ㅋㅋ저희는 인터넷으로 잔뜩 질러놨던터라.. ㅠㅠㅠ아오 ㅋㅋㅋㅋㅋ 이런 몹쓸 타이밍담번 베페에서도 꼭행사 해주시면 좋겠어영 ], 긍정 텍스트 확률 : 99.79%"
"[베페 베이비페어는 늘 갈때마다 할인도 많이하고사은품도 빵빵해서 넘 좋은거 같아요다음 베페에도 꼭 갈거예용], 긍정 텍스트 확률 : 67.49%"
"[ 출산전 아기용품 구매내역 ], 긍정 텍스트 확률 : 61.48%"
"[좁쌀베게 보니타베베 사전지식없이 베페가서구매방수요 좁쌀베게 ], 긍정 텍스트 확률 : 68.38%"
"[. 짱구베게. 유트러스 이쁘고 여름에도 좋을거 같아서 역시 코엑스에서 구매.만원 ], 긍정 텍스트 확률 : 97.12%"
"[. 방수요 미니], 긍정 텍스트 확률 : 50.53%"
"[. 속싸개 스와들디자인회사포인트몰 구매ㅎㅎ 얼만지모르겠다ㅋ ], 긍정 텍스트 확률 : 74.47%"
"[. 의류내복은 거의 만원대저렴이들팬콧후드 만원아디다스바람막이 만원대모이몰른가방], 긍정 텍스트 확률 : 78.38%"
"[블루독보행기화는 선물니트우주복은 리퍼샵에서 .만원까만색 걸음마신발 리퍼샵 만원퓨마운동화 아울렛에서 .만원카터스 옷셋트랑 모자는 베페에서 받음ㅎ ], 긍정 텍스트 확률 : 61.21%"
"[보관용품블랑], 긍정 텍스트 확률 : 51.44%"
"[. 수유패드 사은품받음매 ], 긍정 텍스트 확률 : 54.38%"
"[. 브라운체온계베페보다 직구가 훨씬저렴요즘은 직구업체에서 도 됨에서 구입 원 ], 긍정 텍스트 확률 : 75.58%"
"[. 팸퍼스 기저귀 단계번가 핫딜매에 원명그리고 엄마와 사은품 추가마미포코 보송허그 단계 매롯마에서 세일해서 산 하기스 네이처메이드 매원 이제 기저귀는 된것같군 ], 긍정 텍스트 확률 : 85.45%"
"[. 궁중비책 수딩플루이드], 긍정 텍스트 확률 : 57.86%"
"[. 마마스앤파파스 범보의자은선네가 사준 ], 긍정 텍스트 확률 : 65.46%"
"[. 분유포트쿠첸쇼니언니한테 선물받음경품으로 받은 일렉트로룩스꺼 있지만언니한테받은거로 사용예정 ], 긍정 텍스트 확률 : 78.00%"
"[ 베페베이비페어 아듀 베페베페마켓 뜨거웠던 현장 보고 ], 긍정 텍스트 확률 : 53.85%"
"[입니당 ], 긍정 텍스트 확률 : 70.45%"
"[아침잠도 많고낮밤이 바뀌지 오래인 저인지라베페맘스쿨 육아맘클래스도 오후반을 신청했었는데요선착순 선물이 계속 눈에 아른아른거리고열혈서포 선택미션도 있고 해서일찍 집을 나섰습니다오랜 만에 코엑스에 갔더니멍멍이 대형풍선이 입구에 뙇 ], 긍정 텍스트 확률 : 56.06%"
"[베페몰앱 로그인 화면 보여 주고알집매트 기저귀 가방도 받았습니다육아맘 클래스 참석하신 분들이것도 안 받고 들어 가신 겁니까 ], 긍정 텍스트 확률 : 73.72%"
"[순식간에 선착순 선물과열혈서포 미션선택미션을 마치고 나니제 손에는 이미 많은 선물들이 있습니다 ], 긍정 텍스트 확률 : 74.90%"
"[이제 본격적으로 구경해 볼까요? ], 긍정 텍스트 확률 : 52.17%"
"[ 바베파파 여기서는 전시만 하고 있었고판매는 호에서 하고 있었어요오후에 이벤트 있을 거랬는데 예비맘 대상이었나 보더라구요 ], 긍정 텍스트 확률 : 66.55%"
"[ 랜드스케이프알레린마이크라라이트 아기베개 만원에 판매하고 있었는데왜 안 사고 그냥 왔을까요잘 때 땀 많이 흘리는 라엘양을 위한 베개인데.. ㅠ민준아빠님께서 직접 나와 계셨구요마이크라라이트 유모차도 전시되어 있었습니다 ], 긍정 텍스트 확률 : 86.26%"
"[ 원이었는데장미세럼 발라 보고 충동구매 했어요ㅋㅋㅋ예비맘 대상으로 뷰티클래스 신청서 받고 있었는데요선물 준대서 쓰고 샘플 받았습니다 ], 긍정 텍스트 확률 : 90.01%"
"[ 로고나 로고나 회원가입 하고 베이비아토 로션 받고인스타그램 팔로우 하고 샘플 받았습니다 ], 긍정 텍스트 확률 : 52.63%"
"[ 무스텔라 무스텔라 공식 판매처가 새로 오픈됐는데요회원가입하고 물티슈 받았어요 ], 긍정 텍스트 확률 : 76.69%"
"[지난 회 베페 베이비페어 때사지 못 해서 내내 아쉬웠던 바디로션을으로 샀습니다만원 이상 구매시 사은품 준다고 해서라엘양 볼따구에 바를 밤도 하나 샀어요 ], 긍정 텍스트 확률 : 59.81%"
"[손수건 등등저렴하게 판매 중이었습니다목욕타올 더 살까 고민하다 그냥 왔는데계속 생각나네요 ㅠ ], 긍정 텍스트 확률 : 99.20%"
"[ 베이비파스텔 라엘양 성장앨범 촬영한 곳이죠사진 컨셉 더 이뻐진 거 같아요 ], 긍정 텍스트 확률 : 95.47%"
"[ 핀덴튜터링 베페 사이트에서 회원가입 이벤트 진행했었는데그 때 제 폰으로 회원가입이 안 됐었거든요저번에 회원가입 안 되더라 하니계속 어플 업그레이드 중이라면서 다시 해 보라고 하셔서회원가입 성공하고 동화책 권 받았습니다영어책이랑 한글책 중에 선택하는 거였는데영어는 제가 읽어 줄 자신이 없어서 한글책으로.. ㄸㄹㄹ ], 긍정 텍스트 확률 : 81.77%"
"[피싱게임도 있더라구요원래 가격 보고 살짝 놀랬 ㅋ ], 긍정 텍스트 확률 : 80.37%"
"[ 아이조아조아뜨 천원], 긍정 텍스트 확률 : 95.20%"
"[천원 균일가 행사하는 거 알고 갔지만신생아용품 진짜 싸게 팔고 있었습니다블랭킷이랑 이불도 세일 중이었는데요블랭킷 너무 맘에 들었는데 세일해도 비쌌.. ㅠ ], 긍정 텍스트 확률 : 99.44%"
"[범퍼침대랑 듀얼범퍼매트도 할인 중이었습니다 ], 긍정 텍스트 확률 : 79.56%"
"[ 플레이 키친 두 제품도 있었어요얼마 전에 체험단 모집도 있었는데 아쉽게도 떨어졌지요.. ㅠ다음번엔 꼭 우리집으로 오렴 ], 긍정 텍스트 확률 : 91.25%"
"[팀슨주방놀이 최대 퍼 할인에팀슨 쿡웨어 세트 무료 증정 행사 중이었고키즈폰도 같이 판매하고 있었습니다 ], 긍정 텍스트 확률 : 83.65%"
"[ 퀴니맥시코시 퀴니랑 맥시코시도 특가 세일 중이었습니다 ], 긍정 텍스트 확률 : 87.68%"
"[ 가이아 완구 모 카페에서 체험단 모집을 했었던 문짝이 있더라구요생각보다 가격이 저렴해서 놀랬네요다양한 장난감들이 만만원 균일가로 판매되고 있었습니다 ], 긍정 텍스트 확률 : 75.10%"
"[ 리틀포레스트 베페맘스쿨 육아맘클래스 오후반을 함께 한리틀포레스트입니다프리미엄 멤버쉽 가입 선물로 받은 버터플라이가요기 있네요 ㅋ ], 긍정 텍스트 확률 : 97.60%"
"[낮잠이불세트 판매 중이었는데저기 파란색 이불은 한정수량으로 만원이었어요세일 안 하고 있던 이불이 더 맘에 들더라구요 ㅋㅋㅋ카터필러 이불 뒤에 색감이 완전 취저입니다 ], 긍정 텍스트 확률 : 73.93%"
"[회 베페 서포터즈 스페셜 선물로 받았던히치아이 히치백 있었고엘비니 목베개랑 블랭킷], 긍정 텍스트 확률 : 65.69%"
"[ 위고아미고 블랭킷도 있었습니다 ], 긍정 텍스트 확률 : 51.87%"
"[넬피오레 물티슈도 최대할인 중이었고코사토 다용도 기저귀 정리함도 있었네요 ], 긍정 텍스트 확률 : 55.04%"
"[로고나 회원가입하고 받은베이비아토 로션 로고나 인스타 팔로우하고 받은샘플 종 ], 긍정 텍스트 확률 : 65.15%"
"[회 베페 베이비페어에서 꼭 만나요 ], 긍정 텍스트 확률 : 58.45%"
"[ 코엑스 베페 꼭 가야하는 부스 바베파파 ], 긍정 텍스트 확률 : 65.88%"
"[베페 중에서도 규모가 큰 코엑스베페월일 목요일부터 진행중이죠저도 첫날부터 둘째날까지 야무지게 다녀왔어요정말 다양한 부스들이 있지만큰 관심을 가지고 다녀와야할 부스는 바로 ], 긍정 텍스트 확률 : 97.41%"
"[ 다양한 프리미엄 유아용품 스토어로 여러가지브랜드의 제품이 있어서 그런지 부스가 굉장히 크게 마련되었더라구요비박스 레드루트 루코오가닉 넬피오레에코키드오가닉엘비니 카가푸치 엘비니 순수담다벨라베이비해피 코사토 블레스유 베이비스온니오가닉다양한 브랜드가 준비 되어있어 구경할것 살것도 많더라구요저도 이틀내 바베파파 부스가서 구경하고 여러가지 구입하고 왔어요다양한 브랜드 중에서도 큰 관심을 가져야하는], 긍정 텍스트 확률 : 98.70%"
"[ 요즘 유아용품 성분 논란으로 엄마들이 참 걱정 많은데요 저 또한 따지고 따져 결정한다고했는데도 쓰던 제품 성분으로 ... 맘상하고 쓰던거 버린적도 있드랬죠 다시 폭풍 검색 끝에 알게 된], 긍정 텍스트 확률 : 99.82%"
"[그린등급 성분 만 들어있어요소중한 아이에게 좋은세제 유해하지 않은 성분으로 만들어진 착한세제로 빨래해줍시다 ], 긍정 텍스트 확률 : 96.62%"
"[ 코엑스베페에서만 만날 수 있는 레드루트 특가 할인할인 판매중 증정 이벤트넬피오레물티슈], 긍정 텍스트 확률 : 77.66%"
"[카가치약 베페에서 다양한 혜택으로 만나보아요직접가서 향 맡아보고 성분 확인하고 부스에 준비된 세탁기로 세정력 확인까지세탁세제 섬유유연제 산소계표백제 주방젖병세정제 얼룩제거제 ], 긍정 텍스트 확률 : 77.99%"
"[비타민 함유 독일 더마 테스트 최고등급 획득독일에서 엄격한 제조 공정 시스템], 긍정 텍스트 확률 : 93.84%"
"[ 베페에서만 만날 수 있는 할인 이벤트로 착한가격에 득템 레드루트 세제 잔뜩 구입하고 무불소 카가 무향 치약 하나 받고 따로 개 구입해 두었어요], 긍정 텍스트 확률 : 62.11%"
"[ 엄마빠라면 모를 수 없는 비박스 빨대컵 국민빨대컵 쁨이 친구들 하나씩 사용하더라구요게다가 이번 회 베페 선착순 선물 저도 선착순으로 받았어요 ], 긍정 텍스트 확률 : 50.53%"
"[우리 쁨이랑 여름이거 하나씩 ], 긍정 텍스트 확률 : 54.03%"
"[이모가 같이 가서 받아준 것 ], 긍정 텍스트 확률 : 59.69%"
"[ 다양한 구성으로 만날 수 있는 세트 ], 긍정 텍스트 확률 : 75.38%"
"[엘비니턱받이], 긍정 텍스트 확률 : 50.43%"
"[욕조로도 쓸 수 있다고해요 알록 달록 참 예쁘게 만들어 졌어요우리 쁨이가 신생아때 사용했었던 유럽 기저귀], 긍정 텍스트 확률 : 76.74%"
"[워머 디자인 색상 예쁘고 편안해보였어요], 긍정 텍스트 확률 : 67.61%"
"[ 다양한 핏으로 만날 수 있는 힙시트 베페 특별가], 긍정 텍스트 확률 : 73.08%"
"[ 겨울에도 따뜻하게사용할 수 있는워머 다른곳과 다르게 패턴이 특이하고 예뻐요 세트로 특별할인까지 만나보아요], 긍정 텍스트 확률 : 98.82%"
"[자동차베개 아이들이좋아하는 디자인으로 제작된 베게 ], 긍정 텍스트 확률 : 55.58%"
"[ 우리 쁨이도 참 맘에 들어하더라구요 하나 사주고싶은데다음을 기약하며 ㅋㅋㅋ 구경만 ], 긍정 텍스트 확률 : 78.95%"
"[ 개인적으로 레드루트 다음으로 관심을 가진], 긍정 텍스트 확률 : 91.72%"
"[허위 광고가 많다고해요자연의 순수함 그대로 안심 물티슈제조국 한국 국내 유일 위생], 긍정 텍스트 확률 : 90.22%"
"[무첨가의 안전한 성분으로 독일 더마테스트 최고 등급 획득유해물질 테스트 완료 ], 긍정 텍스트 확률 : 86.77%"
"[ 개 한박스 구입시 할인무료배송 힘들게 집으로 가져갈 필요없어요베페 특가로 단품으로 구입가능하니 궁금했던 분들 착한 가격에 구입해서 그동안 써본 타 제품들과 비교한번해보아요], 긍정 텍스트 확률 : 62.85%"
"[오후 두시 잊지말아요 꼭 바베파파 ], 긍정 텍스트 확률 : 87.95%"
"[파파를 찾아라바베파파부스 곳곳에 숨은], 긍정 텍스트 확률 : 65.57%"
"[순수 담다 세탁망 증정 ], 긍정 텍스트 확률 : 59.69%"
"[코엑스베페가면 꼭 들려야하는바베파파 부스잊지말고 들려서 좋은 제품들 득템하소서혹], 긍정 텍스트 확률 : 94.14%"
"[많이 달지도 않고크림도 질리지않는왜 오믈렛 오믈렛 하는지알꺼같당개인적으로 난 초코가 더 맛나는듯 ], 긍정 텍스트 확률 : 57.42%"
"[그리고 고민고민 해서 구입한파크론 버블매트크림하우스 알집매트엘지하우스진짜고민 많이됐는데매트는 우리아가가 계속 누워있을꺼라여기저기 찾아보고 베이비페어 방문해가며결정한 아이템파크론이 디자인은 ㅜㅜ 잘 없기도없고내가사려고 마음 먹고나서슈퍼맨에서 이동국님 집에 깔린거보고더욱 유명해져서...할인도 잘 안한게 되버린 처음 사려고했을때보다 무려 만원이나가격오름 ], 긍정 텍스트 확률 : 84.79%"
"[이렇게 접어서 배달왔음무게는 키로정도라는데...임산부인 내가들기엔좀 크고 ..무거움접힌것만 봐도...너무 뿅감베이비페어가서 맨발로 한번 밟아보고완전좋다생각하고 구입하기로 마음먹은 매트신랑도 크림하우스 알집매트디자인이 좋다했었는데베이비페어가서 한번 밟아보고는다른건찾지도 않고 구입함ㅋㅋㅋㅋㄱㅋ ], 긍정 텍스트 확률 : 60.82%"
"[이건뭐 아빠들의 아이템카시트는 정말 모르겠어서신랑님이 사자는거 덜컥구입신랑은 싸이벡스께 너무너무너무갖고 싶다지만가격이 너무 후덜덜해서우리가 구입한건 브라이텍스 듀얼픽스타는 연령도 세까지라고 되어있지만그때까지 못타는게 이 아이에 유일한단점이라네용이카시트 사는분들이 둘째까지생각해서구입한데용 저도 둘째생각이 아직까지는있으므로ㅋㅋㅋ그리고...다른 카시트 안들어봐서 모르겠지만엄마들은 아마 혼자서 설치 못할정도로 무거윰. . ], 긍정 텍스트 확률 : 98.88%"
"[ 코엑스베페 베이비페어 역시 볼거리 가득 ], 긍정 텍스트 확률 : 90.56%"
"[회 베페 베이비페어 관람위해 코엑스 다녀왔어요.역시 볼거리가 가득 만족도 굿굿서포터즈팩 공개♥], 긍정 텍스트 확률 : 99.83%"
"[모처럼 춥지 않았던 주말이라 외출하기 좋았던 오늘물론 저녁에는 다시 추워지긴 했지만요두달간 베페 서포터즈 활동하면서 기대감이 더 컸던터라설레는 마음으로 다녀왔어요따끈따끈한 코엑스 베페 현장 소식 전해드릴게요. ], 긍정 텍스트 확률 : 95.08%"
"[서포터즈 명찰 받고나면 더 뿌듯 .입장도 빠르니 더더욱 좋구요 ], 긍정 텍스트 확률 : 68.68%"
"[ 유모차 대여도 홀 옆에 있어요.출입증과 신분증 미리 준비하시면 시간 대여가능해요. ], 긍정 텍스트 확률 : 69.33%"
"[ 현장이벤트 참여하고 미니파우치 받았어요ㅋㅋㅋ ], 긍정 텍스트 확률 : 52.20%"
"[아이와함께 외출하려면 수유실 중요하죠?아빠수유실도 따로 있어서 부담없이 이용하기 편했어요. ], 긍정 텍스트 확률 : 76.37%"
"[잉글리쉬에그 부스 등다양한 교육브랜드부스가 많아서 볼거리가 많았던 베페였어요. ], 긍정 텍스트 확률 : 59.17%"
"[핑크퐁아기쇼파는 직접보니 더 귀엽더라구요아이들이 진짜 좋아할만한 디자인ㅋㅋㅋ 이벤트 참여하고 음료수도 득템], 긍정 텍스트 확률 : 90.17%"
"[지금도 사용중인 레드루트 세제는 세척력 짱할인해서 베페 베이비페어에서 구매하는것도 좋겠져? ], 긍정 텍스트 확률 : 56.47%"
"[ 코사토 이지피스는 별이때도 구매고민 엄청했는데ㅋㅋ다시봐도 욕조와 수납이 맘에들어요ㅋㅋㅋ ], 긍정 텍스트 확률 : 90.70%"
"[바베파파 부스에서 이벤트 참여하고나서물티슈와 벨라베이비해피 기저귀 샘플도 득템♥ ], 긍정 텍스트 확률 : 99.49%"
"[처음보는 브랜드였는데 클로란베베♥테스트해보니 발림성이 너무 좋더라구요. 신생아바디용품 출산준비물로 좋을것 같아요. ], 긍정 텍스트 확률 : 99.87%"
"[ 이유식 브랜드도 다양하게 전시중이였고], 긍정 텍스트 확률 : 67.03%"
"[ 시식행사를 진행중이라 아이에게 먼저 먹여보고나서구매하니 좋을것같다는 생각이ㅋㅋ역시 코엑스 베페 베이비페어 준비 철저한거같져? . ], 긍정 텍스트 확률 : 95.55%"
"[베베쿡 부스에서는 별이가 잘먹는 김도 구매했구요ㅋㅋ ], 긍정 텍스트 확률 : 77.99%"
"[신랑이 탐내던 유모차ㅋㅋㅋ전 핑크빛 베이비젠 요요에 반했구요ㅋㅋ ], 긍정 텍스트 확률 : 52.76%"
"[봄이 오긴 오려나봐요ㅋㅋㅋ유모차 브랜드마다 핑크빛유모차들이 유혹을 하네요. ], 긍정 텍스트 확률 : 59.72%"
"[완전 고급스러운 디자인의 유모차들이 다양하게 전시되어있는 코엑스 베페 베이비페어 현장이예요. ], 긍정 텍스트 확률 : 82.53%"
"[ 예쁜 유아식기가 가득했던 던바이디어 부스♥파스텔톤이라서 엄마 취향 완전 저격ㅋㅋㅋㅋ ], 긍정 텍스트 확률 : 99.96%"
"[이사가면 아이들방을 이렇게 꾸며주고 싶더라구요.아기침대], 긍정 텍스트 확률 : 55.06%"
"[수납장까지 다 판매하는중인 던바이디어♥직원들도 정말 친절하시니 부담없이 구경 꼭 하세요 ], 긍정 텍스트 확률 : 99.38%"
"[아이들이 정말 좋아하는 아이챌린지호비랑 함께하는 포토타임은 정해진 시간대가 따로 있어요.별이도 지난번에 호비 만나고 더 좋아하게됐는데], 긍정 텍스트 확률 : 74.57%"
"[현장특별이벤트도 참여해보시구요.정말 북적북적되서 상담대기도 은근있었어요 ], 긍정 텍스트 확률 : 55.64%"
"[체험존이 준비되어 있어서 다양한 호비교구도미리 살펴볼 수 있어서 좋았어요. ], 긍정 텍스트 확률 : 93.36%"
"[마지막 코엑스 베페 현장후기는 프리미엄 라운지♥베페 프리미엄 회원과 서포터즈만 이용할 수 있어요.그래서 그런지 여유있고 편하게 쉴 수 있었다지요ㅋㅋ ], 긍정 텍스트 확률 : 99.68%"
"[ 무스테라제품 테스트도 편하게 하고], 긍정 텍스트 확률 : 52.59%"
"[간식까지 챙길수 있는 베페 프리미엄 라운지♥ ], 긍정 텍스트 확률 : 99.55%"
"[물품보관함도 있어 짐도 맡겨두니 굿굿코엑스 베페 서포터즈 활동하면서 기대하고 방문했는데이전보다 부스도 깔끔하게 정리되어있고], 긍정 텍스트 확률 : 85.37%"
"[ 동선도 편하게 되어있어 편하게 관람한것같아요.진짜 다양한 브랜드들이 있어서 볼거리도 가득했고], 긍정 텍스트 확률 : 58.11%"
"[ 베페 직원분들도 안내도 친절히 해주셔서기분좋게 다녀왔답니다], 긍정 텍스트 확률 : 87.57%"
"[베페 서포터즈팩과 함께 사은품], 긍정 텍스트 확률 : 75.46%"
"[서포터즈하며 받은 베페백♥제돈주고도 종종 구매하는데 구성 진짜 알차요ㅋㅋㅋ ], 긍정 텍스트 확률 : 99.00%"
"[ 별이는 보자마자 아기주스랑 코블럭 가지고 룰루랄라신나게 놀더라구요 ㅎㅎㅎ ], 긍정 텍스트 확률 : 54.92%"
"[회 베페 베이비페어 이제 마지막날이예요.정말 볼거리가 가득하기때문에 방문하셔도 후회하지 않으실거예요 .다음 회 베페 베이비페어는 월 일목월 일일 개최라고하니이번에 놓치신분들 꼭 기억하세요.우리 가족의 소중한 추억], 긍정 텍스트 확률 : 98.43%"
"[ 베페가 함께합니다♥ ], 긍정 텍스트 확률 : 99.60%"
"[ 네잘쓰시고 릴드림해주세용저도 맛있는 간식 감사했습니다], 긍정 텍스트 확률 : 77.12%"
"[저중고로구매햇어요아직아가들태어나기전이라서..사용하진않앗구요 ㅎㅎ], 긍정 텍스트 확률 : 78.81%"
"[챗 드렸어요], 긍정 텍스트 확률 : 66.13%"
"[저 이거 쓰고있는데 완전 실용적이고 예쁘고 만족해요. 일 넘어가는 아가도 좋아하구요 ], 긍정 텍스트 확률 : 97.06%"
"[맘님 오늘저녁에 오실수있으실까요?], 긍정 텍스트 확률 : 93.24%"
"[튼실맘년월계동네..너무늦은시간이면 미리말씀해주세요], 긍정 텍스트 확률 : 55.39%"
"[채팅드릴게요], 긍정 텍스트 확률 : 66.13%"
"[코사토 어느 부분이 터진건가요? 구입 원합니다], 긍정 텍스트 확률 : 60.19%"
"[코사토 치자꽃님께 보내드렸습니다 ], 긍정 텍스트 확률 : 62.43%"
"[ 드림이 처음이라.. ... ...이렇게 달면 될까요개월차된 아둘둥이들 태워주고 싶어 댓글 달아보아요], 긍정 텍스트 확률 : 60.64%"
"[네 개월 이시면 이제 딱 유모차가 필요한 시기네요 채팅드릴께요], 긍정 텍스트 확률 : 76.27%"
"[ 저는 하이체어 킨즈뉴본꺼 쓰고 있어요 ㅎ], 긍정 텍스트 확률 : 85.83%"
"[네감사해요], 긍정 텍스트 확률 : 84.51%"
"[넵 좋은자료네요], 긍정 텍스트 확률 : 91.43%"
"[전 유모차는 엘레니어거 사용중 안전하게 태우기 너무 괜찮아요 뉴세스토라이트 유모차 추천요], 긍정 텍스트 확률 : 98.99%"
"[하이체어조이 멀티플라이 카시트브라이텍스 어드보케이트 유모차리안 솔로 쓰고 있어요], 긍정 텍스트 확률 : 74.40%"
