"[휴대용유모차추천 하이브리드 두달 리얼 사용후기하이브리드유모차 사용한 지도 벌써 두달이 넘었어요그동안 정말정말 유용하게 사용했던 휴대용유모차아니.. 그 전에도 분명 휴대용유모차가 있었단 말이죠?근데 왜 이렇게 활용을 못했을까요...아마 저한테 제일 큰 이유는간편한 폴딩때문이었을거에요ㅋㅋㅋㅋ기존에 휴대용유모차 폴딩 넘나 귀찮...그럼 하이브리드유모차 두달 사용후기리얼하게 장단점 고고장점안정적이고 부드러운 핸들링간편한 폴딩컴팩트한 사이즈디자인원단소재안전가드단점방풍커버 사이즈시트각도안전벨트끈 정리솔직히 단점이라고 쓰기 미안할정도로두달동안 너무 잘 썼거든요ㅋㅋㅋ... ], 부정 텍스트 확률 : 95.52%"
"[ 하이브리드유모차가 좋았던 점은시트 끝부분이 이렇게 막아져있어요기존에 있던 휴대용유모차는 막히는게 없었어요 ], 부정 텍스트 확률 : 83.92%"
"[ 왜 자기 유모차를 동생이 타고 있는지 궁금했나봐요ㅋㅋㅋ슬쩍슬쩍 보고 가더라구요 ], 부정 텍스트 확률 : 88.58%"
"[ 놀러가는 발걸음은 참 가볍죠 ], 부정 텍스트 확률 : 84.81%"
"[ 이제 개월차인 두콩이제가 엄청 조심하면서 내려왔는데요머리 흔들림 거의 없었어요물론 이때는 휴대용유모차보다 디럭스를 타야하지만], 부정 텍스트 확률 : 53.34%"
"[ 그만큼 안정적인 주행을 자랑한다는 저엄 ], 부정 텍스트 확률 : 52.75%"
"[ 여수 도착공룡보러갈려고 했는데 짱콩이가 전날갑자기 고래], 부정 텍스트 확률 : 86.53%"
"[ 바닷가근처라서 바람이 심하게 불었는데방풍커버 덕분에 우리 짱콩이는 안전하게 이동했어요아기들은 추운온도보다바람에 예민한거 아시쥬 이런날은 꼭 방풍커버단점으로 꼽았던 방풍커버 사이즈는발부분이 살짝 좁아요그래서 짱콩이는 좀 답답해하더라구요신발을 신으니깐 더 그러겠쥬 ], 부정 텍스트 확률 : 54.58%"
"[ 아쿠아테라스 가서 점심먼저 먹기짱콩이랑 먹을려고 불고기비빔밥 시켰는데맛없...어그나마 어딜가든 먹을만한 건 돈까스ㅋㅋㅋㅋ ], 부정 텍스트 확률 : 90.01%"
"[ 식당이나 카페에 있을때는 이렇게 접어주면자리차지 안하고 좋아요 ], 부정 텍스트 확률 : 53.72%"
"[ 단캐노피에 매쉬창까지 오픈하면 넉넉한 사이즈에요 ], 부정 텍스트 확률 : 61.54%"
"[ 장바구니크지도 작지도 않지만 있으면 아주 유용하죠특히 겨울같은 경우엔 겉옷이 짐이라실내에 들어가면 차곡차곡 장바구니에 넣어놔요 ], 부정 텍스트 확률 : 97.69%"
"[ 전체적으로 슬림하지만안정적인 휴대용유모차핸들링은 뭐 말할것도 없이 좋구요 ], 부정 텍스트 확률 : 77.27%"
"[ 유모차싫어하던 짱콩이도 완전 만족중등하원도 무조건 유모차타고 가자고 해요디럭스급 절충형은 쳐다도 안보고기존 가지고 있던 휴대용유모차는 앉히면 무조건 울고백화점이나 마트가서 유모차 빌리면 겨우겨우 마이쭈로 태웠는데완전 신세계.. ], 부정 텍스트 확률 : 92.79%"
"[ 어릴때부터 유모차보단 아기띠힙시트를 많이 해서 그런지유모차거부가 유독 심했는데 지금은 너무 편해졌네요 ], 부정 텍스트 확률 : 98.08%"
"[ 하이브리드유모차와 함께한 두달덕분에 외출이 너무 편해졌어요 ], 부정 텍스트 확률 : 75.62%"
"[친정이나 어디 놀러 갈때 들고 다니는게 만만치 않아서 휴대용유모차 알아보던 중 하이브리드유모차 가 눈에 들어오더라구요.], 부정 텍스트 확률 : 83.77%"
"[ 휴대용유무차 의 단점인 장바구니도 넉넉해서 기저귀가방이며 이것 저것 많이 들어가요.수납력도 굿굿], 부정 텍스트 확률 : 98.71%"
"[ ....이제 날씨가 점 점 더 무더워지면서 .아기가 햇볕에 눈이 부시지 않도록 차양막을 .덮어 가려 주었어요 타사 제품도 .사용 해 보았지만 이정도 깊이의 차양막을 가진 .제품은 찾기 어려웠던 것 같아요 .차양막 중간 지퍼를 열면 매쉬 소재의 창이 나와 .연장 뿐 아니라 중간중간 창을 통해 아기의 얼굴을 .확일 할 수 있어 너무 좋았답니다 ... ], 부정 텍스트 확률 : 96.35%"
"[ ...자형 안전바와 점식 안전벨트가 있어 .이동 중에도 아이의 자세가 전혀 흐트러짐 없어요 .. ], 부정 텍스트 확률 : 95.38%"
"[ . ], 부정 텍스트 확률 : 62.92%"
"[ ..해가 저물 때 쯤 또는 아기의 얼굴을 중간중간 .확인 하기 위해서는 차양막 중간 지퍼를 열어 .매쉬 창으로 얼굴을 확인하고 아기의 이름을 .불러 주며 안심시키기도 해요.. ], 부정 텍스트 확률 : 99.62%"
"[ ....무엇보다 편안한 승차감 때문인지 유모차 안에서.간식 먹기], 부정 텍스트 확률 : 74.65%"
"[장난감 놀이], 부정 텍스트 확률 : 53.29%"
"[ ....유모차의 바구니 또한 수납 공간이 넉넉하고 .휴대용 유모차의 경우 손 잡이 부분에 짐을 많이.걸어 둘 경우 유모차가 뒤로 넘어지는 경우가 있어요......하이브리드의 경우 손잡이 걸이를 연결해 물건을 .걸어도 휘청거리지 않을 정도로 무게 분산이.잘 되도록 프레임이 견고한 편이예요 .그렇다고 지나치게 많은 짐을 걸어 두는 것은 .위험하므로 주의하시길 바래요.. ], 부정 텍스트 확률 : 54.67%"
"[ 절충형 유모차와 휴대용 유모차를 사이에 두고 고민하시는], 부정 텍스트 확률 : 82.50%"
"[ 엄마 아빠에게 휴대용 유모차 하이브리드 추천 해 드립니다이 제품은 업체로부터 제공받아 사용한 주관적인 생각의 솔직한 사용후기 입니다 ], 부정 텍스트 확률 : 59.60%"
"[하이브리드 휴대용 유모차 달 실사용 후기 ], 부정 텍스트 확률 : 89.07%"
"[기저귀], 부정 텍스트 확률 : 53.29%"
"[물티슈], 부정 텍스트 확률 : 53.29%"
"[ 울 아이 같은 경우엔 하이브리드 휴대용 유모차에서도 참 잘자고 잘 누워있거든요.휴대용 유모차 무게도 그렇게 무겁지 않고], 부정 텍스트 확률 : 55.69%"
"[ 디자인도 취향저격디자인만 좋으면 뭐해요? 기능도 좋아야죠?하이브리드 휴대용 유모차 같은 경우 핸들링은 갑앞바퀴 뒷바퀴의 크기가 다르고 뒷바퀴는 꽤 큰 편으로 무게의 중심과 지탱력이 좋더라구요거기에 바퀴의 회전도 아주 부드럽게 잘 되기때문에 무거운 짐을 넣고도 부드럽게 핸들링 되는 휴대용 유모차라서 정말 완전 마음에 들어요 ], 부정 텍스트 확률 : 83.55%"
"[ 신세계 구경 열심히 하고 하은이는 열심히 쉬고 ㅋㅋㅋ 이동해서 광안리 바다로 슝 도착 ], 부정 텍스트 확률 : 76.65%"
"[ 그냥 들어가기 아쉬워서 산책을 하려고 바닷가 해변으로 나왔어요 ], 부정 텍스트 확률 : 80.77%"
"[ 무슨 표정인가 했는데 ㅋㅋㅋ내려달래요 ], 부정 텍스트 확률 : 92.83%"
"[ 열일중인 하이브리드 휴대용 유모차 ], 부정 텍스트 확률 : 90.04%"
"[ 그렇게 한참을 놀더니 다치 태워달라고 쪼르르르르 ], 부정 텍스트 확률 : 61.71%"
"[ 다음날도 역시 잘 앉아서 백화점 구경했어요트렁크에 자리차지도 많이 하지 않다보니 매번 넣어다녀도 불편함이 없거든요백화점 같은경우 대여해도 되지만 대여한 윰차는 핸들링이 불편해서 좋지 않더라구요그래서 저희는 항상 하이브리드 들고 다니면서 우리꺼 사용하고 있답니다 ], 부정 텍스트 확률 : 86.82%"
"[ 급 배가 고파해서 휴대용 파우치에 퓨레 넣어서 줬는데 냠냠 맛있게 먹었네요 ], 부정 텍스트 확률 : 97.48%"
"[ 그러고선 회전목마 타러 출동 ], 부정 텍스트 확률 : 82.67%"
"[ 센텀시티에 있는 쥬라지공원 휴대용 유모차 반입 가능해요 ], 부정 텍스트 확률 : 82.39%"
"[ 본인 유모차 본인이 끌겠다는 개월아기 ㅎㅎㅎ너 하고 싶은 거 해..그래....... ], 부정 텍스트 확률 : 88.72%"
"[ 아기의자 없는 식당가서도 편안하게 앉아서 식사중인 울 딸래미의 든든한 빠방이하이브리드 휴대용 유모차 없었으면 이 날 식사도 제대로 하지 못할 뻔 했네요하은이가 여기 잘 앉아 있어줘서 저랑 신랑도 오빠들이랑 편안하게 점심도 먹고 이야기도 나누고 좋은 시간도 보낼 수 있었어요하은이는 시간이 지나서 윰차에서 또 코낸내 해줘서 땡큐 ], 부정 텍스트 확률 : 51.38%"
"[손쉬운 폴딩. .후기가 별로없었지만 지르고야 말았다..첫애때부터 쓴 리안 디럭스 유모차를 가지고 있지만 폴딩이 어려워 차에는 전혀 실지 못했다..그래서 결국 지름신이..ㅎㅎ. ], 부정 텍스트 확률 : 97.06%"
"[ .펴고 난 후 모습], 부정 텍스트 확률 : 65.16%"
"[올블랙 너무 이쁜. 취향저격이다..뒤에는 고리를 달아 가방을 매달아봄..밑에 사진은 둘째 태워보고 찍은샷. ], 부정 텍스트 확률 : 54.92%"
"[ .서울대공원 동물원 가서 찍어본샷이다..보니 라이너도 장착하고], 부정 텍스트 확률 : 86.84%"
"[밑에도 잔뜩 넣어놓은 모습ㅎ...사용해본 결과..?솔직후기솔직후기. .오른쪽 손잡이가 올라가있다불량인지 자꾸 거슬리는데 사용하는덴 이상이 없어 일단 넘어감..그리고 어제 서울대공원 동물원가서 몇시간 끌고 다녔는데], 부정 텍스트 확률 : 66.76%"
"[핸들링이 젤 좋았다. 자주 애용할 유모차가 될듯하다 ], 부정 텍스트 확률 : 67.10%"
"[ 하이브리드 캐비 유모차를 사용한지도 어느덧 두달가량], 부정 텍스트 확률 : 85.05%"
"[ 이렇게 아기의 안전을 안전벨트로 한번], 부정 텍스트 확률 : 50.01%"
"[안전가드로 두번 지켜주니어마어마한 안전성을 자랑해요. ], 부정 텍스트 확률 : 80.27%"
"[ 두꺼운 옷을 입고 유모차를 타도 길이조절이 가능한 안절벨트로 큰아이], 부정 텍스트 확률 : 50.20%"
"[작은아이 상관없이 어떤아이든하이브리드 유모차를 사용할수 있습니다. ], 부정 텍스트 확률 : 62.72%"
"[ 저는 휴대용 유모차치고 뒷바퀴가 앞바퀴보다 큰 제품은 처음 보는데요.그래서인지 주행중 흔들림이 없어서 너무 만족했어요.흔들림 증후군으로부터 우리아이도 지키고 잠이든 아이 더욱더 곤히 잘수있도록배려해 줄수도 있구요.], 부정 텍스트 확률 : 99.79%"
"[ 차양막 까꿍놀이를 가장 좋아하는 지한이유모차를 타면 항상 차양막으로 아빠랑 까꿍놀이를 해요 ], 부정 텍스트 확률 : 79.98%"
"[뒤로 넘어지는일이 없도록 안전하게 설계가 되어있어 안심이죠 ], 부정 텍스트 확률 : 75.59%"
"[만족할수있는 외출을 만들어줘서 고마워], 부정 텍스트 확률 : 81.67%"
"[ 휴대용 유모차가 두개가 있어요. 근데 이게 비교를 안할 수가 없더라구요이번 포스팅이랑], 부정 텍스트 확률 : 83.02%"
"[...... ], 부정 텍스트 확률 : 70.13%"
"[아주 만족스러웠답니다하지만 너무 가벼운게 문제일까요. 휙휙 핸들링을 하다보니 힘이 없어서? 옆으로 넘어갈때가 있었어요.], 부정 텍스트 확률 : 98.60%"
"[ 일반 아스팔트에서 끌어봤어요한손으로 폰을 들고 한손으로 핸들링을 해도 무리가 없는 주행 ], 부정 텍스트 확률 : 86.99%"
"[ 그리고 안정적으로 주행이 가능해요.실버크로스 제트 같은경우는 너무 가벼워서 작은 틈이나 턱을 못넘더라구요 ㅠㅠ 슬픔 ], 부정 텍스트 확률 : 85.11%"
"[ 의외로 보도블럭이 휴대용이 가기가 불편한데어린이집 등 하원 시킬때 저는 하이브리드 유모차만 가지구 가요 ㅋㅋㅋ ], 부정 텍스트 확률 : 91.57%"
"[ 그리구 접었을때 자리 차지 하지 않아요전실이 없는 저희집엔 ㅠ 현관에 둘 수 밖에 없는데], 부정 텍스트 확률 : 93.25%"
"[ 하이브리드 유모차 구경하러가기], 부정 텍스트 확률 : 66.90%"
"[...?...? ], 부정 텍스트 확률 : 53.29%"
"[.?하이브리드유모차하이브리드유모차.?하이브리드휴대용유모차하이브리드휴대용유모차.?휴대용유모차휴대용유모차.?휴대용유모차비교휴대용유모차비교.?휴대용유모차후기휴대용유모차후기 .?유모차추천유모차추천.?휴대용유모차추천휴대용유모차추천], 부정 텍스트 확률 : 99.91%"
"[ 차가 큰차가 아닌데도 좀 커 보이는 느낌도 있다 니로 하이브리드 색상이 흰색이라 그런 느낌을 더 받는것 같다], 부정 텍스트 확률 : 70.23%"
"[ 니로는 뒷모습이 정말 이쁘게 생겼다 뒷모습은 너무 마음에 듬 뒤에 니로 라고 적혀 있음], 부정 텍스트 확률 : 72.03%"
"[ 니로 하이브리드 차는 전기로도 가고 휘발유로도 간다 전기 밧데리 충전이 얼마나 되어 있는지도 볼 수 있다 내리막길을 내려갈때 충전이 되고 휘발유를 사용 할때도 밧데리는 충전이 된다], 부정 텍스트 확률 : 72.18%"
"[ 우리는 네비게이션을 옵션으로 넣었다니로하이브리드는 네비게이션을 옵션으로 넣으면 하이브리드 창을 볼 수가 있다 얼마나 에코드리이빙을 하는지 나무로 볼 수가 있고 지금 전기를 쓰는지 엔진을 쓰는지도 알 수가 있다 연비가 . 이다 니로 하이브리드 연비 너무 좋다 ], 부정 텍스트 확률 : 97.95%"
"[ 백밀러를 조종하는 것도 있고 여러가지 작동을 할 수 있는 기능들이 있다 그리고 트렁크 사진은 없지만 트렁크가 진짜 넓다 그래서 아기 생겨도 유모차 넣고 애기집 넣고 하기 딱 좋을 거 같다 트렁크 넓은 거 넘 맘에 듬 결론은 니로 하이브리드 산 것을 후회 하지 않는다 나는 정말 잘 구매 했다고 생각 한다 연비도 너무 좋고 그래서 휘발유 값도 한달에 만원도 안드는것 같다다음에 차를 바꾼다고 해도 난 무조건 하이브리드 차를 구매 할 것임 그만큼 너무 만족 한다], 부정 텍스트 확률 : 73.04%"
"[ ...... ......? 본문 이미지하이브리드휴대용유모차 사용후기에용아기가 지금 갤이구요휴대용유모차 어떤겅 구입할지 고민하다가하이브리드휴대용으로 선택햇어요핸들링도 부드럽고 높이가 높아서 허리가 안좋은 할아버지한테도 딱이에용추천합니당], 부정 텍스트 확률 : 99.64%"
"[ .?육아리뷰육아리뷰.?휴대용유모차휴대용유모차 ], 부정 텍스트 확률 : 91.72%"
"[ 하이브리드 유모차 ], 부정 텍스트 확률 : 53.29%"
"[너무 무거워서 가벼운 유모차를 검색해보았습니다.기내반입이 가능한 사이즈에 편리함이 있는 유모차를 폭풍 후기 검색했습니다처음에는 하이브리드 유모차라고 하길래뭔가 하이브리드 두가지 의미가 있는 특이한 것인가 기대를 하였습니다. 연구원엄마의 단점색상도 여러가지 있어서 고민을 했지만 샤인블랙으로 샤방샤방한 블랙 당첨 ], 부정 텍스트 확률 : 98.28%"
"[ 하이브리드 유모차는 휴대용유모차이기에 직접 접고 펴고 폴딩을 해보았습니다.중간 사진에 있는 손잡이 부분에서 튀어나온부분을 잡고 돌리면 스르르륵 쉽게 접힙니다.자], 부정 텍스트 확률 : 82.62%"
"[이제 밖으로 나가봐야죠?유모차추천을 하면서 직접 백화점 쇼핑을 다녀왔습니다 ], 부정 텍스트 확률 : 85.97%"
"[조금 쌀쌀한 것 같아서 체온유지 시켜주었더니이모를 만나도 뾰류퉁하게 웃어주지 않고 ....이모한테 좀 웃어줘야지 더 사랑받지 이쁜아 ], 부정 텍스트 확률 : 67.40%"
"[ 왤케 안웃지 했는데 잠이와서 그랬던 겁니다....정말 편하게 자고있는 저희 애기 보이시나요?엄마를 위한 편리한 휴대용 유모차 추천합니다.참고로 제가 받은 유모차의 제조년월은 년 월입니당 ...?...? ], 부정 텍스트 확률 : 98.80%"
"[ 해당 업체로부터 할인 혜택을 받아 작성된 후기입니다 .?하이브리드유모차하이브리드유모차.?기내용유모차기내용유모차.?휴대용유모차휴대용유모차.?유모차추천유모차추천.?위틀스토어위틀스토어 ], 부정 텍스트 확률 : 79.20%"
"[ 애 낳기 전에는 옷 택배 뜯어볼 때가 가장 설레었는데], 부정 텍스트 확률 : 52.73%"
"[ 하이브리드 유모차개봉기에 앞서], 부정 텍스트 확률 : 59.00%"
"[ 제가 베페에서 휴대용 유모차 투어할 때 아쉬웠던 점 몇가지 설명해드릴게요 .등받이 조절이 불편하다..등받이 부분이 너무 얇고 딱딱하다..년형은 시트가 미끄러워서아기를 태워보니 자꾸 아래로 미끄러진다..휴대용 유모차가 없다..색상이 별로....태워보니 울고불고 난리 불편한가 물론 너무너무 훌륭한 브랜드들이지만], 부정 텍스트 확률 : 99.85%"
"[제 세컨카 잘 좀 소개해봐요 ], 부정 텍스트 확률 : 55.54%"
"[ 휴대용 유모차를 구매하려고 했던 가장 큰 이유 너무 크고 무겁다지금 사용하는 디럭스 유모차는 좋긴 한데], 부정 텍스트 확률 : 72.55%"
"[ 트렁크 다 차지하고], 부정 텍스트 확률 : 65.98%"
"[ 자리차지를 안 한다는 점이 너무 좋았어요 그리고], 부정 텍스트 확률 : 67.58%"
"[ 버튼을 밀면서 위로 당기면 쭉 펴져요ㅎㅎㅎ말로 설명하기 힘든데 동영상 첨부할게요], 부정 텍스트 확률 : 51.58%"
"[그리고 또 중요한등받이 조절부분브랜드가 다른 건 다 좋은데 이 등받이 부분이좀 복잡하더라구요ㅠㅠ 브랜드는 이것과 같은 방법인데], 부정 텍스트 확률 : 62.52%"
"[ 등받이가 너무 얇고 딱딱해서 승차감이 별로였는데], 부정 텍스트 확률 : 99.08%"
"[ 하이브리드 유모차는등받이 쿠션감도 좋으면서조절 부분이 스트랩으로 조였다 풀렀다 하는거라정말 편해요], 부정 텍스트 확률 : 54.42%"
"[ 요발받침도그냥 손으로 조절가능하구요], 부정 텍스트 확률 : 97.94%"
"[ 바로 고정되서 간편해요], 부정 텍스트 확률 : 75.30%"
"[ 시트 분리도자크나 단추로 되어 있어서 세탁도 편하구요], 부정 텍스트 확률 : 53.81%"
"[ 브레이크도그냥 발로 간단하게밟으면 고정이 된답니다.작동방법이 어려운 게 하나도 없어요], 부정 텍스트 확률 : 99.01%"
"[브랜드 년형은 시트가 너무 미끄러웠는데], 부정 텍스트 확률 : 68.82%"
"[ 하이브리드 유모차는시트 부분이 미끄럽지 않아 좋아요], 부정 텍스트 확률 : 72.19%"
"[ 휴대용유모차], 부정 텍스트 확률 : 89.07%"
"[ 휴대용유모차추천], 부정 텍스트 확률 : 79.07%"
"[ 휴대용유모차비교], 부정 텍스트 확률 : 93.44%"
"[ 하이브리드유모차], 부정 텍스트 확률 : 53.29%"
"[ 하이브리드휴대용유모차], 부정 텍스트 확률 : 89.07%"
"[ 휴대용유모차후기], 부정 텍스트 확률 : 89.07%"
"[ 하이브리드], 부정 텍스트 확률 : 53.29%"
"[ 유모차비교], 부정 텍스트 확률 : 83.74%"
"[ 디럭스유모차], 부정 텍스트 확률 : 53.29%"
"[ 유모차 ], 부정 텍스트 확률 : 53.29%"
"[ 하이브리트 유모차 캐비는 가지 컬러가 있더라고요 샤인 블랙], 부정 텍스트 확률 : 68.54%"
"[샤인 그레이], 부정 텍스트 확률 : 53.29%"
"[그레이], 부정 텍스트 확률 : 53.29%"
"[휴대용 이런 거 모르고 사셨는데지금 생각해보면 유모차도 분리를 너무 해놓은 덕분에... 아이가 태어남과 동시에 각 집에 당 개의 유모차는 기본으로 구입하게 되는 것 같더라고요생후 개월 전후부터 세까지 오랜 기간 사용하는 외출 필수품 육 아이템 이렇게 접었을 때는 단으로 폴딩 되는 휴대용으로펼치면 절충형 드라이빙 ], 부정 텍스트 확률 : 93.11%"
"[ 아이들이 떨어지진 않을까 하는 안전을 위한안전가드한 번의 터치로 뒤 바퀴를 동시에 제어하는 튜빙 원스텝 브레이크], 부정 텍스트 확률 : 90.70%"
"[ 아이의 상황에 맞도록 버클로 세밀하게 각도 조절이 가능한 등받이 조절], 부정 텍스트 확률 : 87.68%"
"[ 어디든 휴대하기 간편하도록 유모차 내에 고정끈이 ㅋㅋ거기다 쉽고 간편한 폴딩 ㅋㅋ엄마도 휙ㅋㅋ 아빠도 휙ㅋㅋ너무 간편하게 사용할 수 있다는 거 ㅋㅋ부피가 작아서 ㅎ 트렁크에 넣어도 전혀 부담이 없고 ㅋㅋ친정아부지가 접었다 펴다해도 전혀 부담이 없는 사이즈에요 ], 부정 텍스트 확률 : 98.80%"
"[ 휴대용유모차 하이브리드 캐비 개봉하는 순간 하나하나 ㅋㅋ 출산용품으로 고민하는 만들의 궁금증을 파헤쳐보기ㅋ저도 유모차를 구입하는데 정말 많은 시간을 썼어요 ㅎ근데 베이비페어에서나 매장에서 사용하는건..미끌한 바닥에서 진행하는거라서 핸들링이나 흔들림증후군 걱정을 확인할 수가 없더라구요 그래서 저도 유모차 하나는 실패......좋다고 해서구입했는데 막상 사용해보니 주원이가 탑승하기에 아직 흔들림증후군 때문에 꺼려지더라구요그래서 주원이는 디럭스 유모차만 타고 다녔는데 이제 주원이도 제법 자라서 ㅎㅎ 사용해본 휴대용유모차하이브리드 캐비 넘나 좋은것ㅋㅋ개봉하는 순간 엄마 홀릭], 부정 텍스트 확률 : 95.41%"
"[ 업체로부터 상품을 무상으로 제공받아 객관적으로 작성한 후기입니다 ], 부정 텍스트 확률 : 67.38%"
"[ 하이브리드 윰차 기본 스펙몸무게 키로까지 가능하고 사이즈 및 무게도 만족], 부정 텍스트 확률 : 57.12%"
"[ 짜잔 ㅎㅎ배송이 오자마자 풀러보는데우리아기 자기껀줄 아나봄 ㅎㅎ냅다 달려오기], 부정 텍스트 확률 : 50.49%"
"[ 요거는 유모차 커버인데 사용안하거나 휴대할때 쏘옥 넣어주면 좋다 ], 부정 텍스트 확률 : 90.30%"
"[ 폴딩 언폴딩 너무 쉬움..한손으로 가능함 ㅎㅎ펼쳐보니 요렇게 사이즈가 똭생각보다 많이 크다휴대용이라고 해서 작을줄 알았는데지면에서 떨어진 높이도 높고 생각보다 길이가 길어서 엄마도 아빠도 허리아프지 않을 높이 ㅎㅎ그리고 아기는 앉아서 엄마랑 눈맞춤하기에도 불편하지 않은 높이 요거 매우 칭찬해 ㅎㅎ ], 부정 텍스트 확률 : 52.61%"
"[ 티 바가 안전하게 아기가 미끄러지지 않게잘 잡아줘서 매우매우 만족스러웠음 ], 부정 텍스트 확률 : 67.96%"
"[ 바퀴도 보통 일반 휴대용 윰차는 앞뒤가 똑같은데요건 뒷바퀴가 더 커서 보다 안전하고 핸들링도 디럭스 못지 않다. ], 부정 텍스트 확률 : 83.87%"
"[ 장바구니는 조금 더 크면 좋았겠지만], 부정 텍스트 확률 : 50.34%"
"[사실 그렇게 엄청 활용하진 않기때문에ㅎㅎ 요정도 크기도 만족휴대용 윰차 고민하다가 하이브리드 사고 나니 디럭스는 너무 크고 애물단지가 된 거같은 기분..? ㅎㅎㅎ ], 부정 텍스트 확률 : 83.51%"
"[외출시 간편하게 사용할수 있는 유모차가 없어서..알아보던 중 눈에 들어온 하이브리드프리미엄 휴대절충형 유모차 샤인블랙주문하고 틀후 바로 배송이 되어 깜짝 놀랐다. 솔직히 여름휴가 때문에 부랴부랴 급하게 알아봤는데], 부정 텍스트 확률 : 86.98%"
"[ 혹시나 하고 괜찮을까 하고], 부정 텍스트 확률 : 54.70%"
"[동네 단골가게 고깃집에 유모차를 끌고 가게 안으로 들어갔다. 테이블 간격 넓힌거 아닌 그냥 기본 간격에 유모차 딱 알맞게 들어가는 사이즈물론 이 사진 촬영하고 바로 접었다죠그리고 간편하게 접어서 테이블 옆에 딱 보관을 하고 편하게 밥을 먹고 나온 우리식구들 ], 부정 텍스트 확률 : 99.15%"
"[아가가 커갈수록 간편해야하고], 부정 텍스트 확률 : 83.11%"
"[.?휴대용유모차휴대용유모차.?하이브리드유모차하이브리드유모차.?유모차추천유모차추천.?프리미엄휴대절충형유모차프리미엄휴대절충형유모차], 부정 텍스트 확률 : 87.92%"
"[ 디럭스는 이렇게 자리를 차지하는데 이건 접어서 한 편에 놔둘 수 있으니 최고거기다 다음 달에 제주도로 여행 갈 계획이 있는데기내반입도 된다니 완전 꾸르템이죠?? 게이트 투 게이트 서비스를 이용하면 된대요폴딩이 정말 쉬워요처음에는 손잡이 부분 돌리는 게 좀 뻑뻑해서 왜 이러나 했는데 새거라서 그랬나봐요하루 사용했더니 너무나도 잘 되더라구요 ], 부정 텍스트 확률 : 96.22%"
"[ 보이는 저 부분을 옆으로 당기면서 손잡이를 앞으로 돌리면 접혔다 펼 수 있어요간단하죠??그리고 휴대용유모차 답지 않게 안전바까지 있어서 너무나 안심이예요 ], 부정 텍스트 확률 : 71.65%"
"[ 등받이 또한 각도 조절이 여러 단계로 되서 아이한테 맞춰 사용하기 좋아요아 발 받침대도 조절이되요 이런건 처음봤는데 아이가 더 편하게 앉아 있을 수 있겠더라구요 ], 부정 텍스트 확률 : 52.19%"
"[ 아마도 이게 그냥 휴대용이라기보단 절충휴대용유모차라 더 안정감이 있나봐요그리고 캐노피도 메쉬로 확장되는 단계 풀캐노피로 자외선 차단에 통풍과 아이확인까지 다 가능해요 ], 부정 텍스트 확률 : 90.59%"
"[ 휴대용 유모차를 고민하시는 분 들이 계시다면 저는 하이브리드유모차 완전 추천이예요 강추강추써보신 분들은 아마 모두 만족하시리라 자신있게 말씀 드릴 수 있어요나중에 제주도 가서 사용한 후기도 올려볼게요관심 있으신 분들은 하이브리드 유모차 한 번 알아보세요 .?휴대용유모차휴대용유모차.?하이브리드유모차하이브리드유모차.?유모차추천유모차추천 이 포스트는 해당 업체로 부터 할인혜택을 받아 작성된 후기입니다], 부정 텍스트 확률 : 87.48%"
"[ 먼저.. 아기 용품은 완전 엄마의 개인취향... 휴대용 유모차이지만.. 하이브리드 휴대용유모차 저렴이로 보이지 않고 심플하면서 고급져 보이는 디자인..무엇보다고 간편하고 컴팩트한 폴딩으로 쉽게 접고 펴서 트렁크에서도 너무 큰 자리를 차지 않아서 너무 매력적이였어용], 부정 텍스트 확률 : 88.04%"
"[ 거제도 도착하자마자 배고파서 식당에 들어갔는데 왠걸... 아기 의자가 없는거예용 ㅠㅠ 휴대용 유모차 없었으면 아기띠 해서 업고 먹어야했는데 ㅠ 천만다행이라는 생각이 들었어요요새 같이 더운날에는 아기띠 하면 저도 넘 힘들고 울아들도 땀삐질삐질 둘다 고생했는데..넘나 편한자세로 간식 먹고 있네용 ], 부정 텍스트 확률 : 76.67%"
"[ 울아들 완전 상전포스로 산책로를 돌아 다니는데... 휴대용 유모차인데도 디럭스 급으로 핸들링 너무 좋고앞바퀴에 비해 뒷바퀴가 .배나 더커서 높아진 승차감으로 인해 주행할때 디럭스급으로 흔들림 없어서 아들한테 충격이 덜 갈껄생각하니 너무 만족해용 .더군다나.. 기내 반입용이라.. 다음은 해외여행을 기약하며... 앞으로는 디럭스보다 하이브리드 휴대용 유모차를 더 자주 애용할꺼 같아요본 포스팅은 해당업체로부터 제품을 할인혜택을 받아 사용 후 작성된 후기 입니다. .?휴대용휴대용 유모차.?하이브리드유모차하이브리드유모차.?하이브리드캐비플러스유모차하이브리드캐비플러스유모차.?샤인블랙샤인블랙.?위틀스토어위틀스토어.?에센루에센루.?에센루서포터즈에센루서포터즈.?유모차추천유모차추천.?기내반입유모차기내반입유모차.?육아용품육아용품.?육아용품추천육아용품추천.?육아정보육아정보.?육아소통육아소통.?육아정보고유육아정보고유 ], 부정 텍스트 확률 : 83.18%"
"[ 저희 집은 엘리베이터가 없어요그래서 유모차 사는 것을 더 미뤘었던거 같아요ㅠㅠ하지만 하이브리드 유모차는 가볍고 폴딩이 쉬워 아기안고 계단을 오르내리기 수월해서 아빠 퇴근시간에 항상 마중나갓엇어요 아기도 편한지 유모차 오자마자 태웠는데 울지도 안았구요 출산하고 손목이 약해져 물건을 잘 떨어뜨리고 밤마다 신랑한테 손목주물러달라고 하는데 하이브리드 유모차는 바퀴가 부드러워 한손으로 운전이 가능해요 손목에 전혀 무리가 없답니다유모차 절충형 알아보시는 분들 하이브리드 유모차 추천해드려요 ], 부정 텍스트 확률 : 85.91%"
"[.?하이브리드유모차하이브리드유모차.?휴대절충형유모차휴대절충형유모차 ], 부정 텍스트 확률 : 53.29%"
"[휴대용유모차를 소개해보려고해요☝🏻휴대용유모차를 고르는 기준은 뭘까요?아무래도 디럭스나 절충형이 아닌], 부정 텍스트 확률 : 80.70%"
"[ 말 그대로휴.대.용이기 때문에], 부정 텍스트 확률 : 93.55%"
"[가벼움], 부정 텍스트 확률 : 53.11%"
"[안전성이겠죠?오늘 소개하는 휴대용 유모차는], 부정 텍스트 확률 : 88.16%"
"[ 휴대용인데 절충형같은.?하이브리드하이브리드.?하이브리드캐비플러스하이브리드캐비플러스.?하이브리드휴대용유모차하이브리드휴대용유모차 입니다😁이 유모차로 말할것같으면], 부정 텍스트 확률 : 91.95%"
"[.?하이브리드캐비플러스하이브리드캐비플러스 ], 부정 텍스트 확률 : 53.29%"
"[완제품이라서 뭘 하나 조립할필요가 도 없구요케이블타이만 가위로 똑 자르면 바로 사용할수있어요폴딩], 부정 텍스트 확률 : 83.98%"
"[언폴딩이 얼마나 편리한지 보기로해요 ], 부정 텍스트 확률 : 51.28%"
"[ 한손으로 간편하게 언폴딩이 가능해요.똑딱 소리가 들리니], 부정 텍스트 확률 : 88.84%"
"[ 요렇게 폴딩도 간편하더라구요], 부정 텍스트 확률 : 61.06%"
"[ 전혀 어렵지 않아요정말 초면 뚝딱할수있는.?휴대용유모차휴대용유모차], 부정 텍스트 확률 : 80.82%"
"[ 바퀴 보이시나요?전 요 바퀴가 너무너무 예쁜거있죵☝🏻또한 아이 발받침쪽은 가죽으로 대어져있어요우리생각만큼 아이들이 조심스레 타지 않잖아요?신발신을채로 많이 비빌텐데이렇게 가죽으로 대어져있어서 쓱쓱 닦으면 닦일것같아요. ], 부정 텍스트 확률 : 88.40%"
"[ 요건 차양막을 다 내린 상태예요], 부정 텍스트 확률 : 85.14%"
"[ 휴대용 유모차들은 차양막이 많이들 짧은편이라햇빛이 잘 가려지지 않다고 하는데 .?하이브리드유모차하이브리드유모차 캐노피도 높고 깊어서아이가 크더라도 오래태울수있을것같은.?휴대용유모차휴대용유모차 예요. ], 부정 텍스트 확률 : 54.20%"
"[ 캐노피를 최대한 내렸더니], 부정 텍스트 확률 : 74.52%"
"[요렇게 얼굴을 빼꼼 하는거있죠ㅋㅋㅋ캐노피를 최대한 내리면 매쉬소재로 되어있어서 아이를 관찰할수있어요.], 부정 텍스트 확률 : 90.26%"
"[ 블랙에 실버조합이라], 부정 텍스트 확률 : 57.19%"
"[고급진느낌으로 딱 취저 ], 부정 텍스트 확률 : 82.98%"
"[ 안전젤트와 안전바 ], 부정 텍스트 확률 : 80.83%"
"[ 조카도 편안한지], 부정 텍스트 확률 : 61.06%"
"[잘 앉아있더라구요✔ 초폴딩✔ 긴차양막✔ 안전한 큰바퀴✔ 독립된 서스펜션✔ 가벼운 핸들링절충형같은.?휴대용유모차휴대용유모차 .?하이브리드캐비플러스하이브리드캐비플러스.?유모차추천유모차추천 합니다.이 포스팅은 사용해본 후 저의 개인적인 생각이며해당업체로부터 할인혜택을받아 작성된 후기입니다😁 .?휴대용유모차휴대용유모차.?유모차추천유모차추천.?하이브리드유모차하이브리드유모차.?캐비플러스캐비플러스.?육아육아.?육아용품육아용품.?육아맘육아맘.?육아정보육아정보.?육아소통육아소통.?육아스타그램육아스타그램.?육아템육아템 ], 부정 텍스트 확률 : 54.17%"
"[의자도 두개], 부정 텍스트 확률 : 83.80%"
"[스윙도], 부정 텍스트 확률 : 61.06%"
"[모빌도], 부정 텍스트 확률 : 61.06%"
"[가끔 폭발직전에 카페도 가서 커피 한잔도 하면서 힐링을 해야 하는데 내가 팔 힘이 아무리 세도 매번 디럭스를 접었다 폈다 하기가 솔직히 너무 힘들었다...여러가지 조건들을 따지다 드디어 디럭스급의 절충형유모차를 찾았다... ], 부정 텍스트 확률 : 79.67%"
"[ ...택배아저씨가 주고가신 택배박스.집이 층이라 처음엔 박스 하나들고 들어오시길래 유모차 치곤 너무 가벼워서 박스 하나 더 있겠지 생각하고 아저씨 기다렸는데 .. 차가 떠나가더라는...혼자 민망... ], 부정 텍스트 확률 : 92.99%"
"[ ...분명 새 유모차라 조립하고 바퀴달고 이리저리 펼치기까지 까다로운 공정이 있을꺼라 믿고 야심차게 꺼내었는데...댕강.요 덩어리 하나가 들어있다. 곳만 가위질이나 칼질 뚝딱하면 유모차 완성어느 누구나 완성시킬 수 있다 .남편도 가볍다며 이리저리 들어보는 중 . ], 부정 텍스트 확률 : 81.89%"
"[ ...바퀴크기 어마어마하다..사진 속에 보이는 바퀴가 뒷바퀴인데무려 .의 인치 사이즈앞바퀴에 비해 .배정도 더 크게 제작 되어 안정감있는 주행과 아기의 승차감을 향상시켜 주었다.또 바퀴 모두 독립 충격완화장치가 설치되어 울퉁불퉁한 길이나 흑길에서 받는 충격을 흡수시킬 정도로 안전하다..뿐만 아니라까지 안전하게 승차할 수 있도록 섀시도 견고하게 제작되었다.. ], 부정 텍스트 확률 : 80.85%"
"[ ..단 어깨끈으로 아기에 맞게 체계적으로 조절가능하며 점식 안전벨트로 더더욱 아기의 안전을 생각하여 만들어졌다.. ], 부정 텍스트 확률 : 59.16%"
"[ .벨트 매는 방법은 동영상으로 간단히 볼 수 있다. .벨트 장착소리는 굉장히 크기 때문에 아기가 잠들어 눕힐때 조심히 장착해야 할듯 . ], 부정 텍스트 확률 : 65.60%"
"[ ..아주 긴 매쉬 통풍창], 부정 텍스트 확률 : 78.03%"
"[ ..둥이들 재울때 차양막을 내리고 나랑 눈이 안마주치고 앞뒤로 흔들흔들 해주면 그래도 자려는 분위기를 풍기는 눈치가 가끔 있었다. 그래서 새로운 유모차의 케노피의 길이에 집착했던 나..확장하고 안하고의 케노피 길이는 엄청나게 차이가 난다 일반 유모차의 케노피 길이와는 비교도 안될 정도... ], 부정 텍스트 확률 : 86.26%"
"[ ..단 풀캐노피에 매쉬 통풍창으로 더 길어져 정말 좋다.유모차 고르면서 가장 까다롭게 알아본 부분이다..매쉬통풍창이 지퍼 한번으로 이렇게 넓게 펼쳐질 줄이야.. 낮잠자고 일어나자마자 엄마가 뭐하는건지 눈을 안떼고 유심히 쳐다보는 아들뭐가 그렇게 궁금한데 ??], 부정 텍스트 확률 : 89.57%"
"[ ...... ], 부정 텍스트 확률 : 70.13%"
"[ ..고급스러운 가죽핸들과 유모차소재가 너무 마음에 든다.], 부정 텍스트 확률 : 54.94%"
"[넣고 꺼내기가 편하다는 장점이 더욱더 돋보인다. . ], 부정 텍스트 확률 : 80.34%"
"[ ..안전하게 벨트를 하고 편안하게 있는 모습 . ], 부정 텍스트 확률 : 66.28%"
"[ .우리 둥이를 안고도 가능할 정도로 편하고 쉽다..이게 바로 절충형 디럭스 유모차 아니겠는가?..유모차 거부하는 아이], 부정 텍스트 확률 : 73.35%"
"[유모차 불편해하는 아이], 부정 텍스트 확률 : 92.98%"
"[ .?페도라페도라.?.?유모차유모차.?디럭스형디럭스형.?사용후기사용후기 .?장단점장단점.?말로말로.?설명설명.?사진사진.?못찍음못찍음.?밖밖.?더움더움 ], 부정 텍스트 확률 : 93.92%"
"[ ㅋㅋㅋㅋㅋㅋㅋㅋㅋㅋㅋ오늘은 페도라유모차 후기를 써볼까 합니다.사실 뭐 쓸까 하다가?예전에 놔뒀던 페도라유모차 개봉기를 안 썼더라고요.그때 당시에는 몸도 안 좋고집안도 좁고.......서울이라 그런가?그닥 유모차를 쓸 일이 없었기도 했고??뭐 별 핑계를 다 대면서 안 쓰긴 했답니다.ㅋㅋㅋㅋㅋㅋㅋㅋㅋ그래서 개월이나 지난 지금 급하게 써봅니다.사실 개월 페도라 유모차 쓰고 나니장단점이 확실히 보여서 뭐 더 좋은 듯? ], 부정 텍스트 확률 : 100.00%"
"[ 일단 페도라 유모차 장점부터 살펴보자면 튼튼합니다.핵장점이죵디럭스형이라 그런가? 튼튼한 게 기가 막힘코너링도 좋고 어디가서 꿀리지 않는 안전함이 매우 만족스럽습니다. ], 부정 텍스트 확률 : 63.46%"
"[ 페도라유모차손잡이도매우 만족스러운데?높낮이 조절 이 가능해서 여자가 쓸 때랑 남자가 쓸 때 핸들 조절이 됩니다.그리고 앞 뒤로 바꿔서 아기가 앞을 보게 할 수도 뒤로 보게 할 수도 있다는 점장점이 아닐 수 없죠 ], 부정 텍스트 확률 : 98.84%"
"[ 디럭스형이라 튼튼하다는 거 정말 크나 큰 장점입니다.사실 유모차 고를 때 제일 고민인 게디럭스를 살까? 절충형을 살까? 아니겠습니까?디럭스는 오래 못 쓴다고 하고그래서 절충형 사자니 뭔가 안전하지 않은 거 같고?ㅎㅎㅎㅎ제가 써 보니까비슷한 가격이라면 절충형 말고디럭스 사시면 될 듯 하고 디럭스 이후에 바로 휴대용으로 넘어가는 게 좋을 듯 합니다.사실 저는 절충형은 써보지 않았지만처제가 절충형 쓰는 걸 보니 디럭스랑 뭐 별반 차이 없을 듯 하고..살 차이라서 그냥 절충형도 딱히 오래 쓸 느낌은 아니더군요.. 디럭스 유모차만 해도 충분할 듯 하고이후에 휴대용 사면 될 듯 ], 부정 텍스트 확률 : 99.95%"
"[디럭스 유모차의 단점은 아무래도 무겁다는 점한두시간 끌면 꽤 힘겹습니다.뭐 비싼 유모차는 가볍다고 하나?뭐 거기서 거기일테고.......아기의 안전이 달린만큼 무거워도 어쩔 수 없나봉가...... ], 부정 텍스트 확률 : 81.90%"
"[ 그리고 무겁기에? 페도라유모차는 큽니다.?ㅋㅋㅋㅋㅋㅋㅋㅋ크니까 무거운건가요??저희 패밀리카는 니로 하이브리드인데.....니로 하이브리드 트렁크에 유모차 하나 들어가면 끝입니다.ㅋㅋㅋㅋㅋㅋㅋㅋ니로 하이브리드 트렁크 자체가 작기도 하지만그만큼 디럭스니까 큽니다.그리고 페도라유모차의 단점 중 하나는컵 홀더를 달기 꽤 어렵다는 점 옆에 달 수 있는 부분들이?? 두꺼워서 그런가?뭐 맞는 게 없어서 컵 홀더를 아직도 못 쓰고 있습니다.사실 없어도 그만이긴 하지만있으면 더 편할 수 있다는 게 컵홀더라서....처제 절충형 유모차에 달린 컵홀더가 그리 부럽더군요 ], 부정 텍스트 확률 : 71.83%"
"[ 그리고 아기가 앞에 보고 싶어할 때그냥 돌릴 수 없어서 안고 다시 빼고 돌리는 게 넘 힘듦도 회전되는 유모차들은 안전하지 않다곤 하지만.....그래도 편하긴 할 듯 리안 유모차가 땡기더니다 그거였나...?결국 카시트는 조이 도 회전형으로 구매함 ], 부정 텍스트 확률 : 82.38%"
"[ 잇힝힝힝꼭 카시트는 도 회전되는 걸로 구매하세요꼭이요유모차 얘기하다가 급 카시트 얘기로 빠짐글 쓰다가 아들이 우는 관계로], 부정 텍스트 확률 : 59.95%"
"[ 그럼 이만 ], 부정 텍스트 확률 : 79.65%"
"[ 아직 걷지못하는 우리 아가는다른아가들보다..무게가 좀 나가는 관계로..아기띠로인해 내 허리가 망가져부럿.. ], 부정 텍스트 확률 : 81.04%"
"[ 그래서 아가랑 어디 갈때엔 무조건 하이브리드 유모차와함께했다나의 허리를 지켜주었다고나 할까..?평일엔 아빠가 출근후 혼자 외출해야할경우선물받은 잉글레쉬나 유모차는 무거워서 혼자선 힘들었... ], 부정 텍스트 확률 : 96.21%"
"[ 하지만...하이브리드 유모차는 정말 가벼워서혼자 외출시 필수템..장미가 이쁘게 핀 공원으로 산책도 나갈수 있다.. ], 부정 텍스트 확률 : 59.46%"
"[ 솔직히 유모차는 드라이빙도 중요하지만엄마혼자서 폴딩 언폴딩이 ..쉬워야지만어디든지 가지고 다녀진다능..기존에 있는 윰차는 혼자못해서..늘 남편 쉴때만 윰차를 사용했는데하이브리드는 혼자서도 가능하니깐..너무좋다 ], 부정 텍스트 확률 : 91.96%"
"[ 울퉁불퉁한 길도 잘달린다 ], 부정 텍스트 확률 : 72.52%"
"[ 가지고있던 유모차는 너무커서보관이 너무 힘들었다..신혼때는 미니멀라이프를 추구했으나..아기가 태어나고는 점점..아기물건으로 하나둘..점점 우리집이 과부하가 되버렸..하지만 하이브리드 유모차는 보관이 너무 쉽고 자리 차지도안했다귀여운 나의 아방이 아반떼에도 쏙 ], 부정 텍스트 확률 : 62.20%"
"[ 보관과 동시에 어깨끈으로 쉽게 장소이동이 가능하당 ], 부정 텍스트 확률 : 64.85%"
"[ 휴대용은 보통 너무 가벼워서 안정감이없다고 생각했는데하이브리드를 사용하고나서는 그 생각이 싹 바뀌었다넓은 시트와 등받이 조절 레버로우리아기가 너무 편안하게 사용할수 있었다 ], 부정 텍스트 확률 : 57.44%"
"[ 동영상은없지만.. 원래 갖고있던 유모차에서는 잠도 안잤는데..휴대용윰차인 하이브리드에서는 꿀잠을..그만큼 아이가 편안함을 느꼈다는거지..?개월동안 하이브리드 유모차를 사용한결과대만족만족만족대만족 ], 부정 텍스트 확률 : 53.69%"
"[안녕하세요대두공주예요 ], 부정 텍스트 확률 : 53.29%"
"[ 저희집에 하이브리드 유모차가 들어온지..벌써 두달이 지났네요이젠 외출시 필수품이 되어버린], 부정 텍스트 확률 : 55.44%"
"[ 얼마전], 부정 텍스트 확률 : 58.73%"
"[완화시켜준답니다바퀴는 이렇듯흔들림 완화 구조 로 되어 있고], 부정 텍스트 확률 : 55.67%"
"[바퀴가 회전할 때 발생하는 마찰을 줄여주는 볼베어링 장착으로 가볍고 부드러운 핸들링 을 선사해요 ], 부정 텍스트 확률 : 75.21%"
"[엉덩이 부분과 등판길이가 길기 때문에신생아부터 세 아이까지 사용 할 수 있는 것이랍니다 ], 부정 텍스트 확률 : 91.41%"
"[ 가끔... 차양막 섀시 폭이 짧아서 아이들 머리에 걸리적거리는 유모차들도 있던데..정말.. 키큰 아이들은 타지 말라는건지...하이브리드 유모차는 그럴 걱정게다가단 풀캐노피 로 햇빛 걱정도 ], 부정 텍스트 확률 : 96.49%"
"[ 네 맞아요돌잔치 날도 저랬어요...맨발로 서서.. 오빠를 손가락질 하며..아빠한테 이르는 우리 따님 ㅋㅋㅋㅋ이 날 자기가 주인공인데..유모차도 자기꺼인데..오빠가 타고 있다고 이르는 중이랍니다 ㅎㅎㅎㅎ이렇듯 넉넉한 좌석과 편안한 승차감을 가진 하이브리드 유모차계속 계속 앉고 싶고], 부정 텍스트 확률 : 96.52%"
"[눕고 싶은 마성의 하이브리드 캐비 랍니다 ], 부정 텍스트 확률 : 66.24%"
"[ 사실... 제가 자랑하고 싶은 하이라이트가 남았는데요휴대용 유모차 하면가장 중요한게 뭘까요?휴대용 이잖아요당연히간편하고 컴팩트한 폴딩 이 가장 중요한 점이겠죠진짜 하이브리드 유모차는폴딩이 얼마나 쉽고 컴팩트한지 ], 부정 텍스트 확률 : 88.05%"
"[ 다 내려와서도 간단하게 펼쳐서 아이를 태우고 슝진짜 신세계랍니다 ], 부정 텍스트 확률 : 63.63%"
"[ 사용하면 사용할 수록], 부정 텍스트 확률 : 74.91%"
"[개월동안 열심히 아가와의 외출에 함께한.?휴대용유모차휴대용유모차.?하이브리드캐비플러스하이브리드캐비플러스이번 겨울은 작년만큼이나 추워서 외출이 내키지 않았는데도], 부정 텍스트 확률 : 93.17%"
"[아쿠아리움], 부정 텍스트 확률 : 53.29%"
"[ 집에서 가까운아쿠아플래닛 연간회원권을 끊고], 부정 텍스트 확률 : 64.60%"
"[ 약 개월간 함께 한 하이브리드 유모차는 기존에 제가 생각했던 휴대용유모차의 단점을 보완한 제품이었어요], 부정 텍스트 확률 : 63.36%"
"[ 저는 휴대용유모차는 일단 안전성이 디럭스와 절충형보단 당연히 떨어질거라고 생각해왔어요무게도 가볍고], 부정 텍스트 확률 : 85.94%"
"[유모차프레임], 부정 텍스트 확률 : 53.29%"
"[ 유모차 끌고 빌딩 갔다가 빵에 커피 한 잔 하러 갔던 날이네요], 부정 텍스트 확률 : 62.38%"
"[ 바퀴도 커서 안정감 있고 프레임도 견고한데 가벼운 무게가 신기했던 하이브리드캐비플러스 알고보니 휴대용유모차 동급 중에서는 최대 크기의 바퀴라고 해요바퀴의 크기는 승차감], 부정 텍스트 확률 : 80.87%"
"[ 바퀴가 크다는 것은 유모차를 끄는 엄마아빠의 피로도와도 연결되는 부분이에요동급 최대크기의 바퀴로 엄마아빠의 운전 피로도를 낮춰주고], 부정 텍스트 확률 : 53.79%"
"[ 육아하다보면 밖에서 느긋하게 마시는 커피 한 잔이 정말 꿀맛이죠 아가는 유모차에서 잠들고], 부정 텍스트 확률 : 66.57%"
"[언폴딩 자체도 매우 쉽고요], 부정 텍스트 확률 : 63.64%"
"[ 어느정도의 사이즈냐면], 부정 텍스트 확률 : 96.81%"
"[저희는 이렇게 차 트렁크에 항상 넣어두는데 예전에 사용하던 디럭스유모차], 부정 텍스트 확률 : 86.54%"
"[절충형유모차는 폴딩했을 때의 부피가 길고 얇았다면이 제품은 폴딩한 상태 자체가 아담해요. 조금 큰 사이즈의 백팩 정도? ], 부정 텍스트 확률 : 70.29%"
"[ 등받이도 자유롭게 조절 가능하니까 아기가 잠들었을 때에는 최대로 내려서 이렇게 재웠어요등받이 조절은 유모차 뒷편에 있는 끈의 버클 높낮이를 조절하는 방식으로 하면 된답니다 ], 부정 텍스트 확률 : 91.68%"
"[ 방풍커버가 있으니까 밖에 잠시 유모차 끌고 갈 때에도 걱정 없어요창도 넓어서 아이가 답답해하지 않고요], 부정 텍스트 확률 : 89.38%"
"[창 주변에 이렇게 지퍼가 있기 때문에 커버 자체를 벗기지 않고 창만 열고 닫을 수 있어서 편리하더라구요], 부정 텍스트 확률 : 59.84%"
"[머플러 등 아기 외출복 보관만 해도 만만치 않은데 유모차가방까지 다 넉넉하게 수납 가능해요 ], 부정 텍스트 확률 : 95.05%"
"[처음에 구입할 때에는 승차감], 부정 텍스트 확률 : 67.52%"
"[안전성바퀴크기], 부정 텍스트 확률 : 53.29%"
"[ 폴딩 간편한지], 부정 텍스트 확률 : 53.29%"
"[셀프스탠딩 가능한지], 부정 텍스트 확률 : 53.29%"
"[아기 발받침 조절 간편한지 등에서 더 편리성을 판단하게 되는 것 같아요 ], 부정 텍스트 확률 : 85.33%"
"[ 캐노피는 전체 다 내리면 이 정도인데], 부정 텍스트 확률 : 79.63%"
"[ 발받침대도 이렇게 올려두어도 쳐지지 않고 잘 고정되어서 아기가 더 편하게 유모차에 누워있어요], 부정 텍스트 확률 : 84.24%"
"[ ..공식명칭 이름은.하이브리드 캐비 플러스..색상이 가지였는데 샤인블랙으로..... ], 부정 텍스트 확률 : 68.76%"
"[ ..유모차 펴기 부분은 숙지 또 숙지..... ], 부정 텍스트 확률 : 78.69%"
"[ ..캐노피 조절.중간 지퍼를 열면 아이 얼굴도 보이고.한 단 길게 석 조..... ], 부정 텍스트 확률 : 99.11%"
"[ ..첫 폴딩], 부정 텍스트 확률 : 57.07%"
"[언폴딩 촬영이었는데.살짝 버벅대긴했지만 엄청 쉽다.누르고 돌리고.몇 번 연습으로 자연스럽게 쓱..... ], 부정 텍스트 확률 : 56.23%"
"[ ..최대한 눕혀서.어때 편하니..... ], 부정 텍스트 확률 : 84.52%"
"[ ..하지만 ㅋㅋㅋㅋ 첫 시승은 첫째가.ㅋㅋㅋㅋㅋㅋ 그래 너가 시승해야지.ㅋㅋㅋㅋㅋㅋ 많이 길어졌네 울 딸.유모차 타고 편하게 다니자♡...해당 업체로부터 할인혜택받아 구매하여 사용 후 작성한 후기입니다. ], 부정 텍스트 확률 : 81.42%"
"[ 우리 둥이들의 디럭스 유모차는 뻬그뻬레고 북포투세컨유모차는 쌍둥이 태울수있는 절충형을 살까 하다가그냥 하나는 유모차 태우고 하나는 아기띠 매자 싶어서 하이브리드 캐비플러스를 구매했더랬지하이브리드 유모차에는 뻬그뻬레고 유모차 구매할때 줬던 구린 유모차시트가 깔려있다그래서 장만한 사계절 사용 가능한 유모차시트도노도노 사계절 양면 라이너 되시겠다 ], 부정 텍스트 확률 : 65.48%"
"[ 도노도노 유모차라이너는 양면이코튼 소재로 되어있고프리미엄 솜이 들어가있단다그래서인지 아주 부들부들하고 적당히 폭신하더군드림하우스라는 모델로 구매했는데 블랙화이트 디자인이하이브리드 캐비플러스 샤인블랙 컬러 유모차와 아주 잘어울린다 ], 부정 텍스트 확률 : 50.13%"
"[ 대신 뒷면에는 흘러내림을 방지해주고 길이조절이 가능한 버클이 있다요건 사용해도 되고 사용하지 않아도 된다 ], 부정 텍스트 확률 : 52.30%"
"[ 무료로 받은 여름용 유모차시트를 갈아치우고부드럽고 폭신한 도노도노 유모차시트를 깔아줬다 ], 부정 텍스트 확률 : 65.18%"
"[ 하이브리드 캐비플러스 유모차에 아주그냥 딱싸이즈구나어깨벨트며 다리 시트 부분이며 홈이 파져있는 부분에 벨트가 딱 맞게 들어간다 ], 부정 텍스트 확률 : 74.71%"
"[ 간단하게 영상으로 찍어본도노도노 사계절 유모차시트 ], 부정 텍스트 확률 : 79.56%"
"[ 새로운 시트 깔아주자마자 바로 외출모드주호는 내가 아기띠로 안고 수호를 유모차에 눕혔다뭔가 저 만족스러워 하는 표정 건방지군 ㅋㅋㅋㅋㅋㅋㅋ다리에도 폭신한 시트가 딱 받쳐주니 편안해 보이는구나 ], 부정 텍스트 확률 : 82.30%"
"[ 새 시트 깔고 유모차 타고 놀러가자 수호야 ], 부정 텍스트 확률 : 76.86%"
"[ 엄마랑 언니랑 동네 마실 나와서배스킨라빈스 들어왔는데 어머 어느새 잠들어버린 우리 호둥이들 ㅋㅋㅋㅋ주호는 엄마품이 편해서 잔다치지만 수호는 유모차시트가 편했는지 소리소문 없이 잠들었네진작 좋은걸로 깔아줄걸 엄마가 미안해 반성할게얼른 쌍둥이유모차에도 가을], 부정 텍스트 확률 : 90.55%"
"[ 겨울용 유모차시트 사서 깔아줘야겠당해당 포스팅은 에센루 서포터즈로써 할인혜택을 받아 제품을 직접 구매하고 체험 후 작성한 후기입니다. ], 부정 텍스트 확률 : 74.25%"
"[ 잉글레시나 앱티카 후기 남겨요이제 일 조금 넘었구요.유모차 구매시에 고민을 아주 많이 했어요 ㅠㅠ디럭스를 살지..절충형을 살지..하이브리드? 를 사야할지..아주 많은 고민끝에 디럭스로 구입하기로 했어요 흔들림 증후군 고려함..제품은 잉글레시나로 구매하기로구매시 고려할때는 폴딩이겠죠? 쉽게 폴딩이 가능한 제품으로 구매하기로 했어요 초 폴딩ㅋ제품도 튼튼하고 평도 좋고 가격은 좀 있지만 우리 아기를 위해서는 이정도는 매장에서 실제로 움직여보고 했는데 좋아서 구매하고 지금도 잘 태우고 있어요다행히 아기가 울지도 않고 아주 편안하게 유모차만 타면 잘 자요 ㅎㅎㅎ다른 브랜드도 열심히 공부하고 실제로 보고..우리 아기에게 맞는 브랜드로 선택너무 비싸지도 저렴하지도 않고 스펙도 딱 좋은 유모차로 구매했네요.쭈욱 잘 쓸거 같아요구매한 유모차는 잉글레시나 앱티카 에요...... ......? 본문 이미지...... ......? 본문 이미지...... ......? 본문 이미지], 부정 텍스트 확률 : 99.28%"
"[ 승차감 좋은 안전한 휴대용 유모차], 부정 텍스트 확률 : 68.79%"
"[하이브리드 후기], 부정 텍스트 확률 : 53.29%"
"[폴딩언폴딩이나 어디든 이동이 편한 기동성], 부정 텍스트 확률 : 52.02%"
"[엘리베이터 대기 시에 북적거리는 사람들 사이를 슉슉 지나다닐 수 있을 정도로 핸들링이 너무너무 좋아요 게다가 한 번의 터치로 뒷바퀴를 동시에 제어하는 튜빙브레이크 또한 원스텝 브레이크로 편하더라고요 ], 부정 텍스트 확률 : 52.80%"
"[대신 안전을 한 번 더 신경써주는 세심함이 하이브리드 유모차에서 돋보여요 ], 부정 텍스트 확률 : 54.79%"
"[ 버클을 끝까지 쫙 땡겨서 등받이를 최대한 안쪽으로 조절해 줬어요 유모차 시트가 워낙 넓다보니까 아기가 약간 누운 듯한 느낌으로 사진이 찍혔어요 ], 부정 텍스트 확률 : 69.67%"
"[ 섀시 폭 ], 부정 텍스트 확률 : 53.29%"
"[엉덩이 깊이 ], 부정 텍스트 확률 : 53.29%"
"[ 혹시나 온도차가 있을까봐 가져온 담요는 장바구니에 담아놓구요장바구니도 휴대용 유모차 치고는 널찍해서 좋아요], 부정 텍스트 확률 : 87.49%"
"[가드에 한쪽발을 올리시고요 ㅋㅋㅋㅋㅋㅋㅋㅋ 아기들은 다들 유모차에 타면 발을 올리고 타더라고요? ㅋㅋㅋㅋ 우리 아기도 예외는 아니었습니다 ㅋㅋㅋㅋㅋㅋㅋㅋㅋㅋㅋ그 와중에 넘나 안전해 보이는 가드와 점식 안전벨트 ], 부정 텍스트 확률 : 54.07%"
"[ 요거 원에 득템겨울옷을 그냥 맨살에 입히기에 부담스러운 옷들이 몇 개 있어서 할머니 추천으로 나시를 구입했습니다 ], 부정 텍스트 확률 : 56.26%"
"[ 계산하고 나와보니 어느새 잠이 드셨습니다 ㅎㅎㅎㅎㅎ 캐노피까지 내렸으니 더욱 잘 자는 것 같네요 이런 때를 대비해 가져온 담요도 덮어주고요 ], 부정 텍스트 확률 : 85.90%"
"[ 등받이를 아래로 내리지 않았는데도 너무 편안한 지 그대로 잠이 들어버렸어요오히려 등받이를 지금 건드리면 깰 것 같은 느낌? ㅎㅎ], 부정 텍스트 확률 : 98.62%"
"[ 기존 휴대용 유모차 대비 넓은 좌석과 승차감이 아이를 꿈나라로 보낸 가장 큰 이유인 것 같아요게다가 동급 대비 큰 뒷바퀴로 향상된 주행 안정감과 바퀴 독립 충격완화 장치로 승차감이 좋아지고 노면에서 받는 충격이 흡수완화 되기 때문이겠지요 ], 부정 텍스트 확률 : 60.89%"
"[ 엘리베이터를 타고 내려오면서 소음으로 눈 뜬 우래기그래], 부정 텍스트 확률 : 93.90%"
"[ 절충형휴대용의 장점을 합친 하이브리드 휴대용 유모차 솔직 후기 ], 부정 텍스트 확률 : 86.85%"
"[돌아기태울휴대용 유모차를 비교해보려고오프라인 매장을 돌아보며 직접 핸들링을 해보니예쁜 휴대용 유모차로 유명한 베이비젠요요], 부정 텍스트 확률 : 91.94%"
"[ 가성비 끝판왕 타보베이직스텝], 부정 텍스트 확률 : 90.02%"
"[ 이 포인트들 위주로 살펴볼게요 ], 부정 텍스트 확률 : 56.17%"
"[하이브리드 캐비플러스 휴대용 유모차의 첫인상이에요조립해야 하나? 했는데큰 박스에서 꺼냈더니 예쁜 자태로 폴딩이 돼있어서그럴 필요가 없더라구요유모차 조립설명서 보면서 하나하나 씌우고 조이는 게은근 힘들고 시간도 많이 잡아먹는데요건 조립할게 도 없는 휴대용유모차라서케이블타이만 제거하면 바로 쓸 수 있어요 ], 부정 텍스트 확률 : 90.56%"
"[고급스러운 가죽 패턴이 입혀진 발받침아무래도 유모차를 가만히 타는 아기들은 없어서발놀림으로 발받침대 천이 헤질 수 있는데가죽패턴의 패브릭을 한 번 더 덧대줌으로써고급스러운 모습과 실용성까지 갖췄어요 심지어 이 부분은 뒷면이라직접 발이 닿는 것도 아닌데 세심히 마감되어 있더라구요하이브리드에서 완성도 좋은 휴대용 유모차를 내놓은 듯 ], 부정 텍스트 확률 : 67.30%"
"[하이브리드 유모차는 완전 가벼운 무게만을 내세우는시중 휴대용 유모차와 비교하면 무거울 수 있지만], 부정 텍스트 확률 : 73.98%"
"[캐노피시트안전바 등 기본구성품 포함 .기본구성인 어깨끈으로 어깨에 짊어진 뒤유모차 차체를 손으로 받쳐주니 들만했어요이제 하이브리드 유모차를 언폴딩해서디테일하게 알아볼게요], 부정 텍스트 확률 : 95.72%"
"[하이브리드 유모차는폴딩 언폴딩이 정말정말 쉬운 휴대용 유모차예요리얼 초폴딩 유모차로 추천할 만한데먼저 동영상부터 보여드릴게요폴딩 편한 유모차], 부정 텍스트 확률 : 93.27%"
"[직접 확인해 보세요], 부정 텍스트 확률 : 66.40%"
"[차양막 확장 전후휴대용 유모차 차양막은 대부분 짧고 작아서햇볕을 가리기엔 역부족인 제품들도 많은데요하이브리드 캐비플러스는캐노피도 높고 깊어서 아기가 성장함에 따라앉은키가 커져도 충분히 오랫동안 태울 수 있는실용적인 휴대용 유모차같아요가뜩이나 전 늦은 오후 산책을 좋아하는 편이라해가 유모차 안으로 길게 들어오는 걸 막아주려면캐노피가 이 정도는 돼야 한다고 봐요확장된 캐노피 부분은 메쉬인데요양대면이 안 되는 휴대용 유모차 특성상메쉬창으로 아기의 상태를 확인하면 될 것 같아요 ], 부정 텍스트 확률 : 74.52%"
"[바 가드를 채택한 하이브리드 휴대용 유모차아기들이 유모차 바를 좋아한다는 얘긴 들었는데우리 아기도 바 붙잡고 들썩들썩놀이기구 탄다고 생각하는지.. 엄청 좋아해요벨트는 안전하게 잡아주는 점식이고], 부정 텍스트 확률 : 68.40%"
"[ 고급스러운 가죽패턴이 덧씌워진발받침도 잘 보이시죠? ], 부정 텍스트 확률 : 74.43%"
"[핸들도 같은 패턴으로 만들어져서쫀득한 그립감 좋더라구요 잘 안 보이는 각도에서 찍은 건데도스티치 마감 꼼꼼하니 합격 ], 부정 텍스트 확률 : 58.30%"
"[ 핸들링과 안정성에 큰 영향을 주는 바퀴 부분휠도 색다르게 처리되어 있는데요그건 그냥 모양내기니까 그렇다쳐도뒷바퀴 사이즈가 인치 무려 한뼘 정도예요휴대용 유모차 승차감은 내가 알 수 없으니 차치하고뭐니뭐니해도 결국엔 핸들링이 제일 중요한데절충형유모차 뺨치는 두툼하고 큼직한 바퀴 덕분에핸들링이 정말 좋아요이건 어떻게 사진으로 보여드릴 수 없어 아쉽 ㅜㅜ ], 부정 텍스트 확률 : 98.76%"
"[하단 바에는 원스톱 브레이크가 있어요발로 그냥 툭툭 고정해제가 되니 얼마나 편하게요? ], 부정 텍스트 확률 : 94.02%"
"[하이브리드 캐비플러스 유모차의 장바구니는휴대용 유모차론 적당한 크기예요 ], 부정 텍스트 확률 : 95.33%"
"[아기띠], 부정 텍스트 확률 : 53.29%"
"[구스 아기띠워머], 부정 텍스트 확률 : 53.29%"
"[기저귀가방...외출 필수품 다 욱여넣었는데 거뜬했어요 ], 부정 텍스트 확률 : 93.33%"
"[장바구니 최대하중은 이기 때문에혹시모르니 너무 많이 넣진 마세용], 부정 텍스트 확률 : 95.00%"
"[간단하게 시작했지만간단하지 않았던 하이브리드 유모차 개봉기는이것으로 마무리할게요 ], 부정 텍스트 확률 : 64.92%"
"[아무래도 블랙 색상이다보니먼지가 뽀얗게 내려앉으면 너무 잘 보일 것 같아서일단 기본 구성품인 유모차가방에 넣어놨어요 ], 부정 텍스트 확률 : 93.95%"
"[ 유모차추천 휴대용유모차 하이브리드캐비플러스 언박싱후기 ], 부정 텍스트 확률 : 79.07%"
"[초보맘인 제가 “휴대용 유모차 언제쯤 구매하면 좋을까요?”라는 질문을 맘카페에 던지곤 했는데... 돌아온 답변은 보통 “돌 지나서요”라고들 하시더라구요.이번에 소개해 드릴 하이브리드 캐비플러스라면? 개월 아기도 괜찮을 것 같네요 ], 부정 텍스트 확률 : 69.71%"
"[휴대용 유모차에 절충형 유모차의 장점들을 결합한], 부정 텍스트 확률 : 81.78%"
"[ 하이브리드 유모차 ], 부정 텍스트 확률 : 53.29%"
"[ 샤인 그레이 ], 부정 텍스트 확률 : 53.29%"
"[함께 개봉해 볼까요? ], 부정 텍스트 확률 : 63.19%"
"[박스를 열자마자], 부정 텍스트 확률 : 58.51%"
"[ 그레이 컬러부분은 단색컬러느낌보다 패브릭을 직조한 듯한 느낌으로 한층 고급스러워요 ], 부정 텍스트 확률 : 81.13%"
"[사용설명서가 들어있지만 따로 조립할 필요가 없는 완제품이라 간단하게 조작법들만 숙지하면 되요 ], 부정 텍스트 확률 : 83.45%"
"[접어서 세워둔 모습만 보아도 수납이 편해 보여요 ], 부정 텍스트 확률 : 86.09%"
"[다른 유모차와 차별화되는 부분중에 하나가 이 휠디자인 남편왈 휠이 예쁘다고... 이게 차는 차지 휠까지 예쁜 유. 모. 차 ㅋㅋㅋ ], 부정 텍스트 확률 : 60.85%"
"[.?하이브리드유모차하이브리드유모차 ], 부정 텍스트 확률 : 53.29%"
"[.?휴대용유모차휴대용유모차 ], 부정 텍스트 확률 : 91.72%"
"[.?절충형유모차절충형유모차 ], 부정 텍스트 확률 : 53.29%"
"[.?하이브리드캐비플러스하이브리드캐비플러스 ], 부정 텍스트 확률 : 53.29%"
"[.?아기유모차아기유모차 ], 부정 텍스트 확률 : 53.29%"
"[.?휴대용유모차고르는팁휴대용유모차고르는팁], 부정 텍스트 확률 : 91.72%"
"[ 딱쿵이 너까지 잡고 놓지를 않는구나좋니? 너만 맘에 든다면 이 엄마는... ], 부정 텍스트 확률 : 90.76%"
"[아기가 개월이 넘어가니 잡고 일어서기 시작해서 유모차에서도 제대로 앉으려 하지 않고 일어서려고 하는데 자형 안전바에서는 몸을 너무 쉽게 휙 돌려서 돌아 눕고 일어섰거든요.그래서], 부정 텍스트 확률 : 89.05%"
"[ 자형 안전바 가 있는 유모차를 원했는데 그게 바로], 부정 텍스트 확률 : 88.52%"
"[ 하이브리드 캐비플러스], 부정 텍스트 확률 : 53.29%"
"[ 아래에 제가 직접 찍어 올린 개봉기 유튜브영상도 참고하시구요. ], 부정 텍스트 확률 : 97.71%"
"[ 휴대용 유모차 하이브리드 캐비플러스 개봉기 ], 부정 텍스트 확률 : 91.66%"
"[하이브리드 캐비플러스 개봉기], 부정 텍스트 확률 : 88.76%"
"[신상 유모차 하이브리드 캐비플러스 서포터즈 활동이 시작되었어요. 개인적으로 디럭스 보다 절충형이나 휴대용 유모차를 좋아하다보니], 부정 텍스트 확률 : 57.62%"
"[한눈에 이거다 싶었던 휴대용 유모차 하이브리드. ], 부정 텍스트 확률 : 86.36%"
"[박스에서 드디어 모습을 들어내는 하이브리드 유모차. 보이는 이것은 발받침인가요? 벌써 고급지다ㅋ ], 부정 텍스트 확률 : 58.55%"
"[짜잔 모습을 들어낸 신상 휴대용 유모차 하이브리드 입니다. 생각보다 바퀴가 크네요. ], 부정 텍스트 확률 : 69.79%"
"[휴대용 유모차나 절충형 유모차는 바퀴가 작은 경우가 많아요. 그런데 하이브리드는 뒷바퀴 사이즈가 .배 커지면서 주행 안정감과 승차감이 높아졌어요. ], 부정 텍스트 확률 : 76.97%"
"[펼쳐진 하이브리드유모차. 생각보다 높이가 높더라구요. 휴대용유모차 라고 하기엔 조금 아까운 유모차라고 할 수 있어요. 캐노피를 처음에 펴면 통풍창이 없더라구요. 보니까 지퍼로 열어서 통풍창이 나오면서 캐노피가 더 연장돼요. ], 부정 텍스트 확률 : 94.17%"
"[핸들은 손목에 부담을 줄여주는 인체공학적 디자인에 가죽 터치감으로 그립감이 편안해요. 유모차는 아무래도 계속 끌고 다녀야 하니깐 핸들도 상당해 중요해요. ], 부정 텍스트 확률 : 87.62%"
"[하이브리드 랍니다. ], 부정 텍스트 확률 : 62.92%"
"[등받이 조절은 버클로 세밀한 각도 조절이 가능해요. 이거의 장단점이 있어요. 등받이를 올릴때 버클을 위로 올릴때 아기가 등받이에 힘을 실어 기대고 있으면 두손으로 해야하는 점이 조금 불편하지만], 부정 텍스트 확률 : 74.77%"
"[아기가 잘 때의 편안함을 주기위해 버클을 누른 상태로 쭉 당겨서 등받이를 눕혀주면 돼요. ], 부정 텍스트 확률 : 69.92%"
"[점식 안전벨트. 어깨], 부정 텍스트 확률 : 76.11%"
"[구멍에서 뺀다음에 원하는 위치에 다시 넣어주면 돼요. ], 부정 텍스트 확률 : 90.53%"
"[뒷쪽을 열어서 구멍이 보이면 그쪽으로 빼서 고정해 주면 돼요. ], 부정 텍스트 확률 : 84.17%"
"[쉽게 폴딩이 되는 하이브리드 유모차. 폴딩 하고 나서 발받침을 접어주면 컴팩트한 사이즈의 유모차로 변신해요. ], 부정 텍스트 확률 : 79.38%"
"[유모차를 접었다 폈다 할때 방법은 동일해요. 핸들에 있는 폴딩 버튼을 엄지 손가락으로 옆으로 민 상태에서 핸들을 앞으로 돌리면서 딸깍 소리가 나도록 털어내듯이 힘있게 펼치면 돼요. 접을때도 같은 방법으로 폴딩 버튼을 밀고 핸들을 돌리면서 아래로 접어주시면 돼요. 아주쉬워요 ], 부정 텍스트 확률 : 99.83%"
"[앞에 안전 바가 없어서 어떻게 갈아타야 하나 고민하던중에 이번에 새로 나온 하이브리드 캐비플러스 만나보게 되었어요. 휴대용 유모차라고 하기엔 좀 아까운 디럭스급 휴대용유모차. 이거 타고 이제 앞에 보고 외출해보자꾸나다음 포스팅에서는 휴대용 유모차 타고 외출 한번 해볼께요 ], 부정 텍스트 확률 : 88.88%"
"[ 본 포스팅은 서포터즈 활동으로 해당 업체로부터 무상제공 받아 사용 후], 부정 텍스트 확률 : 67.22%"
"[ 솔직한 후기로 작성되었습니다 ], 부정 텍스트 확률 : 77.35%"
"[ . ], 부정 텍스트 확률 : 62.92%"
"[ 휴대용유모차하이브리드 캐비플러스 휴대용 유모차 사용후기 ], 부정 텍스트 확률 : 91.72%"
"[다리를 턱 올리네요이게 편한가 봐요ㅋㅋㅋ그리고 편해 보여요 ], 부정 텍스트 확률 : 51.10%"
"[단으로 어깨끈 조절이 가능한데 착착이는 제일 위 칸에 했어요 ], 부정 텍스트 확률 : 76.92%"
"[유모차 편해서 잠이 오는데], 부정 텍스트 확률 : 94.50%"
"[참는 느낌 ㅋㅋㅋㅋㅋㅋㅋ ], 부정 텍스트 확률 : 52.80%"
"[이유는 언니들이 좋아서 ㅋㅋㅋㅋㅋㅋㅋ그리고 이날은 신랑이 유모차를 맡아줘서 전 폴딩하는 거 구경만 하고], 부정 텍스트 확률 : 81.66%"
"[ 한 번도 써 보지 않았네요], 부정 텍스트 확률 : 83.99%"
"[보통 엄마들 이렇게 유모차 쓰잖아요아님 아기띠하고 ㅋㅋㅋㅋㅋㅋ착착이 안고 폴딩 첫 시도해봤어요 펼쳐서 탁 털어주는 게 포인트인데], 부정 텍스트 확률 : 88.22%"
"[착착이는 신랑이 봐 주고 두세 번 연습하고 혼자 영상 찍어봤어요 한 손으로는 동영상 찍고], 부정 텍스트 확률 : 93.27%"
"[한 손으로 폴딩하기 이제 손쉽게 한답니다 ㅋㅋㅋㅋㅋㅋㅋㅋㅋ ], 부정 텍스트 확률 : 76.84%"
"[너무 늦게 나와서 그냥 구경만 했네요역시 착착이 다리는 안전바에 ㅋㅋㅋㅋㅋㅋㅋㅋ ], 부정 텍스트 확률 : 65.69%"
"[엄마랑 옷 구경도 하고 아니], 부정 텍스트 확률 : 90.89%"
"[엄마만 옷구경했네요], 부정 텍스트 확률 : 81.26%"
"[우리 딸램 왜 이렇게 이쁘게 웃는 거냐엄마 녹는다 녹아 ㅋㅋㅋㅋㅋㅋㅋㅋㅋ ], 부정 텍스트 확률 : 62.33%"
"[집에 오는 길 이쁜 고기집에서 한 컷전 아기띠가 편해서 늘 아기띠만 사용했었는데착착이가 무거워지면서 못 쓰겠더라구요], 부정 텍스트 확률 : 95.20%"
"[ 디럭스유모차는 무거워서 운전이 잘 안되고 끌려 다니는 느낌], 부정 텍스트 확률 : 79.96%"
"[ 캐비플러스 휴대용 유모차로 편하게 외출 할 수 있어서 너무 좋네요 방한커버 하나 장만해서 겨울에도 열심히 다녀보렵니다 ], 부정 텍스트 확률 : 87.71%"
"[ 하이브리드유모차 캐비플러스 달 솔직후기 ], 부정 텍스트 확률 : 53.29%"
"[하이브리드유모차 캐비플러스 달 솔직후기 ], 부정 텍스트 확률 : 53.29%"
"[ 휴대용 유모차 하이브리드 캐비플러스를 사용한지도 벌써 달이 지났어요 사용한 기간이 아무래도 가을이나보니 나들이를 정말 많이 다녀왔더라구요 휴대용 유모차라 역시 차에 그냥 넣고간편하게 가지고 다닐수 있다는게 가장 큰 장점이에요 실제로 유모차를 가지고 나갈 생각이 없어 집 근처에 그냥 걸어나갔다가 후회했던 적이 많거든요 휴대용유모차 캐비플러스를 사용한 후로는 항상 차에 유모차를 두고 다니니까유모차를 사용해야하는 불시의 상황?이 와도 걱정이 없어요그래서 가장 큰 장점이라고 하면 휴대성 그리고 디럭스급 휴대용유모차라는 말이 어울릴만한 핸들링이 두번째 장점이에요 ㅎㅎ ], 부정 텍스트 확률 : 99.39%"
"[ 하이브리드 유모차 캐비플러스 달 실사용 솔직후기휴대용유모차디럭스비교], 부정 텍스트 확률 : 93.44%"
"[육아용품 ], 부정 텍스트 확률 : 53.29%"
"[하이브리드 휴대용유모차 캐비플러스절충형급 휴대용], 부정 텍스트 확률 : 91.65%"
"[바로 어제장을 가득 봐서 아이와 놀이터에 다녀왔어요 ㅇ블랙프라이데이 라고 우리동네 마트 군데가 세일을 시작했더라구요 이기회를 놓칠수 없어.. 오전일찍 아이 어린이집 보내고 한번 다녀오고차로 얼집 하원후 또 다녀왔어요ㅋㅋㅋㅋㅋㅋㅋㅋㅋㅋㅋㅋㅋㅋㅋㅋ울애기 좋아하는 메추리알개입 개 천원에 득탬 윰차 가득 장본걸 싫어서 고대로 놀이터로 직행했지요.. 윰차에 가득 실린 짐 보이시나요ㅋㅋㅋㅋㅋㅋㅋㅋㅋㅋㅋㅋㅋㅋㅋㅋㅋㅋ유모차수납함], 부정 텍스트 확률 : 91.36%"
"[얼집가방], 부정 텍스트 확률 : 53.29%"
"[기저귀가방], 부정 텍스트 확률 : 53.29%"
"[디럭스 유모차 스토케 처분하고 캐비플러스로 바꾸다 엄마들의 똑같은 고민이 바로 휴대용 유모차죠], 부정 텍스트 확률 : 95.13%"
"[휴대용 유모차 절충형 유모차 고민되요], 부정 텍스트 확률 : 91.63%"
"[저도 그런 고민을 했던 사람중 명으로써 지금은 휴대용 유모차를 메인으로 너무 만족스럽게 사용하고 있답니다..], 부정 텍스트 확률 : 66.48%"
"[저희집 원래 쓰던 디럭스유모차는 ], 부정 텍스트 확률 : 68.93%"
"[스토케], 부정 텍스트 확률 : 53.29%"
"[스토케는 일단 바퀴가 어마어마하게 큼직하고 승차감 핸들링 좋기로 유명하잖아요? 근데 솔직히 제가 년가까지 사용하며 느낀점은], 부정 텍스트 확률 : 56.04%"
"[유모차 자체가 무거워서 그런지 지금과 비교하니 핸들링이 그렇게 까지 좋은지도 모르겠더라구요.. ], 부정 텍스트 확률 : 78.26%"
"[넘 무거워서 한손으로 핸들링 엄두도 못냈어요 ㅜ.ㅜ], 부정 텍스트 확률 : 89.14%"
"[그리고 가장 치명적인 단점은 절대 차에 싣거나 멀리 가져가지 못해요 ㅋㅋ 분명 접힌다고 설명듣고 샀는데 접어도 접은게 아닌 초대형 사이즈?], 부정 텍스트 확률 : 92.25%"
"[우리집 자가용 인데 트렁크에 실으면 유모차하나로 가득차요... 이러니 절대 집근처 말고는 사용할수가 없었죠], 부정 텍스트 확률 : 84.29%"
"[결국 딱 년정도 사용하고 중고로 처분했습니다.. ], 부정 텍스트 확률 : 95.58%"
"[그리고 미니버기 유모차가 공짜로 생겨서 그렇게 타고 다녔는데.. ], 부정 텍스트 확률 : 70.34%"
"[이건 또 핸들링이 생각보다 별로고 스토케 쓰다가 바꿔서 그런지 유모차가 너무너무 낮은거에요 ], 부정 텍스트 확률 : 98.10%"
"[그러다 만나게된 캐비플러스는 진짜], 부정 텍스트 확률 : 61.42%"
"[ 제인생 최애탬 휴대용유모차 ], 부정 텍스트 확률 : 50.09%"
"[큼직한 뒷바퀴], 부정 텍스트 확률 : 53.29%"
"[넓은장바구니], 부정 텍스트 확률 : 53.29%"
"[전용가방그냥 비쥬얼은 걍 절충형유모차에요], 부정 텍스트 확률 : 73.23%"
"[우리집 등원도우미 캐비플러스 매일아침 아이등원을 함꼐하고 있어요 워낙 요새 안걷고 안아달라 하는것 때문에.. 제가너무 힘들거든요 ㅜㅜ아기띠해도 허리에 무리가 가니까 키로 돌입하고 나서는 왠만해서는 유모차로 꼭 이동하고 있어요 집근처 골목이 울퉁불퉁 하지만 가며운 핸들링에 튼튼한 바퀴덕분에 휴대용 답지않은 핸들링과 안정감 ㅇ ], 부정 텍스트 확률 : 79.15%"
"[▲ 휴대용유모차 고르는 꿀팁 ▲ ], 부정 텍스트 확률 : 89.07%"
"[▲해외여행지에서도 빛나는 휴대용유모차 캐비플러스▲ ], 부정 텍스트 확률 : 94.77%"
"[출•퇴근], 부정 텍스트 확률 : 53.29%"
"[ 프리미어 하이브리드를 타봤습니다 ], 부정 텍스트 확률 : 61.85%"
"[첫인상은 일단 합격 ], 부정 텍스트 확률 : 65.39%"
"[뒷부분도 달라졌습니다. 의 시그니처 ], 부정 텍스트 확률 : 78.89%"
"[실내는 내장재부터 디자인 ], 부정 텍스트 확률 : 85.83%"
"[마감 등 모든 것이고급 대형 세단 부럽지 않습니다. 시인성을 크게 높여주는.인치 내비게이션에 .인치 풀칼라 클러스터까지 적용돼 있었습니다.내비게이션 아래 쪽 버튼들 역시 간결하면서도 조작감이 좋습니다. ], 부정 텍스트 확률 : 86.52%"
"[캐리어 할 거 없이 거뜬합니다. ], 부정 텍스트 확률 : 78.44%"
"[부드러운 주행감각과정숙성도 인상적이었습니다.뒷자리에 타신 장인어른께서도대형 세단을 타신 것 같다며 만족해 하셨습니다.시동 걸 때나 정차 시에는 “시동이 켜져 있는게 맞냐 ”며 매우 놀라셨습니다. ], 부정 텍스트 확률 : 68.66%"
"[외부공기 유입방지 제어 기능은아내가 정말 극찬했습니다.터널 등 비청정 예상 지역에 접근하면자동으로 창문을 닫고 내기순환 모드를 켜는데 “오 ” 소리가 절로 나왔습니다.아무래도 아이와 함께 타다보니공기에도 더 신경을 쓰게 되는데프리미어 하이브리드는 이러한 부분에서 최적의 모습을 보여주었습니다.고속도로 자동차 전용도로에서 작동하며 이하의 터널에서는 미작동 ], 부정 텍스트 확률 : 96.27%"
"[고속도로에 진입하자동급 최상위 주행안전 기술 도제대로 빛을 발합니다.전방 충돌방지 보조 ], 부정 텍스트 확률 : 81.17%"
"[출퇴근용으로 괜찮을까? ], 부정 텍스트 확률 : 61.14%"
"[고속도로.제가 직접 드라이브 모드를에코 ], 부정 텍스트 확률 : 60.30%"
"[컴포트 ], 부정 텍스트 확률 : 53.29%"
"[우선 ], 부정 텍스트 확률 : 53.29%"
"[컴포트 모드로 테스트해봤습니다. 측정 결과 모두 공인연비보다 높은 수준이었습니다. ], 부정 텍스트 확률 : 64.72%"
"[다음은 에코 모드 입니다.고속도로에서는 컴포트 모드 대비 약.ℓ 높은 연비를 기록했으나정체가 심한 도심에서는 큰 차이가 없었습니다.], 부정 텍스트 확률 : 84.45%"
"[트렁크 도 만족스러웠습니다.오히려 주행감각이나 정숙성 ], 부정 텍스트 확률 : 80.95%"
"[카피엔스 ], 부정 텍스트 확률 : 52.56%"
"[ 휴대용유모차 하이브리드캐비 견고함과 컴팩트함을 동시에 ], 부정 텍스트 확률 : 89.08%"
"[안녕하세요쎌카입니다.절충형 유모차를 사기엔 디럭스급 유모차가 있어뭔가 그렇고..휴대용유모차를 사기에 너무 허접하여 안땡기고이런 고민을 하고 있을때딱 찾은 유모차절충형과 휴대용의 장점만을뽑아 만든 하이브리드 유모차하이브리드캐비를 포스팅하려고 합니다 ], 부정 텍스트 확률 : 58.19%"
"[기다리던 하이브리드유모차하이브리드캐비가 도착했습니다제 포스팅 구독하시는 분들은아시겠지만 저희는아직까지 스토케만 사용해서편한점도 많지만휴대성 측면에서는 정말 꽝이었거든요 ], 부정 텍스트 확률 : 94.88%"
"[절충형과 휴대용의 장점만을 쏙 뽑아만든하이브리드 유모차 캐비일단 절충형의 장점인 견고한 차제그리고 튼튼한 바퀴 아이가 느끼는 승차감그리고 핸들링까지 뭐 하나 빠질것이 없는 유모차더라구요거기에 초등학생들도 할 수 있을 만큼쉬운 한손폴딩 그리고셀프스탠딩사이즈 또한 엄청 컴팩트해서이게 휴대용 아닌가??라는 생각까지 들게 합니다 ], 부정 텍스트 확률 : 78.01%"
"[분리도 가능한 안전바 입니다절대 안떨어집니다 아이..ㅋㅋ후대용요모차 하이브리드캐비의 가운데 버튼을 눌러주면간단하게 빠지는 안전바. ], 부정 텍스트 확률 : 50.97%"
"[휴대용유모차 로도 손색없는 하이브리드캐비짐 보관공간도 있습니다 ], 부정 텍스트 확률 : 93.37%"
"[휴대성 ], 부정 텍스트 확률 : 74.36%"
"[ 폴딩 ], 부정 텍스트 확률 : 53.29%"
"[휴대와 안정의 균형을 맞춘 제품으로 차체 흔들림이적고 무게 분산 설계로 제작되어 확실히 끌어보면흔들리거나 넘어질 것 같은 느낌이 들지 않아야 해요.저는 하이브리드 유모차를 끌고 다니면서무게가 쏠린다는 느낌이 든 적이 없어서 좋더라고요휴대용들이 짐 하나만 싣고 걸어도 턱을 올라가거나할 때 조금만 기울여도 휘청할 때가 많은데그런 게 없으니까 안심이 되더라고요. ], 부정 텍스트 확률 : 90.09%"
"[ 아이 성장은 정말 빠르잖아요아이는 키가 쑥쑥 커 가는데 당연히 어깨끈위치도 변경이 되어야 하지 않겠어요??또 작은 아이들은 이게 헐거우면 잡아주지 않고빠져나올 수 있기 때문에 위치 조절은 필수단 어깨끈 조절이 가능하기 때문에 아이 앉은키에맞춰서 조절해주면 되더라고요.돌 된 우리 아이는 보통은 두 번째에 맞춰두고 사용하면딱 되던데 외투 좀 많이 껴 입고는 제일 위로옮겨서 사용하면 좀 더 편할 것 같았어요.어깨끈 위치 변경도 뒤판 열어서 끈 위치만 바꿔주면되니까 어렵지 않더라고요. ], 부정 텍스트 확률 : 83.60%"
"[점식 벨트다섯 방향에서 아이를 잡아줘요.일단 편한 건 팔 부분만 끼워주면 되니까 아이도 짜증 내지 않고 쉽더라고요. ], 부정 텍스트 확률 : 99.93%"
"[ 원스텝 브레이크라 편해요.손에 짐이 있거나 잠깐 세워놓고 뭘 찾을 때도브레이크 걸어놓으면 더 안전한데도 잘 안되거든요딱 가운데 있으니까 횡단보도에서도 편하게브레이크 걸고 풀고 할 수 있어서 좋은 것 같아요 ], 부정 텍스트 확률 : 71.24%"
"[ 실용성 ], 부정 텍스트 확률 : 74.36%"
"[ 아이가 탔을 때 편해야 하잖아요.특히 휴대용 유모차는 생각보다 좁은 제품이 많아서덩치가 있는 아이들은 불편해할 수도 있어요.하이브리드 캐비플러스는 비교적 넉넉한 시트라서지금 돌쟁이 아이가 외투를 껴 입고 앉아도남기 때문에 불편해 보인다는 생각이 들지 않아요벨트 풀어주면 이리저리 막 움직이는데 자리가 남아요바른 자세 쿠션 시트라서 너무 딱딱하지 않고폭신한 감이 있어서 전 라이너는 따로 하지 않아요. ], 부정 텍스트 확률 : 93.90%"
"[ 버클로 조절하는 건 사실 처음 사용하는데전 오히려 편하더라고요.원하는 위치로 시트를 올리고 버클을 당기면 되니까세심하게 아이에게 맞는 각도로 조절이 가능했고또 한 번 조이면 어떤 유모차는 자꾸 눕혀진다고불편하다는 글을 봤는데 잘 조여주니까전 괜찮더라고요. ], 부정 텍스트 확률 : 94.33%"
"[ 휴대용 유모차 고르는법 중에서 전고려해야 하는 게 있다면 전 차체 높이라고 생각해요생각보다 낮은 게 많거든요.우리 신랑그렇게 큰 키도 아닌데낮은 건 불편해요. 걸을 때마다 다리도 걸리고전 키가 인데 높이 딱 좋은 것 같아요.신랑도 이거 끌 때는 별 불만이 없네요 ], 부정 텍스트 확률 : 58.08%"
"[ 아빠없이 엄마가 들고 다녀도 들고다닐만 하더라구요물론], 부정 텍스트 확률 : 56.53%"
"[ 제가 특히 맘에 들었던 부분은아무리 가을이라 선선하다고는 해도 햇볓이 아직 낮에는 많이 따갑더라구요여행중에 아기가 잠을 잘 자줘야 여행도 편안하니풀캐노피가 되나 안되나를 중요하게 생각했는데단 풀캐노피가 가능한 점이 맘에 들더라구요], 부정 텍스트 확률 : 71.73%"
"[ 거기에 이렇게 매쉬소재에 창이 있어서아기의 상태를 위에서 확인 할 수 있다는 점도 마음에 들었어요], 부정 텍스트 확률 : 66.84%"
"[ 예전에 사용한 휴대용 유모차는 핸들부분이 스폰지같은거라휴대용유모차는 이리저리 찍힐 일이 많을 것 같은데쉽게 구멍이 나거나 찢어질 것 같았는데하이브리드 캐비플러스는 견고한 가죽이라손상걱정 없구요 ㅎㅎ고급스러워 보이기까지 하더라구요], 부정 텍스트 확률 : 82.30%"
"[ 한발로 제어가 가능한 브레이크 부분도합격 ], 부정 텍스트 확률 : 92.54%"
"[ 하이브리드 캐비플러스는아이의 신체사이즈와 움직임을 배려한넓은 시트와 넉넉한 공간이 특징이에요휴대용유모차치고 정말 크다는 느낌을 받았어요절충형보다는 정말 디럭스에 가까운 느낌?하지만 무게는 키로대로 가벼운 편이라여행중에도 가지고 다니기에도 편리하구요], 부정 텍스트 확률 : 60.57%"
"[ 다리가 흔들리지 않도록 잡아주는다리받침대는 단으로 조절이 가능해서아이의 상태에 맞게 사용할 수 있는 점도 포인트다음 포스팅에서는실제로 여행을 다녀온 후기와장단점을 파헤쳐보도록 할께요 아직까지는 왕추천], 부정 텍스트 확률 : 64.41%"
"[하이브리드유모차 캐비플러스새로운 휴대용 유모차 ], 부정 텍스트 확률 : 77.31%"
"[ 디럭스 유모차 없이신생아때부터 휴대용 유모차로 버텼더니년만에 바퀴에서 소리도 나고 핸들링도 바보가 되었어요그래서 새로운 휴대용 유모차가 필요했어요유모차를 바꿔야 할 시기에고급스러운 휴대용유모차가 눈에 들어왔으니], 부정 텍스트 확률 : 97.39%"
"[ 그것은 바로], 부정 텍스트 확률 : 58.25%"
"[ 하이브리드유모차 캐비플러스 언박싱 ], 부정 텍스트 확률 : 53.29%"
"[ 처음에 박스 배송받고 좀 놀랐어요 그 동안 사용했던 유모차 박스에 비해 크기가많이 작더라고요 이 작은 박스에 유모차가?? ], 부정 텍스트 확률 : 72.41%"
"[ 이번엔 블랙이 아닌], 부정 텍스트 확률 : 61.53%"
"[브라운], 부정 텍스트 확률 : 53.29%"
"[야외로 나가거나 하면], 부정 텍스트 확률 : 87.38%"
"[흙투성이가 되서 더 더러워보이더라고요 하이브리드 유모차는 야외나 여행시에 주로 사용할 제품이라때가 덜 타보이는 부드러운 컬러로 선택했답니다 ], 부정 텍스트 확률 : 92.95%"
"[ 컬러는 총 종류 이 중 메인 컬러는 블랙인듯 하구요 선택은 엄마의 몫입니다 섀시 컬러도 다르니], 부정 텍스트 확률 : 77.73%"
"[선택에 참고하세요], 부정 텍스트 확률 : 96.49%"
"[ 여행 안성맞춤], 부정 텍스트 확률 : 53.29%"
"[보관가방 ], 부정 텍스트 확률 : 53.29%"
"[ 구매시 증정되는보관가방에 넣어주면휴대하기도 편하고], 부정 텍스트 확률 : 92.30%"
"[ 한손으로 쉽게], 부정 텍스트 확률 : 65.25%"
"[초만에 뚝딱], 부정 텍스트 확률 : 57.96%"
"[ 안전바에 있는 버튼을 오른쪽으로 밀고앞으로 돌리면서 부드럽게 펼쳐주면 초만에 끝 사진 촬영하느라 왼손으로 했지만], 부정 텍스트 확률 : 81.20%"
"[펼칠때에는 는오른손으로 하면 훨씬 편하답니다], 부정 텍스트 확률 : 91.00%"
"[ 견고한 섀시 설계 ], 부정 텍스트 확률 : 53.29%"
"[ 승차감을 더한], 부정 텍스트 확률 : 60.64%"
"[흔들림 완화 바퀴 ], 부정 텍스트 확률 : 53.29%"
"[ 멀티포지션 등받이 조절], 부정 텍스트 확률 : 67.17%"
"[다리받침 조절 ], 부정 텍스트 확률 : 53.29%"
"[ 버클을 통해 세밀하게 등받이 조절이 가능하구요 가끔 등받이 조절이 안되는 휴대용 유모차가 있는데], 부정 텍스트 확률 : 88.62%"
"[그건 너무 불편해요 ㅠㅠ ], 부정 텍스트 확률 : 63.34%"
"[ 단부터 단까지 조절 가능한 발받침을아기가 좀 더 편안한 자세로 있을 수 있게 도와준답니다 섀시를 포함하여등판], 부정 텍스트 확률 : 66.20%"
"[다리받침이 타 유모차보다 넉넉해서성장하는 아이에게 편한 공간이 되어주는것 같아요], 부정 텍스트 확률 : 62.67%"
"[ 단 풀 캐노피매쉬 통풍창 ], 부정 텍스트 확률 : 64.12%"
"[ 안심 드라이빙 시스템 ], 부정 텍스트 확률 : 53.29%"
"[바를 사용하여아기의 승차하는 쉽게], 부정 텍스트 확률 : 75.64%"
"[안전은 한번 더 기존에 사용하던 제품은 안전가드 형태라아기가클수록 승], 부정 텍스트 확률 : 54.85%"
"[하차가 불편해지더라고요 ], 부정 텍스트 확률 : 86.25%"
"[ 점식 안전벨트로 더 안전하게 어깨], 부정 텍스트 확률 : 63.60%"
"[ 안전성], 부정 텍스트 확률 : 53.29%"
"[휴대성], 부정 텍스트 확률 : 74.36%"
"[실용성], 부정 텍스트 확률 : 74.36%"
"[가성비까지 모두 다 따져보아야 하잖아요역시 요즘 엄마들에게 핫한 하이브리드휴대용 유모차로 선택했어요. ], 부정 텍스트 확률 : 94.96%"
"[휴대용과 절충형이 하나로 만난 하이브리드 유모차], 부정 텍스트 확률 : 77.34%"
"[벌써 세번째 육아중임에도 휴대용 유모차는 처음 만나봤어요.워낙에 유모차], 부정 텍스트 확률 : 89.50%"
"[여기서 잠깐 ], 부정 텍스트 확률 : 66.09%"
"[★휴대용 유모차를 고르는 팁★휴대용 유모차는 아기들이 스스로 앉는 생후 개월부터 세까지 오랜기간 사용하는 외출 필수품으로 휴대성은 기본], 부정 텍스트 확률 : 79.39%"
"[ 안전성과 편리성등 꼼꼼하게 따져보고 골라야 한답니다..튼튼하고 안정감있는 유모차 섀시.편안한 승차감], 부정 텍스트 확률 : 58.70%"
"[ 부드러운 핸들링.간편하고 컴팩트한 폴딩.넉넉한 좌석 하이브리드 유모차], 부정 텍스트 확률 : 59.55%"
"[쉽고 빠른 폴딩], 부정 텍스트 확률 : 78.99%"
"[컴팩트사이즈 ], 부정 텍스트 확률 : 53.29%"
"[캐비플러스 휴대용 유모차는샤인그레이], 부정 텍스트 확률 : 87.69%"
"[샤인블랙], 부정 텍스트 확률 : 53.29%"
"[그레이], 부정 텍스트 확률 : 53.29%"
"[손잡이를 살짝 돌려서 쭉 펴고 손잡이를 살짝 돌려 쭉 접으면 끝이젠 남편없이 혼자서도 울 쪼이데리고 외출이 가능해요. ], 부정 텍스트 확률 : 82.59%"
"[하이브리드 유모차는 유모차 보관가방이 따로 있더라구요.이동할때나 보관할때 이렇게 유모차 보관가방에 넣어서 다니면 훨씬 깨끗하고 흠집없이 탈수 있어요. ], 부정 텍스트 확률 : 74.35%"
"[게다가 손잡이가 달려있어서 이동시에 편리하고무엇보다 휴대용 유모차인만큼 .로 가볍게 들고 다닐 수 있어요. ], 부정 텍스트 확률 : 52.98%"
"[앞바퀴보다 약 정도 더 큰 뒷바퀴로 주행시 안정감있게 탈 수 있어요.바퀴에 설치된 독립 서스펜션이 흙길의 잔 진동부터 울퉁불퉁한 자갈길까지충격을 흡수 완화시켜주고바퀴가 회전할때 발생하는마찰을 줄여주는 볼베어링 장착으로엄마 손목에 부담을 줄여 핸들링이 가볍고 편하답니다. ], 부정 텍스트 확률 : 88.75%"
"[육아맘들은 항상 나갈때면 짐이 최소화 해도 한짐이잖아요.이럴땐 유모차 아래장바구니를 참 유용하게 사용하면 좋답니다. ], 부정 텍스트 확률 : 55.08%"
"[유모차 시트 등판에 보면 등받이 조절 버클이 하나 있어요. 아이 상황에 맞도록 버클로 세밀한 각도 조절이 가능하답니다. ], 부정 텍스트 확률 : 86.68%"
"[ 가지로 정해져있는 반면에하이브리드 유모차는 버튼이 집게처럼 되어있어서 잡아서 끈을 당겼다 풀었다 하면서등받이 각도를 원하는대로 세밀하게 조절할수 있답니다. ], 부정 텍스트 확률 : 69.48%"
"[유모차 필수품 중에 하나가 바로 캐노피잖아요.햇빛], 부정 텍스트 확률 : 92.65%"
"[가랑이등 방향에서 아기를 감싸주기 때문에 안전한 탑승이 가능하답니다. ], 부정 텍스트 확률 : 58.17%"
"[ 휴대용유모차 하이브리드 캐비플러스 개봉기 ], 부정 텍스트 확률 : 91.66%"
"[휴대용유모차 하이브리드 캐비플러스 개봉기 ], 부정 텍스트 확률 : 91.66%"
"[영국 프리미엄 유모차하이브리드 캐비 플러스 휴대용 유모차색상샤인블랙샤인그레이그레이브라운스톤가지 색상 중 샤인그레이 ], 부정 텍스트 확률 : 82.79%"
"[박스보고 우와 여기에 유모차가 들어있단 말이야? 했을 정도로 작은 박스에 담겨져왔는데요이미 조립이 다 되어있는 상태에서 폴딩만 되어져왔기 때문에 편하게 해체? 할 수 있었어요 ], 부정 텍스트 확률 : 96.70%"
"[하이브리드 유모차가 지금 출시 된지 아마 한달밖에 안될 정도로 아주 따끈따끈한 신상이에요그래서 주요 특징을 한번 찾아봤는데 살짝 말씀드리면편한 기동성편리한 운반 보관쉽고 빠른 폴딩안전한 내구성향상된 드라이빙아이성장 맞춤시트요 정도가 있는데 휴대용과 절충형의 사이라고 보시면 될 것 같아요 ], 부정 텍스트 확률 : 71.36%"
"[사용설명서가 동봉되어 왔지만ㅋㅋㅋ읽진 않아요 워낙 정보가 발달되어있어서설명서봐도 글은 눈에 잘 안들어오고인터넷으로 영상으로 보는게 편한 나이가 되부렀으 ], 부정 텍스트 확률 : 62.66%"
"[앞서 말했든 편리한 운반과 보관이 장점이 유모차답게 아래 어깨끈이 굉장히 튼튼해요여러 유모차를 많이 접해봤지만 이부분이 허술한 곳도 많은데 이런 부분까지 디테일이 살아있어요 ], 부정 텍스트 확률 : 99.47%"
"[보관가방에 넣어두면 깔끔하게 보관하고 이동시 편리하겠죠 ], 부정 텍스트 확률 : 94.96%"
"[이제 폴딩언폴딩을 보여드릴게요요 방식은 예전 유모차 방법이랑 같아서 쉽게 접할 수 있었는데요 하면서 사진 못찍으니 남편이 도와주겠습니다ㅋㅋㅋㅋ ], 부정 텍스트 확률 : 97.35%"
"[유모차 펴는 법언폴딩 ], 부정 텍스트 확률 : 53.29%"
"[유모차 접는 법폴딩 ], 부정 텍스트 확률 : 53.29%"
"[손잡이에 있는 버튼만 밀고 돌리면 접었다 폈다가 아주 쉬워서 넘 매력적이에요무게 .펼쳤을때 접었을때 접었을때 사이즈는 굉장히 작은데 펼치니 타 브랜드 유모차와 비교가 안될정도로 넓은 시트를 자랑해요 ], 부정 텍스트 확률 : 78.77%"
"[요렇게 다열면 거의 햇빛을 다 가릴 정도로 풀차양막이된답니다 ], 부정 텍스트 확률 : 81.77%"
"[등받이 조절은 뒷편에 버클로 쉽게 조절하실 수 있는데요 ], 부정 텍스트 확률 : 60.11%"
"[사진으로는 잘 안느껴지는데ㅋㅋㅋ꽤 많이 세워지고 눕혀지고 하더라구요저는 완전 세워지는게 좋긴 한데 그런 휴대용유모차는 아직 못만나봤어요ㅋㅋㅋ ], 부정 텍스트 확률 : 50.05%"
"[점식 안전벨트어깨 허리 가랑이 방향에서 감싸주는 방식으로현존하는 제일 안전하고 편한 방식이라 카시트나 유모차 대부분이 요렇게 되어있더라구요 ], 부정 텍스트 확률 : 79.36%"
"[넓은 장바구니도 마음에 드는 부분ㅎ장바구니가 없거나 좁고 작은 유모차를 써봤는데 답답해서 죽겠더라구요유모차를 태우다보면 아이만 태우는 것이 아니기때문에 수납력도 중요해요 ], 부정 텍스트 확률 : 90.85%"
"[바퀴만 봐도 굉장히 크고 튼튼한게 느켜지네요그래서 어린 아가들은 흔들린아이증후군 때문에 쓰고싶어도 휴대용으로 넘어가기 쉽지 않은데 요건 안정적이라 추천할만 한 것 같아요 ], 부정 텍스트 확률 : 90.09%"
"[자 겨울철 유모차 짝꿍이자 필수아이템방풍커버에요 ], 부정 텍스트 확률 : 68.46%"
"[날씨가 이제 제법 춥기때문에 바람막이 역할을 해주는 고마운 아이템이죠하이브리드 전용커버이기때문에 딱맞아서 미관을 해치지 않습니다ㅋㅋㅋ ], 부정 텍스트 확률 : 86.85%"
"[예전에는 안전바가 있어도 떼거나 없는 유모차를 써서 그런지 아이가 처음 안전바를 접했거든요그래서 안전바가 운전대라고 생각이 드는지 엄청 즐거워하는 모습을 보이네요 ], 부정 텍스트 확률 : 73.21%"
"[이제 새 유모차타고 주말에 나들이가보자 ], 부정 텍스트 확률 : 83.92%"
"[하이브리드 캐비플러스 개봉 후 사용 총평다른 휴대용 유모차랑 비슷하겠지 했는데 시트도 넓고 안정적이더라구요디럭스나 절충형은 부담스럽고 휴대용유모차로 가기엔 이른감이 있을때 요거 추천하고싶어요그대신 휴대용치고는 다소 무겁고 큰 느낌이지만시트부분이랑 바퀴가 넘 마음에 들어요♡계속 더 써보고 후기 남기겠습니다 ], 부정 텍스트 확률 : 93.33%"
"[ 휴대용 유모차 고르는법 내 선택은 하이브리드 ], 부정 텍스트 확률 : 87.13%"
"[휴대용 유모차 고르는 팁 ], 부정 텍스트 확률 : 89.07%"
"[아이가 태어나면 안정감 있는 유모차를 고르게 되잖아요그런데 생각보다 부피도 크고 폴딩도 힘들고무겁기도 하다 보니까 엄마들이 결국엔휴대용 유모차에 눈을 돌리게 되더라고요.그래서 보통 디럭스나 절충형을 사용하고 나서아이가 어느 정도 크면 휴대용으로 무조건하나쯤은 갖게 된다는 소리저도 지금 현재 물려받은 것도 많아서집 가까이에 있는 시댁에까지 가져다 둔유모차만 총 네 대아이가 편한 것도 물론 중요하지만 외출하면서엄마가 편한 것도 마찬가지로 중요하더라고요.겨울 아이라서 안 그래도 불편했던 디럭스는 거의 사용하지도 않고 패스절충형은 끌기에는 뭐 무난했으나 콤팩트하지 않았기 때문에 아기띠로 외출한 적이 많았어요.또 휴대용은 비교적 가볍다 보니까짐을 걸거나 길이 좋지 않으면 안정감 없이이리저리 넘어갈 것 같은 느낌과 함께 핸들링도좋지 않고 낮아서 불편할 때가 많았고..이렇게 각각의 장단점 때문에 이번엔 꼭 내 입맛에 맞는휴대용 유모차를 고르리라 다짐하게 되었네요 ], 부정 텍스트 확률 : 96.86%"
"[휴대성 ], 부정 텍스트 확률 : 74.36%"
"[폴딩 ], 부정 텍스트 확률 : 53.29%"
"[안전성 ], 부정 텍스트 확률 : 53.29%"
"[휴대와 안정의 균형을 맞춘 제품으로 차체 흔들림이적고 무게 분산 설계로 제작되어 확실히 끌어보면흔들리거나 넘어질 것 같은 느낌이 들지 않아야 해요.저는 하이브리드 유모차를 끌고 다니면서무게가 쏠린다는 느낌이 든 적이 없어서 좋더라고요휴대용들이 짐 하나만 싣고 걸어도 턱을 올라가거나할 때 조금만 기울여도 휘청할 때가 많은데그런 게 없으니까 안심이 되더라고요. ], 부정 텍스트 확률 : 90.09%"
"[아이 성장은 정말 빠르잖아요아이는 키가 쑥쑥 커 가는데 당연히 어깨끈위치도 변경이 되어야 하지 않겠어요??또 작은 아이들은 이게 헐거우면 잡아주지 않고빠져나올 수 있기 때문에 위치 조절은 필수단 어깨끈 조절이 가능하기 때문에 아이 앉은키에맞춰서 조절해주면 되더라고요.돌 된 우리 아이는 보통은 두 번째에 맞춰두고 사용하면딱 되던데 외투 좀 많이 껴 입고는 제일 위로옮겨서 사용하면 좀 더 편할 것 같았어요.어깨끈 위치 변경도 뒤판 열어서 끈 위치만 바꿔주면되니까 어렵지 않더라고요. ], 부정 텍스트 확률 : 83.60%"
"[점식 벨트다섯 방향에서 아이를 잡아줘요.일단 편한 건 팔 부분만 끼워주면 되니까 아이도 짜증 내지 않고 쉽더라고요. ], 부정 텍스트 확률 : 99.93%"
"[원스텝 브레이크라 편해요.손에 짐이 있거나 잠깐 세워놓고 뭘 찾을 때도브레이크 걸어놓으면 더 안전한데도 잘 안되거든요딱 가운데 있으니까 횡단보도에서도 편하게브레이크 걸고 풀고 할 수 있어서 좋은 것 같아요 ], 부정 텍스트 확률 : 71.24%"
"[실용성 ], 부정 텍스트 확률 : 74.36%"
"[아이가 탔을 때 편해야 하잖아요.특히 휴대용 유모차는 생각보다 좁은 제품이 많아서덩치가 있는 아이들은 불편해할 수도 있어요.하이브리드 캐비플러스는 비교적 넉넉한 시트라서지금 돌쟁이 아이가 외투를 껴 입고 앉아도남기 때문에 불편해 보인다는 생각이 들지 않아요벨트 풀어주면 이리저리 막 움직이는데 자리가 남아요바른 자세 쿠션 시트라서 너무 딱딱하지 않고폭신한 감이 있어서 전 라이너는 따로 하지 않아요. ], 부정 텍스트 확률 : 93.90%"
"[버클로 조절하는 건 사실 처음 사용하는데전 오히려 편하더라고요.원하는 위치로 시트를 올리고 버클을 당기면 되니까세심하게 아이에게 맞는 각도로 조절이 가능했고또 한 번 조이면 어떤 유모차는 자꾸 눕혀진다고불편하다는 글을 봤는데 잘 조여주니까전 괜찮더라고요. ], 부정 텍스트 확률 : 94.33%"
"[휴대용 유모차 고르는법 중에서 전고려해야 하는 게 있다면 전 차체 높이라고 생각해요생각보다 낮은 게 많거든요.우리 신랑그렇게 큰 키도 아닌데낮은 건 불편해요. 걸을 때마다 다리도 걸리고전 키가 인데 높이 딱 좋은 것 같아요.신랑도 이거 끌 때는 별 불만이 없네요 ], 부정 텍스트 확률 : 58.08%"
"[휴대용유모차 하이브리드유모차 만든사람 상줘야돼 ], 부정 텍스트 확률 : 89.16%"
"[하이브리드 캐비 플러스 이래서 놀랍다● 안전성 ●휴대성은 흔들림이 심하고 안전감이 없을 것이라는 편견은 차체 흔들림 최소 ↓ 까지 안전하게 승차할 수 있는 견고돋는 섀시유모차 무게 분산 설계 주행 중 흔들림 ↓ ], 부정 텍스트 확률 : 73.46%"
"[하이브리드유모차의 안정성은 지구끝까지 닿을 기세점식 어깨], 부정 텍스트 확률 : 63.43%"
"[ 허리], 부정 텍스트 확률 : 53.29%"
"[ 가랑이 방향에서 우리 베베를 감싸주는 형태의 안전벨트로 유모차탑승 안전은 높혀주고 안전가드로 승하차는 더쉽고 안전은 만렙 찍었다여기다 동생도 형아도 누가 사용해도 편리하도록 단 어깨끈 높이조절과 더 넓어진 시트와 바른자세 쿠션시트까지 이건 정말 디럭스 유모차에서나 만나 볼 수 잇는 고급짐 아니냐며 보면 볼 수록 놀라웁다요], 부정 텍스트 확률 : 99.25%"
"[유모차추천 사이즈 이정도는 되어야지 쉽고 빠르게 한 손 폴딩으로 접으면 엄마 기저귀가방 개 크기안군이 뽀로로가방 .배 크기 셀프스탠딩도 가능이게 혁신이자 과학이다 보관파우치가 없어도 외출시 폴딩 후엔 어깨끈이 있어서 메고 이동도 오라이], 부정 텍스트 확률 : 85.16%"
"[집앞 나들이도 ], 부정 텍스트 확률 : 61.06%"
"[하이브리드 캐비 플러스 이래서 놀랍다 세번째● 휴대성 ●휴대용윰차는 등받이 각도 조절이 안되어서 아이가 잠들어도 불편한 자세로 아동 시킬 수 밖에없었는데 이젠등받이조절 가능하쥬 우리 아가의 상황에 맞게 버클하나로 세웠다가 눕혔다가 세밀한 각도까지도 맡겨만 주쇼], 부정 텍스트 확률 : 99.57%"
"[휴대용유모차를 선택하는 기준 ▼ ], 부정 텍스트 확률 : 92.54%"
"[휴대용유모차 외출이 편해졌어요 하이브리드 휴대용 유모차], 부정 텍스트 확률 : 90.76%"
"[ 휴대용유모차 외출이 편해졌어요 하이브리드 휴대용 유모차], 부정 텍스트 확률 : 90.76%"
"[친구가 네일을 받으러 간다기에 같이 나들이를 나갔죠하이브리드 휴대용유모차는 당연히 동승유모차에서 잠든 딸랑구편한지 좀 오래 잤어요], 부정 텍스트 확률 : 63.42%"
"[휴대용유모차인데도 불구하고 아주 견고해 보이지 않나요? 이 유모차를 본순간 휴대용도 이렇게 튼튼할수 있구나 생각했어요 견고한 섀시 설계로 튼튼하구요], 부정 텍스트 확률 : 83.40%"
"[그리고 또 맘에드는 기능중하나가 차양막이에요 시크릿 존이 있어서 아가 잠이라도 들면풀 차양막으로 변신할수 있어요 시크릿존은 매쉬로 되어있어서아가의 자는 모습을 확인 할수도 있고 통풍도 되서좋았어요그리고 무엇보다 차양막이 팽팽하게 딱 고정이 되요 젤 아래로 당기면 딸깍 하면서 흔들리거나해서 올라오는 일이 없더라구요], 부정 텍스트 확률 : 96.40%"
"[앞쪽 바퀴에 보면 발 받침도 있어서 큰 아이가 탈때 발이 닫지않아 힘들어 하지 않아도 되요 그리고 와이드한 장바구에 또한번 놀랩니다 폴딩을 할때 안에있는 물건을 빼지 않아도 되는 아주 편리한 점이 있어요안그러면 장바구니에 있는 물거들을 다 빼고 폴딩해야하서 조금 번거로움이 있거든요 이 휴대용유모차는 노노ㅎㅎㅎㅎㅎㅎ ], 부정 텍스트 확률 : 76.67%"
"[안전 가드가 있어서 아가가 혹시나 벨트를 안하고 앉아있어도 안심할수 있어요그렇다고 벨트를 하지 않으면 절대 안된답니다 안저벨트는 생명벨트], 부정 텍스트 확률 : 67.03%"
"[아이의 성장에 맞춘 와이드한 시트 덕분에 우리집 신생아 부터 세까지 쓸수 있어서 너무 편해요], 부정 텍스트 확률 : 70.56%"
"[이제 폴딩을 해봁차례또또 하이브리드유모차의 장점한손으로 폴딩과 언폴딩이 가능하다는 말씀핸들 가운데 보면 다른데는 다 가죽으로 되어있는데 가운데만 다르게 되어있죠?아랫쪽에있는 버튼을 옆으로 당긴 후 앞쪽으로돌려주면 되요], 부정 텍스트 확률 : 91.87%"
"[그리고 셀프스텐딩이 되어서좁은 음식점이나 카페 복도에 세워 놓을 수 있어서 너무 편하더라구요 ], 부정 텍스트 확률 : 76.39%"
"[그리고 어깨 끈도 있어서 어디 이동하거나 옮겨야할때도 너무나도 편해요어꺠끈은 평소엔 장바구니 속에 들어있어서 운행을 할때는 전혀 방해되지 않아요], 부정 텍스트 확률 : 73.75%"
"[언폴딩이 가능하고셀프스텐딩이 가능해서 보관도 용이하고시트도 와이드], 부정 텍스트 확률 : 76.22%"
"[엠보싱이 있어 아가의 승차감이 높고 원스텝으로 브레이크가 가능해 편하고 하 하 하 장점이 너무나 많이 다 나열하기도 힘드네요아직 나쁜점은 찾지 못했어요담 폿팅에 더 자세히 보여드릴게요], 부정 텍스트 확률 : 99.55%"
"[ 절충형에 가까운 하이브리드 캐비플러스 휴대용유모차 개봉기 ], 부정 텍스트 확률 : 93.21%"
"[휴대용 유모차 대], 부정 텍스트 확률 : 82.14%"
"[디럭스는 셋째 생기면 사용하려고그냥 보관중.. 아직 계획도 없으면서 ㅋㅋㅋ그리고내가 구매해 쭉 사용하던지금 까지 가지고 있는 휴대용 유모차는 굉장히 불편 했지만 폴딩 하나 때문에 갖고 다니면서 사용했던건데요이번에 절충형에 가까운 휴대용유모차 하이브리드 휴대용 유모차를 구매했으니 기존에 사용하던 제품은 다시필요하신분에게 넘기려고요], 부정 텍스트 확률 : 85.00%"
"[그리고 웹서핑을 통해 알아냈죠 제가 정말 멋지게 본 유모차는 바로하이브리드 캐비플러스 휴대용 유모차라는 것 안그래도 기존에 사용하던휴대용 유모차를바꾸려던 참이라 바로 주문을 했습니당데헿], 부정 텍스트 확률 : 95.60%"
"[택배 어플보고 정말 이 유모차만 기다렸어용빨리와라 빨리와라집앞에 택배 보관했다는 기사님 문자 받고바로 나가서모셔왔지용 ㅋㅋ폭풍 택배 박스 뜯기 ㅋㅋㅋㅋㅋ저는 그레이 컬러로 주문을 했는데정말 너무 예뻐요], 부정 텍스트 확률 : 57.13%"
"[아이의 상태까지 확인이 가능해요 이건 거의 절충형에만 있는 기능이죠.제가 휴대용 유모차를 이전까지 번갈아치우면서도 휴대용에선 이런 캐노피는전혀 보지 못했습니다참고로 저 엄마들 사이에서알아주는제품만 사용했었어요 자랑은 아니에요 ㅠㅠ..제가 유행에 잘 따라가는 뇨자라.. ], 부정 텍스트 확률 : 91.87%"
"[아이의 승하차는 더 쉬워진 자 안전가드도하이브리드 휴대용 유모차의 뽀인뜨 탈부착도 넘나 간단 ], 부정 텍스트 확률 : 78.03%"
"[그리고 이건 제가 년 육아하면서한번도 보지 못한 점식 안전벨트에요 물론제가 못 봤을 수 있지만요 ], 부정 텍스트 확률 : 59.59%"
"[보통 점심 안전벨트의 버클은 어깨끈 두개], 부정 텍스트 확률 : 70.41%"
"[ 허리끈 두개 이렇게 총 개인데하이브리드 제품은어깨끈이랑 허리끈이연결되서 나왔더라고요 ], 부정 텍스트 확률 : 83.52%"
"[그리고 또 만족스러운 부분 아이를 태우고 벨트를 풀려고 버클을탁 눌렀을때 튕겨져 나가는 벨트가 있더라고요?네.. 전에 제가 사용하던 제품이 그랬어요어디갔는지도 모르게 휙 튕겨져나감ㅋㅋㅋㅋ요건 스무스하게 톡 풀리네용 ], 부정 텍스트 확률 : 85.75%"
"[일반 절충형이나 디럭스는등받이를 조절하는게 단계가 정해져 있죠.그래서 저는 등받이 조절하는건휴대용이 훨씬 좋더라고요 아이 상황에 맞도록 버클로세밀하게 각도를 조절할 수 있거든요 ], 부정 텍스트 확률 : 93.92%"
"[ 생각보다 많이 눕혀지네요], 부정 텍스트 확률 : 62.86%"
"[ 보는 사람도 너무 불편해 보였는데하이브리드 휴대용유모차에는 시트를 눕히면머리를 받칠 수 있는 시트?도착 펼쳐져서 아이 머리가 밖으로 나가지 않아요 ], 부정 텍스트 확률 : 89.53%"
"[ 밑에 발 받침대가 하나 더 있어서키가 크고 다리가 긴 아이들의 다리도잘 받칠 수 있답니다 아 보통 휴대용은 개월부터 태우죠?이 하이브리드 휴대용 유모차는신생아부터 약 개월 아이까지 탈 수 있어요몸무게이하까지 가능해서저는 인 개월 우리 첫째도 태워요 ], 부정 텍스트 확률 : 72.70%"
"[앞바퀴는 도 돌아가게 나왔어요고정도 시킬 수 있습니다], 부정 텍스트 확률 : 73.12%"
"[...? 하이브리드휴대용유모차보러 가기 ], 부정 텍스트 확률 : 89.53%"
"[ 휴대용유모차 하이브리드 개봉기 ], 부정 텍스트 확률 : 91.66%"
"[ 휴대용유모차 하이브리드 개봉기 ], 부정 텍스트 확률 : 91.66%"
"[ 이번에 하이브리드 유모차는접었을땐 단 폴딩으로 휴대용], 부정 텍스트 확률 : 83.73%"
"[ 뭐 다 아시겠지만서은이가 워낙 유모차를 잘 타지않아서제가 대여도 많이 해보고 이것자것 타 브랜드유모차도 많이 사용해보고 또 조리원동기들의유모차도 많이 사용해봤는데디럭스유모차 절충형유모차 휴대용유모차다합쳐서 한손폴딩 이런게 간단한 폴딩은또 처음이라니까요 ], 부정 텍스트 확률 : 80.85%"
"[ 버튼을 오른쪽으로 밀고살짝 핸들을 앞쪽으로 돌려 들어올려주면끝. 폴딩과 언폴딩 동영상은 다음에 한번 더보여드릴게요 왜냐면 제가 맨날 외출할때유모차를 펴고 접다가 지치는 경우가많있았거든요....ㅋㅋㅋㅋ하하하핫하하 ], 부정 텍스트 확률 : 81.09%"
"[ 그리고 이 자 안전바가 아이에게안정감을 준다고 하더라구요? 이건어디서 주워들은 이야기 하하핫ㅋㅋ ], 부정 텍스트 확률 : 95.61%"
"[가랑이까지 아이를 감싸주니아이도 안정감에 승차감 업업 엄마는 아이가안전하니 걱정을 하덜덜 말어ㅋㅋㅋ ], 부정 텍스트 확률 : 96.07%"
"[ 버클로 아이의 상황에 맞게 높이 조절을해줄수있으니 이또한 간편하다휴대용이라지만 아이가 불편하지않도록여유있는 시트와 공간], 부정 텍스트 확률 : 98.62%"
"[ 원스텝 브레이크로 간단하게 ], 부정 텍스트 확률 : 52.56%"
"[ 그렇게....우리 딸래미는 유모차에 앉아 아주편한 자세로 ㅋㅋㅋㅋ티비시청을 했다고 한다ㅋㅋㅋㅋㅋㅋㅋㅋㅋㅋㅋㅋㅋㅋㅋㅋㅋㅋㅋㅋ서은아...???너 유모차 싫어하던 애 맞니?ㅋㅋㅋㅋㅋㅋㅋㅋㅋ밖에 나가자고 나가자고하는데 오늘은 늦었다고 겨우 달래고는티비시청으로 마무리 내일은 시험삼아 집 앞카페라도 다녀와야겠습니당 ㅎㅎ핸들링이 얼마느 좋은지 기대기대 ], 부정 텍스트 확률 : 65.42%"
"[ 휴대용유모차 하이브리드 개봉기끝.해당업체로부터 무상으로 받아 작성된 후기입니다. ], 부정 텍스트 확률 : 86.01%"
"[ 휴대용유모차 하이브리드 프리미엄 휴대절충형 유모차캐비 플러스브라운스톤], 부정 텍스트 확률 : 89.07%"
"[ 휴대용유모차 하이브리드 프리미엄 휴대절충형 유모차캐비 플러스브라운스톤], 부정 텍스트 확률 : 89.07%"
"[ ▼ ], 부정 텍스트 확률 : 53.29%"
"[ . ], 부정 텍스트 확률 : 62.92%"
"[ .제품 리얼후기 더보기 ∇ ], 부정 텍스트 확률 : 73.73%"
"[ 사용연령 또는 체중범위신생아약개월이하 색상브라운스톤 제조국상품 상세설명 참조 품질보증기준관련 법 및 소비자 분쟁 해결 기준을 따름 중량상품 상세설명 참조 재질섀시알루미늄 스틸원단충전재폴리에스터품명 및 모델명휴대용 유모차 크기펼쳤을때접었을때.캐노피 시트 등 모든 기본품 포함 ], 부정 텍스트 확률 : 80.60%"
"[ . ], 부정 텍스트 확률 : 62.92%"
"[ .제품정보 더보기 ∇ ], 부정 텍스트 확률 : 73.73%"
"[ .?휴대용유모차휴대용유모차.?브라운스톤브라운스톤.?참조참조 ], 부정 텍스트 확률 : 91.72%"
"[ .?휴대절충형휴대절충형.?유모차유모차 .?출산출산.?하이브리드하이브리드 ], 부정 텍스트 확률 : 53.29%"
"[ .?플러스플러스.?프리미엄프리미엄 ], 부정 텍스트 확률 : 53.29%"
"[ 하이브리드유모차 솔직 개봉기세상 고급스러움에 반하다], 부정 텍스트 확률 : 68.99%"
"[ 하이브리드유모차 솔직 개봉기 ], 부정 텍스트 확률 : 88.76%"
"[ 워킹맘 주차가 지나가고 있는 오늘 ................ 잇님들 다들 잘 지내고 계시는거죠 ?? ㅠㅠㅠㅠㅠ ㅋ 전 요즘 하루가 어떻게 지나가는지도 모르게 정신없이 하루하루를 보내고 있어요 아침 여섯시반에 기상해서 이래저래 제 출근준비 후 지환이랑 지효 깨워서 어린이집 등원준비 ...부랴부랴 나와서 애들 데려다 주고 열일 하다가 퇴근하면 저녁 시간 .......... 애들 밥먹이고 씻기면 재울시간 ㅋㅋㅋㅋㅋㅋㅋㅋㅋㅋㅋㅋ이건 뭐 육아타이쿤], 부정 텍스트 확률 : 92.79%"
"[살림타이쿤 같은 게임하는것도 아니고매일 바쁘게 정해진 일상에 물들어 가고 있네요 ㅋ비록 지환이], 부정 텍스트 확률 : 55.25%"
"[지효랑 함께 하는 시간은 너무너무 짧아졌지만그래도 몇년만에 오로지 저만을 위한 투자를 하는거 같아서 의미있게 직장에 다니고 있어요평일에는 다들 각자 자리에서 열심히 지내고], 부정 텍스트 확률 : 84.31%"
"[육아 시간이 짧아지니 그만큼 양보다 질은 늘어난 기분ㅋㅋㅋㅋㅋㅋㅋㅋㅋㅋㅋㅋㅋㅋㅋㅋㅋㅋ 애들한테 화도 줄고], 부정 텍스트 확률 : 83.95%"
"[하이브리드유모차 ], 부정 텍스트 확률 : 53.29%"
"[휴대용유모차 하이브리드유모차를 소개할까해요지환이 생후개월], 부정 텍스트 확률 : 82.37%"
"[사용하는데 큰 불편함이 없었으나 뭔가 애가 둘이다 보니 최대한 짐을 줄이는게 항상 일이었고], 부정 텍스트 확률 : 75.82%"
"[김서방이 없을때에도혼자 애 둘을 데리고 나갈 일 들이 생기다 보니 차에 빠르게 실을 수 있는 절충형보다 더 가벼운유모차가 필요하겠다 싶더라구요 .. 그러다 만난 하이브리드유모차는 저보다 김서방이더 찬양 할 정도로 만족도가 높았네요 ㅋ 휴대용유모차 알아보시는 분들은 지금부터 집중집중 ], 부정 텍스트 확률 : 78.11%"
"[유모차손잡이 ], 부정 텍스트 확률 : 53.29%"
"[ 휴대용유모차라고 해서 결코 싸구려 플라스틱으로 만들지 않았어요가죽으로 되어있기 때문에 이물질이 묻으면 바로바로 닦기에도 편하고특히 요즘처럼 바람이 차가워지는 계절에는 일반적은 플라스틱보다 손이 시렵지 않아 좋은거 같아요 ㅋ 물론 그립감 좋은거는 당연하구요 ... 그리고 무엇보다 좋았던게 유모차를 미는 손잡이가], 부정 텍스트 확률 : 98.76%"
"[키 으로 큰 키를 가진 제가 밀기에도 전혀 불편함 없이 높았어요 이 높이가 뭐가 그리 중요하냐는 분들도 있겠지만 나름 키 큰 엄마들은낮은 손잡이 잡으며 불편해보셨던 적 한번쯤은 다들 있었을거라 생각합니다 ㅠㅠㅋ 그렇다고 키 작은 분들이 밀기에는 불편하지 않을까 하는 걱정은 노노노 다른 유모차들에 비해 엄청 특별하게 높다거나 그렇진 않으니까요 ㅋ ], 부정 텍스트 확률 : 83.42%"
"[자용 안전가드 ], 부정 텍스트 확률 : 70.65%"
"[ 하이브리드는 안전가드가 둥글게 연결되어 있는게 아닌 자용으로 되어있어요기존에 사용하던 유모차는 자가 아닌 전체적으로 감싸주는 둥근 테두리형태에 안전가드였는데물론 그 안전가드가 빠지기는 하지만 뺐다 꼈다 하는게 귀찮다 보니 그냥 아이를 들어서 앉히고], 부정 텍스트 확률 : 88.47%"
"[꺼내게 되더라구요근데 그게 잠깐이지만 지환이 몸무게가 늘어나기 시작하면서 그 순간적인 힘 쓰는것 조차 넘나 힘든것 ㅜㅜ ...안그래도 힘든데 옷이라도 두껍게 입히거나 한 날에는 꾸역꾸역 그 안전가드 안으로 점퍼를 집어넣기 바빴다죠 ㅋ 그러나 자용 안전가드는 정말 간편하게 앉혔다가], 부정 텍스트 확률 : 66.98%"
"[발받침대 ], 부정 텍스트 확률 : 92.82%"
"[ 이제 제법 키가 큰 지환이에게 안정감을 주는 발받침대에요아무래도 발이 허공에 동동 떠 있는것보다 울퉁불퉁한 길을 지나갈때에도 그렇고발받침에 발을 올리고 있는게 훨씬 지환이에게 편하겠더라구요], 부정 텍스트 확률 : 55.54%"
"[수납공간 ], 부정 텍스트 확률 : 53.29%"
"[차양막 재질 ], 부정 텍스트 확률 : 90.69%"
"[ 일반 절충형], 부정 텍스트 확률 : 53.29%"
"[디럭스 유모차를 못지않게 차양막 질도 좋네요 비닐스럽지 않아서 고급스러움이 느껴졌었나봐요 ], 부정 텍스트 확률 : 59.23%"
"[차양막 ], 부정 텍스트 확률 : 90.69%"
"[ 특히 하이브리드는 안그래도 휴대용 유모차 치고는 많이 내려오는 차양막이 좋았는데차양막 위쪽 지퍼를 이용해서 더 긴 차양막을 사용할수가 있어요], 부정 텍스트 확률 : 98.79%"
"[차양막 자체에 캐노피식으로 되어있기 때문에 아무리 더운 여름에도 바람이 송송ㅋ ], 부정 텍스트 확률 : 90.93%"
"[각도조절 스트랩 ], 부정 텍스트 확률 : 53.29%"
"[스트랩은 뭔가 허리를 숙이게 되니까 ...근데 이], 부정 텍스트 확률 : 65.68%"
"[스트랩이 호불호가 갈리는게 딱 딱 떨어지는 각도조절보다 성장에 따라 원하는 만큼], 부정 텍스트 확률 : 97.84%"
"[각도 조절이 되기 때문에 더 편하다는 분들도 있으니 이건 개인의 취향인듯하네요 ㅋ ], 부정 텍스트 확률 : 82.43%"
"[점식 안전밸트 ], 부정 텍스트 확률 : 73.94%"
"[ 쉽고 빠르게], 부정 텍스트 확률 : 78.99%"
"[안전하게 사용가능한 점식 안전밸트 ], 부정 텍스트 확률 : 73.94%"
"[ 한발로 가볍게 척척 움직이는 바퀴잠금장치], 부정 텍스트 확률 : 93.37%"
"[유모차 펴기 ], 부정 텍스트 확률 : 53.29%"
"[ 뭐가 이렇게 들기만 했는데 펴져? 할 정도로 쉽고 간단함 ㅋㅋㅋㅋㅋㅋㅋㅋㅋㅋㅋㅋㅋㅋㅋㅋㅋㅋㅋㅋ 손잡이 쪽 장치가 있기 때문에 큰 동작이 필요 없이 유모차 펴기가 가능해요], 부정 텍스트 확률 : 83.64%"
"[유모차 접기 ], 부정 텍스트 확률 : 53.29%"
"[하이브리드유모차 솔직 개봉기 휴대용유모차라고 하기에 좀 미안하다 싶을 정도로 예쁜 디자인과], 부정 텍스트 확률 : 78.13%"
"[지효 실사용 후기도 들고 올께요 ], 부정 텍스트 확률 : 59.68%"
"[...? ...? ], 부정 텍스트 확률 : 53.29%"
"[ 하이브리드 유모차 한손폴딩하이브리드 캐비플러스 휴대용 유모차 개봉기 ], 부정 텍스트 확률 : 92.06%"
"[쌍둥이들 차 한대 뽑았습니다♡유모차 ], 부정 텍스트 확률 : 52.38%"
"[쌍둥이들 유모차가 없던거 아니죠다만], 부정 텍스트 확률 : 70.39%"
"[ 가지고 다니기 힘들어 집에 자알 모셔두고 있는 쌍둥이 유모차가 있었지요처음에 유모차를 준비할때쌍둥이기 때문에 쌍둥이유모차를 사야한다는건 큰 오산무겁고 커서 잘 안쓰게 되더군요특히], 부정 텍스트 확률 : 73.39%"
"[겨울에 태어난 아이들은 더더욱디럭스는 필요가 없었고인용 절충형 또는 휴대용을 준비하는걸 추천해요 ], 부정 텍스트 확률 : 84.86%"
"[이번에 만난 절충형 같은 휴대용 유모차 하이브리드 프리미엄 휴대용 유모차캐비플러스 시트가 폭신하고 넓어서 신생아부터약세까지몸무게 이하로 안전하게 탈 수 있어요유모차무게 . 깃털인가요??ㅎㅎ쌍둥이유모차헬ㅠㅠ ], 부정 텍스트 확률 : 87.03%"
"[휴대용 유모차 고르는법고르는방법 알고 계신가요?휴대성은 기본이고안전성과 편리성을 따져야해요✔튼튼하고 안정감있는 섀시✔편안한 승차감✔부드러운 핸들링✔간편하고 컴팩트한 폴딩✔넉넉한 좌석그래서 초이스하게 된 하이브리드 캐비플러스 휴대용 유모차 ], 부정 텍스트 확률 : 95.26%"
"[완제품으로 배송되기에 특별히 조립할게 없어요완제품의 장점은튼튼한 내구성으로 안전하다는거죠 ], 부정 텍스트 확률 : 71.29%"
"[미끄럽지 않은 가죽 핸들 고급스럽죠손안에 꼬옥 잡히는 그립감이 편안하게 핸들링 가능해요 ], 부정 텍스트 확률 : 82.46%"
"[발받침은 단계로 조절이 가능해서 원하는 각도로 맞춰 줄 수 있어요 ], 부정 텍스트 확률 : 86.91%"
"[단 어깨끈으로 아이 앉은키에 맞춰서 빠지지 않도록 조절이 가능하고 ], 부정 텍스트 확률 : 54.36%"
"[안전벨트 버클 ], 부정 텍스트 확률 : 53.29%"
"[ 점식 안전벨트로방향 어깨허리가랑이 에서 아이를 안전하게 감싸주는 방식이죠 ], 부정 텍스트 확률 : 66.47%"
"[단 풀 캐노피통풍 솔솔 매쉬창내아이가 뭐하고 있는지 단번에 염탐?이 가능하답니다ㅋㅎㅎㅎ ], 부정 텍스트 확률 : 72.09%"
"[한발로 아래 또는 위로 조작해 잠금 및 해제가 가능하니이렇게 간편할 수가 없어요 ], 부정 텍스트 확률 : 96.62%"
"[보관시에는 보관가방에 쏘오옥 넣어서 깔끔하게 보관해요 ], 부정 텍스트 확률 : 84.54%"
"[ ❤ 절충형유모차 하이브리드 프리미엄 휴대절충형 유모차디자이너에디션 버블검], 부정 텍스트 확률 : 53.29%"
"[없음 상품정보 ], 부정 텍스트 확률 : 82.12%"
"[ 절충형유모차 하이브리드 프리미엄 휴대절충형 유모차디자이너에디션 버블검], 부정 텍스트 확률 : 53.29%"
"[없음상품정보 ], 부정 텍스트 확률 : 82.12%"
"[ . ], 부정 텍스트 확률 : 62.92%"
"[ .제품 리얼후기 더보기 ∇ ], 부정 텍스트 확률 : 73.73%"
"[상품정보 ], 부정 텍스트 확률 : 53.29%"
"[ . ], 부정 텍스트 확률 : 62.92%"
"[ .상세정보 더보기 ∇ ], 부정 텍스트 확률 : 73.73%"
"[ .?디자이너에디션디자이너에디션.?.?휴대절충형휴대절충형 ], 부정 텍스트 확률 : 53.29%"
"[ .?출산준비물출산준비물.?유모차유모차 ], 부정 텍스트 확률 : 53.29%"
"[ .?버블검버블검.?하이브리드하이브리드 .?외출용품외출용품.?절충형유모차절충형유모차 ], 부정 텍스트 확률 : 53.29%"
"[ .?출산출산.?없음없음 ], 부정 텍스트 확률 : 75.58%"
"[ .?프리미엄프리미엄.?유아동유아동 ], 부정 텍스트 확률 : 53.29%"
"[ 💛하이브리드 휴대용유모차💛 ], 부정 텍스트 확률 : 89.07%"
"[ 휴대용유모차], 부정 텍스트 확률 : 89.07%"
"[ .?하이브리드유모차], 부정 텍스트 확률 : 53.29%"
"[ 하이브리드유모차], 부정 텍스트 확률 : 53.29%"
"[이모들 까꿍 ], 부정 텍스트 확률 : 64.97%"
"[ 고속 주행에도 끄떡없는 안정적인 주행감 안정성이 높은 유모차라 그런지 고속주행], 부정 텍스트 확률 : 96.91%"
"[ 개월몸무게 까지 사용할 수 있도록 설계된 다양한 요소이모들 왔어? 하는 느낌의 포스 느껴지시나요?ㅎㅎㅎ 개월 호야는 이제 정도가 나갈텐데 키가 그리 큰 편은 아니에요. 그래서 발 받침을 일자로 쭉 펼쳐서 다리를 편하게 펼 수 있도록 해줬어요.잠시 꽃 구경하라고 서있는데 자세가 참... 편해보이죠? ], 부정 텍스트 확률 : 50.76%"
"[ 원 터치로 해결할 수 있는 폴딩 시스템 휴대용유모차를 고민하는 시기라면 아마 외출이 잦을테고 외출하면서 불편하지 않으려면...?에서 출발한 고민은 간편함으로 귀결됩니다. 덕분에 이런 원 터치 시스템은 사용자를 끌리게 하죠 쓱 밀어서 도로록 돌리면 끝 휴대용 유모차 어렵게 접지 마세요. ], 부정 텍스트 확률 : 96.11%"
"[ 트렁크 공간], 부정 텍스트 확률 : 53.29%"
"[하이브리드 유모차와 함께하세요.], 부정 텍스트 확률 : 51.78%"
"[제 후기를 보세요. ], 부정 텍스트 확률 : 76.94%"
"[ 안전벨트 위치가 불편한가요? 뒷면을 확인하세요. ], 부정 텍스트 확률 : 76.81%"
"[ 왼쪽이 개봉 직후 탑승했던 상태], 부정 텍스트 확률 : 64.31%"
"[ 뒷판에는 등받이 각도 조절 장치가 있어 익숙하지만 이 장치에 눈이 쏠려서 위에 벨크로를 놓치기 쉽거든요. ], 부정 텍스트 확률 : 79.94%"
"[ 종이가방에 끈 고정하듯 세워서 찔러넣고 쓱 당겨주면 끝 엄청 쉬워요. 아이가 편안하게 유모차를 탈 수 있게 신체 사이즈에 맞도록 잘 조절해주세요.하이브리드유모차는 바 분리가 가능합니다. ], 부정 텍스트 확률 : 88.26%"
"[ ㅋㅋㅋㅋ... 네 고백하지만 저는 그동안 바 분리 안되는줄 알고 라이너를 이렇게 꾸깃 꾸깃 쓰고있었어요. 사실 찾아보면 됐을텐데], 부정 텍스트 확률 : 76.23%"
"[부족했습니다. ㅋㅋㅋㅋㅋ], 부정 텍스트 확률 : 83.36%"
"[ 시트 끝자락을 살짝 들어서 올려주면 이렇게 누를 수 있는 단추가 나오는데요. 요걸 꾹 힘줘서 누르고], 부정 텍스트 확률 : 81.29%"
"[바를 올려주면 쏙 하고 뽑힙니다. ], 부정 텍스트 확률 : 71.69%"
"[ 이렇게요 ㅋㅋㅋㅋ ], 부정 텍스트 확률 : 57.58%"
"[ 마찬가지로 뺐으니 꽂아줄때도 살짝 눌러주면 더 쏘옥 잘 들어가요. 결합되는 소리는 잘 체크하시고 사용해주세요. ], 부정 텍스트 확률 : 94.61%"
"[ 발 받침 사진을 찍다가 발견했던 이 끈 이 끈의 정체는 무엇일까요? ], 부정 텍스트 확률 : 96.67%"
"[ 유모차를 앞으로 끄는 것?ㅋㅋㅋㅋㅋㅋㅋㅋㅋ ], 부정 텍스트 확률 : 80.19%"
"[ 그 외에 캐노피 조절하는 방법은 그저 당기시기만 하면 되고 ], 부정 텍스트 확률 : 56.70%"
"[ 손잡이와 바], 부정 텍스트 확률 : 80.83%"
"[ 지난 리뷰 보러가기.... ], 부정 텍스트 확률 : 73.53%"
"[.... ], 부정 텍스트 확률 : 70.23%"
"[ 하이브리드유모차 캐비플러스 새로운 휴대용유모차 ], 부정 텍스트 확률 : 77.31%"
"[ 하이브리드유모차 캐비플러스 새로운 휴대용 유모차], 부정 텍스트 확률 : 77.31%"
"[찰떡이는 디럭스 유모차 없이 신생아때부터 휴대용 유모차로 버텼더니 년만에 바퀴에서 소리도 나고 핸들링도 바보가 되더라고요그래서 새로운 휴대용 유모차가 필요했어요유모차를 바꿔야 할 시기에 고급스러운 휴대용유모차가 눈에 들어왔으니], 부정 텍스트 확률 : 99.65%"
"[그것은 바로], 부정 텍스트 확률 : 58.25%"
"[하이브리드유모차 캐비플러스 언박싱 ], 부정 텍스트 확률 : 53.29%"
"[ 처음에 박스 배송받고 좀 놀랐어요그 동안 사용했던 유모차 박스에 비해크기가많이 작더라고요이 작은 박스에 유모차가?? ], 부정 텍스트 확률 : 79.27%"
"[이번엔 블랙이 아닌], 부정 텍스트 확률 : 61.53%"
"[브라운], 부정 텍스트 확률 : 53.29%"
"[야외로 나가거나 하면], 부정 텍스트 확률 : 87.38%"
"[흙투성이가 되서 더 더러워보이더라고요 하이브리드 유모차는 야외나 여행시에 주로 사용할 제품이라때가 덜 타보이는 부드러운 컬러로 선택했답니다 ], 부정 텍스트 확률 : 92.95%"
"[컬러는 총 종류 이 중 메인 컬러는 블랙인듯 하구요 선택은 엄마의 몫입니다 섀시 컬러도 다르니], 부정 텍스트 확률 : 77.73%"
"[선택에 참고하세요], 부정 텍스트 확률 : 96.49%"
"[여행 안성맞춤], 부정 텍스트 확률 : 53.29%"
"[보관가방 ], 부정 텍스트 확률 : 53.29%"
"[구매시 증정되는보관가방에 넣어주면휴대하기도 편하고], 부정 텍스트 확률 : 92.30%"
"[한손으로 쉽게], 부정 텍스트 확률 : 65.25%"
"[초만에 뚝딱], 부정 텍스트 확률 : 57.96%"
"[안전바에 있는 버튼을 오른쪽으로 밀고앞으로 돌리면서 부드럽게 펼쳐주면 초만에 끝 사진 촬영하느라 왼손으로 했지만], 부정 텍스트 확률 : 81.20%"
"[펼칠때에는 는오른손으로 하면 훨씬 편하답니다], 부정 텍스트 확률 : 91.00%"
"[견고한 섀시 설계 ], 부정 텍스트 확률 : 53.29%"
"[승차감을 더한], 부정 텍스트 확률 : 60.64%"
"[흔들림 완화 바퀴 ], 부정 텍스트 확률 : 53.29%"
"[멀티포지션 등받이 조절], 부정 텍스트 확률 : 67.17%"
"[다리받침 조절 ], 부정 텍스트 확률 : 53.29%"
"[버클을 통해 세밀하게 등받이 조절이 가능하구요 가끔 등받이 조절이 안되는 휴대용 유모차가 있는데], 부정 텍스트 확률 : 88.62%"
"[그건 너무 불편해요 ㅠㅠ ], 부정 텍스트 확률 : 63.34%"
"[ 단부터 단까지 조절 가능한 발받침을 아기가 좀 더 편안한 자세로 있을 수 있게 도와준답니다 섀시를 포함하여등판], 부정 텍스트 확률 : 66.20%"
"[다리받침이 타 유모차보다 넉넉해서성장하는 아이에게 편한 공간이 되어주는것 같아요], 부정 텍스트 확률 : 62.67%"
"[단 풀 캐노피매쉬 통풍창 ], 부정 텍스트 확률 : 64.12%"
"[안심 드라이빙 시스템 ], 부정 텍스트 확률 : 53.29%"
"[ 바를 사용하여아기의 승차하는 쉽게], 부정 텍스트 확률 : 75.64%"
"[안전은 한번 더 기존에 사용하던 제품은 안전가드 형태라아기가클수록 승], 부정 텍스트 확률 : 54.85%"
"[하차가 불편해지더라고요 ], 부정 텍스트 확률 : 86.25%"
"[점식 안전벨트로 더 안전하게 어깨], 부정 텍스트 확률 : 63.60%"
"[안전성], 부정 텍스트 확률 : 53.29%"
"[휴대성], 부정 텍스트 확률 : 74.36%"
"[우리집이 아니라 맨날 사용하는것도 아니라서일단 컴팩트한 사이즈여야 했어요.그리고 거기는 엘리베이터가 없는 층이거든요.들고 오르락 내리락 해야하기 때문에무게 또한 중요했구요 ], 부정 텍스트 확률 : 51.58%"
"[그래서 준비한 휴대용유모차 하이브리드에요.하이브리드 라는 이름에 걸맞게휴대용유모차 인데도 절충형 같은 프리미엄이 있어요. ], 부정 텍스트 확률 : 91.44%"
"[등받이는 버클로 세밀하게 조정이 가능해서아이가 잠이들면 눕혀주기가 좋아요.가끔 율이는 완전히 눕는것보다 약간 기대는 듯이누워있는걸 좋아할 때가 있더라구요. ], 부정 텍스트 확률 : 91.83%"
"[휴대용유모차 도 그렇고 절충형유모차 도 그렇고율이 머리가 닿지도 않고 한참 남는 유모차는처음 봤어요핸들도 위치가 높아서 밀고가는 사람도 편하게 기대어 밀고갈 수 있어 힘이 좀 덜 들더라구요. ], 부정 텍스트 확률 : 77.52%"
"[캐노피가 단에서 한단 확장이 되어단까지 되고 메쉬창이 있어서아이를 바로 확인할 수 있어요.휴대용유모차라 아이가 불편해 하지 않을까체크하며 다니시는 분들 많죠?사실 하이브리드는승차감도 좋고 흔들림도 방지되어 있어아이는 그냥 혼자 둬도 편안하게 앉아서 잘 갑니다 ], 부정 텍스트 확률 : 77.86%"
"[가랑이 쪽에서 잡아주기 때문에아이가 안정적으로 가더라구요 ], 부정 텍스트 확률 : 50.06%"
"[넉넉한 내부공간에 등판길이도 길어서율이가 머리숙여 타지 않아도 되는 휴대용유모차는 처음이에요운전할 수 있다며 좀 비켜주세요 하는 율이에요.앞에 잠깐 서있었더니 왜 안비키는거냐며 잔소리를...다른건 안전벨트 불편하다고 안하는데하이브리드 는 가만히 잘 하고 있어요.등판이 높아서 안전벨트 위치도 약간 다른가봐요. ], 부정 텍스트 확률 : 92.90%"
"[덜그덕거리는 다른 휴대용유모차들은비교 대상이 되지 않는 프리미엄 휴대용유모차하이브리드 놀러갈 때 항상 같이가야 겠네요 ], 부정 텍스트 확률 : 86.23%"
"[왔다 왔어], 부정 텍스트 확률 : 58.94%"
"[아이쥬 집에 두둥하고 온휴대용 유모차에 절충형 유모차의 장점들을 결합한 ], 부정 텍스트 확률 : 86.96%"
"[아이쥬가 초이스한 색은 ], 부정 텍스트 확률 : 51.83%"
"[ 박스 개봉하자마자 우와 ], 부정 텍스트 확률 : 68.52%"
"[하이브리드 캐비플러스 사용설명서예요조립 할 필요없는 완제품이라 조작법들만 알면될것같아여 ], 부정 텍스트 확률 : 51.70%"
"[하이브리드캐비플러스 유모차 접어서 세워둔 모습이예요 ], 부정 텍스트 확률 : 62.04%"
"[ 세련된 회색컬러시트와 고급스런 브라운 가죽이 포인트 들어가있어더 멋스러워보여요 ], 부정 텍스트 확률 : 65.04%"
"[ 휠도 고급스럽고 딱 봐도 튼튼해 보여요 ], 부정 텍스트 확률 : 72.97%"
"[하이브리드 캐비플러스 유모차 특징사용연령 신생아개월 몸무게이하무게 .기본구성품 유모차본체], 부정 텍스트 확률 : 98.39%"
"[캐노피], 부정 텍스트 확률 : 64.12%"
"[장바구니], 부정 텍스트 확률 : 53.29%"
"[안전바], 부정 텍스트 확률 : 82.95%"
"[숄더스트랩], 부정 텍스트 확률 : 53.29%"
"[하이브리드 캐비플러스 유모차 폴딩언폴딩 해볼께요기대기대 되네요 ], 부정 텍스트 확률 : 57.59%"
"[ 그냥 손잡이바를 한번 땡겼다가 밀면서훅 접으면 접혀져여 ], 부정 텍스트 확률 : 82.64%"
"[ 남편보고 하려고하다가 ], 부정 텍스트 확률 : 52.07%"
"[아이쥬가 했는데넘나 쉬운 유모차 접기 ], 부정 텍스트 확률 : 74.59%"
"[하이브리드 캐비플러스 유모차 폴딩언폴딩 너무 쉽죠 ], 부정 텍스트 확률 : 81.03%"
"[하이브리드 캐비플러스 유모차 단 풀캐노피 거기에 매쉬 통풍창까지 있어여실시간 아이의 상태 확인가하고 자외선차단까지 가능하다능 ], 부정 텍스트 확률 : 54.64%"
"[ 다리받침대는 단으로 조절가능아이의 다리가 흔들리지 않도록 잡아주고아래엔 발 받침대가 있어키가 크고 다리가 긴 아이도 안정된 자세로 잡아준답니다 ], 부정 텍스트 확률 : 65.11%"
"[하이브리드 캐비플러스 유모차는 안전가드로 승하차가 편리하며 더 안전하다능안전가드는 처음 접해보는데 승하차가 너무편해서 굿굿더 굿굿굿 이었어요 ], 부정 텍스트 확률 : 95.72%"
"[ 단 어깨끈으로 높이가 조절점식 안전벨트로 어깨], 부정 텍스트 확률 : 78.00%"
"[가랑이에서아이를 안전하게보호 안전벨트 부분은 중간에 한번 결합시키고 나서 채워주는 형태라 더더더 안전하구요안전가드에 아이를 더 보호할수 있게 만든 안전벨트까지다 마음에 드네요 ], 부정 텍스트 확률 : 74.22%"
"[ 등받이 부분은 버클로 간단히 조절가능해여 ], 부정 텍스트 확률 : 81.77%"
"[ 브레이크 부분은 원스탭 브레이크가 있어서 한발로 쉽게 제어가 가능 ], 부정 텍스트 확률 : 74.42%"
"[아이쥬가 사용중인 유모차는 뒷바퀴 위에 있어서 브레이크 밟을때마다 불편했었는데], 부정 텍스트 확률 : 53.65%"
"[ 유모차 밑에 수납공간있어요장보고 나서 짐이 문제였는데 짐을 넣을수 있는공간도 크고 좋네요저 안에들어있는 끈은 유모차를 접고 어깨에들수 있게 해주는끈이랍니다 ], 부정 텍스트 확률 : 50.07%"
"[ 어린이집 하원후 유모차 보자마자 달려드는 ], 부정 텍스트 확률 : 58.65%"
"[튼.튼.이네요자기껀줄 알았나봐요 ], 부정 텍스트 확률 : 81.63%"
"[ 목욕후 태워달라고태워줬더니 안내려오겠다고한동안을 안내려오고 계속 유모차 안에서 놀았답니다], 부정 텍스트 확률 : 93.37%"
"[ 혹시 아기태울때 티바 젖힐수없나요?티바를빼거나 꽂힌상태에서만 태워야하는지 궁금하네요..], 부정 텍스트 확률 : 86.10%"
"[ 절충형인가요? 일아긴데 언제부터 탈 수 잇나요?], 부정 텍스트 확률 : 89.65%"
"[네절충형이구요저희아기는 일부터 유모차 라이너하구 탓어요], 부정 텍스트 확률 : 70.20%"
"[엘피지 트렁크가 얼만한지 잘 모르겟어여ㅠㅠ죄송해여ㅠㅠㅠ], 부정 텍스트 확률 : 79.15%"
"[아니에요저렴하고 가성비좋은거같아여추천합니당], 부정 텍스트 확률 : 92.03%"
"[ 안무거운가봐요], 부정 텍스트 확률 : 92.33%"
"[폴딩이 완전 컴팩트하네요], 부정 텍스트 확률 : 66.89%"
"[튼튼해보이는데 한 가방으로 포장?도 되네요], 부정 텍스트 확률 : 93.81%"
"[휴대용인데 튼튼하고 좋네용], 부정 텍스트 확률 : 90.73%"
"[카페로 운영되는곳인가요? 눈팅좀 해볼게요], 부정 텍스트 확률 : 56.03%"
"[중고차시세도 알수있다고 하던데 맞나요?], 부정 텍스트 확률 : 87.19%"
"[구입시기는 아직 멀었지만 정보만 얻어봐도 될가요?], 부정 텍스트 확률 : 82.88%"
"[갠히 허위딜러한테 잘못사면 수리만 엄청깨짐.. 여튼 좋은정보감사], 부정 텍스트 확률 : 78.81%"
"[유모차 자세히 소개해주셔서 도움되요], 부정 텍스트 확률 : 63.30%"
"[휴대용인데 진짜 튼튼하게 잘나왔더라구요], 부정 텍스트 확률 : 86.82%"
"[ 요 휴대용윰차는 첨들어보네용....], 부정 텍스트 확률 : 67.54%"
"[유모차는 핸들링이 좋은게 짱이죠], 부정 텍스트 확률 : 59.97%"
"[튼튼해서 커서도 계속 쓸수 있을것 같아요], 부정 텍스트 확률 : 73.94%"
"[저두 가격좀부탁드려요], 부정 텍스트 확률 : 67.11%"
"[저도 가격좀 공유해주세요], 부정 텍스트 확률 : 52.59%"
"[ 얼마주고사셨어요?], 부정 텍스트 확률 : 81.30%"
"[감사용], 부정 텍스트 확률 : 53.29%"
"[공인연비랑 차이가 크네요 ㄷㄷ.. 저도 이걸로 렌트해놨는데 혹시 실례가안된다면 대여기간이랑 가격정보좀 알 수 있을까요?], 부정 텍스트 확률 : 93.36%"
"[성수기], 부정 텍스트 확률 : 83.74%"
"[비수기에 따라 가격 차이가 좀 나는 것으로 알고 있는데], 부정 텍스트 확률 : 70.12%"
"[저희는 박일에 프리미엄 로 만원쯤 낸 것 같습니다.], 부정 텍스트 확률 : 82.05%"
"[많이 들어가네요], 부정 텍스트 확률 : 83.52%"
"[시거잭이 몇개인가요?], 부정 텍스트 확률 : 75.76%"
"[ 후기 잘봤습니다..근데 얼굴은 어떤프로그램으로 편집하신거에요?], 부정 텍스트 확률 : 57.21%"
"[저랑 같은 인원이네요남편이 인승은 안된다고해서 저도생각했는데 정말 없더라구요 ㅜㅜ 도요타랑 타임즈에서 하고 싶었는데 저도 오릭스 알아봐야 겠네요자세한 후기 너무 감사드려요], 부정 텍스트 확률 : 66.64%"
"[월 초에 오릭스에 베젤로 예약했는데후기가 없어서 불안했거든요.인원은 명이지만 인치 캐리어랑 유모차], 부정 텍스트 확률 : 82.92%"
"[어느 지점에서 픽업], 부정 텍스트 확률 : 72.40%"
"[반납 하셨나요??오릭스 렌터카는 공항지점이 거리가 쫌 있는 것 같아서 고민 중입니다.], 부정 텍스트 확률 : 57.88%"
"[옙. 공항지점이구요. 거리가 조금 있습니다.그래서 제가 글에 버스 이동시간까지 적었습니다.결론적으로 분 걸렸습니다], 부정 텍스트 확률 : 93.11%"
"[저도 이거 쓰는데 참 유용하죠여기서보니 반갑네용], 부정 텍스트 확률 : 75.99%"
"[아 그렇쿤요..고민이 큽니다 ㅠ짐은 많지 않으나 .. 유모차땜시..ㅠ], 부정 텍스트 확률 : 81.65%"
"[스토케 스쿠트랑 베이비젠요요 두개 다 동시에 들어갑니다], 부정 텍스트 확률 : 87.14%"
"[저는 세컨윰차로 구매했는데 솔직하게 가볍고], 부정 텍스트 확률 : 76.94%"
"[폴딩편하고], 부정 텍스트 확률 : 54.49%"
"[ 소나타 하이브리드 중고차 정말 성취감이 많이 드는 경험을], 부정 텍스트 확률 : 89.49%"
"[처음해보는 구매라 첨에 긴장햇는데 친절하셔서저도 편하게진행하고 왓답니다 ㅎㅎ], 부정 텍스트 확률 : 77.71%"
"[여기를 진작에 알고잇엇다면 정말 삶의 질이 향상 됫을거같아요], 부정 텍스트 확률 : 71.19%"
