"[한정특가 헨티 빈지오 휴대용유모차 . 울트라라이트 솔리드원 할인 원 즉시할인가유모차 한정역대가특가 할인 찾아 보았습니다 인기상품은 조기 품절되니 주의하시구요해당 특가정보는 년 월 일 토요일 오후 시 분 기준입니다. 상세한 상품 구매리뷰후기는 아래 링크로 들어가세요 ▼▼▼ .. ], 부정 텍스트 확률 : 93.09%"
"[ 기타 식탁용품 ], 부정 텍스트 확률 : 53.29%"
"[ ..기타 식탁용품기타 식탁용품], 부정 텍스트 확률 : 57.07%"
"[출처유튜브 ], 부정 텍스트 확률 : 53.29%"
"[..??맘스맘에서 아기 식탁의자 최저가 구매했어요 이츠부부 ], 부정 텍스트 확률 : 81.97%"
"[..??영현대 구석에 박혀있던 기타가 인테리어 소품으로? 기타 리폼], 부정 텍스트 확률 : 55.11%"
"[..??신기한 아이디어 생활용품 .? 아이디어 상품 모음 외 ], 부정 텍스트 확률 : 53.29%"
"[..?? 🏡. 평 원룸 꾸미기 아늑한 화이트 인테리어 . 조명✨ ], 부정 텍스트 확률 : 63.51%"
"[..??사고나서 후회한 무쓸모 육아템을 공개합니다 이츠부부 ], 부정 텍스트 확률 : 60.27%"
"[..?? 기타연주용의자 ], 부정 텍스트 확률 : 53.29%"
"[..?? .?이케아에서평오피스텔이케아에서평오피스텔 꾸미는브이로그.무인양품 ], 부정 텍스트 확률 : 58.38%"
"[..??일본 오사카여행 ★ 일본주방용품 도매상가 도구야스지 ], 부정 텍스트 확률 : 78.96%"
"[출처뉴스], 부정 텍스트 확률 : 53.29%"
"[....?일 조달청 입찰정보종합 학년도 강원도 고등학교입학전형 프로그램 ... ], 부정 텍스트 확률 : 92.08%"
"[....?원주시], 부정 텍스트 확률 : 53.29%"
"[회 용품 사용규제 대상 업소 집중 단속 ], 부정 텍스트 확률 : 56.40%"
"[..원주시], 부정 텍스트 확률 : 57.07%"
"[회 용품 사용규제 대상 업소 집중 단속 ], 부정 텍스트 확률 : 56.40%"
"[..주간전시일정 코엑스·킨텍스 월일월일 ], 부정 텍스트 확률 : 68.49%"
"[....?인 가구에 최적화된 반려동물용품 만들어 ], 부정 텍스트 확률 : 58.45%"
"[..인천가구단지 부천가구단지 가구야놀자 여름휴가철 맞이하여세일 진행 ], 부정 텍스트 확률 : 92.32%"
"[...?부산시설공단], 부정 텍스트 확률 : 53.29%"
"[거동 불편 기초수급 노부부 가정 주거환경개선 기술봉사 ], 부정 텍스트 확률 : 53.29%"
"[..?온라인 쇼핑이 소매 점포에 미치는 영향은?“영세 소매점포 감소 가속화” ], 부정 텍스트 확률 : 77.23%"
"[...?현대건설], 부정 텍스트 확률 : 53.29%"
"[힐스테이트 광교산’ 일 견본주택 개관 ], 부정 텍스트 확률 : 55.72%"
"[....?현대건설], 부정 텍스트 확률 : 53.29%"
"[힐스테이트 광교산’ 일 견본주택 개관 ], 부정 텍스트 확률 : 55.72%"
"[...?현대건설], 부정 텍스트 확률 : 53.29%"
"[힐스테이트 광교산 월 일 견본주택 개관 ], 부정 텍스트 확률 : 55.72%"
"[....?현대건설], 부정 텍스트 확률 : 53.29%"
"[힐스테이트 광교산 일 견본주택 개관 ], 부정 텍스트 확률 : 55.72%"
"[....?현대건설 힐스테이트 광교산 일 견본주택 개관 ], 부정 텍스트 확률 : 55.72%"
"[...?현대건설], 부정 텍스트 확률 : 53.29%"
"[힐스테이트 광교산 내일일 모델하우스 개관 ], 부정 텍스트 확률 : 64.44%"
"[....?현대건설], 부정 텍스트 확률 : 53.29%"
"[힐스테이트 광교산 일 견본주택 개관 ], 부정 텍스트 확률 : 55.72%"
"[...?현대건설], 부정 텍스트 확률 : 53.29%"
"[힐스테이트 광교산.. 월 일 견본주택 개관 ], 부정 텍스트 확률 : 68.49%"
"[....?현대건설], 부정 텍스트 확률 : 53.29%"
"[힐스테이트 광교산 견본주택 일 개관 ], 부정 텍스트 확률 : 55.72%"
"[..?안전 용품액세서리... 젖병스킨케어욕조 식탁의자 기타업체 ], 부정 텍스트 확률 : 75.40%"
"[..?태국 플라스틱식탁 및 주방 용품 시장동향 ], 부정 텍스트 확률 : 53.29%"
"[..?식탁 ...기타 아기 용품...], 부정 텍스트 확률 : 79.57%"
"[..?출산준비육아 용품 편 목욕 용품], 부정 텍스트 확률 : 61.74%"
"[위생 용품], 부정 텍스트 확률 : 53.29%"
"[ 기타 용품 ], 부정 텍스트 확률 : 53.29%"
"[..?인도네시아 플라스틱식탁용품 및 주방 용품 시장 동향 ], 부정 텍스트 확률 : 53.29%"
"[..?낚시기타용품은 어떤 게 있을까? ], 부정 텍스트 확률 : 68.94%"
"[..?울산멋쟁이천광고철생활 용품.고철.헌옷.헌책. 식탁.테이블....], 부정 텍스트 확률 : 73.79%"
"[..?가정용 주방 용품업소용 주방기구 테이블식탁 도매매장 ], 부정 텍스트 확률 : 89.07%"
"[..?캠핑 용품 셋트 개 한정판매텐트인매트침낭식탁테이블 ], 부정 텍스트 확률 : 77.87%"
"[..?.기타 혼수용품 구매 조명], 부정 텍스트 확률 : 53.29%"
"[거실장 등 ], 부정 텍스트 확률 : 71.36%"
"[..?주방기구소독.유아 용품소독.손세정제. 식탁살균 세정제 추천...], 부정 텍스트 확률 : 59.39%"
"[..?아기 안전용품기타 콘센트 커버], 부정 텍스트 확률 : 53.29%"
"[게이트], 부정 텍스트 확률 : 53.29%"
"[아기 공놀이], 부정 텍스트 확률 : 53.29%"
"[...], 부정 텍스트 확률 : 75.40%"
"[..?화장대 소파기타가구 수납상자보관함식탁 생활 용품 ], 부정 텍스트 확률 : 58.92%"
"[..? 멀바우 테이블아일랜드 식탁 주방수납장 주문제작 ], 부정 텍스트 확률 : 90.31%"
"[..?출산 용품리스트 어디서 어떻게 준비? 꿀팁공유 ], 부정 텍스트 확률 : 53.19%"
"[..?저렴하게 판매합니다. 미스터몽키쇼핑몰주방 용품 기타주방 용품 ], 부정 텍스트 확률 : 71.69%"
"[..?이케아 출산 용품 쇼핑 쇼핑리스트], 부정 텍스트 확률 : 53.29%"
"[이케아 어플리케이션 활용...], 부정 텍스트 확률 : 75.40%"
"[..?임산부유아 스킨케어], 부정 텍스트 확률 : 53.29%"
"[ 수유 용품], 부정 텍스트 확률 : 53.29%"
"[ 유모차], 부정 텍스트 확률 : 53.29%"
"[식탁의자 다양한...], 부정 텍스트 확률 : 75.40%"
"[운동화], 부정 텍스트 확률 : 53.29%"
"[립스틱], 부정 텍스트 확률 : 53.29%"
"[탁상용 ], 부정 텍스트 확률 : 89.07%"
"[빨래 건조대], 부정 텍스트 확률 : 53.29%"
"[ 기타 주방... ], 부정 텍스트 확률 : 75.40%"
"[중고나라..특급 어패류 단수족관 ], 부정 텍스트 확률 : 57.07%"
"[ 구간택기], 부정 텍스트 확률 : 90.78%"
"[ 전기보온통], 부정 텍스트 확률 : 84.96%"
"[ 야끼바], 부정 텍스트 확률 : 53.29%"
"[ 제면기], 부정 텍스트 확률 : 77.14%"
"[ 반죽기], 부정 텍스트 확률 : 90.78%"
"[ 조개찜], 부정 텍스트 확률 : 53.29%"
"[ 찜기], 부정 텍스트 확률 : 53.29%"
"[ 식당주방 용품], 부정 텍스트 확률 : 53.29%"
"[ 의자... ], 부정 텍스트 확률 : 75.40%"
"[운동화], 부정 텍스트 확률 : 53.29%"
"[립스틱], 부정 텍스트 확률 : 53.29%"
"[탁상용 ], 부정 텍스트 확률 : 89.07%"
"[빨래 건조대], 부정 텍스트 확률 : 53.29%"
"[ 기타 주방 용품 ], 부정 텍스트 확률 : 53.29%"
"[히터 ], 부정 텍스트 확률 : 53.29%"
"[운동화], 부정 텍스트 확률 : 53.29%"
"[립스틱], 부정 텍스트 확률 : 53.29%"
"[침실용 소형 ], 부정 텍스트 확률 : 89.07%"
"[빨래 건조대], 부정 텍스트 확률 : 53.29%"
"[ 기타... ], 부정 텍스트 확률 : 75.40%"
"[중고나라..애견 용품사료및 기타 싸게 팝니다 ], 부정 텍스트 확률 : 57.07%"
"[중고나라..애견 용품사료및 기타 싸게 팝니다 ], 부정 텍스트 확률 : 57.07%"
"[중고나라..애견 용품사료및 기타 싸게 팝니다 ], 부정 텍스트 확률 : 57.07%"
"[중고나라..애견 용품사료및 기타 싸게 팝니다 ], 부정 텍스트 확률 : 57.07%"
"[고양이라서 다행이야.. 기타 용품미아오스트럭쳐 자작나무식탁후기 ], 부정 텍스트 확률 : 56.93%"
"[중고나라..업소용 집기류 판매합니다 냉장고 낮은렌지 세탁기 영업용 식탁기타 등등.. ], 부정 텍스트 확률 : 94.60%"
"[중고나라..오딧세이 헨티어닝룸 조합 및기타 용품 대거 섭스 팝니다. ], 부정 텍스트 확률 : 55.73%"
"[진주아지매..카페 용품여러가지음료냉장고], 부정 텍스트 확률 : 59.25%"
"[ 드로잉액자], 부정 텍스트 확률 : 53.29%"
"[ 우드케이크스탠드], 부정 텍스트 확률 : 53.29%"
"[ 비닐실링기], 부정 텍스트 확률 : 90.78%"
"[ 쟁반], 부정 텍스트 확률 : 53.29%"
"[ 이케아아기의자], 부정 텍스트 확률 : 53.29%"
"[ 식품건조기], 부정 텍스트 확률 : 53.29%"
"[ 바... ], 부정 텍스트 확률 : 85.17%"
"[세종시닷컴..완료소파], 부정 텍스트 확률 : 57.07%"
"[ 식탁], 부정 텍스트 확률 : 53.29%"
"[거실장 등 이사 정리로 드립니다. ], 부정 텍스트 확률 : 67.83%"
"[에어비앤비 호스트 모임공유숙..대구 에어비앤비 정리합니다. 침대], 부정 텍스트 확률 : 63.28%"
"[원목 식탁], 부정 텍스트 확률 : 53.29%"
"[주방 용품], 부정 텍스트 확률 : 53.29%"
"[인테리어 용품 등 ], 부정 텍스트 확률 : 71.36%"
"[ 별내맘 별내지역카페 별내커뮤..한샘아일랜드 식탁 ], 부정 텍스트 확률 : 65.74%"
"[ 表示認證現況.], 부정 텍스트 확률 : 62.92%"
"[ ...?표시인증현황.], 부정 텍스트 확률 : 62.92%"
"[ 表示認證現況.], 부정 텍스트 확률 : 62.92%"
"[ ...?표시인증현황.], 부정 텍스트 확률 : 62.92%"
"[ 表示認證現況.], 부정 텍스트 확률 : 62.92%"
"[表示許可現況.], 부정 텍스트 확률 : 62.92%"
"[...?표시인증현황.], 부정 텍스트 확률 : 62.92%"
"[ 表示認證現況.], 부정 텍스트 확률 : 62.92%"
"[ ...?표시허가현황.], 부정 텍스트 확률 : 62.92%"
"[ 表示許可現況.], 부정 텍스트 확률 : 62.92%"
"[ ...?표시허가현황.], 부정 텍스트 확률 : 62.92%"
"[ 表示許可現況.], 부정 텍스트 확률 : 62.92%"
"[출처상품 ....? 우드발코니 기타생활 용품 ....?린넨 키친 크로스 행주 ....?오션 엠보 도그볼 생활 용품 생필품 생활잡화기타 ....? 기타 스텐 쌍식기 애견 용품 강아지 고양이 밥그릇 물그릇 강아지 식탁 스텐쌍식....?디오기타애완동물 반려동물 용품 자율급식 반자동 러브옥스 반자동 애견 ....?강아지 물그릇기타외출 용품 ....?디오 동결건조기타애완동물 드링크기타애완 용품 ....?오너클랜 반려 용품 멜라민 강아지 사료그릇 디자인랜덤 ....?오너클랜 반려 용품 멜라민 강아지 사료그릇 디자인랜덤 ....?디오 칼라기타애완 용품기타애완동물 반려동물 용품 ....? 기타 애견이동 용품에어라인 캐리어오렌지 하이마트 ....?원목 다용도 책상 정리정돈식탁 테이블 멀바우정리함호 ....?자연석 돌절구 깨갈이 마늘다지기 견과류 이유식 ....? 애견 식기 매트 애견 용품 ....?주방 부엌 양념통 수납식탁 코너 선반 정리함 ....? 기타 깔끔한식탁매트 다포 ....?엘포레 수저세트....?즐 항균아트쟁반 화이트 호 하얀색쟁반 커피받침주방 테이블정리 ....?프리폼 가죽 양면 접이식 트레이 겸식탁매트....?라탄 바구니식탁 정리함], 부정 텍스트 확률 : 95.28%"
