"[저는 힌트토큰으로 자주 밥을 먹으러 가는 편이어서 코인원을 많이 사용하는데요. 올해들어 코인원은 클레이튼 댑들을 많이 상장시키면서 약간 클레이튼 거래소의 느낌도 나고 그랬어요.클레이튼 기반 를 지원하는 거래소라서 그런지 클레이튼 댑들이 많이 상장하더라고요. ], 긍정 텍스트 확률 : 57.50%"
"[얘는 최근 코인원에 상장하던 타 코인들과는 조금 다른 양상이예요.그리고 웬일로한일합작 코인 이어서 약간 정보가 부족할 수도 있겠다 싶어서요. 오늘 포스팅으로 간단하게 정리를 해 보려고 해요 ], 긍정 텍스트 확률 : 84.99%"
"[여기서 처음 쓰기 시작한 단어는 아니고요. 이미 많은 프로젝트들이를 눈여겨 보면서 사업을 진행하고 있었어요. 예전에 베잔트를 포스팅할때도 라는걸 많이 강조했었던 기억이 나네요. ], 긍정 텍스트 확률 : 89.05%"
"[마이크로소프트 같은 거대기업들도 많이 제공하고 있는데요. 그야말로 이기 때문에 이용자에게 맞춰서 블록체인 네트워크를 지원해줍니다.바스아이디 같은 경우에는 여기에서 신원], 긍정 텍스트 확률 : 64.81%"
"[이메일 인증신원인증 신분증 등 인증공인인증서등 인증할 수 있는 개인정보란 개인정보는 다 지원을 하고 있네요. 는 특히나 일정시간이 지나면 툭툭 바뀌는데 어떻게 연동시킬지 잘 모르겠어요. 그런데 이런 는 내 자산과도 큰 연관이 있어서 해킹당했을 시 리스크 역시 더 커지잖아요. 그래서 블록체인 프로젝트들 중에서도 해킹을 막는 역할만 하는 프로젝트들이 꽤 많은데... ], 긍정 텍스트 확률 : 97.33%"
"[ 여기 를 채굴할 수 있는 방법은 두 가지입니다.먼저 첫번째는 여기 생태계에 참가하는 활동 개인정보 기입 등? 을 하면 보상으로 토큰을 주어줍니다.말 그대로 갖고 있으면 이자를 줍니다. 를 통해 새로운 사용자가 들어왔을 때도 이 수수료를 로 기존 사용자들에게 돌려주는 방식인거같아요. ], 긍정 텍스트 확률 : 98.43%"
"[ 는 그럼 신규 유저가 들어왔을 때 새 블록생성시그 유저가 개인정보를 기입했을 때 걍 오래 갖고 있으면 계속계속 주는거져 근데 이걸코인원거래소에서도 지원해주는지는 모르겠네요 ], 긍정 텍스트 확률 : 92.84%"
"[ 그리고 또 이 프로젝트는 팀원 구성이 약간 독특한게], 긍정 텍스트 확률 : 90.17%"
"[팀은 어떤 활동을 하고 있는지 더 잘 살펴볼 수 있습니다. ......................여기 쟁글의 공시를 올려놓을테니 관심있으신 분은 백서도 백서지만... 쟁글의 공시도 한 번 읽어보는게 투자자?의 눈에서는 더 나을거같아요. 추가로 국내에서만 운영되고 있는 바스아이디의 커뮤니티는 없고요. 글로벌 텔레그램 채널이 있습니다. 링크 걸어놓을테니 참고하셔요 공식 홈페이지 .... ], 긍정 텍스트 확률 : 85.77%"
"[안녕하세요 입니다.오늘 코인원거래소는 공지사항을 통하여], 긍정 텍스트 확률 : 57.63%"
"[코인원 거래소의 상장심사기준 가지와 상장폐지조건에 대해서공개하였습니다.거래소에서 어떠한 기준으로 블록체인기술이 적용된 암호화폐들을 상장하고 상장폐지하는지다들 궁금하시죠?한번 같이 알아보겠습니다 ], 긍정 텍스트 확률 : 61.87%"
"[ 일단 코인원거래소 상장심사기준 가지와 상장폐지조건을 논하기에 앞서코인원거래소에서는 상장 수수료를 받지않는다고합니다.아직까지 국내에서는 암호화폐거래소에 대한 규제가 많지않기때문에사실은 중소형거래소에서 코인을 상장시켜준다고하고 상장수수료를 받는 일이 잦다고하는데요.그렇게되면 정말 필요하지않은 프로젝트의 코인들도], 긍정 텍스트 확률 : 82.77%"
"[자금만 있다면 암호화폐거래소에 상장을 하는 일이 생길 수 있습니다.코인원거래소는 이와 같은 부분에서 상장수수료를 받지않고], 긍정 텍스트 확률 : 77.88%"
"[그만큼 깐깐하게 분석하고 상장시켜서정당하게 시장에서 거래되는만큼의 수익만을 챙기겠다.라고 말하는 것처럼 보입니다. 다음으로는 본격적인코인원거래소 상장심사기준가지 입니다. ], 긍정 텍스트 확률 : 85.15%"
"[ .비즈니스 모델의 지속 가능성.지배 구조의 투명도.토큰 분배 계획.＆. .실제 사용성 .팀 구성리더십], 긍정 텍스트 확률 : 51.83%"
"[ 재단에서 직접 프로젝트에 대한 개발자들을 보유하고 컨트롤이 가능할 때가가장 리스크가 낮으며], 긍정 텍스트 확률 : 66.31%"
"[재단과 개발프로젝트사에 대한 힘이 양립하여 있고만에 하나 발생하는 문제에 대해서 해결능력이 없는 경우], 긍정 텍스트 확률 : 80.82%"
"[없더라도 전문가를 보유하고 있는 곳이 아니라면리스크가 높다고 판단할 것 같습니다. ], 긍정 텍스트 확률 : 73.72%"
"[ .비전＆가치제 느낌에 기대어 한마디로 표현해보자면블록체인기술을 적용하여 더 나은 생태계를 구성할 수 있는가?를 풀어둔 것으로 보입니다.블록체인프로젝트도 결국은 사업이다보니 편의성 . 수익성 등기존의 시장보다 혁신적인 움직임을 보일 수 있고], 긍정 텍스트 확률 : 95.53%"
"[그에 대한 가치가 따라올 때 올바른 프로젝트가 되는 것입니다. ], 긍정 텍스트 확률 : 91.33%"
"[ .시장 규모 여기서 말하는 시장 규모는미래지향적으로 판단하였을 때 잠재성장가능성이 충분한가이고], 긍정 텍스트 확률 : 75.52%"
"[ 저는 사실 여기다 더하여], 긍정 텍스트 확률 : 81.89%"
"[이에 대한 전반적인 준비가 된 것을 확인한다고합니다.또한 번의 답변과 겹치는데], 긍정 텍스트 확률 : 78.56%"
"[ .팀 구성가장 중요하다고 생각합니다.좋은 프로젝트의 아이디어를 내는 것은 누구나 할 수 있습니다.팀의 구성원들이 백서에 나와있는 이러한 프로젝트를 실제로 실현시킬 수 있는 가능성이 있는가?의 여부를 묻고있습니다..로드맵 달성율프로젝트를 진행하면서 예정된 일정을 미루지않고얼마나 약속을 잘 지키는가사실 가장 기본적으로 지켜야하는 사항이라고 생각하지만], 긍정 텍스트 확률 : 92.65%"
"[ 오늘은 이렇게 코인원거래소 상장심사기준가지와 상장폐지기준에 대하여 알아보았습니다.마지막으로 하고싶은 말은 코인원거래소같은 암호화폐거래소들이 많아져서], 긍정 텍스트 확률 : 83.28%"
"[ 정말 좋고 투명한 프로젝트들을 많이 발굴해내고얼른 한국에서도 건강한 블록체인 생태계가 구축되었으면 좋겠습니다. ], 긍정 텍스트 확률 : 96.97%"
"[국내 암호화폐 거래소 방문자 순위에서 빗썸이 위를 기록했다.일 이더랩대표 김경수이 조사한 자료에 따르면 트래픽 조사사이트 시밀러웹 기준으로 월 거래소 방문자 순위 위 빗썸], 긍정 텍스트 확률 : 50.06%"
"[ 가즈아], 긍정 텍스트 확률 : 60.03%"
"[종류의 암호화폐를 투자 유의 종목으로 선정한다 밝혔습니다. 코인원의 상장 폐지 심사정책에 따르면], 긍정 텍스트 확률 : 64.94%"
"[시장 또는 투자자들에 피해를 줄 수 있는 경우 암호화폐를 상장 폐지할 수 있다고 말하고 있습니다.더 자세히 들여다보면], 긍정 텍스트 확률 : 61.39%"
"[해당 암호화폐가 범죄 등 법적 문제와 관련 있거나 암호화폐에 기술적 문제가 있는 경우 그리고 해당 암호화폐를 개발한 재단의 해산 혹은 파산 등 프로젝트를 계속 수행하기 어려울 경우 상장 폐지를 할 수 있다고 합니다. 이뿐만이 아니라 프로젝트와 재단에 직접적인 문제가 없더라도 암호화폐 거래량이 적어 투자자들이 시세조작에 노출될 수 있는 경우에도 상장 폐지를 고려할 수 있다고도 말합니다.코인원이 이번에 유의 종목으로 지정한 암호화폐는 스트리머], 긍정 텍스트 확률 : 71.02%"
"[상장 폐지 되면 코인원에서 다른 거래소 및 지갑으로 해당 암호화폐를 일 내 옮겨야 합니다.업비트 역시 자체 암호화폐 거래 지원 종료 정책에 따라 상장된 암호화폐를 솎아내고 있습니다. 또한 제휴를 통해 해외 거래소 비트렉스와 오더북을 공유하고 있기에], 긍정 텍스트 확률 : 80.50%"
"[살루스], 긍정 텍스트 확률 : 66.86%"
"[윙스다오는 기술적 진전이 없거나 낮은 유동성으로 인해 시세 조작에 노출될 위험이 있고], 긍정 텍스트 확률 : 55.51%"
"[솔트의 경우 부당한 토큰 분배로 인해 미국 금융당국의 조사가 이루어지고 있기에 유의 종목으로 지정한 후 상장 폐지를 결정했습니다. 지난 월에는 유동성이 낮고 사업적 진전이 적다는 이유로 머큐리], 긍정 텍스트 확률 : 76.88%"
"[국제 자금세탁방지기구가 암호화폐 취급 업소를 대상으로 국제 기준과 이행 방안을 발표했기 때문입니다. 특히 이 기준에는 여행 규칙이라 불리는 조항이 포함되어 있는데], 긍정 텍스트 확률 : 78.43%"
"[ 마켓에 변동사항이 생길 것이라고 예고했습니다. 업비트 공지에서는 다양한 거래 방식을 지원하기 위해 변동이 생길 수 있다 밝혔지만], 긍정 텍스트 확률 : 60.72%"
"[업비트가 비트렉스와 제휴를 중단하는 것이 아니냐는 해석도 나오고 있습니다.빗썸 역시 월일], 긍정 텍스트 확률 : 76.84%"
"[구체적인 사유는 공개하지 않았습니다. 빗썸 정책에 따르면 암호화폐가 낮은 유동성을 가질 경우], 긍정 텍스트 확률 : 72.90%"
"[월일 거래소 비트소닉이 싸이월드의 암호화폐 클링을 유의 종목으로 선정하기도 했습니다. 이에 따라 비트소닉에서 클링을 계속 지원할지 일주일간 검토가 진행됩니다. ], 긍정 텍스트 확률 : 55.35%"
"[다른 거래소에서는 여전히 거래가 이루어지는 모습을 볼 수 있기도 합니다. 이에 업계 내 암호화폐에 대한 공통적인 심사 기준을 만들자는 목소리도 나오고 있습니다.지난 월], 긍정 텍스트 확률 : 74.79%"
"[씨피닥스는 암호화폐 정보공시 플랫폼 쟁글’과 파트너십을 체결했습니다. 이들 거래소는 쟁글 보고서를 활용해 암호화폐 프로젝트 성과를 평가하고], 긍정 텍스트 확률 : 58.39%"
"[암호화폐 상장 사후 평가뿐만 아니라 상장 사전 평가에도 쟁글의 데이터를 활용하겠다 밝히기도 했습니다. ], 긍정 텍스트 확률 : 83.24%"
"[ 블록체인 기업 샌드스퀘어는 자사가 운영 중인 암호화폐 플레타’를 일 오전 시 국내 대코인원’에 상장했다고 밝혔다..비트맥스 마진거래.... 주소클릭.비트맥스모의투자 .... 주소클릭.가입후 친구추천시수수료 지급코인원’은 지난 월 한국인터넷진흥원의 심사를 거쳐 정보보호 관리체계인증을 획득한 것은 물론], 긍정 텍스트 확률 : 91.85%"
"[법적 준거성 등 개 분야 총 개 통제 항목 적정성 평가를 거쳐야 받을 수 있는 국제표준 정보보호 인증도 획득한 최고 등급 보안 수준을 자랑하는 거래소다.이에 따라 샌드스퀘어는 대내외적으로 플레타’ 프로젝트의 기술력], 긍정 텍스트 확률 : 89.20%"
"[지속 가능성 등 핵심 가치들을 재평가 받은 것은 물론], 긍정 텍스트 확률 : 94.05%"
"[로드맵 달성률 등 총 가지 상장 심사 기준을 통과했다.샌드스퀘어측은 플레타’의 새로운 방식의 합의 알고리즘인 와 블록구조 재설계를 통한 기존 플랫폼의 느린 속도 및 확장성 한계], 긍정 텍스트 확률 : 92.33%"
"[의 거래 처리 속도를 달성], 긍정 텍스트 확률 : 52.15%"
"[업계를 놀라게 한바 있다. 홍종호 샌드스퀘어 대표는 “코인원’은 대한민국을 대표하는 거래소 중 하나로 엄격하고 분명한 상장 심사 기준을 가지고 있다”며 “업계에서는 잠재력과 신뢰성을 인정받은 프로젝트만이 코인원’ 거래소에 상장된다고 공공연하게 얘기한다. 플레타’의 신뢰성도 인정받았다는 의미”라고 말했다.홍 대표는 이어 “앞으로 플레타’는 빠른 속도와 한계 없는 확장성을 바탕으로 추후 여러 분산 애플리케이션을 효율적으로 운용], 긍정 텍스트 확률 : 67.37%"
"[나아가 세계무대에서 실제로 이용할 수 있는 블록체인 기술로 거듭날 수 있도록 힘쓰겠다”라고 덧붙였다..비트맥스 마진거래.... 주소클릭.비트맥스모의투자 .... 주소클릭.가입후 친구추천시수수료 지급한편 샌드스퀘어는 플레타’ 유즈케이스 개발을 통해 블록체인 기술의 대중화를 앞당길 심산이다.이미 알려진 플레타’ 유즈케이스로는 임상시험 데이터를 블록체인 위에 기록해 임상 데이터의 위조 혹은 변조를 방지하고 데이터의 신뢰성과 정합성을 제고하는 온체인 임상 데이터 관리 시스템 ], 긍정 텍스트 확률 : 98.97%"
"[전 세계 약 여명의 유저가 실제로 플레이한 바 있다.샌드스퀘어는 지난 월일 자체 플레타’ 메인넷 공개], 긍정 텍스트 확률 : 79.62%"
"[일 코인원’ 상장에 이어], 긍정 텍스트 확률 : 69.89%"
"[ .블록체인 기반의 게임은 서로 다른 다양한 게임 간에 자유로운 재화 이동이 가능하다는 특징으로 인해 혁신적인 응용을 위한 시험장으로 각광받고 있죠. 최근 국내 게임 플랫폼 시장에 도전장을 내민 블록체인 프로젝트가 있습니다. 바로 지난 일화], 긍정 텍스트 확률 : 74.01%"
"[울트라는 게임을 기반으로 한 다양한 시너지를 창출하고 블록체인의 가치를 상승시키는 효과를 낼 것으로 모두의 기대가 모아지고 있어요..울트라는 블록체인 기술이 접목된 모바일 게임 유통 플랫폼이에요. 울트라의 가장 큰 특징은 게임 개발자들에게 자체 를 제공해서 핵심 기술 개발에 집중할 수 있도록 지원하는 것이랍니다. 개발자들이 완성한 게임에서 매출이 발생하는 즉시], 긍정 텍스트 확률 : 94.06%"
"[ .울트라 프로젝트는 세계적인 게임회사에서 사용되는 기술 ], 긍정 텍스트 확률 : 54.43%"
"[대체 불가능한 토큰을 적용해 차별화된 혜택을 제공하고 있어요. 울트라의 사용자들은 게임을 설치하는 도중에도 게임을 실행이 가능해요. 또한 사용자가 구입하는 게임 아이템의 진위여부를 보장하죠... 토큰은 울트라 플랫폼 사용자가 게임이나 아이템을 구매할 때 지급하는 지불 수단으로 사용됩니다. 이때 발생한 매출의 는토큰으로 즉시 게임 개발자에게 지급돼요. .게임 개발자 또는 외부 광고주는 플랫폼 내의 사용자들을 대상으로 광고를 집행하기 위해 토큰을 플랫폼내에서 지불합니다. 광고는 플랫폼의 자체 알고리즘을 기반으로 관련성 높은 타켓 고객층에게 자동으로 노출되고], 긍정 텍스트 확률 : 80.27%"
"[지금 이 순간에도 많은 환우들이 정복되지 못하는 질병으로 인해 고통받고 있다. 실제 통계자료에 위하면 전세계 휘귀난치병 유병인구는 억 천만명 이상이라고 한다. ], 긍정 텍스트 확률 : 88.71%"
"[ 만명의 우리나라의 인구와 비교했을때 .배 가량 높은 통계이다. 그 정도로 많은 사람들이 희귀난치병으로 인해 고통 받고 있으며], 긍정 텍스트 확률 : 96.89%"
"[ 휴먼스케이프 프로젝트는 스타트업 프로젝트가 아닌 년부터 헬스케어 및 의료 분야 관련 비지니스를 이어오고 있는 이해도와 경험이 높은 프로젝트이다. 국내 유명 포털사이트에 휴먼스케이프 키워드를 검색하면 회사 정보는 물론 수많은 기관들과의사실을 쉽게 찾을 수 있다. 책임성이 결여되고 스캠 프로젝트가 난무한 암호화폐 시장에서], 긍정 텍스트 확률 : 69.18%"
"[회사의 실체를 확인할수 있고 스타트업이 아닌 사업 운영 경험과 이해도가 높다는 점은 큰 장점이라 생각한다. 암호화폐 시장이 성숙화 되면서], 긍정 텍스트 확률 : 62.74%"
"[투자자들은 책임감있는 접근방식과 투명한 태도를 요구할 것이고], 긍정 텍스트 확률 : 73.83%"
"[ 실제로 월권고안이 발표되고 우리가 알고 있는 원화입출금이 가능한 국내 대형 거래소들의 상장 기준이 엄격해졌고], 긍정 텍스트 확률 : 71.16%"
"[수 많은 기관들과의사실 때문인지 거래소에 상장되기 전부터 투자자는 물론 많은 거래소들로부터 큰 관심을 받았고], 긍정 텍스트 확률 : 69.27%"
"[실제로 국내 대형거래소인 코인원 및 고팍스 등에 상장되었다.여기서 주목할 점은 코인원 상장의 경우권고안 발표되고 심사기준이 엄격하게 변경된 이후 그 엄격한 심사 기준을 처음으로 통과한 프로젝트가 휴먼스케이프라는 점이다. 모든 대형 거래소들이권고안 발표 이후 신규 프로젝트를 상장에 대한 움직임이 조심스러운데], 긍정 텍스트 확률 : 76.22%"
"[그 조심스러운 움직임을 깨고 대형 거래소 상장에 성공했다는 것은 그만큼 흄휴먼스케이프 프로젝트의 신뢰성이 높다는 의미로 해석할 수 있다. ], 긍정 텍스트 확률 : 76.48%"
"[투자기관들과의 협력이 진행되고 있다는 점을 고려했을때 인프라 역시 뛰어남을 확인할 수 있다.암호화폐 시장 내 현존하는 많은 프로젝트들이 우리가 알만한 기관], 긍정 텍스트 확률 : 88.69%"
"[기업들과협약이 체결되고], 긍정 텍스트 확률 : 53.99%"
"[휴먼스케이프 프로젝트의 뛰어난 기술력과 잠재력을 인정 받아 암호화폐 시장에 관심을 갖고 있는 투자자 뿐만 아닌 우리에게 친숙한 기관], 긍정 텍스트 확률 : 86.90%"
"[기업들도 큰 관심을 갖고 있음을 알수 있다. 나아가], 긍정 텍스트 확률 : 86.10%"
"[국내 뿐만 아닌 세계에서 관심을 받는 프로젝트가 될 것이다. 실제로 휴먼스케이프는 환자들이 커뮤니티 활동을 통해 지적], 긍정 텍스트 확률 : 64.94%"
"[질병으로 고통받고 있는 전 세계 많은 환우들이 휴먼 스케이프 프로젝트가 성공으로 질병의 고통 속에서 벗어나길 간절히 기도하고], 긍정 텍스트 확률 : 92.78%"
"[인류가 지금보다 더 건강한 삶을 영위할 수 있길 바란다. ], 긍정 텍스트 확률 : 90.93%"
"[ 하반기 트렌드상용화 암호화폐의 기회를 놓치지 않아야 한다고 생각합니다. ], 긍정 텍스트 확률 : 51.63%"
"[ 요즘노드. 페이지 를 새롭게 오픈], 긍정 텍스트 확률 : 89.34%"
"[이오스 뒤를 이은 플랫폼 강자로 떠오른아톰을 노드위에 위임 할 수있게 되었습니다.이는 많은 암호화폐 홀더들을 관심을 불러모았고], 긍정 텍스트 확률 : 81.45%"
"[테조스의 노드 성과는작년 월 서비스 노드 서비스 시작 후], 긍정 텍스트 확률 : 81.47%"
"[위임 고객 평균 수익률보유량 배 증가↑ 이용 고객수 배 증가↑눈에 띄는 성과로거래소의 관심을불러모으고 있습니다.이러한 기술 뒤에는], 긍정 텍스트 확률 : 74.46%"
"[ 의 기술], 긍정 텍스트 확률 : 71.45%"
"[국내 개 거래소에서만 인증받은 한국인터넷진흥원의인증 과정보보호 분야에서 가장 권위높은 인증인], 긍정 텍스트 확률 : 73.52%"
"[ 가장 정직한], 긍정 텍스트 확률 : 62.35%"
"[착한 거래소로 홀더들에게인식되고 있는 만큼신뢰받는 거래소입니다. ], 긍정 텍스트 확률 : 77.47%"
"[의 브랜드 로고를 보면단기가아닌 미래의 암호화폐산업을위해 준비하고 있다는 것을체감하실 수 있습니다. 의 의 파란색은미래를 상징하는 푸른컬러로 메인으로한다고 되어있으며], 긍정 텍스트 확률 : 59.39%"
"[ 미래를 위한 거래소의 다짐과는 달리], 긍정 텍스트 확률 : 50.68%"
"[ 에게도 지레 겁을먹고암호화폐 산업의 새로운 길잡이가 될 기회를 놓친 순간이 있습니다.바로], 긍정 텍스트 확률 : 98.28%"
"[크라우디케이스타 라이브 증권형 펀딩 서비스신뢰받는 거래소대형 프로젝트색의 기업의 콜라보 였습니다.위의 기사 처럼], 긍정 텍스트 확률 : 59.23%"
"[케이스타 라이브 는 두나무업빗의 루니버스빗썸 기술자문사 헥슬란트와의기술투자협약 힌트체인의 기술자문기술적으로도 대형프로젝트들과함께하며 기반을 키워나가고 있습니다. ], 긍정 텍스트 확률 : 77.02%"
"[ 앞으로 미래의 의 비전을 보면], 긍정 텍스트 확률 : 87.38%"
"[블록체인의 확장성을가장 눈으로 잘 보여줄 엔터계열 프로젝트케이스타 라이브와 함께한다면], 긍정 텍스트 확률 : 92.60%"
"[더 큰 미래를 그릴 수 있다생각이듭니다. ], 긍정 텍스트 확률 : 75.70%"
"[ 전화위복 이라는 말이 있습니다.한 번의 위기는 새로운 기회로 만들 수 있는여력이 충분히 있습니다.코인원 의 미래와케이스타 라이브 가 다시만나 암호화폐의대이슈 를 만드는 날을기대해봅니다. ], 긍정 텍스트 확률 : 96.68%"
"[ 미래를 먼저 선점할 수 있는 케이스타 라이브 를아래주소에서 확인해보실 수 있습니다. ......눈여겨보시고 그 가능성에 투자해보시면좋겠습니다], 긍정 텍스트 확률 : 89.28%"
"[지난 번 포스팅 이후 공매도 헷지를 잘 사용하고 있다.지난 .. 간의 매매일지를 작성해 보고자 한다. ], 긍정 텍스트 확률 : 82.02%"
"[ 역시나 이번 운용 스탠스는공매도 헷지를 사용한 보수적 운용.화끈한 불장이 왔을땐보다 적극적 운용으로 헷지를 사용하지 않는게큰 수익으로 연결되지만미래는 예측하기 어려우므로웬만해선 헷지를 사용하려고 한다. ], 긍정 텍스트 확률 : 63.52%"
"[ 코인의 선택에서 가장 중요한건 거래량활발한 거래가 이루어져야그에 따른 거래소의 가격변동 차이로 인해재정거래가 잘 작동할 수 있다.너무 지나친 가격 변동은 슬리피지를 유발하지만그래도 당시 어느정도 움직임을 지닌 로 선택하였다. ], 긍정 텍스트 확률 : 89.33%"
"[ 소액일 수록 수익률은 더 높은 편이다.금액이 클 수록 호가창에 대기 중인 매수매도 물량이 상대적으로 적다면거래 발생 횟수는 적어지기 때문이다.이러한 상황에 대비하기 위해선거래당 거래되는 코인의 거래횟수를 잘게 쪼개는 것도 방법이다.헷지 적용 후 원할한 거래내역 데이터를 얻기 위해소액인로 거래를 실시하였다.], 긍정 텍스트 확률 : 94.24%"
"[ 아비봇 거래내역 상세보기를 통한 재정거래 수익이다.순수하게 재정거래를 통한 수익을 확인할 수 있다. ], 긍정 텍스트 확률 : 60.55%"
"[ 하지만 헷지의 적용 유무와헷지 적용시의 프리미엄의 정도 차이로 인해실제적인 수익은 변경될 수 있다.. 헷지 미적용시는 코인의 가격이 하락하게 되면 그에 따라 마이너스가 될 수 있기 때문이다.. 헷지 적용시는 프리미엄에 따라 진입시점보다 프리미엄이 증가하면재정거래 수익프리미엄 수익반대로 진입시점보다 프리미엄이 감소하면재정거래 수익프리미엄 수익 이 되기 때문이다. ], 긍정 텍스트 확률 : 69.03%"
"[ 원이다.어찌보면 손실이 발생한 것으로 보이지만], 긍정 텍스트 확률 : 67.74%"
"[ 보유중인 비트파이넥스의 자산은 ], 긍정 텍스트 확률 : 78.62%"
"[ 이다.또한 .일의 프리미엄은 .일 진입시의 프리미엄 대비 . 상승하였다.고로 프리미엄의 수익분까지 반영하여야 총 수익이 결정되는 것이다.결국 리플을 통해서 원화 거래소로 옮길 것이므로리플을 기준으로 계산을 해보자.당시 리플의 가격은 .이므로], 긍정 텍스트 확률 : 72.69%"
"[의 원화를 보유할 수 있게 된다.즉], 긍정 텍스트 확률 : 53.67%"
"[ .원으로 적용되었으므로이를 실제 환율로 계산해주어야 한다.아비봇 운용을 통해], 긍정 텍스트 확률 : 56.41%"
"[공매도 헷지를 이용하여도진입시점에 따라 프리미엄의 수치도 조건사항으로 잘 고려 해야 한다는 것을 배울 수 있었다.. 만약 공매도 헷지를 하지 않았다면?헷지를 이용하지 않은 적극적 운용시의 수익은 어떻게 될지 궁금하여이론상으로 가정을 하여 계산을 도출해 보았다.하지만데이터에 노이즈가 발생했는지이론상으로는 손실이], 긍정 텍스트 확률 : 93.02%"
"[ 원이다.앞서 명기한 순수한 재정거래 이익 ], 긍정 텍스트 확률 : 91.08%"
"[ 원이 보완되어서], 긍정 텍스트 확률 : 65.00%"
"[ 원으로이론상의 금액보다 더욱 손실이 발생하는가정 결과값 이 나온다.이 부분에 관해서는 어떻게 이렇게 산출되는지어디서 노이즈가 들어갔는지아직 원인을 찾지 못했다.추후 알게되면 다시 정리해봐야겠다.결론적으로나에게 공매도 헷지는 아주 필요한 것 같다. ], 긍정 텍스트 확률 : 81.98%"
"[상승에서는 반대로. 진입 시점의 투자금], 긍정 텍스트 확률 : 57.97%"
"[ 수익은 .보다 조금은 더 발생했다고 볼 수 있다. ], 긍정 텍스트 확률 : 68.15%"
"[년 월에는 를 통해 울트라 토큰 억 개를 추가적으로 판매하였다.곧 베타서비스가 출시될 예정이며 올해 말부터는 메인넷을 런칭할 계획이라고 전해졌다.코인원 거래소에 상장되어 있는 울트라 토큰은 플랫폼 내에서 사용 가능하며 유저들은 게임 내에서 아이템을 구매할 수 있다.울트라 프로젝트의 경우 매출이 발생하는 즉시 수익이 분배되어 건전한 재무구조 구축에 일조한다고 설명하고 있다.울트라 플랫폼 내에서 유동성이 높아지면토큰의 가격도 함께 상승하게 된다. ], 긍정 텍스트 확률 : 88.11%"
"[ 적금 만원짜리 년 하나 만들어서 수수료 면제가 되는걸로 했습니다.직장생활하면서 쭈욱 함께한 우리은행부동산 대출 받느라 시작해서 나름 도움을 많이 줬던제일은행 세번째 거래은행이농협은행이 되었네요.농협 계좌를 만든후에 코인을 살 수 있는 코인원에 가입했습니다.가입이 간단하네요.구글앱을 깔아야하는게 특이했습니다.■ 페이스북 코인이 나온다고 발표■ 독일이 위험하다는 신호유럽 전체의 위기■ 이미 마이너스 금리인 일본은 코인을 받아들이려는 경향이 더 강한듯■ 이번 경제위기는 어마어마한 양적완화 예고■ 나라 중심에서 기업 중심의 세상으로 변함■ 손정의의 행보■ 라이트코인 과 워렌버핏■ 지금의 화폐로는 경제위기를 극복하기 힘듦코인을 해야겠다라고 마음 먹은 이유 입니다금과 달라 투자를 우선을 생각하고], 긍정 텍스트 확률 : 57.15%"
"[코인도 있으면 좋겠다라는 생각을 하다가페이스북의 코인 발표를 보고], 긍정 텍스트 확률 : 79.00%"
"[미래는 코인이구나라는 생각이 들었습니다.하지만 코인에 투자할 돈이 없어요.조금씩 조금씩 적응해보겠습니다.일 만원일 만원일 만원이렇게 매일 사서 만원 샀습니다.앞으로도 계속 조금씩 사서 먼 미래를 준비해보려고 합니다.오브스와 트론은 코인 입성을 축하한다며 형님이 선물해줬습니다. ], 긍정 텍스트 확률 : 54.57%"
"[ 요즘 로 전환이 빨라지면서 블록체인 노드를 통해 이자수익을 얻는 형식의 서비스가 주목받고 있습니다. 위임지분 증명 방식의 합의 알고리즘을 택하는 블록체인 역시 늘어났기 때문인데요.], 긍정 텍스트 확률 : 84.48%"
"[ 우리나라 거래소에서는 암호화폐 거래소 코인원이 지난해 월부터 코인 노드 사업을 시작했습니다. 일명 코인원노드 .이 론칭 된것인데요. 코인 홀더들은 코인원에게 노드 운영을 위임하고 그로 인해서 얻어지는 보상 수익을 배분 받는 것으로 이자수익과 비슷한 형식이라고 보면 되겠습니다. 요즘과 같은 저금리 시대에 높은 이자율을 자랑하기 때문에 당연히 관심을 갖는 사람들이 늘고 있는 추세이며], 긍정 텍스트 확률 : 92.63%"
"[아톰 스텔라루멘과 온톨로지는 곧 서비스될 예정입니다.], 긍정 텍스트 확률 : 53.23%"
"[ 코스모스는 연 최대 의 보상 수익이 가능하다고 안내하고 있습니다. 요즘 같은 저금리 시대에 장기 투자를 바라보고 있는 분들에게는 아주 훌륭한 수익처가 될 수 있을 것 같지만 항상 투자 상품이라는 것이 적금이 아닌 이상에야 어느 정도 리스크를 동반하고 있다는 점 잊지 마셔야겠습니다. 하지만 앞으로 이런 지분증명 방식을 활용한 노드 운영이 늘어날 수밖에 없기 때문에 변화에 앞서가고 있는 코인원의 행보가 궁금합니다. .... ], 긍정 텍스트 확률 : 82.24%"
"[ .👉뉴비톡에 오신 여러분들 감사합니다. 환영합니다...👉뉴비톡 은 단순히 픽주는 방이 아니라뉴비톡 에 참여해주시는 모든분들의 정보를 하나하나 수렴해서 그 정보가 실제로 수익으로 연결되는지 서로가 토론하고 정보를 확인하며], 긍정 텍스트 확률 : 97.47%"
"[업비트 등 암호화폐 거래소들이 거래량이 지나치게 적거나 백서 상 계획과 로드맵이 제대로 안 지켜지는 암호화폐들에 대해 유의종목 지정 및 퇴출을 예고하자 코인원도 상장 코인 중 일부를 유의종목으로 지정했다. .코인원은 투자유의종목 지정 및 상장 폐지정책에 따라 지속적인 모니터링을 진행한 결과], 긍정 텍스트 확률 : 67.14%"
"[실명확인 가상계좌를 운영하며 각 은행과 공조해본 경험들을 한데 모은다면 범죄행위 예방은 물론], 긍정 텍스트 확률 : 54.79%"
"[건전한 거래 환경 조성에도 큰 도움이 될 것으로 전망했다.대 거래소는 블록체인협회 자율규제심사를 통과한 바 있고], 긍정 텍스트 확률 : 53.72%"
"[어제 오후 시에 거래 시작 된다드...저도 도전했습니다.총 시드 만원정도로 불렸는데 기분좋은 수익얻었네요.요즘에 상장메타에 재미가 들려서 일단 들어가고 보는데 운 좋게도 최근전적이 좋네요. ], 긍정 텍스트 확률 : 98.57%"
"[ 저는 제가 수익을 보면 뭔가 애정이 가는 코인으로 생각한답니다.메이져를 제외한 알트들 중 거의 제가 포스팅했던 코인들이었고 실제로 제게 이익을 줬죠애정가는 코인 몇 개가 있고 데드], 긍정 텍스트 확률 : 74.87%"
"[일명 아빠코인으로 알고있던다드도 제게 애정있는 코인이 되었습니다.상장 하루가 지난 오늘 비트가 빠져서 일까요? ], 긍정 텍스트 확률 : 84.77%"
"[ 다드의 모회사인 예모비가 클레이튼에 합류하네요.막대한 자본력의 중국 광고 플랫폼 예모비와 국내 카카오계열인 클레이튼 운영에 합류거기에 보안하면 누구나 알 법한 안랩의 삼위일체업비트 원화상장이 될 수 있을 것 같은 예감이 드는데 여러분은 어떻게 생각하시나요? ], 긍정 텍스트 확률 : 79.63%"
"[무단전재 및 재배포 금지 ..?출처 코인원·비트루], 긍정 텍스트 확률 : 85.42%"
"[ 혹시 암호화폐라는 말 들어보셨나요? 최근 몇 년간 엄청난 화제를 몰고 있죠 이러한 관심에 따라 개인정보 유출 등우려의 시선도 늘 함께했는데요.놀랍게도 지금까지 단 한번의 보안 사고도 발생하지 않은 암호화폐 거래소가 있습니다. ], 긍정 텍스트 확률 : 98.96%"
"[와 개발까지 모두 하나의 에서 담당하고 있는데요. 저는로서 모바일 앱 프로덕트에 관련된 서비스 방향부터 일정], 긍정 텍스트 확률 : 55.54%"
"[ ..암호화폐라니 뉴스에서 여러 번 접해 익숙하기도 하면서 사용해 본적이 없어 생소하기도 하네요. 저와 같은 분들이 많을 것 같은데], 긍정 텍스트 확률 : 51.60%"
"[암호자산등 별명이 다양해요. 쉽게 설명 드리자면 개인간 가치교환의 매개체로 원시시대 조개와 같은 것이라고 볼 수 있습니다.다만], 긍정 텍스트 확률 : 98.88%"
"[다른 점이 있다면 블록체인이라는 기술을 활용하였다는 것이죠. 온라인 상에서 거래나 전송이 가능한 전자적 화폐라고 볼 수도 있겠습니다. 코인원은 이 블록체인을 활용한 가치의 자유로운 이동을 더 원활하고 쉽게 해주는 역할을 한다고 말씀 드리고 싶네요 .코인원 앱 서비스만의 매력은 무엇이라고 생각하세요?코인원은 년 설립된 세대 암호화폐 거래소에요. 당시], 긍정 텍스트 확률 : 59.13%"
"[암호화폐에 대해 아는 사람이 정말 없었어요. 이 분야에 뛰어들기 위해서는 개발 기술뿐만 아니라 깊은 관심이 필요했죠. 코인원은 그런 면에서 매우 탄탄한 회사입니다. 국내 내놓으라 하는 비트코인 덕후’들이 모여 출발했기때문이죠. 입사 후에 제일 놀랐던 부분이 점심시간에도 회사 사람들끼리 모여 블록체인], 긍정 텍스트 확률 : 99.16%"
"[암호화폐에 대해 쉴 틈 없이 수다를 떠는 모습이었어요.기존 코인원 초기 유저부터], 긍정 텍스트 확률 : 87.18%"
"[사용자의 환경에 최적화된 를 제공하고 있다는 자부심이 있어요. .암호화폐 거래소를 포함한 블록체인 업계가 전자지갑 등 관련 시스템에 대한 공격 위협과 취약점 때문에 골칫거리라고 들었는데요. 코인원도 .보안이 절실했던 경우가 있었나요? 그렇다면 그런 문제들을 리앱을 통해 어떻게 해결할 수 있었나요?암호화폐 거래 모바일 앱은 시간 무중단 거래 및 코인의 이동을 제공하는 서비스입니다. 이에 앱 서비스의 빠른 속도를 유지하는 동시에 보안은 놓칠 수 없는 큰 중점 사항이구요. 이러한 서비스 특성상 앱에 부담이 가지 않으면서도 보안이 훌륭한 솔루션이 필요했었죠.세부적인 논의와 충분한 검토하에 많은 업체들 중 을 선택하게 되었고 결과적으로 현재까지 단 한 건의 보안사고 없이 안전하게 만족하며 서비스를 운영 중에 있습니다.], 긍정 텍스트 확률 : 80.60%"
"[ ..리앱 사용자로서 리앱의 장점은 무엇인가요?서비스 프로바이더와 이용자의 편리성을 만족시켜준다는 점입니다. 두 마리 토끼를 모두 잡는 셈이죠. 앱 파일 업로드 만으로 몇 분만에 보안 솔루션 적용이 가능하니까 따로 리소스 소모가 없습니다. 개발자에게는 최적의 보안 솔루션이에요. 또한], 긍정 텍스트 확률 : 86.90%"
"[유저를 위한 가치 있는 서비스 제공을 추구하는 코인원에게는 매우 중요한 요소입니다. 고객들이 조금의 불편함 없이 서비스를 이용하길 바라는 마음이에요. 웃음], 긍정 텍스트 확률 : 98.56%"
"[ 인터뷰는웹사이트에서도 확인하실 수 있어요▼▼▼▼▼▼▼▼▼▼▼ ], 긍정 텍스트 확률 : 71.64%"
"[혁신적인 서비스의 성공을 항상 응원합니다.. ], 긍정 텍스트 확률 : 77.39%"
"[ 안녕하세요그간 코빗만을 쓰던 사람입니다. 코빗의 현재 원화 입금정지로 인해서.. 거래불능상태에 계속 놓여있어 그동안 코인 투자를 달가량 멈춰있었던 상황인데요..드디어 오늘 농협계좌를 만들었습니다. 맥시멈 한도로.근데 질문이 있습니다. 빗썸], 긍정 텍스트 확률 : 82.68%"
"[ 리뷰 등 코인원의 엄격한 평가 기준에 맞춰 심사를 거친 후 그 심의 기준을 통과하였습니다.. .금번 상장과 관련한 자세한 정보는 코인원 공식 홈페이지를 통해서 확인 부탁드립니다.. .앞으로도 더욱 노력하며 성장하는 템코가 되겠으며], 긍정 텍스트 확률 : 94.95%"
"[올해 월 출시예정인 블록체인 기반 명품 거래 중개 플랫폼 “구하다”와 템코에 대한 많은 응원과 지지를 부탁드립니다..], 긍정 텍스트 확률 : 84.01%"
"[ .코인원은 블록체인을 기반으로 금융의 새로운 영역을 만들어가고 있는 전문 기업입니다. 국내 최대규모 암호화폐 거래소인 코인원을 중심으로 해외송금], 긍정 텍스트 확률 : 56.16%"
"[노드 운영 등의 블록체인 관련 금융 서비스 영역에서 사업을 영위하고 있습니다. 블록체인이라는 새로운 연결을 세상에 스며들게 한다는 미션 아래], 긍정 텍스트 확률 : 90.37%"
"[노무라 등 유수의 기업 출신 다수의 팀원들이 블록체인 디앱 개발에 매진하며 공급망 블록체인 기술을 활용한 명품 거래 플랫폼 “구하다” 를 올해 월에 론칭할 예정입니다. 템코는 앞으로도 로드맵을 성실히 달성해 나가며 블록체인의 매스어댑션을 위해 최선을 다하겠습니다. ], 긍정 텍스트 확률 : 72.23%"
"[정보보호 경영시스템 국제 표준인 을 획득하는 등 높은 보안 수준으로 알려져 있으며], 긍정 텍스트 확률 : 50.74%"
"[과 로드맵을 통한 현재 개발 진행 상황 등에 대한 심사를 거쳐토큰을 아래와 같이 상장하게 되었습니다.입금], 긍정 텍스트 확률 : 61.24%"
"[ 다드 는 차세대 탈중심화 광고 출시 블록체인입니다. 블록체인 기술을 통해 광고 데이터가 더욱더 공개적이고 투명해지고 광고주는 사용자의 개인 정보를 침해하지 않으면서 자금의 사용처를 명확하게 파악할 수 있습니다. 라이트닝 네트워크를 통해 광고 분야의 소액 결제를 빠르게 처리할 수 있고], 긍정 텍스트 확률 : 82.02%"
"[토크노믹스로 자극하여 모든 구성원이 광고 생태계의 건전한 발전을 유지할 수 있도록 에너지를 줍니다. 블록체인은 블록체인과 스마트 계약 기술을 년 이상 축적한 광고 산업 및 파트너의 경험을 결합하여 오늘날의 광고 산업에서 발견되는 단점과 문제점을 해결하는 솔루션을 제안합니다. ], 긍정 텍스트 확률 : 83.95%"
"[새로운 세대의 블록체인 광고시스템을 구축하고], 긍정 텍스트 확률 : 85.22%"
"[우리가 알고 있는 오늘날의 광고 산업을 재편성합니다. ], 긍정 텍스트 확률 : 82.84%"
"[ 다드 블록체인에서는 온톨로지가 제공하는 체제를 채택할 것이며 이 체제에는 완전한 분산원장과 스마트 계약 시스템이 포함됩니다. 또한 는 기존 광고 사업의 상황에 따라 확장되었으며 광고 출시], 긍정 텍스트 확률 : 55.22%"
"[인증 가능한 임의 함수를 바탕으로 한 합의 산법을 통해 대규모 네트워크 운영을 지원하고 높은 성능과 일관성을 동시에 보장할 수 있습니다.고효율 광고 전송 알고리즘블록체인 기술은 기존의 온라인 광고에 사용되는 빅데이터 알고리즘 외에도 분배 효율 최적화에 새로운 영역을 제공합니다. 토큰 경제로 인센티브를 받는 사용자는 개인 행동 및 선호 데이터를 공유하여 데이터 품질을 더욱 개선할 수 있는데 프라이버시가 보호된다는 전제 하에서], 긍정 텍스트 확률 : 94.22%"
"[사용자가 공유한 데이터 및 블록체인에서 공유하는 데이터를 결합하여 최고의 와 최상의 사용자 경험을 갖춘 최적 전송 계획을 합니다.강력한 사기 방지 메커니즘다드 블록체인은 실전에서 검증된 데이터 정화 및 부정 행위 탐지 알고리즘 외에도 블록체인에서 광고 전송 및 노출 프로세스를 추적한다. 데이터 투명성은수익 계산과 할당에서 일관성을 보장하여 부정행위를 일으키기 쉬운 광고 공급망의 링크를 제거 합니다.다드 광고 시스템은 데이터 정화 및 부정 행위 감지를 위한 성숙한 알고리즘과 최적의 매개변수로 훈련된 모델을 제공합니다. 교차 검증을 위해 사용자 측 데이터지갑 및 브라우저 확장프로그램으로 수집], 긍정 텍스트 확률 : 92.14%"
"[매체 데이터 및 플랫폼 수집 데이터를 결합합니다.사기성 광고 트래픽과 악성 노드를 더 잘 식별하기 위해], 긍정 텍스트 확률 : 55.74%"
"[우리는 장단기메모리], 긍정 텍스트 확률 : 79.25%"
"[를 사용하고 이 모델을 악의적 행동 데이터로 훈련시켜 단계에서는 오프라인 모델 훈련에 텐서플로우를 사용하고스타일 를 통해 부정 방지서비스를 제공할 예정이다. 따라 다드플랫폼은 기술이 발전함에 따라 실시간 훈련과 서비스 이용이 가능해 질 것이라 밝혔습니다. ], 긍정 텍스트 확률 : 54.86%"
"[ 데이터 투명성광고 업무 데이터는 체인에 연계되고 추적이 가능하므로 광고주는 광고 데이터를 더욱 자세하게 파악할 수 있고], 긍정 텍스트 확률 : 59.89%"
"[ 사용자 혜택광고 생태계에서 중요한 역할을 하는 사용자는 광고를 보거나], 긍정 텍스트 확률 : 65.45%"
"[불량 광고를 신고함으로서 수익을 얻을 수 있습니다.업무 확보전통적인 광고 업무가 이미 확보되어 있고], 긍정 텍스트 확률 : 69.61%"
"[상당한 수입을 올리고 있습니다. 또한 블록체인 기술은 전통적인 광고 분야의 단점을 해결할 수 있습니다.풍부한 생태계전통적인 광고 분야에서 수년 동안 자리매김해 왔으며], 긍정 텍스트 확률 : 64.07%"
"[생태계의 모든 역할을 만족시킬 수 있습니다. ], 긍정 텍스트 확률 : 76.42%"
"[ 오브스 등초기 거래소란 명성의 힘입어 아직까지 건재한 모습을 보여주고 있는데요], 긍정 텍스트 확률 : 92.69%"
"[이번 다드코인의 상장은 역시나 큰 화제를 몰고 올것으로 전망됩니다.또한], 긍정 텍스트 확률 : 73.28%"
"[다드코인은 최근 많은 거래소의 참여로 인해 화제를 몰고 있는 쟁글플랫폼에도 협업중이기 때문에 투명하고 안전한 블록체인 서비스를 제공할 것으로 보여집니다.다드프로젝트의 코인원 상장 이후 앞으로의 횡보가 굉장히 기대되는 부분입니다.현 포스팅은 다드홈페이지 및 백서를 참고하여 작성되었습니다.다드 홈페이지....다드 백서..?...?. ], 긍정 텍스트 확률 : 93.30%"
"[ 코인암호화폐 기초 투자자분들블록체인의 대해 공부하고 싶은 분들거래소 소식과 블록체인 뉴스를 같이 공유하고 싶은분들소규모로 모여 함께 이야기하는 방을 준비해봤습니다.제 블로그를 읽어주시는분들 너무 감사합니다.코린이 제리의 코인공부방 .?코인공부코인공부.. .... ], 긍정 텍스트 확률 : 96.14%"
"[그로밋이 오늘은 거래소에 관련한 소식을 가져왔어요.요즘 신규코인을 핫하게 상장 중인 코인원이에이블과 협력하여 자금세탁방지 역량을 끌어올렸다고해요자세한 소식 그로밋과 함께 지금부터 알아보실게요 ], 긍정 텍스트 확률 : 85.09%"
"[ 프로메테우스에 관련된 링크입니다...공식 사이트 ..텔레그램 ..블로그 ...트위터.... ], 긍정 텍스트 확률 : 57.59%"
"[반갑습니다. 코인바로알기 식스동입니다.요 몇달간은 프로젝트코인에 대한 포스팅이 주였는데 오늘은 한번 코인원과 카카오 클레이튼의 관계에 대해서알아보고자 합니다. 평소쓰던 글과 다른 스타일의 포스팅이라 걱정이 앞서는데 가볍게 읽어주시면 좋을꺼 같습니다. ], 긍정 텍스트 확률 : 97.36%"
"[빗썸입니다.그 이후로는 다양한 암호화폐 거래소가 나오는데 그중 한곳이 코인원입니다.사실 은 딱히 주목받지도 이름이 없는 거래소도 아닌 정도의 길을 가는 거래소로 평가되고 있습니다.고팍스와 비슷한 느낌이랄까...최근 투자자들이 다시관심을 가지고 있는데 그 이유에 대해 알려드리도록 하겠습니다. ], 긍정 텍스트 확률 : 82.09%"
"[ 카카오 클레이튼은 국내투자자들 사이에서 지속적으로 언급되고 있는 프로젝트입니다.물론], 긍정 텍스트 확률 : 60.94%"
"[한화등 여러 대기업들과의 파트너십이 있기 때문이라고 생각하는데 가장 중요한 사실은 클레이튼에 사용되는코인을 발행한다는 점과 디앱이라고 불리는 여러 프로젝트들이 이더리움을 벗어나서 클레이튼을 선택하고 있다는 점입니다. ], 긍정 텍스트 확률 : 79.01%"
"[보라코인을 업비트 상장예측코인으로 말씀을 드렸었는데 캐리프로토콜은 아시다시피 첫상장을 업비트에 했고], 긍정 텍스트 확률 : 58.62%"
"[힌트체인은 코인원 상장 이후 비트렉스 상장까지 마친 상황입니다. 보라코인은 비트렉스 이후 업비트로 상장을 하는 모습을 보이며 식스동이 죽지 않았구나 느꼈습니다. ], 긍정 텍스트 확률 : 56.58%"
"[투자자들이 추가적인 작업 없이 간편하게 토큰 전환을 진행할 수 있도록 도울 것”이라고 밝혔다.지난 일 클레이튼 메인넷이 출시되면서 순차적으로 기존 이더리움 등 다른 플랫폼 기반이었던 클레이튼 파트너사들의 암호화폐가 클레이튼 기반의 ’ 토큰으로 전환된다.이때부터 투자자들의 코인원 관심도가 급격히 상승했습니다.물론 저도 이때 관심을 갖기 시작했으며 일 일 어떤 프로젝트가 상장할지 예측해보면 재밌겠다라고생각을 했습니다. 식스동이 예측을 어떻게 했는지 보여드리겠습니다. ], 긍정 텍스트 확률 : 99.53%"
"[ 월일 뉴스기사를 보고 힌트체인], 긍정 텍스트 확률 : 57.47%"
"[ .식스동이 운영하고 있는 암호화폐 정보공유 채팅방입니다..암호.비트코인 차트분석과 알트코인 차트강의], 긍정 텍스트 확률 : 69.71%"
"[ .식스동이 운영하고 있는 유튜브 채널입니다..매일매일 암호화폐 뉴스와 읽을거리 .오늘의 추천코인을 영상을 통해 소개해드리고 있습니다. ..?..? ], 긍정 텍스트 확률 : 91.96%"
"[ １.코인원홈페이지에 접속해주세요.상단 이미지와 같이 회원가입을 클릭해주세요.코인원 홈페이지 링크.... ], 긍정 텍스트 확률 : 92.48%"
"[ ２.상단 이미지와 같은 창이 나오게 됩니다. 약관 동의창입니다.잘 읽어보시고 동의합니다. 체크 후 다음단계로 넘어가주세요. ], 긍정 텍스트 확률 : 95.16%"
"[ .이번 협약은 아이콘루프의 블록체인 기술 및 서비스를 이용하여.고객가치 증대를 목적으로 이루어진 것이라고 합니다...개인간 직거래를 돕는 탈중앙화마켓플레이스 프로토콜 서비스를 제공하는.오리진 프로토콜이 월 일 한국 밋업을 연다고하는데요. ], 긍정 텍스트 확률 : 87.91%"
"[오리진 프로토콜의 파트너사인 업사이드거래소와 .메이커다오가 참여한다. ], 긍정 텍스트 확률 : 60.88%"
"[코인원은 수요일에 싱가포르에 본부를 둔 암호환전 비트루와 암호환전 운영과 관련된 기술적 부분에 대해 업무협약을 체결했다고 말했습니다.암호통화 산업이 보다 혁신적으로 성장하기 위해서는 국제 수준의 기술 협력과 교류가 필요하다는 두 회사의 공통된 인식에서 합의했다고 설명했습니다. 코인원과 비트루는 두 회사가 쌓아온 전문성과 노하우를 적극적으로 공유해 보다 발전된 서비스를 제공할 계획입니다.코인원과 비트루는 앞으로 신용통화 고객을 유치하기 위해 신용환전 운영], 긍정 텍스트 확률 : 61.68%"
"[두 회사 간 시너지 효과가 세계 암호화 시장에 긍정적인 에너지를 전달할 수 있도록 더욱 노력하겠다고 밝혔습니다.비트루는 이미 유럽과 북미 시장에서 큰 성공을 거두었습니다.라고 비트루의 쿠리스 왕 는 말했습니다. 코인원은 한국 시장에서 가장 신뢰받는 교류 중 하나이며 비트루의 아시아 시장 진출에 교두보가 될 것으로 기대하고 있습니다.한편], 긍정 텍스트 확률 : 68.98%"
"[코인원과 비트루는 공동 상장된 를 첫 번째 프로젝트로 선정했습니다. 이는 양사가 업무협약 체결과 함께 실무 차원에서 협력하는 첫걸음으로], 긍정 텍스트 확률 : 78.04%"
"[이번 공동상장 사업을 통해 상장사 개발 과정에서 필요한 기술적 측면에 대해 협력하고 향후 효율적으로 협업할 수 있는 인프라를 구축해 나갈 계획입니다. 상장 관련 정보는 추후 두 회사 홈페이지에 공개될 예정입니다. ], 긍정 텍스트 확률 : 88.93%"
"[서비스 종료 이후에는 거래소에 로그인이 불가능 하며 입출금도 불가능하다고 적혀 있습니다. 그리고 씨젝스의 법률상 모든 기록도 파기될 것이라고 하네요.], 긍정 텍스트 확률 : 55.10%"
"[구락ㅎ 월에는 몰타를 기반으로 하는 씨젝스를 출범했지만 결국 씨젝스는 년여 만에 문을 닫게 됐네요. 그런데], 긍정 텍스트 확률 : 53.53%"
"[씨젝스는 월에 거래소 운영을 일시 중단한다는 공지를 띄우기도 했습니다. 당시 씨젝스 측은 자산을 안전하게 저장하고 가격변동성으로 인한 손실을 방지하기 위해 암호화폐를 인출할 것을 추천한다면서 영구적인 서비스 중단은 아니고 추후 다시 서비스를 재개할 것이라고 공지한 바 있다습니다. 아무튼], 긍정 텍스트 확률 : 56.76%"
"[거래량도 많이 죽은 상황이기 때문이죠. 코인원 측에서는 해외 사업에 눈을 돌리기 보다는 내실을 다지는 것이 좋은 선택이 될 전망입니다. 아무튼], 긍정 텍스트 확률 : 50.63%"
"[선비거래소인 코인원을 응원하고 싶습니다. ㅎㅎㅎ], 긍정 텍스트 확률 : 61.67%"
"[암호화폐 전문블로거 소셜세이브입니다. ], 긍정 텍스트 확률 : 67.95%"
"[아톰 코인 위임에 대해서 이야기해보려고 합니다. ], 긍정 텍스트 확률 : 80.91%"
"[ 코인원에는 노드라는 서비스가 있습니다.노드를 운영하고 그에 따른 이익을 제공하는 방식입니다.현재는 테조스와 코스모스를 운영 중이고 스텔라루멘], 긍정 텍스트 확률 : 66.87%"
"[온톨로지는 준비중으로 나와있습니다.코스모스], 긍정 텍스트 확률 : 75.59%"
"[테조스 노드를 코인원에서 운영하고 참여자가 노드 운영에 도움을 주면 그에 따른 보상을 주겠다는 것이죠. ], 긍정 텍스트 확률 : 80.55%"
"[ 코스모스의 경우 최소 에서 최대 의 보상수익을 제공합니다. 를 받고 는 코인원 노드에게 ], 긍정 텍스트 확률 : 54.02%"
"[ 위임 페이지에서 원하는 수량을 선택하여 위임할 수 있습니다. 코인원 코스모스 지갑 생성이 필수입니다. ], 긍정 텍스트 확률 : 65.04%"
"[안녕하세요. 코인원입니다.코인원이 온톨로지], 긍정 텍스트 확률 : 73.28%"
"[온톨로지가스 를 원화로 직접 사고팔 수 있는], 긍정 텍스트 확률 : 69.05%"
"[ 가 다드 라는 이름으로코인원에 상장한다고 합니다정말 좋은 소식이죠꾸준히 발전하던 다드 코인을 국내 유저들과만날 수 있다는 것은 정말 큰 호재인 것 같아요.코인원이 괜찮은 프로젝트상장을 잘 시켜주는 것 같더라구요.비트코인 가격도 오르고 있어서많은 알트들이 기대감을 갖고 있죠 ], 긍정 텍스트 확률 : 99.67%"
"[코빗에 이어 마지막으로 코인원의 회원가입에 대해 알아보겠습니다. 코인원의 경우 실명계좌를 사용하기 때문에안정적인 거래소 라는 점이 큰 장점이라고 할 수 있습니다. 코인원은루니버스 나클레이튼관련 코인들을 적극적으로 상장시키는 모습을 보여주고 있는 모습입니다. 이쪽에 관심이 많으신 분들은 가입해두는게 좋을 것 같습니다. . .... 을 클릭합니다. ], 긍정 텍스트 확률 : 95.70%"
"[캡챠 인증까지 완료해주시면 됩니다. 캡챠인증이란 지금 가입하는게 봇이 아니라 사람임을 확인하기 위해서 만들어 놓은거라 사람이라면 모두 쉽게 풀 수 있는 문제들로 이뤄져 있습니다. ], 긍정 텍스트 확률 : 83.96%"
"[거래소 중에는 코인원이 가장 빠르게 나섰다.. ], 긍정 텍스트 확률 : 70.38%"
"[..저는 주 거래소는 빗썸을 이용하고 있으며], 긍정 텍스트 확률 : 60.72%"
"[코인원거래소도 함께 사용하고 있습니다..현재 코인원 공지사항과 이슈가 떠올라 알아보았습니다.. ], 긍정 텍스트 확률 : 87.54%"
"[ ..코인원거래소에서 가상화폐들이 상승하고 있다는 소식입니다..코인원의 시세표를 보시면 아시겠지만], 긍정 텍스트 확률 : 74.22%"
"[.지금 당장은 코인을 그대로 냅두는 것이 가장 좋은 방법이라고 생각드는데요], 긍정 텍스트 확률 : 76.95%"
"[ ..언제쯤 코인시장이 좋아질지 앞으로가 궁금하면서 걱정이 앞선답니다...또 정말 몇시간이라는 단위가 붙기 민망할 정도로 .코인의 가격이 오락가락하는데요..앞으로 코인들의 전망이 어떻게 흘러갈지 너무 궁금해질 따름입니다..저는 개인적으로 비트코인의 상승세를 기다리고 있는데요..좋은 소식이 들려왔을 때 다시 한번 찾아오도록 하겠습니다... ], 긍정 텍스트 확률 : 85.15%"
"[상장이 이뤄지지 않을 수 있다는 점을 주의했다..앞으로는 서틱의 감사까지 통과해야 진행할 수 있다는 것을 명시한 것이라고 보면될 것 같습니다...가삼화폐는 버그를 이용해 투자자들이 공격받고], 긍정 텍스트 확률 : 86.71%"
"[해킹피해도.막대한것으로 자주 보도되기도 합니다...이런 경우를 대비하기 위해 서틱과 블록체인 기술 .감사 전문 업체와 협업 프로젝트 기술력 검증을 강화했다고합니다... ], 긍정 텍스트 확률 : 66.89%"
"[코인원을 함축적으로 표현하는 단어는 새로움’이다. 지난 년 암호화폐 자체가 생소했던 시기에 ’새로운 연결을 세상에 스며들게 한다’는 슬로건을 내세우며 거래소를 설립했다. ], 긍정 텍스트 확률 : 74.67%"
"[전 세계 거래소 중 가장 유용하고 깔끔한 차트라는 각종 타이틀을 쏟아냈다. 어찌 보면 국내 암호화폐 생태계에 새로움의 가치를 일깨운 귀중한 행보다. 강명구 최고운영책임자 역시 코인원의 이러한 매력에 이끌리면서 새로움의 가치를 함께 개척하고 있다.◇년], 긍정 텍스트 확률 : 99.92%"
"[“코인원은 관련 시장의 이해도가 누구보다 뛰어난 개발자 중심의 전문가 집단입니다. 다만 시장을 일찌감치 개척했다는 측면에서 과감한 결단이 필요했습니다. 올해 기술부채를 대대적으로 걷어냈습니다. 기술부채 청산 작업에 들어간다는 자체만으로 상당한 결단이 필요합니다. 새로운 엔진의 이식], 긍정 텍스트 확률 : 98.57%"
"[심장을 바꾸는 작업을 더 이상 미룰 수 없다는 판단이었습니다.”], 긍정 텍스트 확률 : 57.72%"
"[기술 부채란 현 시점에서 더 오래 소요될 수 있는 더 나은 접근방식을 사용하는 대신 제한된 솔루션을 채택해 발생되는 추가적인 재작업의 비용을 말한다. 초기 시장 개척자들이라면 누구나 직면하는 문제다. ], 긍정 텍스트 확률 : 72.66%"
"[이는 시장 후발 주자들에게 자양분의 역할을 하지만 개척자들에겐 말 그대로 큰 부채일 수밖에 없다. 코인원의 경우 일정 기간 수익을 포기하면서까지 기술 부채에 과감히 나섰다.], 긍정 텍스트 확률 : 90.11%"
"[지금까지 한 번도 해킹당한 적이 없는 뛰어난 보안성 등 기존 장점들이 맞물리며 새롭게 장착한 서비스들이 시너지를 창출하고 있다.], 긍정 텍스트 확률 : 76.12%"
"[강 는 국내 암호화폐 거래소의 제도권 진입이 얼마 남지 않았다는 판단이다. 코인원은 제도권 편입에 따른 시행착오를 최소화하고자 착실한 준비를 거듭하고 있다. 국내 암호화폐 거래소 최초로 자금세탁방지 솔루션 구축에 나선 것이 대표적이다.], 긍정 텍스트 확률 : 58.76%"
"[강 는 코인원이 궁극적으로 나아가야 할 방향으로 디지털 종합금융 플랫폼’을 제시했다. 현재 코인원이 펼치고 있는 국내 최초 블록체인 해외송금 서비스 코인원트랜스퍼’와 블록체인 노드 수익 보상서비스스테이킹 서비스 코인원노드’도 모두 이러한 그림을 복선에 깔고 있다. ], 긍정 텍스트 확률 : 68.60%"
"[“암호화폐 생태계가 제도권으로 본격 진입하면 유입된 자본은 디지털 자산의 가치를 가장 잘 구현하는 곳에 흘러들어갈 것입니다. 블록체인 프로젝트들이 상용화 부분에 관심을 갖는 것도 이러한 이유 때문이죠. 코인원도 실사용에 중심을 둔 유틸리티 토큰에 많은 관심을 가지고 있습니다. 단순히 거래소 역할에 머무르는 것이 아닌 대중의 지지를 받는 디지털 종합금융 플랫폼의 비전을 가지고 있습니다.” ], 긍정 텍스트 확률 : 99.88%"
"[강 는 오는 년이 코인원에게 새로운 전환점이 될 것이란 확신이다. 앞서 언급한 것처럼 제도권 울타리가 쳐지게 되면 준비된 자에게 기회가 열린다는 지론이다.], 긍정 텍스트 확률 : 79.88%"
"[“인식의 전환이 참 중요하잖아요. 그동안 암호화폐 시장을 둘러싸고 투기라는 부정적 인식이 지배했다면 이제는 글로벌 시장의 큰 변화를 계기로 국내에서도 새로운 가치의 제시라는 긍정적 인식이 자리 잡았으면 좋겠어요. 코인원의 역할도 막중하다고 생각합니다. 지금까지 많은 이들의 신뢰가 지금의 코인원을 만든 것처럼 앞으로의 신뢰가 코인원을 만들어갈 것이기 때문입니다.” ], 긍정 텍스트 확률 : 99.57%"
"[사진이철준 기자 . ], 긍정 텍스트 확률 : 63.45%"
"[피해자에게 만원 배상 판결암호화폐 거래소를 상대로 해킹 피해자 손해배상 청구가 인용된 최초 사례가 나왔다.일 암호화폐 및 법조계에 따르면 서울남부지방법원은 씨가 암호화폐 거래소 코인원을 상대로 제기한 만원 상당의 손해배상 소송에서 피고거래소는 원고씨에게 만원을 지급하라고 판결했다. 앞서 씨는 암호화폐 거래소 지갑에 보유하고 있던 종의 암호화폐와 현금을 외부 해커로부터 탈취당했다. ], 긍정 텍스트 확률 : 51.66%"
"[블록체인 레이어 확장성 솔루션 매틱 네트워크 가 국내 암호화폐 거래소 코인원과 파트너십을 체결했다고 밝혔다.이번 파트너십을 통해 코인원은 거래소 유저와 매틱 네트워크 커뮤니티 구성원이 매틱 토큰을 스테이킹하여 보상을 받을 수 있도록 메틱 네트워크의 사전스테이킹 서비스를 지원한다.스테이킹은 보유한 암호화폐를 일정 기간 동안 지분으로 걸어두는 것을 의미하며 거래를 안전하게 기록하기 위한 합의 과정에 기여하거나 보상을 받기 위해 사용된다. 지분증명 방식의 합의 알고리즘을 적용한 매틱 네트워크 생태계에서 스테이킹은 필수적인 요소다.사전 스테이킹을 통해 매틱 네트워크의 스테이커로 참여한 유저는 매틱 네트워크의 핵심 의사 결정자 자격을 갖추게 된다.매틱 네트워크 관계자는 “수개월 간의 세심한 검토와 연구 개발을 마치고 코인원에서 단계의 스테이킹 과정 중 첫 단계인 사전스테이킹을 시작하게 됬다”며 “한국 블록체인 시장의 중요성을 인지하며 한국에서의 활동에 힘 쓰겠다”고 전했다.한편], 긍정 텍스트 확률 : 86.02%"
"[최근 알파메인넷을 출시하여 개발자들이 이더리움 메인넷 위에서 손쉽게 디앱을 구축할 수 있도록 지원하고 있다.ⓒ더노디스트], 긍정 텍스트 확률 : 60.72%"
"[국내 거래량 위 가상화폐암호화폐·코인 거래소코인원이 코스모스 프로젝트의 ], 긍정 텍스트 확률 : 64.68%"
"[아톰’ 코인 을 월 중에 상장한다고 발표했습니다. 코스모스는 가상화폐공개 당시 주목받는 프로젝트 중 하나였는데요. 부터 상장까지 어떤 일이 있었는지 알아보죠. ], 긍정 텍스트 확률 : 70.41%"
"[이오스와 다른 점은 상생’], 긍정 텍스트 확률 : 59.86%"
"[이오스와 같은 위임 방식이지만], 긍정 텍스트 확률 : 69.58%"
"[참여자가 좀더 많은 수준이에요.코스모스가 이오스가 다른 점은 이오스는 출범 당시 이더리움 킬러’를 자칭했지만], 긍정 텍스트 확률 : 72.54%"
"[코스모스는 다른 가상화폐와의 조화와 협력을 우선시 합니다.코인 간 이동을 원활히 하는데 중점을 뒀는데요.예를들어 이더리움 네트워크에서 비트코인을 거래하고 싶을 때 코스모스를 통해 전송할 수 있다고 합니다.원리는 최근 서비스가 시작된 카이버사의 랩비트코인과 비슷한데요. 기존 네트워크에서 동결한 만큼], 긍정 텍스트 확률 : 68.26%"
"[아톰코인은 이런 네트워크를 운영하는 관리자를 선정할 때 필요한 투표권의 역할을 하죠. ], 긍정 텍스트 확률 : 54.43%"
"[아톰코인은 당시만해도 불과 몇분만에 가 끝날만큼 인기가 높았습니다.인기가 높은 만큼 참여자가 몰리면서 국내 많은 투자자가 에 참여하지 못했는데요. ], 긍정 텍스트 확률 : 65.82%"
"[일부 투자자만 코인원을 통해 투자할 수 있었다고 합니다.이후 아톰 코인이 나오기 전까지 코인의 권리를 미리 사고파는 프리토큰’ 상장을 준비했는데요.실물이 없는 무언가의 권리를 사고파는 것이 법적 문제가 있을 수 있고], 긍정 텍스트 확률 : 66.24%"
"[원대한 꿈은 이뤄질까 ], 긍정 텍스트 확률 : 87.47%"
"[코스모스는 서로 다른 종류의 가상화폐를 전송한다는 참신한 아이디어와 전문가에게 검증된 텐터민트라는 기술로 주목받는데요. 모든 블록체인을 연결하는 블록체인의 블록체인’을 표방한다는 점에서 얼마나 원대한 프로젝트인지 알 수 있어요.꿈이 원대한 만큼 구현이 쉽지 않은 것도 현실입니다.특히 카이버사가 비트코인을 시작으로 다른 코인을 이더리움 네트워크에서 쓸 수 있는 서비스를 만든다면 코스모스가 유명무실 해질 수도 있겠죠.게다가 네트워크 참여자가], 긍정 텍스트 확률 : 98.37%"
"[블록프로듀서라고도 함인데 그 수가 상대적으로 적다는 것이죠.이더리움 재단과 긴밀한 소통했던 폴카닷’ 프로젝트나 국내 프로젝트로 알려진 아이콘’ 등 경쟁자가 있기도 하죠. 이런 약점을 극복하고 모든 블록체인을 연결하겠다는 포부가 실현될 지 주목됩니다. ], 긍정 텍스트 확률 : 94.87%"
"[암호화폐거래소코인원은암호화폐수익보상서비스를내세운코인원노드’의확대개편과코인원노드.페이지를새롭게오픈했다고일밝혔습니다. ], 긍정 텍스트 확률 : 75.70%"
"[이번개편으로코인원노드에모바일앱에암호화폐스테이킹기능이탑재했습니다.암호화폐거래소중처음으로선보인기능입니다.앞으로코인원회원은앱을통해더욱편리한사용과각종기능으로정확한투자에나설수있게됐다는설명입니다.또한코인원노드.과코스모스의아톰을통해암호화폐위임도가능합니다.아톰의경우코스모스블록체인정책상연간에서의위임보상이발생할예정입니다.코인원노드에서위임가능한암호화폐는테조스], 긍정 텍스트 확률 : 99.05%"
"[ 아톰입니다.추후위임지분증명], 긍정 텍스트 확률 : 57.83%"
"[ 방식을채택하는다른암호화폐도추가될계획입니다.테조스의경우스스로진화하는위임지분증명], 긍정 텍스트 확률 : 60.66%"
"[ 방식의세대프로토콜블록체인입니다.베이킹이라불리는채굴과정을통해블록을생성하고있습니다.베이킹은테조스블록체인에서블록을형성하는채굴과정을말하며만테조스이상보유하거나위임받은노드에한해이블록형성권한이부여됩니다.코인원거래소에테조스를보유한회원들은코인원에위임한암호화폐에대한보상수익을일정부분돌려받을수있게됩니다. ], 긍정 텍스트 확률 : 50.51%"
"[차명훈코인원대표는“코인원노드를통해블록체인생태계의건전하면서지속적인성장을이끌고고객들에게더욱다양한가치를제공할것”이라며“앞으로도블록체인기반의금융서비스구축에심혈을기울이면서실생활에블록체인이녹아들수있도록하겠다”고말했습니다.한편코인원노드는코인원이국내암호화폐거래소최초로시작한암호화폐수익보상서비스로특정암호화폐의노드운영을코인원이위임받아진행해보상수익을해당암호화폐보유회원들에게돌려줍니다.코인원은코인원노드의안정적인운영과체계적인보상을진행하고자업계최고의전문가들로구성된전담팀을구성해운영한다고강조했습니다.강희영 기자..저작권자 © 뉴스], 긍정 텍스트 확률 : 92.01%"
"[무단 전재 및 재배포 금지 ], 긍정 텍스트 확률 : 97.05%"
"[ 암호화 화폐 거래소 코인원을 알아보자 ], 긍정 텍스트 확률 : 51.19%"
"[전 세계적으로 비트코인 광풍이 분 이후 한국도 뒤늦게 암호화 화폐 거래소 시장이 활성화되면서 갑론을박 아직도 말들이 많다. 수많은 거래소가 개설되면서 어떤 곳이 안전하고 신뢰할만한 곳인지 파악하는 것도 쉽지 않다. 개인적으로 초창기 트레이드 사토시 사이트를 통해서 비트코인 거래를 했었지만], 긍정 텍스트 확률 : 96.40%"
"[그중에서 오늘은 사이버 배상 책임보험 가입과 시간 보안관제 시스템을 가동하고 있는 코인원을 알아보자. ], 긍정 텍스트 확률 : 55.64%"
"[개인 정보 유출과 데이터 손실 같은 해킹에 대비 사이버리스크를 시간 관리를 하고 있다. 세계 시장 거래소의 잦은 해킹으로 보안에 대한 불안이 커진 만큼 안정적인 거래소를 찾는 게 정신건강에도 좋다.코인원에 가입하면 암호화 화폐 거래를 체험할 수 있는 ], 긍정 텍스트 확률 : 95.27%"
"[ 원 상당의 비트코인을 지급한다니 가입 방법에 대해 알아보자. ], 긍정 텍스트 확률 : 75.83%"
"[아래 사이트를 통해 접속할 수 있고], 긍정 텍스트 확률 : 58.37%"
"[캡챠 인증을 해야지 회원가입이 된다.패스워드를 정할 때는 영문 대문자], 긍정 텍스트 확률 : 53.99%"
"[캡챠 인증 검증하기를 누르면 왼쪽과 같이 나오는데], 긍정 텍스트 확률 : 65.12%"
"[이메일 인증은 오른쪽에 있는 인증 메일 전송 버튼을 누르면 자신의 이메일에 가서 확인을 하면 된다. ], 긍정 텍스트 확률 : 55.01%"
"[안전한 거래를 위해서 를 사용하는 게 좋다.], 긍정 텍스트 확률 : 64.90%"
"[ 에 이어 농협 계좌 등록 인증까지 완료하면 암호화 화폐 거래를 체험할 수 있는 ], 긍정 텍스트 확률 : 51.21%"
"[국내 암호화 화폐 거래소 코인원을 간단하게 정리하면 아래와 같다.. 국내 암호화 화폐 거래소 최초로 뉴 사이버 시큐리티 사이버 배상책임보험 계약을 체결하여 거래 중 발생 가능한 리스크 관리를 지원한다.. 전문적인 보안 컨설팅을 도입하여 코인원의 구조적인 보안성 점검과 발생 가능한 해킹에 대비를 한다.. 시간 보안관제 시스템으로 혹시 모를 위험에 대비 지소적인 모니터링을 한다.. 암호화 화폐 시장의 건전하고 안정적인 성장을 위해 ], 긍정 텍스트 확률 : 54.77%"
"[빗썸·코인원 등 가상통화거래소 곳 현장조사], 긍정 텍스트 확률 : 88.84%"
"[공정거래위원회가 일부터 사흘간 비티씨코리아닷컴빗썸·코인원등 곳 가상통화거래소에 대해 전자상거래법과 약관법 등 소비자 관련법 위반 여부를 점검하기 위해 현장조사에 들어간다. ], 긍정 텍스트 확률 : 93.11%"
"[일 공정위에 따르면 가상통화거래소의 전자상거래법], 긍정 텍스트 확률 : 53.57%"
"[암호화폐 정보업체 코인마켓갭이글로벌 시장의 기준과 한국 시장의 암호 화폐 가격의 차이가 심각한 수준으로 벌어졌다며 제한적인 재정거래 기회를 제공한다는 판단 하에 빗썸 등 일부 한국 암호화폐 거래소를 데이터 산출 기준에서 제외했다고 일현지시간 밝혔다. 이어 코인 마켓 갭은 사용자에게 더 나은 관련성이 높은 평균을 제공하기 위해 더 나은 도구를 개발하고 있다고 덧붙였다.], 긍정 텍스트 확률 : 85.93%"
"[한편 이날 빗썸과 코인원], 긍정 텍스트 확률 : 82.58%"
"[안녕하세요ㅎㅎㅎ요즘 저도 재테크하면서 가장 손이 많이 가고 눈이 많이 가는건 비트코인 즉], 긍정 텍스트 확률 : 85.45%"
"[암호화폐가 아닐까 싶은데요.국내에서 붐이 일어나면서 보다 저도 관심있게 보고 주식과 더불어 정말 괜찮고 매력적인거라 생각들더라고요.주변에 지인들도 비트코인으로 소소하게 벌고 있다고 이야기를 듣고 저 역시나 손해는 안보는 수익률로 현재까지 잘 지내곤 있네요ㅋㅋ이렇게 거래소는 참 많고 그런데 요즘 보안 문제 때문에 여기저기 골머리 앓고 있죠??ㅠㅠ그래서 이번에 알아보다가 코인원을 한 번 보았는데], 긍정 텍스트 확률 : 99.66%"
"[괜찮더라고요 ], 긍정 텍스트 확률 : 92.21%"
"[거래소를 어디 써야하지? 라고 고민하신다면 전 코인원이라는 곳 추천드리고싶네요.개인정보 유출부터 데이터 손실 등 다양한 사이버 리스크를 관리 할 수 있기에 마음이 놓이더라고요.특히보안 컨설팅을 받기에 해킹 위험도 줄고], 긍정 텍스트 확률 : 60.32%"
"[ 의 보안 관제 그리고 위험으로부터 모니터링을 하다보니 언제나 안전하게 가능하다고 합니다 ], 긍정 텍스트 확률 : 61.96%"
"[그리고 현재 가입하시면 비트코인 ], 긍정 텍스트 확률 : 69.55%"
"[ 원 주신다고 하니깐 꼭 가입해보시구요ㅎㅎㅎ자 그럼 가입방법 및 증정 방법 공개합니다 ], 긍정 텍스트 확률 : 55.69%"
"[이거 위에 초록색 클릭 ], 긍정 텍스트 확률 : 56.35%"
"[코인원 홈페이지로 돌아오시면 바로 완료 된 모습을 보실 수 있는데요.이렇게 차례대로 인증해주신다면 별 무리 없이 할 수 있어요ㅎㅎ ], 긍정 텍스트 확률 : 94.11%"
"[그리고 스마트폰을 가지고오세요실명인증 하셔야죠 인증을 통해 계좌 인증도 하고 신규가입이 완료되면 비트코인이 무려 ], 긍정 텍스트 확률 : 62.25%"
"[이 곧 상장 하니깐 한 번...보시면...ㅎㅎ하단에남길테니 한 번 들어가셔서 직접 가입 후 비트코인도 ], 긍정 텍스트 확률 : 64.55%"
"[국내에도 참 다양한 암호화폐가상화폐거래소들이 있는데요.그 중 빗썸], 긍정 텍스트 확률 : 64.41%"
"[국내를 넘어 세계에서 최상위 순위를 유지하는빗썸입니다.빗썸의 ], 긍정 텍스트 확률 : 85.79%"
"[거래수수료는 . 입니다.쿠폰을 구매하여 수수료를 줄일 수 있는특징이 있습니다.메이커와 테이커의 차이는 없습니다... 자세한 안내는 여기를 눌러주세요.. .. ], 긍정 텍스트 확률 : 73.43%"
"[여개가 넘는 국내 최대 종류의암호화폐 거래소입니다.어플리케이션을 통해편한 사용과 보안도 자랑합니다.업비트의 ], 긍정 텍스트 확률 : 60.13%"
"[국내 최초의 암화화폐가상화폐 거래소인코빗입니다.국내 최고수준의 게임업체넥슨의 인수로 다시한번주목받는 거래소입니다.코빗의 ], 긍정 텍스트 확률 : 89.91%"
"[ .. 의드랍 등다양한 해택이 함께하는 코인네스트입니다.또한 비트메인 우지한의 투자로도 유명합니다.코인네스트의 ], 긍정 텍스트 확률 : 93.17%"
"[여의도에 국내 최초의 오프라인 거래소 서비스를시작한 코인원입니다.강력한 보안과 사용자를 고려한 인터페이스도높은 점수를 주고 싶습니다.코인원의 ], 긍정 텍스트 확률 : 73.24%"
"[서울뉴스 송화연 기자블록체인 기술을 이용해 중개은행없이 개인간 해외송금이 가능하게 됐다. 태국으로 해외송금시], 긍정 텍스트 확률 : 57.93%"
"[암호화폐가 아닌 법정화폐를 송금하는 시스템이다. 현재는 필리핀과 태국을 대상으로 하며 태국 은행과 협력해 송금서비스를 제공하고 있다.일반적으로 사용하는 해외송금 방식은 다양한 중개기관을 거친다. 중간 단계가 많기 때문에 상대자가 송금액을 수령하기까지 오랜시간이 걸리고 진행사항의 중간 추적이 어려우며 단방향 메시징 시스템으로 오류 발생시 실시간 대응도 어렵다. 무엇보다 여러 중개기관을 거치며 숨겨진 수수료 가 발생하기 때문에 실제 송금액과 수령액이 차이가 난다. 만원을 송금했을 때 약 인 만원이 송금 수수료로 발생한다. 중개 과정에서 추가로 수수료가 발생하기 때문에 구체적인 실수령액을 예측하기로 어렵다.반면 크로스는 중개기관이 줄어 송금 처리가 빠르다. 현재 서비스 중인 태국의 경우], 긍정 텍스트 확률 : 81.35%"
"[주로 외국인 근로자가 해외에 남아있는 가족에게 송금하는 경우가 대부분이다. 따라서 크로스는 국내에 거주하는 외국인 근로자에게 유용하게 쓰일 것으로 전망된다.해외송금 솔루션은 일본의 분산원장기술을 활용한 금융서비스 업체 리플아시아의 엑스커렌트가 적용됐다. 엑스커렌트는 초 미만의 처리시간과 무제한 처리능력을 자랑한다. 처리시간 분], 긍정 텍스트 확률 : 62.28%"
"[처리능력이 .초당 거래량인 비트코인과 비교했을 때 효율적이다. 타카시 오키타 리플아시아 대표이사는 엑스커렌트를 일본 내 해외송금뿐 아니라 국내 송금에도 활용하는 계획을 가지고 있다고 밝혔다. 한편 기획재정부는 년 월 외국환거래법을 개정해 핀테크 기업의 외국환시장 진입을 가능하게 했다. 코인원트랜스퍼는 국내 블록체인 기업 최초로 기재부로부터 해외송금업 라이선스를 취득해 공식 금융산업에 진출했다. 크로스는 국내외 이용자 누구나 이용할 수 있으며 최초 가입시 이용자의 신분증], 긍정 텍스트 확률 : 63.20%"
"[년 천재해커차명훈대표를필두로 최고의기술기반거래소를목표로시작한코인원은 명에달하는지금도여전히좋은사람들이뜻을모아함께하고있고], 긍정 텍스트 확률 : 73.34%"
"[ 일하는것이행복할수있도록업무환경을바꿔나가고있습니다. ], 긍정 텍스트 확률 : 88.33%"
"[ 시시근무 •든든하게먹고일해요], 긍정 텍스트 확률 : 77.42%"
"[ 식대지원무제한으로즐기는사내간식 •야근시식대및편안한귀가를위한택시비지원 •쉴땐쉬어야죠], 긍정 텍스트 확률 : 72.98%"
"[ 그누구도제재하지않는자유로운휴가사용 •감성충전도회사에서], 긍정 텍스트 확률 : 76.86%"
"[ 장례등및생일졸업명절선물지급 •건강이제일이죠], 긍정 텍스트 확률 : 58.78%"
"[ 최고의동료와함께성장할수있는기회 ], 긍정 텍스트 확률 : 94.12%"
"[ 채용중포지션], 긍정 텍스트 확률 : 75.44%"
"[원티드통해이직하면 추천인과 합격자], 긍정 텍스트 확률 : 79.95%"
"[의보상금], 긍정 텍스트 확률 : 71.45%"
"[추천을받고지원하면합격률이], 긍정 텍스트 확률 : 66.78%"
"[더크다고해요.], 긍정 텍스트 확률 : 65.55%"
"[ .. 추천 요청하는 법 .. 추천하는 법 ], 긍정 텍스트 확률 : 88.39%"
"[ ...? 원티드 추천 바로 가기], 긍정 텍스트 확률 : 78.57%"
"[새로운 채용공고], 긍정 텍스트 확률 : 64.92%"
"[ 코인원거래소 가기 전 코인판에서 정보 얻으세요.], 긍정 텍스트 확률 : 69.43%"
"[ 여러가지코인에대한정보를알아볼수있는커뮤니티], 긍정 텍스트 확률 : 67.19%"
"[어느곳보다도빠르게정보가올라오고], 긍정 텍스트 확률 : 66.75%"
"[전망을분석한전문가들의글도심심치않게볼수있기때문에 코인판 ..이인기를끌수밖에없는것같습니다. ], 긍정 텍스트 확률 : 71.41%"
"[ 국내에서볼수있는비트코인커뮤니티사이트중에서도 최대규모이기때문에], 긍정 텍스트 확률 : 68.23%"
"[ 자유게시판할것없이글이상당히많이올라오는데요. 정보를빠르게얻고싶은데매번같은글만읽어야하는 다른사이트들과차별화되어있다고보시면됩니다. 이번코인원거래소에서거래가가능한다양한코인들에대한정보도물론입니다. 예전에는비트코인의시세에따라서모든알트코인들이함께움직였다면 최근에는조금씩달라지는추세를보이기도합니다. ], 긍정 텍스트 확률 : 51.71%"
"[이렇게최대한많은정보들이모여있는곳이여야좋겠죠. 아무래도좋은정보와걸러야하는정보는자신이스스로선택하는것이긴하지만요. 각코인들의실시간시세표도하나하나확인할수있기때문에상당히메리트가있는곳입니다. ], 긍정 텍스트 확률 : 69.20%"
"[ 코인판에접속만해있어도코원거래소의시세를한눈에보실수있는것인데요. 따로창을켜두지않아도커뮤니티를하면서오르락내리락하는시세를볼수있습니다. 자유게시판에는이런저런질문을하시는분들도많기에], 긍정 텍스트 확률 : 57.95%"
"[이곳에서내가궁금한점을다른분들에게질문도해볼수있습니다. ], 긍정 텍스트 확률 : 80.49%"
"[ 손절을할수있다는것이겠죠. 코인원거래소뿐만아니라다양한거래소들이다시입금을재개한만큼 열심히정보찾아보시고성투하셨으면하는마음입니다. ], 긍정 텍스트 확률 : 68.39%"
"[오늘 가상화폐 가 반토막이 나서 난리였네요꼭대기에서 잡으셨던분들... 오늘 엄청난게 내던지시고 피해보신분들어마어마 할거라 생각합니다.ㅠㅠ ], 긍정 텍스트 확률 : 77.96%"
"[미친듯이 등락하는 가상화폐 들을 보면서기회를 잡기위해 지금이라도 가상화폐 신규가입 하시려는 분들이 많은걸로 알고있는데요.빗썸 에 갔더니 거래소 신규회원 가입중지], 긍정 텍스트 확률 : 87.47%"
"[가상화폐 신규가입 하시려는 분들은], 긍정 텍스트 확률 : 52.21%"
"[어디에도 가입할수가 없어서 당황하고 있으신데요아쉽게도 거래소 들은 이미 가입자가 미친듯이 많이 몰려서서버 폭주 혹은 과부하 이유로빗썸업비트코인원모든 거래소가 신규가입을 받지 않는다고 하네요. ], 긍정 텍스트 확률 : 92.53%"
"[빗썸업비트코인원 신규가입신규가입 중단은 이미 작년부터 너무 사람이 몰려서중단되어 있었구요올해 월 에 풀린다는 이야기 있는데그것도 사실 확실하지가 않은 이야기입니다.거래소 신규가입 중단 사태에많은 분들이 해외거래소쪽으로 가입을 서둘고 있는데요 ], 긍정 텍스트 확률 : 89.61%"
"[한국은 물론이고 외국사이트 에서조차신규가입이 대폭적으로 늘어나는 바람에외국 거래소 신규가입 도 여러군데 신규가입 중지상태로 된상태입니다. ], 긍정 텍스트 확률 : 75.50%"
"[인생에 한번 올까말까한 기회이기때문에되든 안되는 덤벼든다 라고 하는데..뭐랄까 정말 지금 우리들의 삶이 얼마나그동안 핍박받고 있었는지를 이 가상화폐 광풍을 통해서 보여지는거 같아서 많이 씁쓸합니다. ], 긍정 텍스트 확률 : 94.35%"
"[ 코인원 거래소 가기 전 코인판 꼭 확인하세요], 긍정 텍스트 확률 : 77.83%"
"[가상화폐거래할때자주방문하는곳중하나가바로코인원거래소죠. 저도코인원거래소이용하고있지만방문전에꼭가는곳이있어요. 그곳이바로코인판 ..이에요], 긍정 텍스트 확률 : 99.86%"
"[제가코인원거래소방문하기전에코인판을방문하는건다이유가있답니다. 그이유중하나가정보를얻기위해서인데요. 코인판같은가상화폐커뮤니티사이트가또없기때문에이곳에이미많은분들이방문하고있어요.], 긍정 텍스트 확률 : 81.12%"
"[그래서인지가상화폐관련정보도엄청많이있어서혼자서는알기힘든정보들을많이알고간답니다. 저도따로정보알아보고는있지만], 긍정 텍스트 확률 : 80.26%"
"[ 미처알지못했던것도체크가되니얼마나좋아요? 여러분들도코인원거래소방문하기전에코인판방문해보세요], 긍정 텍스트 확률 : 74.35%"
"[코인원거래소방문전에꼭들리는게시판이바로코인정보게시판이에요. 코인과관련된정보라면없는게없을정도로많은곳이죠. 본인이투자하고있는종류의코인정보를이곳에서확인해보세요], 긍정 텍스트 확률 : 99.01%"
"[중국의 이더리움이라고 칭하는 코인얼마전트윗 과현재 모네로 빗썸 상장으로많은 코인정보들이 무의미할정도로 혼라스러운데요이번에 리플에서는 트윗에 ..카운터를 할만큼 많은 사람들에 기대를 모았는데요결국 월로 다시 이슈가 넘어갔지요결국은 좋은 방향으로 진행되는거 겠지만이번 사람들에 기대치에는 많이 못미친듯 가격이 급격하게 다시 하락하였지요 으로 다시 내려오는데 단 시간도 안걸렸으니까요이번에 빗썸또한 모네로 지갑상장을 연기하면서많은 분들에게 안좋은 이미지를 남겼는데요하지만 그래도 빗썸이기에 모네로 상장이야기가 다시 공지사항오르면서모네로 가격이 다시 최고치를 찍게되었습니다.그 이후 이벤트로오늘 포스팅의 제목인큐텀코인입니다코인원에서는 퀀텀코인으로 칭하였는데요 ], 긍정 텍스트 확률 : 99.63%"
"[가상화폐의 가치 전망에 대한 나의 생각.딱 한달반전인가 비트코인과이더리움 리플 등 가상화폐가 벽없이고공상승하던 때가 있었다. . 월 중순쯤나는 그때 잠시 일시적일 꺼라고생각했고], 긍정 텍스트 확률 : 91.03%"
"[ 폭등할때 누구는 얼마를 벌었다누구는 몇배의 이익을 봤더라 등등소리를 들었을때도 정말 아무생각없었다.남의 나라 이야기같았고], 긍정 텍스트 확률 : 94.54%"
"[ 우연히 성공하여 대박을 터트린일종의 세계적인 사업으로만 보았다.그래서 이렇게 뉴스거리가 되는 순간], 긍정 텍스트 확률 : 96.20%"
"[분명 폭락이 찾아올꺼라고분명히 믿었다. ], 긍정 텍스트 확률 : 61.14%"
"[나는 개인적인 사업 비슷한거나 뭐 여러가지아이템을 직접구상하여 돈을 번 적은 있어도나름 수익 좋았다 힘들긴했지만 ㅋㅋㅋ생전 투자나 주식은 원도 해보지않은사람이었기에 상당히 회의적이었다. ], 긍정 텍스트 확률 : 97.33%"
"[ 바로 며칠전만해도 만원이었는데만원으로 급등해버린상황이더리움 클래식은 원이었다이것도 며칠전에 원인가했던거같은데.리플은 상장한지 얼마되지않아서인지원이었다.... ㅋㅋㅋㅋㅋ웃어야 되나 울어야되나.? ], 긍정 텍스트 확률 : 80.90%"
"[나의 행복이자 불행은 여기서 시작되었다. ], 긍정 텍스트 확률 : 82.17%"
"[ 정확한 가격은 기억을 더듬어쓰는거라 ], 긍정 텍스트 확률 : 58.31%"
"[쌤 이클 원됬어요 ], 긍정 텍스트 확률 : 72.83%"
"[ 고공행진중이던 이더리움 클래식이갑자기 원.... 원...원 후반으로...... 떡 ㅋ 락 ㅋ첫 투자였는데 말아먹을 느낌이 팍들었고], 긍정 텍스트 확률 : 80.71%"
"[다음날], 긍정 텍스트 확률 : 77.89%"
"[눈뜨자마자 핸드폰부터 들여다봤는데이더리움 만원 ㅋㅋㅋㅋㅋㅋㅋㅋㅋ만천원에사서 만천원에 매도걸어놓고 잤는데 눈뜨니 만원 ㅋㅋㅋ그런데 이 와중에 ... 막 오르는거.결국 눈치보다가 만원을때 얼른 탔다.타고 또 만원까지 핵 폭락을 하길래], 긍정 텍스트 확률 : 58.32%"
"[ 열불났지만 걍 냅둔채로 출근을했다..생각해보면 이때가 가장 간도 컸고투자도 안휘둘리고 현실적으로 잘 했던것같다이클같은경우는 아침에 눈떠보니 원.으아아 원에 매도 걸어놨다고결국 눈물 머금고 원에 개 또 샀다.왜샀는지는 모르겠지만이때는 진짜 아무생각없이 용감했었다. ], 긍정 텍스트 확률 : 56.42%"
"[ 점심때되니 미친듯 폭주하던 이클과 이더.계속 짧게 단타치기하고 벌다가 결정적으로이클은 원에 샀던거], 긍정 텍스트 확률 : 96.74%"
"[ 통장에서 잠수타고있는 만원을 넣었으면만원이 되었을꺼다.주변에서 가상화페에 회의적이었던 사람들도나의 수익소식에 마구 투자를 하기시작했다.그리고 나처럼 순식간에 돈을 벌었던사람은점점더 투자액을 높여갔다.그리고 몇시간만에 만원을 벌었네만원을 벌었네 그렇게 투자장은과열되어 시끌시끌했다. ], 긍정 텍스트 확률 : 93.78%"
"[ 다시 만원으로 새로운 투자를 시작했다.번 수익은 재투자하지 않고바로 현금화하는게 나의 투자소신이다.이상승세라면 이더 만원은 갈것같아서만원이던 이더리움 개를 사고나머지돈으로만원가까이 찍다가 나름 떨어진원짜리 이더리움 클래식을 샀다.만원 찍겠다 싶었음.그리고 심심해서 원이던리플을 개 사보고 진짜 재미로..ㅋ그리고 그 날 점심때 난 또 부자가 될 생각에들떠있었다. 마음같아서는 만원이라도더 붓고 싶었지만], 긍정 텍스트 확률 : 90.64%"
"[일 점심까지만해도 수익대잔치였다.그런데 일 저녁무렵이 되가자...상황이 급반적되기 시작함.가상화폐를 하는 사람들에게는너무너무너무 무서웠던 그날의 악몽.아직도], 긍정 텍스트 확률 : 86.34%"
"[지금까지], 긍정 텍스트 확률 : 79.35%"
"[ 코인원에서 사태라고하면 다들 치를 떤다.사람들이 소심해진게 아직도 그 영향이 큰듯하다. ], 긍정 텍스트 확률 : 69.14%"
"[ 나도 사태 트라우마 이후로는 ], 긍정 텍스트 확률 : 72.97%"
"[ 코인원에서 완전 소심쟁이가 되었음.... ], 긍정 텍스트 확률 : 60.51%"
"[ 클릭하던 매수버튼을 하루이틀동안 ], 긍정 텍스트 확률 : 60.10%"
"[일장춘몽이었다면서. ], 긍정 텍스트 확률 : 55.88%"
"[ 실제로 우리 삶에서 현금을 쓰던것이어느날 신용카드만 쓰게되고], 긍정 텍스트 확률 : 93.74%"
"[ 요즘은 핸드폰앱으로도 결제를 한다. ], 긍정 텍스트 확률 : 83.97%"
"[그렇게 사태 이후로는분마다 한번씩 보던 코인원거래소도잘 들어가지 않았다.하루에 한두번 순간 시세만 확인하는정도..어짜피 확인해도], 긍정 텍스트 확률 : 94.94%"
"[며칠동안 나름 올라도여전히 결과는 참담했다..만원이 되는 순간], 긍정 텍스트 확률 : 69.27%"
"[본전을 회복하는순간], 긍정 텍스트 확률 : 77.83%"
"[인터넷을 찾다보니 년 말까지는가상화폐의 조정을 거쳐서 년에는다시 가치가 회복될거라는 전문가의분석?이 있었다. ], 긍정 텍스트 확률 : 79.35%"
"[ 일주일이 지났나?만원이던 계좌평가액이], 긍정 텍스트 확률 : 62.15%"
"[이더리움클래식으로 만원을복구해야하는상황이었지만이더리움클래식은 요지부동...너 죽었니?그때 눈에 걸렸던게 리플이었다.나는 리플 관심없어서 잘 몰랐는데우연히 보니 리플이 원.그래서 그냥 물량으로 밀어볼까해서이더 복구한 돈 으로 모두 리플을 샀다.만원정도였던것 같고], 긍정 텍스트 확률 : 70.20%"
"[ 앞으로 호재도 많고], 긍정 텍스트 확률 : 77.73%"
"[그러던 월 일부터인가...였던 리플이 누군가 계획적으로올려놓은것처럼 가 되서 하루가 가고], 긍정 텍스트 확률 : 80.18%"
"[ 다음날은 약속한듯이 이 되어 하루가가고다음날은 에서 계속 흘러가더라...너무나 눈에 보이는 계단식 상승장이라이거 누가 조작하는거아니야? 싶을정도로.하지만 어쨌든 난 이익이니까 그냥 냅뒀다.그러던 일인가], 긍정 텍스트 확률 : 94.60%"
"[ 오늘 원이다..하.. ], 긍정 텍스트 확률 : 65.39%"
"[ 높을때는 도 찍었음. ], 긍정 텍스트 확률 : 72.15%"
"[ 내 생각에는 월초 호재까지 폭등하다가 ], 긍정 텍스트 확률 : 56.92%"
"[그냥 관망중이다. ], 긍정 텍스트 확률 : 73.31%"
"[ 몇까지 올라가고 몇까지 떨어질까? ], 긍정 텍스트 확률 : 59.83%"
"[ 사실 일단 리플 전망도 좋고 ], 긍정 텍스트 확률 : 95.86%"
"[ 난 세계적인 코인을 원하는데.. 쩝. ], 긍정 텍스트 확률 : 54.23%"
"[ 지금은 만천원이듯], 긍정 텍스트 확률 : 59.10%"
"[ 한달동안 가상화폐는 천국과 지옥을 오간다.시간동안 움직이는것도 엄청 스트레스이고폭락과 폭등에 대한 대처나 방안이 없어서주식과는 다르게 사람 피를 말리는것같다.가상화폐의 전망은 내 생각에 밝다.섹시하다고 생각한다.하지만 워낙 가격등폭이 크기에....그리고 사소한 호재 악재 하나로가격차가 천국과지옥을 오가니...장투로 마음먹었다가도코인판에서는 단타를 하게된다는 현실....옛날에는 비하해서 투기라는 표현을쓴다고생각했는데], 긍정 텍스트 확률 : 89.23%"
"[ 가상화페 코인판은 정말 투기가 맞다.여기서 벌고], 긍정 텍스트 확률 : 54.92%"
"[그리고 잃어버린취미생활.. 등등 계산하면결코 큰 이익은 아니라고한다.실제로 내 주변에서는 다들 코인판을 접거나], 긍정 텍스트 확률 : 68.59%"
"[심지어이더리움에서도 이클개발은 멈추고 손을 뗏다고는하지만], 긍정 텍스트 확률 : 61.00%"
"[ 출처 아시는 분 꼭 알려주세요 ], 긍정 텍스트 확률 : 80.68%"
"[결론 욕심부리면 골로간다내 삶에 타격입지않을만큼 즐기면서.그리고 현명하게. ], 긍정 텍스트 확률 : 83.91%"
