"[한글 시작하려고하는데요웅진씽크빅 누리패키지한글.수학.영어윙크한글.수학.영어둘중머가나을까요? 해보신분잇나요..며칠째 계속 검색중인데고민되네요..], 부정 텍스트 확률 : 60.61%"
"[ 현재 세], 부정 텍스트 확률 : 75.49%"
"[세 인데요한솔을 하고 있는데 너무 제자리 인거 같고 질릴거 같아서 다른걸로갈아 타볼까 하는데 웅진 씽크빅 한글깨치기나 그 외 다른과목들 어떤가요??], 부정 텍스트 확률 : 94.57%"
"[ 웅진북클럽하고있어서], 부정 텍스트 확률 : 57.85%"
"[ 오늘 웅진씽크빅 창의 수학 경시대회시험 봤는데요.혹시 정답발표일정 안내가 따로 있었을까요?아이가 어쩐일로 답을 적어왔는데], 부정 텍스트 확률 : 80.74%"
"[ 웅진씽크빅.초시키기어떤가요?단계별도있고.테블릿으로매일과제?같은것도하는것같더라구요.수학은매일문제집장씩푸는데.진도는나가는데아이가너무지겨워하네요ㅡㅡ국어수학두개시켜볼까하는데], 부정 텍스트 확률 : 96.39%"
"[ 아이가 이것저것 흥미를 가지고 있어 웅진씽크빅까지 알아보고있는데 아직 정보가 많지가 않아어..도움 받고싶어요..패드와 지면 수업비용 차이약정과 무약정 비용차이가 궁금하고..월 얼마인지..혹시 이번달 혜택이나 할인혜택도 궁긍해요..지점에 문의하고싶은데..연락처 남기면 수시로 전화할까봐..못하겠고..유교전 아니면 홍보차원으로 나와 있는 위치도 모르겠고..해서..카페에문의드려요..참고로 세입니다추천 과목도 부탁드려요], 부정 텍스트 확률 : 98.04%"
"[ 웅진씽크빅한글깨치기.수학방문교사수업이 총 원이죠??근데한글깨치기랑], 부정 텍스트 확률 : 66.13%"
"[ 수학깨치기말고수학과목도선생님없이학습지만받는게있나요? 그게북클럽인가요?그건제일저렴이단계가 월얼마인가요?캐시를주고.그걸로매달학습지를결제하는건가요?놀면서공부하자고 엄마표하다가], 부정 텍스트 확률 : 97.76%"
"[수창가능 그림글자만아는아이인데 관심보여시작해볼까하는데년약정이라서 도중에밀릴까봐ㅜ그냥월로방문이나을지. . . 그돈이그돈이면내가좀부지런하면패드로책도보고학습지도하면좋을까싶어서요하시는분어떠신가요?], 부정 텍스트 확률 : 91.67%"
"[ 친구아이랑 같이 시켜볼려고하는데풍덕천동에 다니시는 웅진씽크빅 선생님 계실까요?그냥 웅진에 전화하면 연결해주실까요?저희집이 동천동 산골짜기라 ㅋㅋ 손골성지쪽선생님이 배정이 안된다네요친구집이 풍덕천동이라서그집에서 해보려구요같은 개월수라 가능하지요혹시 하시고 계신 맘님 계심 소개해주심 감사하구요아님 본사로 문의해야겠네요], 부정 텍스트 확률 : 92.37%"
"[ 원주회회당 분], 부정 텍스트 확률 : 65.93%"
"[ 정원 명 이하.레벨 반국어.영어.사고력 수학.연산], 부정 텍스트 확률 : 98.20%"
"[ 주회회당 분], 부정 텍스트 확률 : 70.32%"
"[ 정원 명 이하....... ......? 본문 이미지...... ......? 본문 이미지...... ......? 본문 이미지...... ......? 본문 이미지...... ......? 본문 이미지오전 시간대 상담 환영합니다.], 부정 텍스트 확률 : 99.51%"
"[ 웅진씽크빅을 오랫동안 하다 아이들이 그만두고 싶어해서 해지했는데요패드는 씽크빅가입시에만 사용가능한가요?버려야할지 다른 용도로 사용이 가능한지 모르겠네요아시는분 계시면 알려주세요], 부정 텍스트 확률 : 74.33%"
"[ 웅진씽크빅 바로셈수학 가격이 어떻게하는지 아시나요?], 부정 텍스트 확률 : 66.03%"
"[ 집에 아이패드가 있는데 웅진씽크빅 사용 블로그를 보면 삼성탭이나 웅진패드만 사용한다고들 나와서요..약정이 개월이 걸리던데.. 웅진 과목별 금액들은 상담을해야 알수있나요?홈페이지에서는 찾을수가 없어서요..], 부정 텍스트 확률 : 91.36%"
"[ 광고는 절대 사절이구요웅진씽크빅 한글 수학 하려는데지면할지 패드할지 고민되서요가격차이는 천원인데 패드는 년 약정이고], 부정 텍스트 확률 : 87.70%"
"[ 또 패드로 공부시키는게 영상으로 공부하는게 저는 좀 싫기도하고], 부정 텍스트 확률 : 93.01%"
"[ 웅진씽크빅 공부방에서 수학 회원모집을 합니다..모집인원 명문의 수학 신규 가입고객께만 드리는수학 개월 무료수업의 혜택한 번 받아보세요........ ......? 본문 이미지], 부정 텍스트 확률 : 55.59%"
"[ 웅진씽크빅 학습지 선생님 어떤가요?세 학습지 하려고요아님 재능피자 둘중 어떤가요?구몬은 패스입니다단지요], 부정 텍스트 확률 : 61.45%"
"[ 웅진씽크빅.초시키기어떤가요?단계별도있고.테블릿으로매일과제?같은것도하는것같더라구요.수학은매일문제집장씩푸는데.진도는나가는데아이가너무지겨워하네요ㅡㅡ국어수학두개시켜볼까하는데], 부정 텍스트 확률 : 96.39%"
"[ 혹시 백양초등학교뒤에 있는 웅진씽크빅 러닝센타보내시는분 계시나요?아이가 눈높이를 보내는데별로인것 같아서당장 옮기고싶은데 정보가 없어서요.], 부정 텍스트 확률 : 92.94%"
"[ 웅진씽크빅 롯데카드 만들고 싶은데 혹시 혜택주시는분계시면 쪽지 부탁드려욥], 부정 텍스트 확률 : 83.10%"
"[ 살인데웅진씽크빅으로해볼까해요방문수업원하고 도원동에 해보신분들선생님 어떤가해서요 무료테스트하려니담당선생님 말고 영사분이 오시다길래 이쪽 담당선생님이 어떤지 알수없네요ㅜㅜ단지이구 혹시아시는분이나 해보신분들 있으시면 정보좀 부탁드려요], 부정 텍스트 확률 : 61.52%"
"[아쿠아리움], 부정 텍스트 확률 : 54.14%"
"[키즈 카페], 부정 텍스트 확률 : 54.14%"
"[체험 공방등 어린이들을 위한 놀거리들을 하나의 플랫폼에서 예약할 수 있으며], 부정 텍스트 확률 : 61.94%"
"[제휴 업체 수도 개에 달하고], 부정 텍스트 확률 : 73.62%"
"[따라서 주가가 이것 때문에 많이 오를거라고도 생각하지 않는다. 기사의 제목에 크게 월 억이라는 숫자를 자랑하듯이 써놨지만], 부정 텍스트 확률 : 93.88%"
"[이 숫자가 그대로 웅진씽크빅의 매출이 될 것이라고 생각하지 않는다. 놀이의 발견의 사업 방식은 이 플랫폼이 국내 여러 업체들과 협약을 맺은 후 그것을 하나의 플랫폼으로 모은 것이기 때문에 월 거래액인 억이 모두 웅진씽크빅의 호주머니에 들어온다고 볼 수 없을 것이다. 게다가 월이 여름 방학인 점을 고려하면], 부정 텍스트 확률 : 58.06%"
"[월 거래액이 다른 달에 비해 많은 것은 당연한 일이다. 그렇기 때문에 회원 수가 늘어나고 있다고 해서 월 거래액이 계속 억 수준을 유지하거나 더 늘어날 것이라고 보기 어렵다. 물론 이 사업을 튼튼하게 이어나가서 차후에 어플에 광고를 넣어 광고 수익을 얻는 방법 등 수익성을 개선하게 될 여지는 있지만], 부정 텍스트 확률 : 64.62%"
"[당장 분기에는 이 플랫폼 때문에 수익성이 개선될 것 같지는 않다.], 부정 텍스트 확률 : 79.63%"
"[ 웅진을 좋아하진 않지만살 딸이 유치원 들어가면서한글도 가르쳐주고 싶은데엄마표 한글은 주입식이고], 부정 텍스트 확률 : 94.28%"
"[체계적이지 않아서방문수업 시켜보려구요구몬은 일본거고], 부정 텍스트 확률 : 78.90%"
"[웅진 북클럽 말고웅진씽크빅이 괜찮다 더라구요체험수업은 해봤는데패드 안하고], 부정 텍스트 확률 : 66.72%"
"[ 국어 학원], 부정 텍스트 확률 : 54.14%"
"[ 웅진 씽크빅 우연치 않게 주워들어서 ..투자를 했는데 오늘 상한가를 했내요 문제는 제가 단타 위주로 돌리는 사람이라서 ..일도 해야 하는데 단타로 매번 주식창 보기도 그렇고 ㅠㅠ웅진 이번주 지나고 차주쯤에도 계속 유지해도 되는지 ..상담좀 부탁드려요 ㅠ], 부정 텍스트 확률 : 85.16%"
"[ 큰애 학습지 시켜볼려고 하는데 웅진씽크빅 궁금해서요루첸 들어오는 선생님은 어떠신가요? 상담은 받았는데 상담선생님?이 오셔서 .. 실제로 수업해주시는 분은 어떨지 궁금해요.패드 안하고 지면만 하고싶은데 혹시 패드하라고 하실까봐 걱정도 되구요 일단 아이와 성향이 맞아야할텐데 루첸 들어오는 선생님이 워낙 바쁘시다고 하셔서 얼굴도 못보고 시작하려니 걱정되서 여기에 물어봐요ㅠㅎㅎ], 부정 텍스트 확률 : 96.06%"
"[ 아이가 이것저것 흥미를 가지고 있어 웅진씽크빅까지 알아보고있는데 아직 정보가 많지가 않아어..도움 받고싶어요..패드와 지면 수업비용 차이약정과 무약정 비용차이가 궁금하고..월 얼마인지..혹시 이번달 혜택이나 할인혜택도 궁긍해요..지점에 문의하고싶은데..연락처 남기면 수시로 전화할까봐..못하겠고..유교전 아니면 홍보차원으로 나와 있는 위치도 모르겠고..해서..카페에문의드려요..참고로 세입니다추천 과목도 부탁드려요], 부정 텍스트 확률 : 98.04%"
"[ 웅진씽크빅에 혹시 장애아동 전문학습지가 있나요?], 부정 텍스트 확률 : 68.65%"
"[ 시가매매 연습해 보고 있는데 정신이 없습니다 요즘 가장 훅 가는 시간은 시 분에서 시까지 입니다 그냥 분이 없어지는 느낌입니다시가매매는 잘못들어가단 훅 아래로 가버리는 경우가 많더군요 쉽지 않네요오늘은장이 좋아서 종목들이 나쁘지 않았지만 지나고 나니까 알지 아직 장중엔 모릅니다 .웅진씽크빅 오늘 시가로 과감히 들어갔습니다 오늘 잘한 매매입니다 중간에 자동익절 로 해두었더니 휙 매도가 됩니다이렇게 강한종목은 자동매매 중지 시켜야겠습니다 장막판에 강하지가 않았네요...... ......? 본문 이미지 필룩스두번째 강했던 종목입니다 시가에 바로 눌러주고 출발합니다잘 잡았지만매도가아직 멀었습니다 뉴스와 종목의 힘을 파악하지 못했습니다그리고 중간 약한 눌림을 길게 주며 저점 상승시키는거 또 놓쳤습니다 저번 마니커 에프앤지 많이 그림 각인시켰지만아직인가 봅니다...... ......? 본문 이미지.신라젠 뭐에 홀려 고점에 들어갔더니 좀 있다 바로 자동매도 손절 나갑니다그동안 큰 시세를 주었던 종목인데 아무 이유도 없이 장대양봉 에 손 나갑니다 제대로 손절...... ......? 본문 이미지몸으로 체득하는 날이 언제쯤일까 오매불망 노력해야 할거 같습니다], 부정 텍스트 확률 : 68.19%"
"[ 웅진씽크빅놀이로 호기심깨치기 그냥 팜플렛만 받아왔는데혹시 베페서 신청하면 더 주는 혜택이 뭔지 알수있을까요?], 부정 텍스트 확률 : 91.86%"
"[ ...... ......? 본문 이미지...... ......? 본문 이미지...... ......? 본문 이미지...... ......? 본문 이미지...... ......? 본문 이미지...... ......? 본문 이미지 안녕하세요. 웅진씽크빅수학을 소개합니다. 대한민국 최초 인공지능으로 수학학습을 관리하는 혁신적인 학습법입니다. 웅진씽크빅이 수년간 전국에 있는 많은 회원들의 데이터를 근거하여 만든수학은실시간으로 개인별 맞춤 학습을 제공합니다. 차 산업혁명시대를 맞이할 우리 아이들과 학부모님들께서 미리 인공지능을 통한학습을 경험하는 것이 어떨까요? 이제 지식정보화 사회를 지나 지능정보화 사회로 나아가고 있습니다. 따라서], 부정 텍스트 확률 : 93.97%"
"[ 문센 전혀 안 다니고 있고날이 더워 집에서 방문학습지로 웅진씽크빅 해보려하는데남양 웅진어떤가요? 동네별로 복불복이라 여쭤봐요], 부정 텍스트 확률 : 87.98%"
"[ 웅진씽크빅 관련뉴스도 없는데 갑자기 확빠져요 무슨일이 있나요?], 부정 텍스트 확률 : 90.39%"
"[ 세 남아], 부정 텍스트 확률 : 75.49%"
"[ 수학], 부정 텍스트 확률 : 54.14%"
"[ 창의], 부정 텍스트 확률 : 54.14%"
"[ 교구], 부정 텍스트 확률 : 54.14%"
"[ 내년세 남아 학습지 하려는데 웅진 눈높이중어디 많이들 하시나요?웅진은 개월과정 한글깰수있는 교재가 나왓다하고눈높이는 교재는 못봣어요ㅜㅜ 하시는분들 어떠신지 궁금해요], 부정 텍스트 확률 : 80.18%"
"[ 웅진 씽크빅 한글 방문수업을 받을 예정입니다저랑 신랑 퇴근이 늦어서 저희 아이가 이모집에 있다가 집에 오는데 이모집이 새샘단지 입니다혹시 새샘단지 한글 방문수업 들어오는 선생님 수업 받으시는 맘 있을까요?있으면 댓글이나 쪽지 부탁드립니다], 부정 텍스트 확률 : 58.28%"
"[ 웅진씽크빅 한글깨치기 해보신분 계신가욤?웅진씽크빅 패드로 수업하는데어떤가요?재미는 있어보이기는하는데패드로 하는거라 고민되네요ㅜㅜ], 부정 텍스트 확률 : 78.31%"
"[주봉차트 별볼일 없지만일봉차트는 참 좋다고 느껴지는데 어떠세요?], 부정 텍스트 확률 : 92.02%"
"[ 공부방 처음창업으로하려해서요 일단 가맹하고 하려하는데 혹시 어떤게 더 나을까요한솔주니어플라톤은 독서논술이주이구한솔아이는 말하는공부방으로 어린아이들 .한글 수 한자 이런거위주이구요웅진씽크빅공부방요렇게 알아봤거든요 ], 부정 텍스트 확률 : 83.40%"
"[ 백석동 웅진씽크빅 지역 선생님 어떤가요?? 살 웅진꺼 해보려고하는데 해보신분 조언좀 구해요], 부정 텍스트 확률 : 63.70%"
"[ 안녕하세요웅진북클럽을 하고 있는 엄마입니다다름 아니라 첫째가 곧 개월 되는데 한 한달 전에 담당 뷱큐레이터 한테 학습도 상담받고 싶다고 말하니 전곡 담당 웅진씽크빅 선생님께 제 연락처를 드리겠다고 했어요근데 연락이 없어 엊그제 한번 더 북큐레이터 한테 연락이 안왔다고 말하니 뭐 전곡 연천쪽에 공부방 오픈 준비한다고 바쁜거 같다라고 이야기 하더라고요 그리고 한번 더 말해주겠다 했는데 오늘까지 문자고 전화고 아무런 연락이 없네요 개월이면 너무 어려서 학습이 불가능해서 연락이 안오는 걸까요??하고 계시는 분들 알려주세요], 부정 텍스트 확률 : 98.73%"
"[ 구몬연산 하다가 웅진 씽크빅으로 갈아 타려고 해요?어떤가요 웅진 씽크빅 연산?], 부정 텍스트 확률 : 63.55%"
"[ 북클럽 아님패드수업 선생님없이도가능한가요?한글수학영어 관심있는데 어떤지 궁금해요금액도 아심 알려주세요], 부정 텍스트 확률 : 71.19%"
"[ 웅진씽크빅을 일년째지면으로해왓는데요이번에 명한도로 패드무상지원. 이벤트를한다네요? 그래서 월원의 패드값을 안내도 패드를 새걸로주는], 부정 텍스트 확률 : 85.25%"
"[ 웅진 씽크빅 담달부터 할려고 하는데..한다고 하ㅐㅆ더니 선결제라고 잔화로 카드번호를 이야기 하라는데어제 첨본 영사인데 제 카드번호 그렇게 전화로 이야기 하는게 찜찜해서요 ㅜㅠ원래 다들 이렇게 하시나요?눈높이 하고 있는데 눈높이 샘은 처음에 기계??? 핸드폰 그걸로 제 눈앞에서 입력하셨거든요..근데 이건 전화로 카드번호 이야기 하라고 히니 깁자기 하기 싫어지네요 원래 이러나요??], 부정 텍스트 확률 : 99.67%"
"[굴림체안녕하세요. 굴림체가을 햇볕이 기분좋게 내리쬐는 아침입니다. 굴림체저희 공부방이 월 오픈하여 오픈 이벤트를 엽니다.굴림체공부방은 단지 숲속반디채 동 층에 위치해 있습니다.굴림체이달 신규 가입하시는 회원 분께 신세계상품권을 드립니다.굴림체신세계 상품권은 쓸 일 많으시지요 ?굴림체오늘 단지 알뜰장터에서 뵐 수 있으니 방문해 주세요. 굴림체수학 영어 독서논술 전문 공부방 웅진 씽크빅굴림체전문적인 학습관리 굴림체좋은 컨텐츠 굴림체 굴림체 ...웅진씽크빅 공부방굴림체 굴림체...... ......? 본문 이미지 굴림체], 부정 텍스트 확률 : 75.91%"
"[ 초이에요웅진씽크빅 학습지 상담받았는데 패드수업을 권하네요.솔직히 전 그냥 지면수업이 좋거든요약정년도 너무 싫구요제가 망설이니 다 패드수업한다고..안하는 엄마 없다고 말씀하시네요정말 그런가요?국어수학.바로셈.독해한달수업료가 만원이네요이정도면 그냥 공부방을 보내겠어요.ㅜㅜ그냥 지면수업으로 해도 되겠죠?], 부정 텍스트 확률 : 85.60%"
"[ 방문 학습지 알아보는데웅진씽크빅은 개월 약정이 있네요패드가 포함되서 그렇다고 하는데약정 전에 해지시 위약금이 발생되고좀 불편할듯 한데해보신분 만족도가 궁금합니다], 부정 텍스트 확률 : 69.40%"
"[ 웅진씽크빅 비중이 정도 되는데 조직개편하고 바로 낙폭이커지는데 지금 원 추매들어가도 괜찮은지 망설여져요고점 대 하점평단인데 더낮춰놓고 반등찬스를 잡아볼지 맘이엇갈립니다고수분들 어떠신가요? 웅진 씽크빅 반등여력있을까요? ], 부정 텍스트 확률 : 72.37%"
"[ 스텝투 돼지정리함 ...... ......? 본문 이미지브루더 트럭웅진씽크빅 한글깨치기], 부정 텍스트 확률 : 81.55%"
"[ 한글펼치기총권교원 술술이야기책총 권 번 없음], 부정 텍스트 확률 : 70.26%"
"[ 웅진씽크빅 호기심 깨치기 하는 아가들 있을까요?개월 아드님 시켜볼려하는데 하시는 분들 후기가 궁금해요..], 부정 텍스트 확률 : 80.20%"
"[ 얼마전에 웅진씽크빅 패드관련 질문올리고지면이 났다는분들이 많아서 패드 취소한다고말씀드렸거든요 알겠다고하시고는 선생님께서 어제 방문수업때 말씀하시길 초되면 패드로 수업해야 더나아서 지금길안들여 놓음 안된다면서 그러는데 그게맞나요? 지금세에요...그냥 광고성이겠죠??], 부정 텍스트 확률 : 95.76%"
"[ 월일 매수 월 일매도 웅진씽크빅 . 나왔네요 ㅎ ...... ......? 본문 이미지], 부정 텍스트 확률 : 81.43%"
"[ 튼튼한 기업이라 생각했는데], 부정 텍스트 확률 : 64.68%"
"[ 웅진 한글 하고있는데 쌤이 이것저것 추천을 하시는데 아이도 이제 곧 세되고 독해는 여러모로 도움이 될듯하여 생각중이예요. 선생님이랑은 집중도가 높기도 하고.입학전에 도움많이 될까요? 참고로 책 안좋아하는 아이예요ㅠ], 부정 텍스트 확률 : 93.37%"
"[ 원입니다.거의 안봐서 깨끗합니다.둘다 있고], 부정 텍스트 확률 : 79.53%"
"[ 똘똘이는 도 있습니다.직거래 원합니다....... .......? 본문 이미지....... .......? 본문 이미지....... .......? 본문 이미지....... .......? 본문 이미지], 부정 텍스트 확률 : 81.41%"
"[ 삼정동은 웅진씽크빅미가입지역으로뜬다해서요], 부정 텍스트 확률 : 60.25%"
"[ 눈높이년하다가 그만두고 공부방으로 수학만 보내려고하는데공부방이 웅진씽크빅이더라구요눈높이스쿨수학하다..씽크빅공부방으로 옮기려는데 괜찮은가요?], 부정 텍스트 확률 : 64.38%"
"[ 웅진씽크빅 학습지 하려고 하는데아이패드처럼 패드도 제공되고 교재도 같이 제공되더라구요ㄱㅁ은 몬가 암기형식이나 그런느낌이여서 하다 말았는데웅진ㄷ테스트 받을때 문제형식보니까 형식도 지문을 이해하고 나서야 수학을 풀수도 있어서 괜찮더라구요웅진씽크빅 하시는분 있나요?만족도가 어떤지 궁금해요], 부정 텍스트 확률 : 96.57%"
"[ 만 있습니다. 앞 부분이 인물 설명이고 뒷부분이 역사의 흐름을 시대별로 정리한 책입니다.짝이 맞지 않고 읽지 않아서 원에 팔고자 합니다....... ......? 본문 이미지직거래 선호하며 택배비 지불시 편의점에서 보내드릴 수 있습니다.], 부정 텍스트 확률 : 95.45%"
"[ 웅진씽크빅 학습지생각통통생각깨치기생각통통 단계권], 부정 텍스트 확률 : 65.31%"
"[단계 권유아 학습지예요. 년식은 좀 됐지만 어차피 한번 풀고 버리는 학습지기 때문에 사용하는덴 이상없을거예요부교재는 들어있는것도 있고 없는것도 있어요구매 원하시는분은 네이버챗이나 문자 주세요....... .......? 본문 이미지....... .......? 본문 이미지....... .......? 본문 이미지....... .......? 본문 이미지....... .......? 본문 이미지....... .......? 본문 이미지....... .......? 본문 이미지....... .......? 본문 이미지....... .......? 본문 이미지....... .......? 본문 이미지구몬수학선긋기은 덤으로 드립니다], 부정 텍스트 확률 : 80.92%"
"[ 웅진이 코웨이 인수를 위해 나섰다고 합니다.년 월 재무구조 악화로 지분의 .를 주당 만원씩 파트너스에 매각했는데요그룹의 상징인 코웨이 인수를 위해 자회사인 웅진씽크빅은 취득자금 조달을 위해 유상증자를 결정했다고 공시했습니다...차트를 보니 어느 정도 바닥을 찍고 상승세를 타고 있는듯 한데요.공시와 함께 이대로 쭉올라가 주면 좋겠습니다..종목 추천에 정말 자신 없지만 차트 공부중에 열어 보고 제 관심종목이기도한 웅진씽크빅을 살며시 올려봅니다....... .......? 본문 이미지], 부정 텍스트 확률 : 95.21%"
"[ 웅진씽크빅에서 책을 산적이 있어요근데 그 담당자분깨서 고객과 함께 영화보기 행사가 있다며영화를 보자고 하시는데..이거 뭔가요..?영화 끝나고 책을 파실려고 하거나 아님 다른 의도가 있어서 그런거 같은데.. 제 추측이 맞아요??이거가야 하나요 말아야 하나요....?? ㅋ], 부정 텍스트 확률 : 79.28%"
"[ 안녕하세요동씽크빅교사입니다여름은여름인가봐요.뛰어노는아이들의이마에땀이송글송글맺히고새들의지저귐또한계절을알려주네요.이편한친구들방학계획은잘세웠나요?방학이라고실컷놀기만하면안되겠지요지난학기에부족했던학습을돌아보고다가올학기를미리준비해본다면학습에대한자신감뿐만아니라공부습관도잡을수있답니다.영어파닉스단계초학년영작단계초학년수학초학년별복습.선행한자급급궁금하신사항은씽크빅교사에게문의주세요웅진씽크빅...... ......? 본문 이미지월 본사 이벤트입니다.씽크빅 북클럽 가입시 ], 부정 텍스트 확률 : 51.05%"
"[ 마일리지지급 합니다.좋은 기회네요....... ......? 본문 이미지롯데 카드 자동이체 월 이벤트만원월 사용금액사용하시면 원 매달 회비 할인연회비 원.필요하시면 이용하셔도 좋을 듯 합니다.], 부정 텍스트 확률 : 64.27%"
"[ 웅진 씽크빅 영어 상담받ㅇㅏ봤어요문센 다니고싶지만 둘을 감당할 자신이 없는 뚜벅인지라.. 학습지 쪽으로보는데..웅진은 북패드 이용을 같이하더라구요?북패드 싫긴한데 발음익히기엔.. 저보다는 패드가 나을듯 싶고..진심..진짜 어떻게 해야할지 고민이에요..년약정 뭔가 약정이라니.. 괜히 발묶이는것같은 느낌들고.. 너무 여러경우의수가 있더라구요..일단 상담받은건 북패드수업 영어깨치기 에요북패드는 패드에 도서여권?에 영어컨텐츠 있다고하는데.. 뭐.. 말을들어도 헷갈리구....ㅠㅠ해보신분 계시거나..하고계시는분..조언부탁드려요..ㅠㅠ꼭이요.. 진심고민이에요..ㅠㅠ], 부정 텍스트 확률 : 90.49%"
"[ 한글 때문에 학습지 하려고 생각하다 마트에서 얼떨결에 웅진씽크빅 하게 되었네요. 원래 구몬하려고 했었는데 잘 한 건지 모르겠네요.학습지 해 보신 분 어떤가요?그리고 웅진 학습지하고 북클럽이 다른다고 들은 것 같은데 차이가 뭔가요?참고로 남아 살이고 웅진 학습지는 패드로 진행하는 거예요.], 부정 텍스트 확률 : 95.63%"
"[ 웅진씽크빅 시켜볼까하는데세 비용 얼마일까용?], 부정 텍스트 확률 : 83.50%"
"[ 웅진씽크빅 과목당 얼마일까요?북패드를 하게 되면 당연히 별도 요금이 있겠죠?북패드도 얼마인지 궁금해요살 우리 아이가 북패드를 하고 싶어해서..공부겸 해볼까 하는데 아는게 없네요살 아이한테 북패드를 하게 하는게 넘 빠를까요?], 부정 텍스트 확률 : 97.39%"
"[ 아직 개월 아기를 둔 엄마입니다. 지금하는건 호비와 어린이집 수업이 전부... 내년부터는 뭘 해줘야할까 고민이 드네요. 사교육이나 학습을 너무 이르게 시작하는것을 별로 좋아하진 않아요. 그 시간에 엄마가 책 한권 더 읽어주는게 더 좋을 거라 생각하는 주의인데...친구가 세때부터 웅진씽크빅 한글깨치기를 하는데 가격대비 괜찮을거같다고 하네요. 친구가 한다니 저도 급 관심이 생기는 이 줏대없는 팔랑귀 ㅋㅋ 선배맘님들의 조언을 구해요. 웅진씽크빅 어때요? 튼튼영어도 생각해보고 있는데 그건 어떤가요?], 부정 텍스트 확률 : 86.70%"
"[ 요즘에 주변에서 웅진씽크빅 예기를 많이 하던데요..물론 전 아직 산건 아니긴 한데요..회사 재무상태도 좋고 한데 주가는 계속 썰어지기만 합니다.최근에 살짝 반등이 나오긴 했는데어제 많이 빠졌군요..그래서 뉴스를 보니 전환사채를 발행한다고 합니다.아니 돈도 잘버는 회사가 왜 전환사채를 발행하나.. 보니까대주주인 웅진그룹이 실적이 않좋네요..업친데 덮친격으로 코웨이 인수에 올인한다니.근데 제가 잘 몰라서 그러는데 코웨이가 원래 웅진코웨이 아닌가요??어쨌든 자회사가 상태가 좀 않좋아도 모회사가 좋으면 모회사 믿고 갈수 있겠는데자회사는 좋은데 모회사가 개판이라 자회사에서 버는돈 다 모회사로 들어가는것 같기도 하고그땜에 계속 악재가 나오는것 같기도 하고.여기까진 제 생각이구요튼튼한 회사 충분히 저가로 떨어졌으니 들어가도 괜찮은지 고민입니다.], 부정 텍스트 확률 : 64.11%"
"[원수학 ], 부정 텍스트 확률 : 52.68%"
"[원호기심 ], 부정 텍스트 확률 : 52.68%"
"[엄마랑 복습하면서 알려주는 수업이라는데분으로 수업이 되나요?? 애들 집중 못하고 어영부영 하다가 분 다 지나갈꺼 같은데ㅜㅜ적어도 분분 수업해야 아 수업 쫌 했구나 이럴텐데웅진씽크빅 시키는 맘님들은수업이 맘에 드시나용?? ], 부정 텍스트 확률 : 58.34%"
"[거의 새책이라 자부할 정도로 책상태 괜찮습니다.우리 애가 봤던건데 혹시 저렴하게 필요한 분에게 분양할려고 합니다.연락처는 삼일일팔일 로 연락 주시구요], 부정 텍스트 확률 : 65.95%"
"[ 대구 수성구입니다. 직거래로 가지고 가시기를 바라며], 부정 텍스트 확률 : 51.43%"
"[ 택배는 된다고 하면 보내드리도록 하겠습니다.가격이 터무니 없다면 문자주시면 고려해보겠습니다....... ......? 본문 이미지], 부정 텍스트 확률 : 51.40%"
"[ 얼마전 동생네 놀러 갔다가 웅진 씽크빅 호기심깨치기 하는걸 봤어요제 아이보다 어린데도 잘 따라 하더라구요동탄쪽에도 하시는분 들 많은가요?어디서 상담해야 할까요?정보 공유 부탁드립니다 ], 부정 텍스트 확률 : 58.65%"
"[ 웅진 북클럽 웅진씽크빅차이가무엇인가요?갤아기는 무엇을 해야하는건가요?학습지 웅진이좋을까요? 눈높이가좋을까요?추천도 부탁해요..], 부정 텍스트 확률 : 85.18%"
"[ 웅진씽크빅이랑 웅진 북클럽이랑 차이점이 무언가요?살은 뭐를 시켜줘야 하는건가요?], 부정 텍스트 확률 : 86.69%"
"[ 딸이 수학기초가 많이 딸려서 학습지 해볼까 하는데요.오늘 웅진씽크빅 상담받다 수학 추천하는데 아이 수준에따라맞춤별로 프로그램이 이루어져서 괜찮은 것 같은데 패드수업을 제가 부정적이었어서 망설여져요.혹시 웅진수학 하고 계신 분 계세요?어때요?], 부정 텍스트 확률 : 97.99%"
"[ 안녕하세요세 아들맘이에요한글이 잘 안되어서 웅진 씽크빅 가서 상담받았어요센터에서 가서 교육하는 방법과집으로 선생님이 와서 하는 방법이 있다고하시는데그거야 선택하면 되는거 같은데패드 년 약정해서 하는거와패드 없이 하는거이야기 해주셨는데패드 있는게 나은가요?없이 하는게 나은가요?웅진 센터별로 가격이 다른가요?친구가 미추홀구에 사는데가격이 다른거 같아요], 부정 텍스트 확률 : 99.04%"
"[ 이제 살된 아이 집에서 한글을 가르치려니 잘 안되더라고요친척 중 웅진씽크빅 한글수학 묶어서 같이 했는데 괜찮았다고 해서 지금 시켜볼까 하고 알아보고 있는데. 혹시 어떤가요?첫째는 어린이집에서 한글을 다 읽고 쓰게 해주셔서 걱정안하고 있었는데.둘째는 살부터 유치원에 다니다보니 걱정이네요ㅠ 유치원에서는 첫째 어린이집에서처럼 붙잡고 한글을 알려주는게 아니라서요], 부정 텍스트 확률 : 51.98%"
"[ 웅진씽크빅 전집새책 원하시는책할인합니다연락주세용], 부정 텍스트 확률 : 84.04%"
"[ 웅진씽크빅 차 방문수업 선생님 연락처 아시는분 계실까요?], 부정 텍스트 확률 : 76.71%"
"[ 웅진 씽크빅 너무 많이 떨어졌네요코웨이 인수때문에 재무적으로 부담이 되서 그런지거북이 투자자님들은 앞으로 어떻게 생각하시나요 ?원쯤 되는데 들어가도 될까요?], 부정 텍스트 확률 : 92.38%"
"[ 오늘 베이비페어 갔는데약정도 없고 가격 혜택이 좋아서웅진씽크빅 호기심깨치기를 신청하고왔어요방문수업은 선생님이 엄청 중요하대서요같은 아이파크 사시면 선생님이겹칠것같아 하고 계시는 맘님들만족도가 어느정도인지 궁금하네요], 부정 텍스트 확률 : 90.25%"
"[ 초등인데요웅진씽크빅 수학만하는데요혹시 웅진하시는분?], 부정 텍스트 확률 : 53.49%"
"[ 웅진씽크빅 선생님좀 소개해주세요세남아 여긴 백천동입니다], 부정 텍스트 확률 : 51.04%"
"[ 웅진 씽크빅 학습지 교사 모집합니다.유형에는방문학습지 교사ㅡ주일 근무도 가능센터 중등영어교사.주 일 근무도 가능공부방교사 모집.지역은 고현 계룡초근처상동 고현초 근처장평 성원아파트장평 덕산아내 .차많은 관심부탁드립니다.로 연락부탁드립니다], 부정 텍스트 확률 : 88.46%"
"[ 오늘 오후 시에 웅진씽크빅공부방 이벵이 마감되었습니다.총 명의 웅천맘님들이 참여해주셨습니다♥️당첨자 발표는 운영진과 의논하여 발표할 예정입니다 모두들 기대해 주세요누가 여수 라테라스 리조트 인 숙박권의주인공이 될지???저도 궁금합니다🔜🔜🔜🔜🔜], 부정 텍스트 확률 : 88.73%"
"[ 웅진북클럽 패드는 젤 싼게 월 만원인데 계약금 만원..만포인트 주는데 그걸로 씽크빅 부를수있다는데 웅진북클럽 패드는 개월 계약 기간이 있어서요ㅜㅜ중간에 중단도 안되고 위약금도 만만치 않네요..웅진북클럽에서 포인트로 쌤 부르는건 도서만 가능이고..지금 용산 베페 왔는데 웅진 씽크빅이 있어서 물어보니예를 들어 한글깨치기면 월 만천원.근데 보험료 만원 이하면 년동안 월 만원 할인된데요고로 월 만천원인셈이죠.계약기간도 없구요..], 부정 텍스트 확률 : 99.71%"
"[ 이제 갤 세남자아이에요.그동안 너무 방치한것같아서 눈높이 시켰는데조금 기대만큼 못미쳐서 해지하려고 하고있어요.웅진씽크빅 무료수업받았는데패드로하니 확실히 집중도가 좋아서요.그런데안그래도 패드 붙잡고사는녀석이라..유투브ㅜㅜ이걸로 갈아탈까], 부정 텍스트 확률 : 76.12%"
"[년약정도 걸리고], 부정 텍스트 확률 : 91.20%"
"[대수업인데 와이파이 끊기며 중간에 엄마 부르는 소리도 들렸어요. 분정도 수업후 영상 분정도 보라고 한후 다른아이와 수업하는 영상이보이더라구요. 영상도 자동넘어가지도 않고분정도 후 아이의 이름을 부르더니 잘했어 두번째 수업 와이파이 연결못하고 계속 재부팅시수업인데 분후 아이의 이름을 부르더니 오늘은 먼저영상보고 있으라고 ㅠㅠㅠ 어이없어서 수업 안하겠다고 했음. 무료체험 신청한곳 지국이라고 전화왔어요. 잘하고 있냐고 있었던 얘기 다 드리고 혹시 화상수업이 개인 선생님 집에서 하시는거냐고 역시나 집에서 하시는거더라구요. 말 배우는 살이고 선생님 수업이 제대로 이뤄지지 않았고 경상도 사투리 쓰신다. 다른선생님으러 해달라고...알았다고 하며 저에게 영업을 하시더라구요. 표준어쓰는 분으로 바꿔주고 저 사는 여기 지역 선생님은 최고라나 뭐라나.. 죄송하다며등등꼭 바꿔주시기로 하고 한달체험수업비에 의무입회비만원한달수업료로 두달이벤트 한다고 하더라구요.. 알겠다고 결재 후 세번째수업또 그 선생님 ... ㅠ 와이파이 끊기고 패드 잘 다루지도 못하고 열받아서 안하겠다고 했어요며칠후.일 전화통화 환불 해달라고했어요.무료체험 맘에 안들고 다시 생각해본후 하겠다고선생님 올지국 샘으로 바꿔주신다더니 왜 같은분이 또 연결 됐냐고왜 전달이 안된거냐고 말씀드렸어요.분이상 통화하면서 나중에 하고 싶으면 다시 연락드릴테니 환불해달라고 했어요그게 월중순쯤...며칠전 화요일 올림픽지국이라고 지국장전화 있어던 얘기 간단히 드리고 환불 요청했는데 왜 카드취소 안되는거냐고 강하게 얘기했어요.역시나 그 지국장도 엄청나게 설득 됐으니 내가 필요할때 하겠다... 카드나 취소해라 통화후 일후 만원빼고 계좌송금했네요. 만원이 아까운게 아니라 웅진씽크빅 인지도가 어느정도 있는 회사에서 왜 이따위로아이들 상대로 가르치는 일을 하면서 왜케 추접스럽게 구는걸까요? 정말 어처구니 없네요.지금 아이살이고 웅진씽크빅 나쁘지 않다는말에 조금더 생각해본후 결정하려고 했는데 완전 정떨어져요.학습지가 끊을때 이렇다고 대충 얘기 들었고 구몬할때도 깔끔히 환불 받지 않았는데 여기도 정말 깔끔하지 못하네요.. 만원 사기쳐서 뭐에 쓰려는건지 ㅠ 아이들 학습지 다 정떨어지려고 하네요. ], 부정 텍스트 확률 : 95.00%"
"[ 안녕하세요월 상승률예측 이벤트에 도전합니다.첫 번째], 부정 텍스트 확률 : 71.28%"
"[웅진씽크빅입니다.주요 제품은 주요 제품은 학습지 및 전집이며], 부정 텍스트 확률 : 52.51%"
"[년 태블릿 를 기반으로 디지털 콘텐츠를 결합한 새로운 학습과 도서 서비스를 출시함.년에는분석 기술을 개발하며 업계 최초의 서비스를 선보이는 에듀테크 선도 기업으로 거듭나고 있음.상승할 이유?최근 일봉의 밀착화 가격인 원을 돌파했고 하락하지 않고 정배열로 돌아서면상승 가능성이 있다고 생각됩니다........ .......? 본문 이미지현재가 창의 모습입니다........ .......? 본문 이미지종목분석 및 기업현황입니다........ .......? 본문 이미지], 부정 텍스트 확률 : 60.71%"
"[과학한과목 수업 가능하며], 부정 텍스트 확률 : 65.60%"
"[주회주회 수업 선택 가능문의....... .......? 본문 이미지....... .......? 본문 이미지....... .......? 본문 이미지개인과외교습자신고 제호], 부정 텍스트 확률 : 87.56%"
"[ 어찌써야하는지 아시는 분 자세히 부탁드려요.탭에 접속하는건지 어디 홈피 드가서 사용하는건지..전혀 몰라요.], 부정 텍스트 확률 : 97.30%"
"[ 이번에 호반서밋 ㅇㅣ사 오게된 세남아 년생 엄마입니다옷정리하다가 못쓸옷은 헌옷으로 팔고 괜찮은 옷들은 드림해요..남자아이다보니 옷 상태가 급은 아니니 예민맘은 패스해주세요ㅜㅜ...... ......? 본문 이미지...... ......? 본문 이미지...... ......? 본문 이미지...... ......? 본문 이미지...... ......? 본문 이미지여기까지는 사이즈구요...... ......? 본문 이미지...... ......? 본문 이미지...... ......? 본문 이미지...... ......? 본문 이미지...... ......? 본문 이미지...... ......? 본문 이미지여기까진 사이즈라고 보심되여...... ......? 본문 이미지한복은 다른걸 구매해서..까지는 무난히 맞으실거예요...... ......? 본문 이미지...... ......? 본문 이미지...... ......? 본문 이미지...... ......? 본문 이미지웅진학습지 수학], 부정 텍스트 확률 : 96.03%"
"[ 예비초등이여요선생님이 수학을 권하세요그런데 초학년 수학 필요한가요쌍둥이여서 가격도그렇고지금은 국어], 부정 텍스트 확률 : 69.32%"
"[ 바로셈만 시키거든요수학시키시는분 어떤가요], 부정 텍스트 확률 : 86.48%"
"[ 웅진씽크빅하면서 패드있고요 아이는 살 이고요 누리패키지 신청하면 누리패키지금액 선생님 수업 여부가 수업료가 궁금해서요 누리패키지외 다른고목은 하고있고요또 영어는 종류가 있던데 어떤게 좋은가요? 화상으로하는영어 아님 그냥 패드로 하는게 있더라고요], 부정 텍스트 확률 : 65.59%"
"[ 내년에 배곧으로 이사 계획이 있는데요지금 우리 아이들이 웅진 씽크빅으로 학습지를 하고 있거든요 선생님이 너무 애정을 담아 잘 가르쳐 주셔서 이사가기 싫을정도예요그런데 배곧으로 이사가도 웅진 씽크빅으로 할려고 하는데 이동네 학습지 선생님이 어떠신지 궁금해서요학습지 하고 계신분들 만족하시는 분 계시면 알려주세요참고로 초등학교 중학교 가까운 쪽으로 이사 하려고요], 부정 텍스트 확률 : 66.58%"
"[ 한라비발디 웅진씽크빅 선생님 어떤가요???], 부정 텍스트 확률 : 86.30%"
"[ 오늘 통장 내역 확인하던차에 웅진씽크빅 회비로 만원이 자동이체 되어있어서요.월교육비는 이미 다 이체된 상황이구요.혹시 회비가 원래 있었나요?상담센타 전화하기전에 혹시 몰라 아시는분 있나 여쭤보아요.], 부정 텍스트 확률 : 79.24%"
"[ ....... .......? 본문 이미지....... .......? 본문 이미지박스만 구김있고 거의 새 상품입니다만원에 판매합니다], 부정 텍스트 확률 : 77.88%"
"[ 아이가 내년 중학생이라 하고 있던 학습지 끊고 웅진에서 년 약정한 북패드도 반납하려했더니 반납 안되고 여만원이 넘는 위약금을 내야 한다네요ㅠ 수업이 북패드로 하는게 세과목이나 있는데다 월에 고장나서 년넘게 쓰던걸 바꿀수밖에 없었거든요 수업받으려면 어쩔수없이 필요해서ㅠ 근데 년약정이라 남은 기간 위약을 내거나 ], 부정 텍스트 확률 : 99.24%"
"[아님 한과목 정도를 계속 해서 남은 년 개월 채우라고ㅜㅡㅠ 이럴땐 어떻게해야하죠? 수업이 북패드로 하는거라 어쩔수없이 북패드를 바꾼건데ㅡ기존 북패드가 수리가 안될정도로 고장 났었어요ㅠㅡ너무 억울하네요ㅠ 위약금 다 물어야되니ㅠ], 부정 텍스트 확률 : 99.35%"
"[ 혹시 개운동 웅진씽크빅 학습지하시는분들 어떤지 말씀해주실수 있나요? 너무 고민되네요], 부정 텍스트 확률 : 70.17%"
"[ 개월 남자아이에요.어린이집도 다니고있구요. 집에오믄 맨날 유투브로 자동차 나오는 영상만보고 차에 집착하네요.요리하고 둘째때문에 집에서는 거의 티비만 틀어주게 되더라구요. 그래서 베페갔다가 웅진씽크빅을 계약하고 왔어요.일주일에 한번 오셔서 분정도 아이랑 놀아주고 가시는건데..잘한건지 고민이 되어서요.어린이집 교제처럼 스티커 붙치는거하고.. 그런다는데굳이 어린이집 다니는데 할 필요가 있나 싶다가도 잘 놀아주지 못하는 엄마라서 이거라도 해줄까싶기도하고..하는게 나을까요?아님 어린이집 다니니깐 굳이 할 필요 없을까요?], 부정 텍스트 확률 : 98.69%"
"[ 웅진 씽크빅 수업방식이 궁금합니다눈높이 같은 경우 가져오는 책자하나하나 다 공부해주시고 수업끝나고 엄마에게 오늘은 이런수업을 했어요라고 다 얘기해주신다는데웅진은 책자하나하나 다 해주시는건지. 아님 앞에만 조금해주고 나머지는 엄마몫인건지 혹시 웅진씽크빅 하시는 분 계시면 좀 알려주세요 ], 부정 텍스트 확률 : 90.60%"
"[ 지난달 킨텍스에서 열리는 베페갔다가 웅진씽크빅 선생님이 아이랑 과일원목장난감 가지고 놀아주는걸 보고는 덜컥 계약해서 오늘이 첫 수업이었어요근데 아이가 집중이... ㅜㅠ개월 막 접어든 아이라 ..교제를 봤는데 너무 어렵다고 해야되나요?인사하기 수세기 등 여러가지 학습이 가능한 학습지 가져오셔서스티커 붙이고 책 읽고 가면놀이 하고 ㅎ 애는 집에 있는 장난감 가져오기 바쁘고 결국 선생님이 제게 일임하고 가셨다는 ㅋㅋㅋ전 교구 가져와 노는건줄알았는데 전혀 아닌거같아요이거 계속 해도 괜찮은지 모르겠어요 월 ], 부정 텍스트 확률 : 99.18%"
"[ 세이고 짧은 글을 가뿐히 읽어요. 타학습지 테스트 해보니 한글이 아니라 국어를 해야한다고 하더라고요. 만약 웅진씽크빅 한다면 무슨 단계를 해야할까요? 상담전 이리저리 검색해볼수록 모르겠네요.... 세 맘님들중 씽크빅 국어 어느 단계 시키시나요?], 부정 텍스트 확률 : 91.87%"
"[정말 창피하지만 유상청약이 뭔지도 잘모르는상태에서 웅진씽크빅을 가지고 있다가 유상청약하라는 연락을 받고 그냥..뒀는데 오늘까지하라고 다시 문자가 왔더라구요], 부정 텍스트 확률 : 63.43%"
"[지금 현재 주 정도 가지고 있는데 이걸 안하면 어떻게 되나요? 안해도 불이익이 있는거는 아니죠?], 부정 텍스트 확률 : 71.56%"
"[ 새책수준 입니다.워낙 좋은 책이라 알아서들 구매하시더라구요.빨리 연락주시고 데려가세요...... ......? 본문 이미지진짜 싸게드립니다....... ......? 본문 이미지...... ......? 본문 이미지], 부정 텍스트 확률 : 81.06%"
"[ 세아이웅진씽크빅학습지하고싶은데좋은선생님아시는분?], 부정 텍스트 확률 : 58.93%"
"[ 웅진씽크빅한글하고있어요올초부터 한글학습지하는데 스티커붙이고 따라읽는거만해요. 그래서 선생님께 한글쓰는걸로 해달라고했더니 일단 눈으로 익혀야한다고하네요.저는 한글 쓰면서 배우는게 빠를꺼같다는생각이들어요.웅진씽크빅한글학습지계속해야할까요?다른학습지로 바꿀까요?도대체 한글쓰는건 언제쯤 학습지할지답답해죽겠어요.수원맘님 지혜좀나눠주세요], 부정 텍스트 확률 : 55.43%"
"[ 안녕하세요. 웅진씽크빅 북클럽 포인트로 책구입해 드립니다. 저렴하게 새책을 반값으로구매해드리니 필요하신분 연락주세요....... ......? 본문 이미지이보다...... ......? 본문 이미지...... ......? 본문 이미지...... ......? 본문 이미지], 부정 텍스트 확률 : 83.64%"
"[ 웅진코웨이 유찰과 큰 관련이 있나요아무리 계열사라고 하더라도웅진코웨이는 양봉인데 씽크빅만 개박살 나네요혹시 이유를 알 수 있을까요? ㅠㅠ], 부정 텍스트 확률 : 50.53%"
"[ 저희집 큰애가 내년에 세올라가는데요.유치원 데신 어린이집에 세까지 보낼예정입니다.그렇다보니 유치원 나온애들보다한글과 수에대하 뒤쳐질까봐 시키려는데], 부정 텍스트 확률 : 70.31%"
"[ 웅진씽크빅하고있는데요웅진북클럽패드얘기듣고선생님께여쭈어보니.], 부정 텍스트 확률 : 64.79%"
"[ 웅진씽크빅패드장단점아시는분가르쳐주세욤세딸아이가심심해해서용], 부정 텍스트 확률 : 56.92%"
"[ 안녕하세요 이제 곧 개월 아들둔 엄마에요아직 어린이집은 안 다니고잇어서 지금 아이챌린지랑 얼마전에 웅진씽크빅 방문상담을 받앗는데요혹 두개중 해보신 분들은 어느걸 더 추천하시나요??], 부정 텍스트 확률 : 68.63%"
"[ 초 여아 웅진씽크빅 한자하다 하기 싫다하니 선생님이 한자 빼고 독해로 하자 하셔서 지난달부터 수업해요한자빼고 독해를 넣었는데 수업료는 기존과 동일하게 자동이체 됩니다한자는 매주 한권씩 가져오셨었고 독해는 한달에 한권 가지고 매주 몇장씩 선생님이랑 같이 하네요혹시 한자수업료랑 독해 수업료랑 각각 금액이 얼만지 아시는분 계실까요.그리고 독해수업은 원래 한달에 한권 가지고 수업하는게 맞는지도 궁금합니다.], 부정 텍스트 확률 : 91.91%"
"[ ........ ........? 본문 이미지........ ........? 본문 이미지초등용 웅진씽크빅 과학탐험 권출판된지 좀 된거같아요택포 만원 구파발역 직거래하시면 오천원], 부정 텍스트 확률 : 74.05%"
"[롯데몰앞 웅진씽크빅 센터에서수업하시는분 계신가요?수업분위기 여쭤봐요], 부정 텍스트 확률 : 65.50%"
"[ 세 남아 웅진씽크빅 알아보다가 저희 집 쪽은 방문선생님이 없어서 패드 가능하다고 하네요..무약정으로 한달해보라고 해서 하기로 했는데 가입비 만원 추가하고 무약정은 또 이천원 추가라고 하네요..잘하는 걸까요?], 부정 텍스트 확률 : 63.48%"
"[ 그때는 이렇게 좋은 책인지 몰랐는데전부다 원서 구성인데다가], 부정 텍스트 확률 : 86.31%"
"[아직 못구했네요 ㅠ혹시 웅진씽크빅 영어책 ], 부정 텍스트 확률 : 78.44%"
"[ 금요일에 신청했는데 월요일에 해지신청하면 바로 해줄까요?해지신청하기 어렵단글 많이 봐서 걱정되네요ㅠ뭐에 홀린건지 과목에 패드까지ㅠ 금액이 만원 넘어가서 과목만 하겠다고 했는데 뭐 어쩌고 하더니 결국 과목 신청하게 됐고], 부정 텍스트 확률 : 73.31%"
"[ 패드를 대여해서 쓰는데 너무 느리고 안좋아요ㅠ내가 갖고 있는 삼성패드에 웅진씽크빅 자료를 받을수도 있나요?], 부정 텍스트 확률 : 82.24%"
"[ 안녕하세요?웅진 씽크빅 동 쌤입니다.우리 아파트 친구들의 입학과졸업을 진심으로 축하합니다씽크빅 초등공부방은 비용은 낮추고소수정예로 수준높은 과목별 수업으로 진행되니문의 해주시면 상담드리겠습니다.씽크빅 초등대표과목 수학이수학으로 개인별 맞춤 문제와즉각적 피드백으로 새롭게 바뀌었습니다.월엔자녀의 수학능력성취도 검사를무료로 실시해 드립니다........ .......? 본문 이미지....... .......? 본문 이미지한글을 빨리 깨치고 싶은 친구들은웅진 씽크빅 한글깨치기로신나게 공부해요....... .......? 본문 이미지....... .......? 본문 이미지씽크빅 교사], 부정 텍스트 확률 : 99.34%"
"[ 안녕하세요?단지내 거주중인 웅진 씽크빅 교사입니다.유아.초등 회원 대상으로 학습 능력 무료 진단 검사 이벤트가있어 글 올립니다.현재 저희 씽크빅회원들은 진도에 맞게 착착 내공을 쌓고 있습니다.회원 어머님들께서 씽크빅 공부방을 절실하게 원하셔서내년 월경 공부방 수업을 진행하려고합니다.아이들마다 학업 수준이 다르기 때문에상향 평준화를 위해 지금은 씽크빅 수업을과외처럼 쉽고 편하게 이해 할 수 있도록대 방문 수업을 진행하고 있답니다.공부방 수업시에는학년별 수준별로소수그룹을 진행할 예정이라개념은 확실히 익히고 서술형 문제도 쉽게풀 수 있으며 친구끼리 선의의 경쟁도할 수있을 것입니다.모집인원은 현 세명 현 학년 명 현 학년 명 현 학년 명 현 학년 명 현 학년 명입니다웅진 씽크빅 무료 학습 검사 쿠폰을 올려 놓았으니 부담없이 학습 진단 받아보세요........ .......? 본문 이미지현 학년 학기 씽크빅 국어 중에서....... .......? 본문 이미지....... .......? 본문 이미지....... .......? 본문 이미지현 초씽크빅 서술형 문제 중에서....... .......? 본문 이미지....... .......? 본문 이미지....... .......? 본문 이미지....... .......? 본문 이미지....... .......? 본문 이미지깊어 가는 가을 은여울 공원에서아이들과 좋은 추억 많이 쌓으세요], 부정 텍스트 확률 : 76.83%"
"[ 웅진 씽크빅 한글 깨치기 하시는 분? 패드 이용해서 하던데 아이들이 재밌어 하던가용?가격이 대략 어느정도 하나요?], 부정 텍스트 확률 : 84.42%"
"[ 살인데요상담받을때 패드잘써서ᆢ해주려는데패드약정기간이 좀걸리구요패드계속보여주려니 그것도 맘이걸려서요한글말고창의? 그게 더 나으련지하시는분 있으시나요지면이 나은지 정보공유부탁드려요], 부정 텍스트 확률 : 79.27%"
"[ 웅진씽크빅. .], 부정 텍스트 확률 : 78.52%"
"[ 이번달부터 웅진씽크빅 방문수업 시작하는데요선생님 오시면 엄마는 옆에 있어야돼요아님 자리 비켜야돼요?과일이나 쥬스같은 다과 준비해둬야 할까요?십분 이십분 정도 수업한다는데 드실 시간이 있을까 싶기도 하고그렇다고 아무것도 안 드리기도 좀 그렇고..ㅡㅡ이래저래 눈치없고 소심한 엄마는 또 걱정 투성이네요ㅎㅎ참고로 갤 아들입니당ㅎ방문 수업 하고 계시는분들분위기 어떤지 팁 좀 주세요], 부정 텍스트 확률 : 99.17%"
"[ 웅진하다가 이제안해서 책이 거의 새상태인것들이많은데 필요한책구매하실분계신가요? ], 부정 텍스트 확률 : 84.94%"
"[ 지금 개월 살 여자아이예요어린이집을 다니고있긴한데 개월 동생이 있어 제가 종일 놀아주질 못하니 제가 동생챙기거나 아빠 밥 준비할때면 제폰으로 유트브를 보거나 티비로 키키묘묘나 뽀로로를 봐요잘놀아주는 날은 안볼때도 있지만 이틀에 한번 정도는 길게는 몇시간 볼때도 있구요그런것보단 차라리 교육적인 패드로 학습을 보는게 낫겠다싶어 웅진씽크빅 상담받았는데들을땐 솔깃했는데 고민이되긴해요너무 학습지 느낌이라 아이가 나중에 지루해하면 어쩌나 싶기도하고 패드에 중독되면 어쩌나 싶기도하구요주위 다른 선배맘들은 학습지 아직 시키지마라고하시고 모르겠어요ㅜㅜ상담했더니 호기심깨치기보단 한글로 바로 들어가자고 하시던데 첫아이라 모든게 어설퍼요ㅜㅜ도와주세요ㅜ], 부정 텍스트 확률 : 99.41%"
"[ 웅진씽크빅하시는 분있나요?어떤가요?], 부정 텍스트 확률 : 76.30%"
"[ 한자 ], 부정 텍스트 확률 : 54.14%"
"[ 영어], 부정 텍스트 확률 : 54.14%"
"[ 바로독해], 부정 텍스트 확률 : 57.61%"
"[ 목동센터 웅진 선생님 어떠신가요? 남동탄쪽도 센터 있나요? 선생님들 어떠신지 궁금하고한글하려는데 만족하시는지도 궁금해요], 부정 텍스트 확률 : 67.21%"
"[ 웅진 쿠키쿠 영어 그림책 입니다....... ......? 본문 이미지책이 낙서나 찢어진 곳이 일부 있어서싸게 팔아요세이펜도 충전이 잘 안됩니다. 충전기 연결해서 쓰는게 좋을것같아요.그래도 내용이 좋아요. 영어 시작할때 좋아요...... ......? 본문 이미지], 부정 텍스트 확률 : 53.76%"
"[ 웅진 씽크빅 초등 학년국어랑 수학 두 과목 하면 얼마인가요?패드도 함께 하고 싶은데아시는 분 가격 정보 좀 알려주세요 ], 부정 텍스트 확률 : 50.65%"
"[ 웅진씽크빅 패드약정인데요그냥약정만유지하고 기본?으로제일저렴한게 얼마에요], 부정 텍스트 확률 : 84.03%"
"[ 혹시 웅진씽크빅 하시는분 계신가요 계시면 댓글이나 쪽지부탁드려요ㅜㅜ], 부정 텍스트 확률 : 65.95%"
"[ 수학을 너무하고싶은 살딸래미], 부정 텍스트 확률 : 95.39%"
"[ 집에서 하긴하는데선생님 붙여서 하고싶어서요웅진 씽크빅 쌤 소개시켜주실분상담도 받아보고싶거든요], 부정 텍스트 확률 : 60.82%"
"[ 지금 웅진씽크빅 하고있고매주 회 선생님 오고 계시는데선생님 안오시게 할수있나요?당분간은 그냥 아이랑 둘이서 해보려고 하거든요], 부정 텍스트 확률 : 95.40%"
"[ 웅진씽크빅 패드로 한글깨치기플러스를신청하고 수업한번햇는데 혹시 취소하믄위약금잇을까요?], 부정 텍스트 확률 : 82.62%"
"[ ...... ......? 본문 이미지...... ......? 본문 이미지...... ......? 본문 이미지...... ......? 본문 이미지...... ......? 본문 이미지돋움돋움돋움돋움웅진씽크빅 놀이의 발견 어린이북아트 원데이클래스 수업입니다. 돋움멀지 않은 처인구에서 초등학교 학년], 부정 텍스트 확률 : 79.75%"
"[본문으로 이동 ........... ..?......... 본문 이미지 어린이 원데이클래스 모집 어린이북... 고흐의 방 입체북 또는 집 팝업 중 선택 봄꽃 이야기 별북....... ], 부정 텍스트 확률 : 88.09%"
"[본문으로 이동 돋움돋움돋움돋움돋움돋움돋움돋움수원화성 원데이클래스 빌딩팝업북 놀이의발견 웅진씽크빅 용인수지공방 광교상현공방 이윤정의북아트돋움돋움돋움돋움돋움돋움돋움바탕체돋움돋움돋움돋움돋움바탕체북아트북바인딩 전문 공방주문 제작 수업 특강 문의돋움돋움돋움바탕체 .. .. 바탕체.카카오톡 이윤정의북아트], 부정 텍스트 확률 : 74.00%"
"[ 웅진씽크빅 해볼까하는데 선생님 소개 좀 시켜주세요], 부정 텍스트 확률 : 67.81%"
"[ 웅진씽크빅.북클럽에 패드가 있는데 그건 어떻게 하는지 궁금합니다.아시는분이나 하고 있는 분계시면 정보공유합니다..학습지도 같이하고 책도 볼수 있다고 들었거든요], 부정 텍스트 확률 : 78.65%"
"[ ..... ..?... 본문 이미지..... ..?... 본문 이미지..... ..?... 본문 이미지..... ..?... 본문 이미지..... ..?... 본문 이미지..... ..?... 본문 이미지..... ..?... 본문 이미지..... ..?... 본문 이미지..... ..?... 본문 이미지..... ..?... 본문 이미지....], 부정 텍스트 확률 : 99.55%"
"[원..], 부정 텍스트 확률 : 64.11%"
"[ 웅진씽크빅 원리가보이는과학단계], 부정 텍스트 확률 : 78.33%"
"[ 단계택포..], 부정 텍스트 확률 : 64.11%"
"[상태중고 무료배송 즉시송금...], 부정 텍스트 확률 : 77.15%"
"[웅진씽크빅 원리가보이는 과학 단계 권번책 권분실], 부정 텍스트 확률 : 78.33%"
"[단계 권 전권 총 권입니다. 단계가 나뉘어 있어 오래 학습하기 좋으며 알기 쉽게 설명된 과학도서예요.세 추천합니다.기둥에 미세한 빛바램 외에는 새책처럼 깨끗해요.택포가 오사사실사 참고해 주세요..돋움], 부정 텍스트 확률 : 81.95%"
"[ 해당 상품은 ], 부정 텍스트 확률 : 51.98%"
"[입니다.. 카톡이나 다른 링크안전거래사칭], 부정 텍스트 확률 : 75.15%"
"[ 블로그를 통해 거래를 요구할 경우 거래를 피해주세요..... 빠르고 안전한 중고나라 앱으로 해당 상품 구매하러가기.... ..? ..... ..?... 본문 이미지], 부정 텍스트 확률 : 69.60%"
"[ 혹시 웅진씽크빅 하시는분 계실까요?수업 받다보니 궁금한게 생겨서요수업비랑 패드에 관련해서요], 부정 텍스트 확률 : 77.54%"
"[ 웅진씽크빅 상담을 받았는데 국영수 한달에 ], 부정 텍스트 확률 : 60.47%"
"[ 원인게 있다던데요...세아이고 이거 내용이 혹시 어떤건지 아시는분 계실까요??방문학습인건지], 부정 텍스트 확률 : 96.19%"
"[ 약정은 있는건지 대략적인 내용이 궁금해서요...], 부정 텍스트 확률 : 68.45%"
"[ 혹시나ㅡ웅진씽크빅ㅡ동화차ㅡ담당하시는분ㅡ연락처좀알려주세요], 부정 텍스트 확률 : 94.83%"
"[ 안녕하세요 세 아이 한글 학습지 시켜보려는데], 부정 텍스트 확률 : 60.36%"
"[웅진 씽크빅은 어떤가요?간성 삼익 씽크빅 선생님], 부정 텍스트 확률 : 67.45%"
"[ ....... .......? 본문 이미지], 부정 텍스트 확률 : 54.14%"
"[ 아이가 홈플에서 문화센터 하구있어요세], 부정 텍스트 확률 : 86.44%"
"[ 예비초이요장 보는 쪽에 항상 학습지 체험하는 곳들이 있네요ㅜㅜ가다보면 샘들이 애들을 꼭 유혹?해서 패드 체험을하는데요ㅜㅜ오늘은 웅진씽크빅이 있더라구요패드는 제가 윙크를 하고 있어서 별로인 것 같다니예비초 국어만이라도 해주라며 계속 블라블라...교재보니 괜찮아 보이긴 하는데 국어], 부정 텍스트 확률 : 59.63%"
"[숙제 밀릴 것 같기도 하고요], 부정 텍스트 확률 : 68.19%"
"[ .샘이 와서 분남짓 봐주시면 효과가 있으려나 싶기도 하다가 왜 이런 학습지는 약간 경계?하게 되는지 모르겠어요ㅎㅎ둘째는 시키면 한글 깨치기 하면 괜찮을 것 같은데웅진 싱크빅 하시는 분들 어떠신가요?], 부정 텍스트 확률 : 69.99%"
"[ 구몬하다가선생님 바뀌고그리고 종이로만 계속하니 숙제하는거에 너무 스트레스받아해서 그만뒀는데웅진 씽크빅하며 스마트기기랑 연동해서 하는거 어떤가해서요.학습지는 진짜 쌤빨?인거 같긴한데..씽크빅하시는 맘들 어때요? ], 부정 텍스트 확률 : 95.78%"
"[ 저 다름이 아니라요..신랑이 카드를 썼는데 웅진씽크빅에서 썼더라구요웅진씽크빅이면 아동 도서 아니면 학습지 아닐까 생각되는데요 ..집으로 가져온건 없구저 몰래 조카사준거 같은데 뭔지 알수 있을까요? 금액은 ], 부정 텍스트 확률 : 84.66%"
"[ 원 이던데..뭘까요?카드명세서 봤다고 하기도 난감하구 ㅠㅠ혹시 성인들을 위한것도 웅진씽크빅에 있나요?답답하고 궁금하네용 ㅡㅠㅠ], 부정 텍스트 확률 : 95.90%"
"[ 어떤가요?와출했다 홍보물 주시면서 아가 발달검사랑 해준다더라구요.원랜 그런 홍보 있음 홍보물만 받고 따로 연락처 남긴적 없는데.. 오늘은 얼결에 연락처. 주소 남겼는데..월욜에 방문 하신다는데.. 괜한짓 한건가 싶공.ㅋㅋㅋ만개월 아가인데요. 웅진씽크빅 발달검사 받아보신분 어떤가요?상품 강요하시거나 하시진 않겠죠?], 부정 텍스트 확률 : 87.05%"
"[ 웅진씽크빅 학습지요 처음가입할때 가입비있나요?호기심한글이랑 호기심수학 탭 이렇게하는데 가입비 있는건지요?], 부정 텍스트 확률 : 98.02%"
"[ 넷마블의 웅진코웨이 인수전 참여로 상한가간것 같은데 몇일 더 지켜봐도 되겠죠?], 부정 텍스트 확률 : 62.00%"
"[ 웅진씽크빅 수업듣고있는데요 패드도 같이해주고싶은데 약정걸어야만 할수있나요?], 부정 텍스트 확률 : 90.79%"
"[동생왈 웅진북클럽은 갤에 만원 탭주고 무한대 동영상 책 컨텐츠에 다사용가능한데 웅진씽크빅은 한], 부정 텍스트 확률 : 65.37%"
"[ 수하는데 한달 만원에 탭넣어서북클럽하니까북클럽 컨텐츠가 제약이 많대요. 돈내고결제해야는식... 그러면 북클럽하고 씽크빅 넣으면되지않느냐니까 영사가 서로달라서 안된다던데.. 혹시둘다하시는분있나요?일단 북클럽 씽크빅다관심있어서 영사를오시라고해서 할건대.. 어디를불러야되요? 왕궁금합니다요..], 부정 텍스트 확률 : 94.34%"
"[ 세 여아 웅진 씽크빅 한글깨치기 패드로수업 진행하려고 하는데요개월 약정하고 바우처 할인해서 원한글만 했을때도 패드로 책 볼수 있나요?약정 신청하면서 주의사항이나꼭 제시할게 있는지 정보 공유해주세요], 부정 텍스트 확률 : 91.05%"
"[일요일에만 게시 가능합니다. 유의해 주세요 ], 부정 텍스트 확률 : 72.39%"
"[ 웅진씽크빅하려는데 가능동하시는분계신가요궁금해요], 부정 텍스트 확률 : 62.89%"
"[ 개월 웅진씽크빅 태블릿 이용해보려는데갠찬을까요? 도움되나요?], 부정 텍스트 확률 : 86.18%"
"[ 웅진씽크빅 호기심깨치기 선생님이 한달전에 바뀌었는데요ㅜㅜ저희아이는 터치 안거나 안아들면 싫어한다고 미리 말씀드리고 첫수업 자꾸 뭐잘하면 아이한테 하이파이브를 열심히 시키시더니덕분에 책은잘못보고 계속하이파이브 두번째주엔 잘했다고 아이한테 박수치라고 자기가 자기한테 이날도 수업보단 박수로끝난듯? 머리코 입 등 가르치는수업에 끝나고 어머님 터치하지마라하셔서 안했습니다? 그정도는ㅜㅜ 해도되는데 그럼 하이파이브는 ? 수업도 영 건성으로 시키시더니서 나가실때 나는팀장이라 고정수업이 힘들어서 다른선생님 붙여주겠다 ? 속으로 올레안그래도 고민했었는데? 그런데 셋째주와서 다른샘사정으로 안된다고 자기가 수업하겠다하심ㅜㅜ 그냥 맘비우고 받았는데 어제는 담주 휴가라 수업주분하시면서 교재반 반 ?해주시고? 활동교재개는 저보고 하라주시고 한주분만 딱하고 시간딱맞춰 가시더라구요수업질도 스티커작업위주로 하시고? 정말 선생님이 중요하다는걸 경험하는 순간이었어요싼값에 교재도 좋아서 했는데 웅진씽크빅 다신 보기싫어지는군요더운데 스트레스만ㅜㅜ 저같은맘 또있나요? 저만 이런건가요ㅜㅜ], 부정 텍스트 확률 : 99.33%"
"[ 웅진 씽크빅 쿠키쿠 음원구해요저장해놓은게지워져버렸어요 ㅜㅜ], 부정 텍스트 확률 : 93.63%"
"[ 전에 작전홈플 갔는데 웅진씽크빅 있었거든용 혹시 전화번호 받으신분있을까요? ], 부정 텍스트 확률 : 92.30%"
"[ 웅진씽크빅 성남수정지국...결론부터 말하자면 너무 엉망입니다.이삿짐센터와 다를게 하나도없네요대기업인 웅진이름만 걸고], 부정 텍스트 확률 : 99.87%"
"[고객상담센터도 없고 도대체 선생님 관리체계가 있기나 한지 정말 궁금하네요.웅진씽크빅 홈페이지에는 상담신청란은 있어도 불만접수 한줄 쓸수있는 페이지가 없네요이러니까 선생님들이 배째라로 나오겠죠제 아이는 살이고 웅진씽크빅 시작한지 개월 됐습니다.처음에는 괜찮은가 싶더니], 부정 텍스트 확률 : 81.01%"
"[미혼 여교사가 아이를 대하는 태도], 부정 텍스트 확률 : 74.68%"
"[잦은지각이 조금 마음에 들지 않았지만이동하다보면 분은 늦을수도있는거고 좀더 지켜보자는 마음으로 기다렸습니다. 아이와 호흡이 잘 맞기를..하루는 선생님이 목소라가 아예 안나오는채로 오셔서 이 정도시면 다음 번으로 수업을 미뤄도 좋다고 말씀드렸고 괜찮다고 수업진행하시더라구요.그날 귓속말하듯 수업하셨습니다. 아이가 잘 안들려요라고 했더니 그럼 선풍기를 끄고올래?.........수업끝나고 제게도 귓속말 하는 듯한 목소리크기로 어머님 가끔 이렇게 작은목소리로 수업해야겠는데요. 가 집중을 더 잘하네요 제게 양해정도는 구하셔야 하는것 아닌가요? 그래도 넘어갔습니다. 사람이 아프다니까 걱정하면서 마음속으로는 다음 수업정도까지는 참아야겠다고 생각했습니다.근데 월부터는 허리와 목디스크가 있다며 직업병을 호소하시더라구요.월첫째주는 휴가로 수업이 진행되지않았고 지난주 수업때 있었던 일입니다.아이가 수업이 있는날이면 되도록 이면 칼퇴하고 시간맞춰 집에 오려고 노력하고 그날도 수업시간에 맞춰 퇴근후 아이는 식탁에서 수업진행하고 저는 소파에서 대기하고있었습니다], 부정 텍스트 확률 : 98.51%"
"[ 그날은 목에 디스크 치료하고 보호대를 차고왔는데], 부정 텍스트 확률 : 68.90%"
"[제가 제 돈내고 선생님이 살 아이에게 저런 말을 할수있는 사람이라는 걸 가르쳤네요..너무 화가났습니다.선생님이랑은 말도섞기싫었고지국의 팀장에게 전화해서 자초지종 설명 후 더 이상의 수업은 진행하지않겠다고 말했고], 부정 텍스트 확률 : 83.98%"
"[환불요청했습니다.아시다시피 학습지는 해지를 원한다면 전달일날 이야기해야한다는 건 알고있었습니다.지국의 팀장에게 오늘부터 선생님 안오셔도 된다. 명백히 실수하셨으니 환불해 달라고했지만제게 전화한번없이 기존수업날인 오늘 아무도 없는 집에 와서는 전화를 하셨네요. 그리고는 선생님과 문자싸움이 시작되었습니다........ .......? 본문 이미지....... .......? 본문 이미지....... .......? 본문 이미지....... .......? 본문 이미지본사가 얼마나 우습고 시스템이 안되있으면본인잘못에대해 저렇게당당히 말할수있을까싶네요그리고 본인수업의 질에 불만족스러운 엄마에게만약 저라면 교재만보내드리겠다.월꺼까지는 제 월급에 문제가 있으니 결재해야한다고 박박우기지는 못할것같아요그리고 팀장이라는분도 상담이라는 핑계로 제전화를 안받으시더니 전화회신달라는 문자에결국전화안하셨습니다...나몰라라..쇼핑센터 안에서 열심히영업할땐언제고..카드파는 아줌마들이랑 다를게없잖아요웅진 씽크빅.선생님들..하루먹고살기힘드신가봐요.수업도 안하고 교재만 받고 결재하라는 당당함은 어디서 나오는걸까요절대 자기손해나는장사는 하고싶지않은가봐요.이렇게까지 한달치 교재수업료가 중요한걸보면.웅진본사도 문제입니다.이름에 걸맞게 선생님관리 시스템관리좀하세요.자동이체걸어서 무조건 돈빼갈생각만하지마시고..소비자보호원], 부정 텍스트 확률 : 99.78%"
"[지인 변호사의 도움을 받아처리할예정입니다. 시간낭비일수도있고 몇푼안되는 돈이지만돈이중요한게아니라선생님라는 사람들이 해지할땐 어떻게 감정적으로 나오는지도 경험했고. 본사는 지국에떠넘기고 지국은 본사방침이고 약관이라고 떠넘기니 방법이 없잖아요. 다들조심하셔서 신중히 학습지 선택하시기바랍니다.], 부정 텍스트 확률 : 98.82%"
"[ 웅진씽크빅 패드 계약 하면서 받은 포인트가 있는데], 부정 텍스트 확률 : 59.69%"
"[ 책으로 구입도 가능하더라구요북클럽에서 책 구매해보신분 계신가요?], 부정 텍스트 확률 : 70.86%"
"[ 다른지역처럼 웅진씽크빅 학습센터가당진에도학습센터가 있다고 들었는데아무리 찾아도 안나오는데혹시 학습센터 아시는 분 계신가요?학습지 사무실 말구요], 부정 텍스트 확률 : 56.39%"
"[ 웅진씽크빅영어는 어떤가요?지금 선생님 안 오시고 혼자 패드로 수학하고 있는데 너무 하기 싫어해서약정때매 년은 더 해야해서.], 부정 텍스트 확률 : 92.02%"
"[ 웅진씽크빅 초등학년 국어], 부정 텍스트 확률 : 54.14%"
"[ 수학], 부정 텍스트 확률 : 54.14%"
"[ 통합교과 선생님 오는시거 말고 학습지만 받아서 풀고 싶은데 이런게 있나요?? 있다면 얼마인지 알시는분??], 부정 텍스트 확률 : 53.70%"
"[ 식품], 부정 텍스트 확률 : 54.14%"
"[코웨이등과 극동건설], 부정 텍스트 확률 : 51.07%"
"[가끔 이런 부류의회사를 겪게 됩니다. 이런걸 잘 피해야지 선수가 되는 것이겠지요.기존 보유분들 주의하시기 바라며], 부정 텍스트 확률 : 74.66%"
"[ 신규매수진입은 안정적으로될 때까지 자제하시기 바랍니다.이런부류의 기업에 거북이분들 피해보지 않으시길 바랍니다.], 부정 텍스트 확률 : 75.33%"
"[ 웅진 씽크빅 한지는 몇개월 되는데요...처음에 독서과목 할때 패드 수업 같이 했다가 패드 활용이 잘 안되서 독서 빼고 현재 지면으로만 한글 수학 연산 이렇게 과목 하고있어요. 그런데 이번에 선생님 바뀌면서 아이가 패드 수업이 더 맞겠다면서 한글과 수학을 패드로 하자고 권유 하시더라구요 ...지금 세과목 에 하고 있는데 만오천원 더 추가되는 비용이구요..우리는 예전에 패드 활용이 잘 안됐다고 말씀드리니 활용 잘 되게 본인이 이끌어 가시겠다고 얘기 하시구요. 물론 과목이지만 학습지에만 만원 부담스럽다고 생각하는데패드 수업이 더 나을까요??? 고민이네요 ...], 부정 텍스트 확률 : 79.07%"
"[ 살 큰애 말문다트이고 궁금한거 투성에 얼집갔다오면 심심해하는거 같아서 시켜줄려고 하는데웅진 씽크빅 어떤가요?], 부정 텍스트 확률 : 84.97%"
"[ 웅진 씽크빅 작년에 시작해서 개월정도 했는데ᆢ이사 하면서 쌤도 맘에 안들고 그만두려하는데ᆢ당시 탭 때문에 개월 약정으로 했는데 지금 그만두면 위약금 얼마나 될까요???], 부정 텍스트 확률 : 77.89%"
"[ ........ ........? 본문 이미지........ ........? 본문 이미지초등용 웅진씽크빅 과학탐험 권출판된지 좀 됐어요택포 천], 부정 텍스트 확률 : 84.56%"
"[ 하늘채 옆에 웅진씽크빅 지국있자나요거기사무실 연락처 아시는분계실까요???], 부정 텍스트 확률 : 86.12%"
"[ 호기심 깨치기 하고 있는데 애초에 설명들을때 한달만 하고 끊을수 있다고 해서 시작을 하게 되었어요 그리고는 막상 끊을려고 하니 수업 시작 첫주에 말하지 않아서 교재가 나와 끊을수가 없다고 하네요 그리고 선생님이 너무 대충하셔서 선생님 교체를 끊임 없이 말했는데 그것도 해줄수가 없다고 해요 강제로 한달싫은 선생님과 부딪히며 하라는 식인데 이런경우 어떻게 해야할까요??], 부정 텍스트 확률 : 92.34%"
"[ 타수업을하고 있는데 웅진 씽크빅으로 갈아타고 싶은데 선생님이나 교재가 괜찮은가요?초], 부정 텍스트 확률 : 79.37%"
"[세 두명 하려고하는데요], 부정 텍스트 확률 : 76.00%"
"[ 개월 공주인데], 부정 텍스트 확률 : 68.94%"
"[ 동 방문하시는 웅진 씽크빅 선생님 연락처 아시는분 계실까요? 상담받고 수업 진행하려고 하는데 지국이 연락이 잘 안되네요 ], 부정 텍스트 확률 : 83.89%"
"[ 선생님 방문없이 수학 한글 두개해서한달에오만원 정도면 갠찬은가요?샘방문하시면천원인데아들이 선생님을 너무 거부해서ㅜㅜ선생님방문없이 교재만받는거 추천좀해주세요], 부정 텍스트 확률 : 92.55%"
"[ 웅진씽크빅 롯더카드발급받으려는데요혹시카드발급하면혜택주시는 분있나요?일단 제 명의로된 롯데카드있구요신랑명의로는없어요], 부정 텍스트 확률 : 84.14%"
"[ 내년에 살여자아가에요슬슬 학습지와 패드할까하는데....둘다상담은받았거든요..둘다서로 자기네께 다들좋다하죠그래서결정을더 못하겠네요ㅜㅠ머때문인지 모르겠지만 가격도 차이가나구요....둘다누리과정이고 패드인데....년약정이고..선생님붙이는거까지 조건을똑같이햇는데 웅진씽크빅같은경우..달달이 만원이고...빨간펜은 원에 선생님비용만원추가해서만천원이네요만천원차이가나는데... 년이라고치면 그래도가격이 꾀차이나는데학습지를해본적이 없으니 알수가없어요ㅠ해본맘님분들중 어떤면에서 가격이이렇게 차이가나는건가요?조건은다똑같은건데.. 알려주세요ㅜㅜ], 부정 텍스트 확률 : 99.67%"
"[ 웅진씽크빅 영어책읽기입니다], 부정 텍스트 확률 : 64.46%"
"[ 단계와 단계세트까지있어요각각 가이드북 있고 활동하는부분 안한 상태입니다단계 세트는 가이드북이 없네요....... .......? 본문 이미지....... .......? 본문 이미지....... .......? 본문 이미지....... .......? 본문 이미지단계 글밥은 ....... .......? 본문 이미지단계 글밥은 ....... .......? 본문 이미지단어장 몇개 있어요....... .......? 본문 이미지전체다하심 택포 만에 드립니다한상자는 만입니다한세트에 권씩 세트 권되겠습니다총 권입니다펜은 없습니다], 부정 텍스트 확률 : 75.05%"
"[ 세 여아 한글학습지 하려고 합니다미사에 오시는 웅진 선생님 어떠신가요?웅진씽크빅 전화번호도 아시는분 부탁드려요], 부정 텍스트 확률 : 62.48%"
"[ 혹시 웅진씽크빅 한글깨치기 선생님 아시는분있으신가요?], 부정 텍스트 확률 : 79.55%"
"[ 웅진 씽크빅 한글깨치기 플러스가 출시 되었네여.호기심한글깨치기지면원 패드개월약정원 선생님. 원.호기심한글깨치기플러스년월경 출시 지면원패드개월약정원 선생님. 원왜 말씀을 안해주셨을까요....궁금증 의문점이 풀렸네요..하.... 번을하고 저한테 한글깨치기라고 흠...기분이 상당히 별로네요... 웅진씽크빅...모두 가격이 왜이리 높냐고들하셔서 ㅠㅠ저도 의문이여서 검색결과한글이랑수학두개하면 원이라고 정말 궁금했던 의문점이 풀렸어요...한글깨치기 원지면 패드원추가 수학 원건강보험료 해당금액적용되면 바우처가능라면 만원할인원 원ㅡ바우처만원 원 입니다 혹시나 웅진씽크빅학습지 가격 궁금하신분 이글 보시길 바랍니다.], 부정 텍스트 확률 : 94.68%"
"[ 혹시 웅진씽크빅 하시는분 계신가요?], 부정 텍스트 확률 : 73.20%"
"[ ..... ..?... 본문 이미지..... ..?... 본문 이미지....], 부정 텍스트 확률 : 92.97%"
"[원..], 부정 텍스트 확률 : 64.11%"
"[ 웅진 씽크빅학년 학습지..], 부정 텍스트 확률 : 58.59%"
"[상태미개봉 배송비있음...], 부정 텍스트 확률 : 51.47%"
"[빠르고 안전한 앱 거래는 어떠세요?..? 중고나라 앱으로 해당 상품보기], 부정 텍스트 확률 : 71.30%"
"[ 양평웅진씽크빅어떤지궁금해서여쭤봐요?], 부정 텍스트 확률 : 53.49%"
"[ 어머니개정수학 어떻게 준비하고 계세요??개정수학 웅진 씽크빅 안에 다 있다코딩교육까지 전부다??....... .......? 본문 이미지내년부터 소프트웨어 교육이 의무화되어 코딩교육 꼭 배워야 하는거 아시죠??따로 비용을 부담해서 아이들에게 학습을 시켜야 하나하는 고민웅진씽크빅 북클럽 수학에서 몽땅 해결해 드립니다....... .......? 본문 이미지쉿 월에 크리스마스가 있죠??크리스마스 선물도 준비해 볼까 합니다....... .......? 본문 이미지많은 문의 부탁드려요], 부정 텍스트 확률 : 94.95%"
"[ 한글자가히.......................권.원받침.문장.........권만원으로 문자주세요권당 .원입니다.택배비 포함입니다...... ......? 본문 이미지], 부정 텍스트 확률 : 80.15%"
"[ 초 이구요.지금 웅진 씽크빅하고 있는데 패드로 바꿀까하는데 어떨까요?글고 영어 웅진 씽크빅으로 패드 하시는분 계신가요?어떤지 문의 드려봐요.도요새랑 비교하면 장.단점이요?답글 부탁드려요], 부정 텍스트 확률 : 83.42%"
"[ 웅진씽크빅 호기심깨치기와 수학깨치기 이제 시작하려하는데요..호기심깨치기와 수학깨치기 한요일아닌 일주일에 번 올수있게 나눌수있나요?방문선생님오시는게.. 번오셨으면하는데요 개인적으로 한번에 두과목일괄로 하는게 싫어서요 혹시 가능한지요...? 예를들어 호기심 화요일 수학깨치기 목요일 이렇게요이렇게 하시는분 계실까요?], 부정 텍스트 확률 : 85.95%"
"[ 내년이면 살되는 아들이 있어요한글깨치기랑 한자를 시키고 싶은데 웅진씽크빅 어떤가요???혹시 지금 하고 계시거나 시켰던분들 만족하셨나요??], 부정 텍스트 확률 : 87.77%"
"[ 살여아인데 웅진씽크빅 학습지 상담받고싶은데 소개시켜주실분계실까요??], 부정 텍스트 확률 : 86.16%"
"[ 저희아이들이지면학습지로웅진씽크빅한지년정도되었어요.그런데선생님이자꾸웅진북클럽으로바꿔라.바꾸면혜택두다양하다라고하는데...해보신분들어떠셨나요?꼭이걸해야지독후활동도자기가봐주면서잘한다고하고한번들어서아니라고했으면더이상말씀안하셨으면하는데...지금도전화와서똑같은말하시고웅진학습지이러면안하고싶네요ㅜㅜ웅진북클럽해보신분들어떤지이야기듣고싶어요], 부정 텍스트 확률 : 76.75%"
"[ 지금 웅진씽크빅에서 한글 수학 하고있는데 각각 만원정도 하고 매주 선생님 오시고계세요 약정은 아니구요패드로하는거는 일부러 신청안하고 지면으로 하는데 패드로하면 북클럽거 책도 볼수있더라구요이번에 웅진북클럽 지나치다보니 한글영어수학을 만원대에 할수있고 책이 온다던데 바꿔볼까싶은데 해보신분들 어떠세요? 이것도 지면이랑 패드 선택 가능한가요?], 부정 텍스트 확률 : 99.67%"
"[ 잠깐보니 올라다 떨어지다 또 움직이네요무슨 호재가 있을까요?], 부정 텍스트 확률 : 91.69%"
"[ 웅진 씽크빅 쿠키쿠 펜 판매합니당상태 양호합니당테스트 완룡가격₩], 부정 텍스트 확률 : 80.31%"
"[...?내일도 웅진씽크빅 입점이벤트 탄 댓글달리기 있으니 기대해주세용♡굿밤되세요], 부정 텍스트 확률 : 53.78%"
"[ 어제 무료체험 받았구요방문샘이 아닌 팀장님되는 사람이와서 수업했어요보통 이런식으로 하나요?패드랑 한글수 제안받았구요패드로 해서 그런지 애가 흥ㅁㅣ를 보여서 해주고픈데 한글 수 둘다 패드로만 수업 진행되나요??], 부정 텍스트 확률 : 86.55%"
"[ 콜핑 옷가게 윗층웅진씽크빅쎈터 전번 아시는분요], 부정 텍스트 확률 : 54.98%"
"[ ....... .......? 본문 이미지웅진씽크빅 거래량이 많고 외인 기관사고 개인팔고 뉴스도 개미꼬시기에는 괜찮고 궁금해집니다... .. 갭메꾸러 가야 하지 않을까 싶은데 저만의 생각인지 모르지만요], 부정 텍스트 확률 : 77.83%"
"[ 놀이발견제휴하면 좋은점이 있을까요?비용이 들진않나요], 부정 텍스트 확률 : 70.23%"
"[ 선배님들 조언좀부탁드리겠습니다시에 미팅잡아놨거든요], 부정 텍스트 확률 : 77.55%"
"[ 요즘 아이가 계속 유튜브만 보려고해서요..좀 앉아서 집중력있는 장난감을 사줘야하나 뭘해주면 좋을까 해서요.. 그러던와중에 웅진씽크빅? 빨간펜? 등등 많더라구요사실 제가 잘 몰라서 하고 계신 어머님들께 여쭤봐요아들이구요 개월이예요 책도오고 테블릿도오고 등등 뭐 많이온다고 하는데 어떤게 나은지 추천좀 해주세요], 부정 텍스트 확률 : 74.95%"
"[ 웅진씽크빅 학습지요 개월약정개월아이 선생님 수업신청한글깨치기 원ㅍㅐ드값 원수학깨치기 원한달에 만원바우처적용되면 원 인데요.중요한 요점은 패드값 원 별도 맞나요?], 부정 텍스트 확률 : 66.59%"
"[ 이제 세이고], 부정 텍스트 확률 : 86.77%"
"[아이파크 차 삽니다.신기한 한글나라], 부정 텍스트 확률 : 73.27%"
"[ 인터넷 검색해바도 안나오는데 교하 중심상가에 웅진씽크빅 센터 있나여??센터에 방문에서 공부방처럼 운영하는곳이요], 부정 텍스트 확률 : 70.03%"
"[ 웅진씽크빅아기유치원 수업듣는 아기있나요?어떤지 궁금하네요호비처럼 교구가온다던데 애기들이좋아할까요?], 부정 텍스트 확률 : 69.01%"
"[ 웅진씽크빅 해남지국 연락처아시는분], 부정 텍스트 확률 : 71.31%"
"[ 웅진씽크빅 년약정했는데요중간에 안 하게 되면은 위약금이 있나요있으면 얼마나 될까요?선생님께 문의하니까 무조건 손해라 고만 하시고 상세히 말씀을 안 해 주시네요ㅡ저 희 애 한테는 도움이 안되는 것 같아서 안 하려고 하는데....], 부정 텍스트 확률 : 99.29%"
"[ 의정부동에 살구요. 세아이인데 언어가 또래보다 느린편이라서 학습지시켜보려구요. 언어발달에 도움도 될거같구해서요. 웅진씽크빅시키고싶은데 직접 전화해서 상담하면 되나요 아님 추천해주시는 선생님한테 연락드려야되나요 이동네는 정해진 선생님이 오시는건가요 ], 부정 텍스트 확률 : 77.87%"
"[ 웅진씽크빅공부방 보내고 있는데패드로 수업하고 집에서 연동 되게 숙제도 내준다고해서 패드를 신청해볼까하는데...애가 공부하다말고 게임이나 다른거 쓸까봐걱정인데 게임 같은거 차단하는 방법은 없나요글고 패드집은 어디서 구매할수 있나여], 부정 텍스트 확률 : 78.57%"
"[ 지금 웅진씽크빅 국어수학을 하고 있는데..이제 초등학년 들어가다보니..초등대비 할수있는걸 찾게되어서 아이스크림홈런 체험오늘 부터 하고있어요.고민인게..아이스크림홈런은 학교수업연계가되어서 예습복습 에 좋긴하나 아직 학년이라서 그런지 수준이 기초더라구요...웅진국어수학을 끊고 아이스크림홈런만할지.웅진국어수학 계속 하면서 아이스크림홈런도 같이할지어떻게 해야할까요?..첫아이라 어떻게 하는게 옳을지 고민되네요.. ], 부정 텍스트 확률 : 92.92%"
"[ 가입비 첫달만 ], 부정 텍스트 확률 : 94.11%"
"[ 갤 여아인데요 .혹시 웅진씽크빅 들어오나요? 선생님 번호아시면 부탁드려요], 부정 텍스트 확률 : 71.87%"
"[ 저희아이가 이번달부터 웅진 씽크빅 하는데요 교과수학이랑셈수학인가? 두과목하는데 선물이 넘 짜서요ㅋㅋ샤프식 지우개랑 무슨 문구하나 더 받았는데 넘 약소한거 아닌가요ㅎㅎㅎㅎ다들 어떤거 받으셨어요?], 부정 텍스트 확률 : 97.40%"
"[ 웅진씽크빅 영어책읽기 전자펜 구해요.연락부탁드려요.], 부정 텍스트 확률 : 70.68%"
"[ 웅진씽크빅 불만접수를 하고싶은데해보셨거나 아시는분계시나요?홈페이지엔 없더라구요ㅜㅜ], 부정 텍스트 확률 : 65.40%"
"[ . 웅진 씽크빅 국어단계 총권ㅡ택포만천원], 부정 텍스트 확률 : 88.30%"
"[ 호.웅진 씽크빅 국어단계 총 권ㅡ택포만 천원], 부정 텍스트 확률 : 92.90%"
"[ 아기가 구내염으로 고생해서 현병원에 삼일에 한번씩 출석 도장찍고 있는데 입구에서 웅진씽크빅 사람들 너무 부담스러워요...저는 그런거 받으면 어차피 버리게 되어서 그사람들한테 괜히 미안하니깐 애초에 안받는데...오늘 이사람굳이굳이 준다고 해서 받았더니 이젠 제 번호를 달라고 하네요.....싫다고 했는데 끝까지 따라와서 절 빈정상하게 했어요....싫다면 좀 적당히 좀 해줬으면 좋겠어요 서로 얼굴 붉히지 말고ㅠ], 부정 텍스트 확률 : 95.44%"
"[ 웅진씽크빅 한글좋다고해서알아보려는 중인데선생님이 중요하다고해서요주공푸르미에 아이 웅진하시는분계시면 정보좀 부탁드려요], 부정 텍스트 확률 : 54.90%"
"[ 초등학생용 이야기책도움책자 권포함 권빠진책이 몇권있음만원 구파발직거래합니다....... .......? 본문 이미지], 부정 텍스트 확률 : 91.47%"
"[ 씽크빅하는데 오래사용해서 인지 오늘 완전이 고장났네요갤럭시탭 로 알고있습니다당장 수업도해야하는데.안쓰는 탭 있으면 연락주세요참.. 무지한 질문요.웅진 전용탭이 있는건지아무탭을 써도 되는건지 질문드려요고객센터 문의하니 전용탭으로 써야하고학생 고유번호 인식되어다른 학생이 쓰던건 사용불가라네요.에효], 부정 텍스트 확률 : 98.88%"
"[ 북패드년 하다 만기되어서패드수업은 안하고 웅진씽크빅수학으로만하게 됐어요.초이요.근데 상담하다보니 자연스럽게수학연산바로셈같이 신청하셔서원인가? 나가더라구요.전 기적의수학으로 연산은 엄마표로해주곤 있었는데다른거 신경쓸것도 많아서수학은 이 선생님께 맡겨버리자 싶어서그리고 원짜리 하나할때보단오래 와서 봐주실테니맡기자 싶은거였는데막상그문제지 풀려보니기적의계산법이 더 나은거같아요ㅜㅜ어차피 제가 매일 봐주는건같고..다른분들은 웅진학습지북패드 말고수학할때 다 바로셈 같이 하시나요?엄마가 그것도 채점 하시나요?], 부정 텍스트 확률 : 99.89%"
"[ 초등 학년], 부정 텍스트 확률 : 54.14%"
"[ 학년 둘이 웅진 씽크빅 패키지로해서 패드로 공부를 시킬려고 하는대 시켜 보신 분 어떠세요?선생님 오지 않고 제가 패드로 공부를 시킬려고 하거든요잘 할지 걱정이 되어서요.], 부정 텍스트 확률 : 58.45%"
"[ 단지 웅진씽크빅 선생님 전화번호알고계신분 있을까요? 무료체험 한번하고싶어요..], 부정 텍스트 확률 : 51.61%"
"[ 저희아이 학년인데 연산 부족해서 시키고 싶은데 구몬말고 웅진씽크빅 연산 위주로 할 수 있을까요?웅진 수학 어떤지 궁금해요], 부정 텍스트 확률 : 83.08%"
"[ 년 개월 정도 남았어요.일괄 만원에 하실분요.패드 포함 ], 부정 텍스트 확률 : 65.24%"
"[ 둘 중 뭐가 더 좋을까요?일단 두 군데 다 체험 수업은 신청해놓은 상태이긴한데..괜히 수업듣고 안한다하기 좀 그럴 것 같아 한 군데만 그냥 정하려구요. 웅진은 패드 수업이 득이 될 수도 실이 될수도 있을 것 같긴해요. 그래서 맘은 대교 쪽으로 기우네요.ㅜㅜ], 부정 텍스트 확률 : 97.49%"
"[ 웅진 쿠키쿠 년치 교재 입니다....... ......? 본문 이미지...... ......? 본문 이미지...... ......? 본문 이미지...... ......? 본문 이미지...... ......? 본문 이미지...... ......? 본문 이미지한 달 교재는 본책], 부정 텍스트 확률 : 67.92%"
"[워크북], 부정 텍스트 확률 : 59.70%"
"[오디오], 부정 텍스트 확률 : 54.14%"
"[ 살아이 웅진씽크빅 한글수학하는대요 한달에만원가까인데 분씩개니 분이고 가끔상담하거나수업빨리끝날수잇다하는데지금두달짼대 항상수업분 상담.분이면끝나요아이가 선생님 너무기다리고 돈도 작은돈도 아닌데..그만둘까요??ㅠ], 부정 텍스트 확률 : 97.44%"
"[ ..... ..?... 본문 이미지....], 부정 텍스트 확률 : 87.69%"
"[원..], 부정 텍스트 확률 : 64.11%"
"[ 웅진씽크빅 학년 학습지..], 부정 텍스트 확률 : 58.59%"
"[상태미개봉 무료배송...], 부정 텍스트 확률 : 77.15%"
"[빠르고 안전한 앱 거래는 어떠세요?..? 중고나라 앱으로 해당 상품보기], 부정 텍스트 확률 : 71.30%"
"[ 오늘 코웨이 매각 이슈에 호로록 올린 웅진씽크빅입니당.이슈에 잠깐 튄건지...하락추세라인 맞고 주르륵 밀렸다고 봐야하는건지...슨상님께서는 어찌 보시나용??저 하락추세 깨고 올라가길 바래야 것죠??전체 거래량만 봐도 많은 증가를 보이는데언능 올라갔으면 좋겠습니다. 허허허...... ......? 본문 이미지], 부정 텍스트 확률 : 66.07%"
"[ 세여아 한글시키려고 하는데 학습지는 선생님마다 평이 다 다른거 같아서요.혹시 롯데캐슬이나 주공쪽에 웅진씽크빅 시키시면 선생님 추천부탁드려요그리고 혹시 웅진씽크빅 영어도 괜찮은가요?? 한글교재는 평이 다 좋은듯한데 영어에 대한건 찾기가 어렵네요.댓글 부탁드려요], 부정 텍스트 확률 : 92.83%"
"[ 대표번호는 전화를 계속안받네요ㅜㅜ웅진씽크빅학습지 선생님 연락처 아시는분계실까요?], 부정 텍스트 확률 : 53.47%"
"[ 세 웅진씽크빅 하고있어요. 두번째인대.한과목하는대 분씩...하네요 ?원래 과목당 분 맞죠 ?엄마랑 하라고 두장인가만 놔두고 다른건 다 푸는대 너무 빨리 끝나네요.. 혹시 공책주고 그날 배운거 단어 쓰는것도 해주나요지면수업이요.], 부정 텍스트 확률 : 98.80%"
"[ 혹시 웅진씽크빅 삼계쪽 팀장님 전화번호 아시는분 계신가요? 쪽지 좀 주세요], 부정 텍스트 확률 : 76.76%"
"[ 웅진씽크빅 국어단계총권 택포만천원], 부정 텍스트 확률 : 54.14%"
"[ 호....... .......? 본문 이미지], 부정 텍스트 확률 : 54.14%"
"[ 안녕하세요?저희애는 만갤인데요홈플갔다가 갑작스럽게 웅진씽크빅을 신청하게 되었어요개월수에 맞는게 한글 수학이더라구요할인된다고 하도 강력히붙잡으시고 저도 뭔가 선생님 수업을 하고싶긴해서 신청했는데요그때는 분씩수업이라더니 선생님 전화통화하니 분이라는거에요ㅡㅡ말이다른것도 기분이나쁘지만 분은 넘 짧지않나요?이미결제되서 한달만해보려하는데 지금하시는 맘들 어떻게 느끼시는지 궁금해요아주 애기때도 분했는데 뭘할수나 있을까싶구요], 부정 텍스트 확률 : 95.31%"
"[ 세아이 웅진씽크빅 한글], 부정 텍스트 확률 : 50.76%"
"[ 조언좀해주세요....], 부정 텍스트 확률 : 65.86%"
"[ 웅진씽크빅용원점전번 아시는분알려주세요], 부정 텍스트 확률 : 73.77%"
"[ 웅진씽크빅이나웅진북클럽과 교원빨강펜], 부정 텍스트 확률 : 75.71%"
"[ 안녕하세요. 한글수업으로 웅진씽크빅 지난주에 상담받고], 부정 텍스트 확률 : 61.69%"
"[컨텐츠가 괜찮은거 같아 시작하려고 하는데 고민이 엄청되네요.. 수업금액이 아래와같은데], 부정 텍스트 확률 : 56.19%"
"[년약정 원년약정주회 방문샘 수업 원비약정주회 방문샘 수업 원?아이가 당장은 재밌어하나 과연 그 흥미가 년이 유지될까 하는 의문도 들고요..계약파기시], 부정 텍스트 확률 : 56.21%"
"[위약금도 만만치 않더라고요.. 혹시 하고있으신분들 어떤지 알수 있을까요???], 부정 텍스트 확률 : 72.68%"
"[ 이번에 세 웅진씽크빅하기로 했는데 혹시 공부책상 선생님이 주시나요? ], 부정 텍스트 확률 : 75.08%"
"[ ..... ..?... 본문 이미지..... ..?... 본문 이미지..... ..?... 본문 이미지..... ..?... 본문 이미지..... ..?... 본문 이미지....], 부정 텍스트 확률 : 97.54%"
"[원..], 부정 텍스트 확률 : 64.11%"
"[ 유아동도서웅진씽크빅마술피리그림책 총권..], 부정 텍스트 확률 : 71.98%"
"[상태중고 배송비있음 안전결제 즉시송금...], 부정 텍스트 확률 : 51.47%"
"[웅진씽크빅 마술피리그림책 총권입니다..돋움], 부정 텍스트 확률 : 56.21%"
"[ 해당 상품은 ], 부정 텍스트 확률 : 51.98%"
"[입니다.. 카톡이나 다른 링크안전거래사칭], 부정 텍스트 확률 : 75.15%"
"[ 블로그를 통해 거래를 요구할 경우 거래를 피해주세요..... 빠르고 안전한 중고나라 앱으로 해당 상품 구매하러가기.... ..? ..... ..?... 본문 이미지], 부정 텍스트 확률 : 69.60%"
"[웅진 씽크빅 전화번호소개좀 해주세요], 부정 텍스트 확률 : 58.57%"
"[ 전집 권 중 권 있습니다 거기다 인물사전 권 덤으로 드립니다 택배비 미포함 만원이고 상태 급입니다....... .......? 본문 이미지....... .......? 본문 이미지....... .......? 본문 이미지], 부정 텍스트 확률 : 66.71%"
"[ 웅진을 알아보고 있는데 패드는 약정이 년정도이고 지면은 따로 약정이 없더라구요.전 약정 이런거 없이 하고 싶은데..패드 없이하면 학습 효과가 떨어질까요?패드 사용 글 읽어보니 장점과 단점 다 있던데..어떤가요??경험담 부탁드려요], 부정 텍스트 확률 : 91.12%"
"[ 웅진씽크빅 하시는맘님들 어떤가요? 패드로보면서공부하는걸로 알고있는데 세세 시켜볼까하는데 만족하시나요?], 부정 텍스트 확률 : 65.12%"
"[ 구몬], 부정 텍스트 확률 : 54.14%"
"[ 웅진], 부정 텍스트 확률 : 54.14%"
"[ 재능], 부정 텍스트 확률 : 54.14%"
"[ 눈높이 상담받아봤는데 구몬이랑 웅진이 나은것같드라구요근데 둘중에 선택하기가 너무 힘드네요구몬은 교육들으면 수당이 만원 나온다고 하던데 회에 만원나오나요? 그리구 원데이만 일하는데 월급이 만원이 될까요? 구몬은 출근안하구 인터넷으로 교육들어도된다하셔서 혹하더라구요웅진은 일주일에 오전 교육 두번있고 꼭 출근해야되고 수업은 일주일에 일만 해도 된다하셨는데 이말을 믿어도 될까요? 일하면 또 말이 달라지는거아닌가 걱정되네요 교육할때는 어떤걸 알려주시는지도 궁금해요웅진 구몬 학습지하셨던 분들의 의견을 듣고 싶어요 도움 부탁드립니다], 부정 텍스트 확률 : 98.86%"
"[ 두돌 안됐는데 웅진씽크빅이나 프뢰벨 방문교육 가능할까요?응봉까지 선생님이 오시는지 궁금해용], 부정 텍스트 확률 : 86.68%"
"[ 살딸이 이제야 한글에 관심을 갖기 시작해서 웅진씽크빅을 시키려고하는데요 북패드수업이 나은지 교재 수업이 나은지 약정부분 정보나 가격부분 정보좀 주셔요], 부정 텍스트 확률 : 84.28%"
"[ 간천 웅진씽크빅 학습지 받아보시는분있나용 ? 남자선생님 괜찮나용?], 부정 텍스트 확률 : 57.06%"
"[ 이문동 대림에 오시는 웅진씽크빅 학습지 선생님어떠신가요?사십대후반정도 되시는 여자분이시던데 이문동은 선생님 한분이 하시는건가요? 아시는분 계시면 좀 알려주세요], 부정 텍스트 확률 : 55.14%"
"[ 초등입학전에는 웅진씽크빅이 좋다고해서 수학깨치기 한번 해볼려고 하는데 괜찮나요?간재울초 근처 살고 있는데 선생님이 괜찮은 분인지도 궁금하고요], 부정 텍스트 확률 : 56.95%"
"[ 혹시요 웅진씽크빅 패드로하는 한글깨치기 한달수업료아시는분 계신가요?], 부정 텍스트 확률 : 69.02%"
"[ 웅진씽크빅수업받으시는분들이번달이주인데주수업다받으시나요?선생님께서주수업이라고황당한말씀을하셔가지구요궁금해서요], 부정 텍스트 확률 : 57.36%"
"[ 혹시 웅진씽크빅 호기심깨치기하시는분계시나용주말에 무료로 방문수업햇는데요ㅡ하시는분들 갠찬앗는지궁금하네요.], 부정 텍스트 확률 : 83.78%"
"[ 웅진씽크빅 옥포에 하시는 분 아시면 연락처 부탁드려요.], 부정 텍스트 확률 : 62.73%"
"[ 상담포함 분인가요?전 수업만 분이라고 들었는데 상담포함 분이라고 좀 일찍 끝내셔서요.알고보니 한글수업도 빼먹고 패드만 수업하시고 가셔서요.ㅜㅜㅜ], 부정 텍스트 확률 : 74.91%"
"[ 세아이 학습지 고민하다웅진 씽크빅이 괜찮아보이더라고요궁금한점이 있는데지면으로된 학습지만받아보는경우랑패드같이하는경우로 나누어지나요?가격은 어떻게되는지궁금하네요그리고 패드같이할 경우책도 일부 볼수있다는데활용도가 괜찮을지 궁금합니당], 부정 텍스트 확률 : 80.34%"
"[ 웅진씽크빅 국어 수학 수업 보통 몇분정도로 이루어지나요??씽크빅시키는 어뭉님들 답변좀 주셔요], 부정 텍스트 확률 : 92.64%"
"[ 웅진씽크빅 연락처 아시는분 계세요?], 부정 텍스트 확률 : 73.78%"
"[ 한글시작하려고하는데요 세 남아이고요 웅진씽크빅 패드로 선생님과 한글하는것같던데 한글뗄수 있을까요?어떤가요?그리고 패드안에 책들도 볼수있나요?], 부정 텍스트 확률 : 85.14%"
"[ 살올라왔네요한글 모르는데수와연산도 같이할꺼에요웅진씽크빅한솔둘중어느게 나을까요?패드수없은 안할꺼에요], 부정 텍스트 확률 : 78.47%"
"[ 웅진씽크빅 아기유치원 하고계신분 있으세요?어떤가요?그리고 괜찮은선생님 전번좀 알수있을까요?ㅠ 외동인데 외동에서하시는선생님만 수업받을수있는건가요?], 부정 텍스트 확률 : 72.88%"
"[웅진씽크빅 방문학습 선생님 중대동에도 오시나요?], 부정 텍스트 확률 : 80.18%"
"[ 개월 아이 한글학습지 시작하려는데요 웅진씽크빅 오스카 방문선생님 계신가요?타지역은 학습센터로 가서 수업받기도 한다는데 서산은 있는지요?오스카에서 씽크빅이나 다른 방문학습지 받는분들 어떠신지 궁금합니다. 중이 제머리 못깍는다고 저는 제자식 직접 가르치는건 넘 힘드네요 흑흑 ㅠㅠ], 부정 텍스트 확률 : 69.83%"
"[ 웅진씽크빅 학습지초등저학년 어떤가요?교과서 진도식이라는데하는맘 계심 조언좀 부탁드려용], 부정 텍스트 확률 : 94.33%"
"[ 내년 세되는 남아 엄마입니다.현재 어린이집 외에는 아무것도 안하고있어서 학습지 알아보고 있는데요..웅진씽크빅 호기심깨치기랑 창의수학깨치기 생각하고 있는데 하고시계신분이나 하신분 조언 부탁드려요], 부정 텍스트 확률 : 94.20%"
"[ 길거리지나가다가웅진씽크빅학습지하라고권유받았는데혹시하고계신분정보좀주세여딸래미가개월인데해도좋을까여?], 부정 텍스트 확률 : 73.51%"
"[ 내년 초에 이사갈 예정이고 지금은 검암동 살아요월에 베이비페어 갔다 개월 첫째아이에게 슬슬 교육 좀 시켜보려고 학습지 중에는 그나마 웅진씽크빅이 젤 나아보여서 지난달 부터 시작했어요매주 선생님이 오셔서 수업해주고 학습지 교구가 있어서 좋아보였거든요지금까지 여러 학습지 체험수업을 해봤고 첫째가 좀 산만하고 뛰어놀기를 좋아하는 편이긴 하지만 수업할땐 또래에 비해 집중 잘 한다고 들어서 큰 문제 없을 것 같았죠그런데...헐...선생님이 좀 나이 많은 분이셨는데... 수업 진행을 너무 못하시더라구요저도 근무 특성상 여러 재활치료에 참여하고 또 프로그램도 진행해봤는데 이건 저만의 생각이 아니라 진짜 너무 너무 수업을 못해요.유치원 선샌님인 친언니도 저희집 와서 수업듣고 너무 못해서 놀랬다고 했어요.오죽하면 저희 애가 자꾸 산만한 행동 보이다 하기 싫다고 방에 와서 자겠다고 누워버리더라구요그래도 이번달까지는 해보자 싶어 참고 했는데 세번 다 일관되게... 정말 수업을 못하시더라구요인천서부지점 담당자에게 연락해서 첫 수업하고 컨플레인했는데 경력이 오래된 분이라고 말하길래 그거 믿었는데... 도저히 그 선생님이 수업 방식으로는 교육 효과는 전혀 못 느끼겠다 바꿔달라 요구했구요그쪽에서는 이번주까지만 기존 선생님한테 수업받으라 했고 저는 선생님이 바뀌고 난 후에 보충을 하는 한이 있어도 그 선생님 수업은 듣고싶지 않다 거부했습니다확인하고 연락 주겠다더니 그 인천서부 담당자라는 분은 내일이 수업인데도 연락도 없고 전화통화도 계속 안되다가 제가 따졌더니 문자로 이번주까지는 수업 듣기로 하지 않았나요? 라고 하네요내가 언제 그런 이야기 했냐. 난 그 선생님 수업 못 듣겠다고 여러차례 말했고 당신이 다시 확인하고 연락 주겠다 하지 않았냐 했더니 아 제가 바로 연락 드릴 줄 아셨나봐요? 선생님 다른 분이 맡아주실 수 있는지 알아봐야해서 이번주는 그냥 수업 들으셔야해요. 라네요....진짜 웅진 씽크빅.. 특히 인천 서구 검암쪽이신 분은 정말 비추입니다정리해서 말하자면. 선생님의 비교육적인 방식 아이한테 호기심으로 동기유발하기 보다는 집중을 못하면 컨트롤을 무조건 선생님이 사탕줄게로 하더라구요 매번이요효과적인 교육 전달이 안됨개월 남아인데 커뮤니케이션이 아니라 랩하듯 일방적으로 빠르게 다다다다다 자기 할말만 하고], 부정 텍스트 확률 : 98.72%"
"[촉감놀이 하는 것도 아닌데 종이인 학습지를 가리키며 뽀송뽀송 복슬복슬 토끼 만져볼까?는 좀... 차라리 털이있는 토끼 인형을 가져와서 만져보라고 하던지요.... 일정 조율이 어려움이번에 알고보니 지역에 선생님이 딱 한분이더군요.베페에서는 날짜 시간 언제든 다 원하는 시간에 선생님이 방문해서 아이 관리해준다고 했고 그거 믿고 한거였는데요... 그래도 두셋 정도 있을 줄 알았는데 저희집 올 사람이 그 선생님밖에 없어서 일정 조율이 어려웠고 미리 연락 준다더니 말도 없다가 급기야 번째 수업 당일이 되어서에 시 분에 문자로 오늘 시 반에 수업할게요라더군요.....결국 저도 밖에 나가야해서 수업을 못 했습니다. 지점대표가 선생님 관리를 잘 안됨제가 당사자인 선생님에게 다른 선생님 오시면 좋겠다고 말할 순 없잖아요 그래서 지점 대표인 분께 연락드린건데... 담당 선생님과 바로 연락해서 조치가 안되는 것 같더군요제가 컨플레인 했던 두번 모두 연락 주겠다하더니 실제로는 어떻게 조치되는지 연락도 없었습니다이 세가지 이유가 대표적이구요...사람이 하는 일인데 제 맘에 프로 들 순 없겠죠적어도 충분히 설명을 해주었더라면 제가 이렇게까지 화가 나지 않았을텐데.. 정말 대처도 최악. 노답이예요], 부정 텍스트 확률 : 100.00%"
"[ 초등학교 저학년 책입니다권아주 깨끗한 새책수준입니다...... ......? 본문 이미지...... ......? 본문 이미지...... ......? 본문 이미지...... ......? 본문 이미지원동 대림입니다], 부정 텍스트 확률 : 60.12%"
"[ 아이 세인데요 씽크빅 해볼까하는데 혹시 하시는분 계실까요?], 부정 텍스트 확률 : 63.63%"
"[..예비초등에서 중등까지], 부정 텍스트 확률 : 50.35%"
"[..예비초등수학], 부정 텍스트 확률 : 64.11%"
"[ 국어만원], 부정 텍스트 확률 : 54.14%"
"[..주일 전과목수학], 부정 텍스트 확률 : 85.08%"
"[ 국어], 부정 텍스트 확률 : 54.14%"
"[ 과학만원], 부정 텍스트 확률 : 54.14%"
"[..주일 수학집중수학], 부정 텍스트 확률 : 63.24%"
"[ 연산], 부정 텍스트 확률 : 54.14%"
"[ 서술형만원], 부정 텍스트 확률 : 54.14%"
"[..테마논술전과목수학국어], 부정 텍스트 확률 : 85.08%"
"[ 과학], 부정 텍스트 확률 : 54.14%"
"[ 논술만천원], 부정 텍스트 확률 : 54.14%"
"[..중등내신과정무제한수강천원], 부정 텍스트 확률 : 52.97%"
"[..경남아너스빌 동], 부정 텍스트 확률 : 64.11%"
"[..문의전화또는 쳇 주세요], 부정 텍스트 확률 : 66.58%"
"[......... .......? 본문 이미지....... .......? 본문 이미지....... .......? 본문 이미지], 부정 텍스트 확률 : 54.14%"
"[ 웅진씽크빅 수업 하시는 분들께 궁금한가 여쭤요저희 딸이 웅진 씽크빅 한글 수업을 한지.. 년 정도 되어가요그간 선생님도 여러번 바뀌고 ㅜㅜ 원래 학습지 선생님이 이리 자주 바뀌나요?? ㅜㅜ 선생님 여러분과 수업을 하면서 이런적이 없는데... 뭐가 맞는건지 궁굼해서요. 그전 선생님들께서는 항상 수업을 분 이상은 하시고.. 한달에 수요일이 번이면 번 다 오셨거든요. 그러다 제가 일이 생겨 수업을 혹시 못할 때에는 번인 달에는 그냥 수업 패쓰하시고.. 번일 때는 보충 해주시구요..근데 이번에 바뀐 선생님은 수업을 딱 분만 해주시고], 부정 텍스트 확률 : 98.32%"
"[ 전화왔길래 충동적으로 ? 신청했어요. 아기 이제 개월이라 샘은 오실 필요 없을것 같아 호기심깨치기 교재만 받기로하구요. 전화로 개월 한다고 했고 입금 바로 했구요. 근데 월초에 가입했는데 아직까지 교재가 안오고있어요. 물어보면 알아보고 전화준담서 연락도 없고.. 계약서도 안 받았고..환불할까요?ㅠㅠ], 부정 텍스트 확률 : 95.92%"
"[ 웅진씽크빅 한글깨치기 전세트권이고 전부 새학습지 입니다 가격은 만원입니다], 부정 텍스트 확률 : 77.76%"
"[ 혹시 용이동에 웅진씽크빅 들어오시는 선생님 어떠신가요???용이동으로 이사와서 원래 재능했는데 선생님이랑 좀 안맞아서 학습지 갈아타려고요.웅진 하시는 맘들 샘 어떠신지 연락처좀 알려주세요.그리고 웅진 수학도 괜찮나요??], 부정 텍스트 확률 : 95.77%"
"[웅진씽크빅 센터전화번호아시는분계실까요?ㅜ], 부정 텍스트 확률 : 83.92%"
"[ 여기 체계나 시스템이 너무 마음에 안들고더군다나 선생님이 너무 마음에 안들어서 그만 하고 싶은데매월 첫 달 일 이내 말해야 다음달 그만 둘수 있다고 해요이미 다음달 월달 교재가 나와서 중단 할수가 없대요선생 말 하는 기 싸가지가 없어서요너무 그만 하고 깊은데 이번에도 안된다고 못해준다네요어쩌지요 ?참고로 신당동 웅진씽크빅 선생이구요 서재도 들어가는거 같네요저저번달에 첫 시작부터 선생 마음에 안들어서 둘째달 부터 그만 할려고 말하니 이미 취소 기간 지났다고 안된다고 한과목 만 취소하겠다 그러니 안된다고 그러면서그러면 자기가 한과목 돈 다 내야되는데내가 이일 하면서 돈 몇 품번다고 억울해서 그렇게 못한다고어머님이 반질 물어라 그러는거 저는 사전에 취소에 관하여 설명도 없었고 전 달에 이야기 했는데도 취소가 안된다고 그러고 선물도 신세계상품권 ], 부정 텍스트 확률 : 100.00%"
"[ 원 이였는데 멋대로 내 손해가 크니 어머니한테는 ], 부정 텍스트 확률 : 72.25%"
"[ 원 다 못드리겠다고 이러면서 ], 부정 텍스트 확률 : 96.97%"
"[ 원 달랑 멋대로 주고 가고 그러네요ㅡㅡ 처음인 말도 없이 봉투에 상품권 줘서 당연히 ], 부정 텍스트 확률 : 75.93%"
"[ 원 이더아구요 그래서 제가 먼저 연락해서 물어보니 저 말 하네요ㅡㅡ 어떻게 그만 둘수 있을까요 지금 몇달째 이런식으로 끌고 가네요], 부정 텍스트 확률 : 97.73%"
"[ 알려주세요. 웅진씽크빅 힐글깨치기지면.패드어떤것이 나은가요?], 부정 텍스트 확률 : 67.10%"
"[ 원이라고 하더라구요.혹시하시는분 있으신가요?...사실 분이 수업이라하기엔 좀 어려울듯하죠 당연히...제가 그냥놀아주는게나울듯하긴 합니다ㅋ 시키고있는분들 어떤지 의견 궁금합니다.그냥 책 전집사서 읽어주는게 낫겠지요?], 부정 텍스트 확률 : 90.37%"
"[ 이사 관계로 빨리 오실 분. 두개 같이 하실분 우선으로 할게요. 보고 결정하셔도 됩니다........ .......? 본문 이미지. 키즈엠 도서 권만천원상태좋음....... .......? 본문 이미지....... .......? 본문 이미지. 웅진씽크빅 영어책 권. 포함천원], 부정 텍스트 확률 : 56.70%"
"[ 선생님 오시면 몇분 수업해주시나요?], 부정 텍스트 확률 : 56.31%"
"[ 웅진 다책 말고 웅진 씽크빅 이요. 한글깨치기. 수학꺄치기. 국어. 수학 뭐 요런 학습지류인 웅진씽크빅 쌤 한분만 연락처좀 알려주실수 있을까요뭐좀 여쭤보고 확인하고 싶어서요 ], 부정 텍스트 확률 : 73.71%"
"[ 한자 단계 권], 부정 텍스트 확률 : 54.14%"
"[ 원배송비 무료....... .......? 본문 이미지], 부정 텍스트 확률 : 52.68%"
"[ 해지하려니 가입계약서에 써있는문의번호로는 지국에 연락하라그러고..동천지국이라 써져있는데웅진씽크빅 동천지국 전화번호는 암만 검색해도 안나오고..접수교사분은 지난번에 통화됐을땐집에오겠다그러더니 소식없고전화하면 수업중이니 담에연락준다는 문자가 오네요혹시 다른 방법으로 해지하신분? 방법 아시는분?계실까요???], 부정 텍스트 확률 : 77.09%"
"[ 웅진씽크빅 사용하시는분들 북패드? 지금쓰고 계시는분 있나요? 삼성에서나오는거랑 씽크빅자체에서개발한패드 두가지가나오는데선생님께서저번주에오셔서 요즘엔 수업을 거의 패드로한다고 하시네요 쓰신분들 조언좀부탁해요 장점은뭐고 단점은 뭔지 ..삼성꺼랑 웅진자체 패드랑 성능에서차이가많이나는지두요애들이잘활용할지 년약정이라 고민이 많이되네용 줌마님들의 도움이필요해용], 부정 텍스트 확률 : 50.57%"
"[ 개월 남아기인데요웅진씽크빅 어떤가요? 교재], 부정 텍스트 확률 : 67.71%"
"[ 교구 구성 괜찮은지 궁금해요ㅎ 호기심깨치기? 이런것두있던데 아시는분 댓글부탁합니다], 부정 텍스트 확률 : 73.07%"
"[ 웅진씽크빅 번호 아시는분 계시나용...], 부정 텍스트 확률 : 76.22%"
"[ 월 초 별내동 쌍용예가 이사들어가요지금 하는 웅진씽크빅을 가서도 이어서 할 생각인데요혹시 별내동 쌍용예가 들어오시는 웅진 선생님 성함 알수있을까요?제가 지금 선생님 전에 수업했던 선생님이 별내동산다고 하셨는데 정말 애들수업을 너무 못하셔서 바뀔때까지 말도못하고 속만 끓이고있었거든요혹시 그선생님이실까봐요..성함아시는분 쪽지부탁드려요], 부정 텍스트 확률 : 79.32%"
"[ 다음주 수요일에 ], 부정 텍스트 확률 : 58.41%"
"[ 세 대상으로 초등 입학 하는 친구들 웅진 씽크빅 에서 엄마들 대상으로 교육이 있다는데], 부정 텍스트 확률 : 58.18%"
"[패드 약정 걸려서 해지도 못 하고], 부정 텍스트 확률 : 96.94%"
"[ 혼자 뭐지?이러면서 ㅜ ㅜ😤😖🤬], 부정 텍스트 확률 : 94.57%"
"[ 오션시티 내 퀸덤단지 쪽 웅진씽크빅 선생님이나 구몬 선생님 잘 가르치시는 선생님 정보 좀 부탁드려요정보가 없어서 ㅠ 웅진씽크빅이 나은지], 부정 텍스트 확률 : 94.72%"
"[ 재능], 부정 텍스트 확률 : 54.14%"
"[ ..... ..?... 본문 이미지....], 부정 텍스트 확률 : 87.69%"
"[원..], 부정 텍스트 확률 : 64.11%"
"[ 웅진 씽크빅 한글깨치기..], 부정 텍스트 확률 : 64.11%"
"[상태중고 배송비있음...], 부정 텍스트 확률 : 51.47%"
"[권있어요깨끗합니다 사진참조하시구요 문자나전화주세요 ], 부정 텍스트 확률 : 70.84%"
"[ ...돋움], 부정 텍스트 확률 : 76.91%"
"[빠르고 안전한 앱 거래는 어떠세요?..? 중고나라 앱으로 해당 상품보기], 부정 텍스트 확률 : 71.30%"
"[ 타운웅진씽크빅 센타전화번호 아시는분계신가요?], 부정 텍스트 확률 : 80.54%"
"[ 웅진씽크빅 하시는분 소개 부탁드려요.이수역 태평백화점 근처에서 하시는 선생님이요], 부정 텍스트 확률 : 75.32%"
"[ 웅진 씽크빅 웅진 주니어 에서 출판한 센추리게임 권 판매합니다....... .......? 본문 이미지권 겉표지 옆면 색이 바랜 것 말고는 다들 상태 좋습니다. 권 모두 겉표지 있구요....... .......? 본문 이미지당시 책 사 모으는 것을 좋아해 권당 정가 원씩 주고 샀던 책들입니다.권 일괄 택배비 포함하여 원에 판매합니다.관심있으시면 안심번호로 문자주시거나 일대일 채팅 주세요], 부정 텍스트 확률 : 73.12%"
"[ .호기심한글깨치기지면원 패드개월약정원 선생님. 원.호기심한글깨치기플러스년월경 출시 지면원패드개월약정원 선생님. 원왜 말씀을 안해주셨을까요.... 궁금증 의문점이 풀렸네요..하.... 번을하고 저한테 한글깨치기라고 흠...기분이 상당히 별로네요... 웅진씽크빅...모두 가격이 왜이리 높냐고들하셔서 ㅠㅠ저도 의문이여서 검색결과한글이랑수학두개하면 원이라고 정말 궁금했던 의문점이 풀렸어요...한글깨치기 원지면 패드원추가 수학 원건강보험료 해당금액적용되면 바우처가능라면 만원할인원 원ㅡ바우처만원 원 입니다 혹시나 웅진씽크빅학습지 가격 궁금하신분 이글 보시길 바랍니다.], 부정 텍스트 확률 : 98.93%"
"[ 저희 애는 세에요 약 년정도 웅진씽크빅 지면학습지를 하고있다가 지금도 계속 하는 중임 별개로 다른 선생님 소개로 웅진 북클럽에 조금 낚여서? 신청하긴했는데생각만큼 잘 활용을 못하는거 같아 답답하네요애초에 태블릿으로 한다고해서 조금 불안하긴했는데 ㅜㅜ저희 애는 패드에 별 관심이 없네요오히려 지면 학습지를 더 좋아해요 저희 세대랑 달라서 그런가 ㅠㅠ뭔가 영 아닌듯 하면서도....다른 분 자녀분들은 잘 활용하시나요?근데 또 별로 활용도 안하고 있어서 답답한 중에웅진북클럽 선생님이 플래티넘 모델 변경? 하라고 하시고 ㅜ너무 영업만 하는건 아닌지ㅜㅜ엄청 좋다는데 활용을 못해서 그런지전혀 체감이 안되고있어요ㅜㅜ한달에 돈만 많이 나가고있어요 ㅜㅜ근데 또 웅진씽크빅 학습지에서도패드가 있다고 하더라구요근데 북클럽 패드랑은 별개래요 .웅진북클럽과 웅진씽크빅은아예 별개인건가요ㅜㅜ 복잡하네요북클럽 패드 하는 분들 중 아이에게도움이 많이 되는지? 활용도가 높은지요?초딩때 도움이 많이 되는지?북클럽 플래티넘이 프리미엄보다 훨 좋은지도 궁금합니다 ], 부정 텍스트 확률 : 99.17%"
"[ 어린이집다니는거말고 너무 방치되는거같아서 웅진씽크빅 해볼까하는데요남자아이라 말이 느려서 트인지 얼마안됐어요한글깨치기? 요거부터 하면될까요??이 개월수에 영어랑 수학도 수업있나요?먼저해보신 선배맘들 조언부탁드려요가격은 어느정돈지 몰겠네요다른학습지추천도 괜찮아요], 부정 텍스트 확률 : 95.29%"
"[고운 호점 교사 모집합니다국어.수학.영어 전문 선생님 분씩 구합니다상담문의], 부정 텍스트 확률 : 53.84%"
"[ 웅진씽크빅북패드를신청한지좀됐는데..우리애가보질않아요ㅜ돈은매달나가고있어요내년월되야끝난다는데ㅜ애가아예안보니돈이너무아까워서..물어봤더니양도도안되고해약하면위약금도많이문다네요ㅜ이럴땐도저히방법이없는거죠?ㅜㅜ], 부정 텍스트 확률 : 99.97%"
"[ 살 아이 어제 설명 듣고 왔는데 좋아하더라고요한글 깨치기 패드로 하고 방문 선생님 분해서년 약정 해서 한달 원 나왔는데 괜찮은건가요?학습지로는 원이구요패드로 하는게 좋을까요 종이책 학습지가 좋을까요해보신분등 씽크빅 어때요? 할만 한가용?], 부정 텍스트 확률 : 72.91%"
"[ 남동탄쪽 방문선생님 소개 부탁드려요], 부정 텍스트 확률 : 64.07%"
"[ 초등 ], 부정 텍스트 확률 : 54.14%"
"[ 불당동 씽크빅 방문선생님 수업 퀄이 어때요?잘 가르치시나요?분 있다 가시니 뭐 가르치고말고 할것도 없을거 같긴 하지만요ㅜㅜ], 부정 텍스트 확률 : 76.27%"
"[ 아기 돌이라 책을 알아보던중 웅진씽크빅 상담을 받고무료로 일 사용하는걸 받아서 책을 보고 있는데요혹시 이거 하시는 맘님들 있으신지요괜찮은지 궁금합니다], 부정 텍스트 확률 : 63.99%"
"[ 세아이한글시작하려하는데웅진씽크빅풀리페담당하시는선생님연락처좀 알려주세요], 부정 텍스트 확률 : 59.33%"
"[한글을 뗀 아이들이 혼자서 한 권씩 읽기 편한책입니다.책 상태 권 빼고], 부정 텍스트 확률 : 66.03%"
"[ 용문에도 웅진씽크빅들어오나요? ], 부정 텍스트 확률 : 67.75%"
"[ 실리콘밸리에서 만든 웅진씽크빅 수학...? ...?], 부정 텍스트 확률 : 83.75%"
"[생각깨치기 이렇게하고 패드로 수업하는걸로 해서 한달에 원으로 계약했거든요근데 수학이랑 생각깨치기가 합쳐졌다고 하더라구요잘한거 맞는지 궁금해서요그날은 시끄럽고 정신도 없고 해서 대충 듣고 아이도 좋아하고 해서 일단 계약하고 왔는데 두류동쪽에 선생님은 괜찮은지도 걱정되고 그렇네요ㅋ], 부정 텍스트 확률 : 90.57%"
"[ 웅진씽크빅 롯데카드 할인되는걸 이제 알았네요혹시 영사분 계시면 챗 부탁드려요], 부정 텍스트 확률 : 76.42%"
"[ 학습지 알아보다가 웅진씽크빅 상담 받았는데요북패드까지 ], 부정 텍스트 확률 : 75.05%"
"[ 고교시장도 포함하지만 지금 메가스터디 주가에비하면 웅진씽크빅은수준밖에 안되자나요..그리고 씽크빅은 유아], 부정 텍스트 확률 : 72.42%"
"[ 초등쪽 학습지에서 유명하죠전아직 학생이라 돈이 없는지라보기만 하고 있지만..장기적 가치로 보면 투자할만하지 안을까 하네요...맨날 눈팅만하고 좋은정보 거저 얻어가는게 죄송해서 말도안되는 생각이지만 적어봅니다...앞으로 여기서 마니 배우겠습니다...다들 화이팅], 부정 텍스트 확률 : 74.44%"
"[ 한글 떼기 구몬? 웅진씽크빅 어디가 괜찮나요?], 부정 텍스트 확률 : 58.77%"
"[ 살조카 얼집만다니고있어서 내년유치원가기전에 학습지 한글], 부정 텍스트 확률 : 79.57%"
"[ 수학 해볼까하구요], 부정 텍스트 확률 : 73.60%"
"[ 뭐가뭔지 아직모르겠네요일딴웅진씽크빅 한글수학깨치기?암튼 제친구가 하고있는데 아이가 아주흥미가있다고 해서요. 세어머님들 어떻게 교육하시는지 정보공유부탁드릴께요요즘들어 얼집에서 알파벳 숫자배워오고 기특하더라구요 학습지상담 일딴받아보고싶네요 ], 부정 텍스트 확률 : 98.88%"
"[ 넷마블의 입찰참여로 일찌감치 상한가인데그럼에도 아직 인데요.입찰이 될 것 같은 분위기인데 또 몰라서요일년 들고있었던거 같은데 팔고싶다ㅠㅠ월요일이면 본전 오겠죠??], 부정 텍스트 확률 : 59.53%"
"[어차피 연산 반복이라권이 없어도 학습하는데는 전혀 지장이 없습니다. 오히려 같은 내용 번씩.반복하면 정신적으로 괴로워요..ㅜㅜ....... .......? 본문 이미지진도는 학습지 표면에 기재되어 있구요세부터 세 사이 아이의 능력에 따라 선택하시면 될것 같습니다....... .......? 본문 이미지당연히 미사용이구요회차당 빠지는 권수 고려해서 총 권에], 부정 텍스트 확률 : 99.05%"
"[서초역 인근 가능하구요택포시 ], 부정 텍스트 확률 : 54.14%"
"[까지의 수와 까지 수의 덧셈뺄셈을 학습합니다. 세부터 초등저학년에 추천합니다........ .......? 본문 이미지....... .......? 본문 이미지....... .......? 본문 이미지....... .......? 본문 이미지호복습외에 호수는 빠지는 것이 없지만 호당 두 권씩 드리는데같은 내용 반복연산 두권 한권씩만 드리는 호차가 다섯호가 있어총 권 권당 원으로 해서 ], 부정 텍스트 확률 : 86.51%"
"[ 원 착불드립니다.와한번에 하시면 택비는 판매자 부담입니다], 부정 텍스트 확률 : 78.97%"
"[ 세아이 학습지 어떤거 시키시나요?하나로마트 갔다가 빨간펜 상담받고 체험하기로 했는데요웅진도 체험해보긴 할텐데 부꾸맘님들은 어떤게더좋은것같으시나요? 해보신분이나 하고계신분 얘기듣고싶어용], 부정 텍스트 확률 : 97.09%"
"[ 웅진씽크빅 최대주주등소유주식변동신고....... .......? 본문 이미지....... .......? 본문 이미지기관투자자들을 상대로 기업설명회 카카오. 현대제철....... .......? 본문 이미지....... .......? 본문 이미지], 부정 텍스트 확률 : 52.00%"
"[ 금일 종가에 담은 종목입니다.외국인 매집세가 두드러진 종목으로 기관계], 부정 텍스트 확률 : 52.38%"
"[ 금융투자], 부정 텍스트 확률 : 54.14%"
"[ 투신], 부정 텍스트 확률 : 54.14%"
"[ 사모펀드], 부정 텍스트 확률 : 54.14%"
"[ 기타법인이 매수에 동참중입니다.큰수익을 줄종목은 아니지만 안전한 흐름을 원하시는 분들 추천드립니다.삼성증권은 일 웅진씽크빅의 올해 상반기 영업이익이 높은 성장세를 보일 것이라며 투자의견을 매수로 유지한 채 목표주가를 종전 만천원에서 만천원으로 올렸다. 이상경 연구원은 웅진씽크빅의 영업이익은 분기 억원], 부정 텍스트 확률 : 59.05%"
"[분기 억원으로 작년 동기보다 각각 .], 부정 텍스트 확률 : 59.74%"
"[. 증가할 것으로 전망된다며 작년 상반기의 저조한 북클럽 포인트 소진 매출 등에 따른 기저효과를 높은 이익 증가의 배경으로 꼽았다. 이 연구원은 목표주가는 주가수익비율로 .배 수준이어서 높은 이익 성장률을 고려할 때 매력적이라고 판단한다고 덧붙였다. 그는 북클럽 계약만료 회원이 본격적으로 증가하는 올해 분기에 일시적인 영업이익 역신장 가능성이 있으나 년에는 다시 이익성장모멘텀을 회복할 것이라고 예상했다. ], 부정 텍스트 확률 : 94.70%"
"[ 아로마테라피신암초근처직거래댓글주세요....... .......? 본문 이미지....... .......? 본문 이미지킨더스펠보냉가방이예요아주상태좋아요만원....... .......? 본문 이미지....... .......? 본문 이미지깨치기 아기유치원웅진씽크빅 월호예요선생님방문해서 만천원결제햇고교구만은 만천원이네요수업받은게 다라서 깨끗해요울딸한텐너무쉬운내용이라판매해요돌쯤 잘가지고놀꺼같아요골대랑.공이랑 영상.본책.부록책가이드북있어요만팔천원], 부정 텍스트 확률 : 69.15%"
"[어차피 연산 반복이라권이 없어도 학습하는데는 전혀 지장이 없습니다. 오히려 같은 내용 번씩.반복하면 정신적으로 괴로워요..ㅜㅜ....... .......? 본문 이미지진도는 학습지 표면에 기재되어 있구요세부터 세 사이 아이의 능력에 따라 선택하시면 될것 같습니다....... .......? 본문 이미지당연히 미사용이구요회차당 빠지는 권수 고려해서 총 권에], 부정 텍스트 확률 : 99.05%"
"[서초역 인근 가능하구요택포시 ], 부정 텍스트 확률 : 54.14%"
"[아시는분 계실까요??. ], 부정 텍스트 확률 : 72.98%"
"[ 내년되면 살이 되는 남자아이에요남자아이라 산만하구..장난만 좋아하구직장다녀 끼고 가르치는것도 어렵지만가끔 숫자나 글자를 하나라도 가르치려하면너무 싫어해요.ㅜㅜ아는글씨는 하나없구 어린이집서 알려준자기 이름 석자만 순서 틀리게 쓰네요이제 학습지부터 시작하려는데..아는 지인은 웅진씽크빅도 괜찮다하구..제가 알아보니 신기한 한글나라도 마음이 가구..엄마들 조언즘 구해요..가격이랑 어디서 신청해야 사은품도 더 받을수 있는지정보 부탁드려요], 부정 텍스트 확률 : 98.53%"
"[ 웅진씽크빅 패드 큰애 이름으로 년약정 계약할려고하는데 큰애가 내년에 하기싫다고하면 동생이 똑같은 과목으로 이어서 해도될까요??아님 큰애 이름으로 계약했으니 년 못 채우면 위약금 물어 야 할까요??], 부정 텍스트 확률 : 91.04%"
"[ 개월 남아이고], 부정 텍스트 확률 : 81.80%"
"[ ...?], 부정 텍스트 확률 : 54.14%"
"[ 대상 예비초등], 부정 텍스트 확률 : 54.14%"
"[초학년 시간 화], 부정 텍스트 확률 : 80.32%"
"[목 수업월 회 수업 오후 시 분 수], 부정 텍스트 확률 : 61.48%"
"[ 개월아들에게 방문수업을 해주고 싶은데 둘중에서 고민하고있어요? 어떻게 나을까요?], 부정 텍스트 확률 : 69.54%"
"[ 웅진 싱크빅 스마티 팝니다..사용감 있습니다구매 후에 사용은 거의 하지 않았지만], 부정 텍스트 확률 : 70.34%"
"[ 아이들이 만지다보니 사용감이 있습니다택포 ], 부정 텍스트 확률 : 50.21%"
"[ 중고 제품상 단순 변심에 의한환불은 어렵습니다....... .......? 본문 이미지....... .......? 본문 이미지공 육삼 칠 또는쪽지로 연락부탁드립니다], 부정 텍스트 확률 : 53.04%"
"[ 구몬하고 같은 건물에 있나요?], 부정 텍스트 확률 : 68.43%"
"[ 월부터 시작해서 ], 부정 텍스트 확률 : 78.63%"
"[나머지는 비닐도 뜯지않은 새것입니다.워크북도 월], 부정 텍스트 확률 : 68.81%"
"[나머지는 새책입니다택포함 만천원이구요], 부정 텍스트 확률 : 74.50%"
"[ 이혼하고 살 딸 양육하고 있어요영어교육전공하고 십년넘게 중고등학원 강사했었는데 임신하면서그만뒀고요애기가 어리다보니 다시 하던 일을 하는게 사실상 불가능하네요학원일이란게 밤열시나 되어야 끝나니까요ㅠ애아빠가 양육비를 주지않고있어서뭐라도 해야할 상황인데요...웅진씽크빅 선생님은 어떤가해서요일단 저희동네 아파트개단지안에서만 하는거라하고 시간은 시시까지만 조율가능하다하네요물론 그럼 큰돈은 못벌겠지만요...시간적인 메리트는 있다보니 관심이 가네요웅진 선생님 계시면 어떤지 조언좀 부탁드려요영업은 안해도 되는건지..년안되서 그만두면 위약금같은거 있는지..그만두고싶을때 그만둘수있는지...과목당 몇분수업인지...애기키우면서 할만한일인지..그런거 궁금합니다말씀좀 들려주세요], 부정 텍스트 확률 : 99.98%"
"[ 웅진 씽크빅 유아 쿠키쿠?영어랑 한글 깨치기 하려고 하는데.....같이하게 되면 얼마정조 할까요??상담전화 오늘 종일 막통이네요.], 부정 텍스트 확률 : 95.73%"
"[ 애기가체험수업은..엄청재밌어하더라구요 수업잘하신분이오셔서 재밌게해주셔서요ㅜ 근데아직애기가삼십갤이라 그냥 좀더크면 하기로했는데 ...일단한달해보래요 결국 신청해서근데당담샘배정후 오늘첨 수업하니ㅜ 제가언뜻들어도 지루한..ㅜ??결국애기가 방에서나와서 나힘들어 재미없어이러네요ㅜ너무 당황해서결국저랑같이마무리했는데..아직애기가어려 벌써 시키기도고민이였는데 ㅜ그냥 그만둬야되나봐요ㅜㅜ이거 한달수업비 다냈는데 환불될까요..??ㅜ샘한텐 죄송해서못물어보겠..], 부정 텍스트 확률 : 94.97%"
